Date,IndiaAreaWeighted_tmax_C,Year,Month
1951-01-01,72.80649781047897,1951,1
1951-01-02,72.8388958911897,1951,1
1951-01-03,72.84793427688938,1951,1
1951-01-04,72.90855827590354,1951,1
1951-01-05,72.93293847091567,1951,1
1951-01-06,72.94746050042208,1951,1
1951-01-07,73.00491538805906,1951,1
1951-01-08,72.8667697743381,1951,1
1951-01-09,73.04992307855838,1951,1
1951-01-10,73.15113614891384,1951,1
1951-01-11,73.288723383074,1951,1
1951-01-12,73.3036202524708,1951,1
1951-01-13,73.38094883334641,1951,1
1951-01-14,73.09068043082509,1951,1
1951-01-15,73.22789455307354,1951,1
1951-01-16,73.09924063302219,1951,1
1951-01-17,72.79103532373216,1951,1
1951-01-18,72.74620354914852,1951,1
1951-01-19,72.89655948786253,1951,1
1951-01-20,72.87634161306187,1951,1
1951-01-21,72.5533022939359,1951,1
1951-01-22,72.56582904266412,1951,1
1951-01-23,72.61931892459432,1951,1
1951-01-24,72.66384061529567,1951,1
1951-01-25,72.84656759609126,1951,1
1951-01-26,73.07899180050855,1951,1
1951-01-27,73.33438700396134,1951,1
1951-01-28,73.57748840817644,1951,1
1951-01-29,73.59697265609218,1951,1
1951-01-30,73.58382870746522,1951,1
1951-01-31,73.42391946053766,1951,1
1951-02-01,73.28487361907438,1951,2
1951-02-02,73.18287717910309,1951,2
1951-02-03,72.81987969014568,1951,2
1951-02-04,72.79204607866683,1951,2
1951-02-05,72.94079551613149,1951,2
1951-02-06,72.92762197472005,1951,2
1951-02-07,73.08206477250872,1951,2
1951-02-08,73.56198644037948,1951,2
1951-02-09,73.97565802128342,1951,2
1951-02-10,74.19282642455262,1951,2
1951-02-11,74.00013987940305,1951,2
1951-02-12,73.80744833460403,1951,2
1951-02-13,73.79570331650007,1951,2
1951-02-14,74.03245528740514,1951,2
1951-02-15,73.99132448860087,1951,2
1951-02-16,73.75776270073341,1951,2
1951-02-17,74.07813659995632,1951,2
1951-02-18,74.38137715502756,1951,2
1951-02-19,74.81705049311732,1951,2
1951-02-20,74.98785213530141,1951,2
1951-02-21,75.01299189457252,1951,2
1951-02-22,75.24466940611029,1951,2
1951-02-23,75.41181421320033,1951,2
1951-02-24,75.54848665018902,1951,2
1951-02-25,75.43930962858322,1951,2
1951-02-26,75.47002026116688,1951,2
1951-02-27,75.46790786992896,1951,2
1951-02-28,75.50624845177555,1951,2
1951-03-01,75.71277880587387,1951,3
1951-03-02,75.8300785134198,1951,3
1951-03-03,75.79782523454601,1951,3
1951-03-04,75.72431103812833,1951,3
1951-03-05,75.80586898931105,1951,3
1951-03-06,76.07216486983134,1951,3
1951-03-07,76.16707806140658,1951,3
1951-03-08,76.21304652665567,1951,3
1951-03-09,76.1456707309861,1951,3
1951-03-10,75.93028732968915,1951,3
1951-03-11,75.90930023982986,1951,3
1951-03-12,75.83035049006673,1951,3
1951-03-13,75.54952879621968,1951,3
1951-03-14,75.62832731093097,1951,3
1951-03-15,75.75084729679007,1951,3
1951-03-16,76.12934233336594,1951,3
1951-03-17,76.10229897292,1951,3
1951-03-18,76.07032573298302,1951,3
1951-03-19,75.81761800745865,1951,3
1951-03-20,75.25493585455328,1951,3
1951-03-21,75.16697972046055,1951,3
1951-03-22,75.27909964209489,1951,3
1951-03-23,75.42182062981422,1951,3
1951-03-24,75.51873428281978,1951,3
1951-03-25,75.10637768023011,1951,3
1951-03-26,74.2413654935679,1951,3
1951-03-27,74.1246890608859,1951,3
1951-03-28,74.72024560022787,1951,3
1951-03-29,74.8932106360712,1951,3
1951-03-30,74.73565922594418,1951,3
1951-03-31,74.50803806759411,1951,3
1951-04-01,74.55889424595881,1951,4
1951-04-02,74.94656311569526,1951,4
1951-04-03,75.23242821143275,1951,4
1951-04-04,75.19320390919503,1951,4
1951-04-05,75.634033537413,1951,4
1951-04-06,76.01174551912163,1951,4
1951-04-07,76.11409711418017,1951,4
1951-04-08,75.84478574832302,1951,4
1951-04-09,75.94745929350319,1951,4
1951-04-10,75.8462494074211,1951,4
1951-04-11,75.85001954447037,1951,4
1951-04-12,76.05633373192936,1951,4
1951-04-13,76.204022435505,1951,4
1951-04-14,76.5319823349548,1951,4
1951-04-15,76.88995516515263,1951,4
1951-04-16,77.0329492636568,1951,4
1951-04-17,76.93450725345959,1951,4
1951-04-18,76.96353851300825,1951,4
1951-04-19,76.67037284108413,1951,4
1951-04-20,76.10078405360902,1951,4
1951-04-21,75.82259271401328,1951,4
1951-04-22,76.19010621971974,1951,4
1951-04-23,76.36578357074897,1951,4
1951-04-24,76.62039181562581,1951,4
1951-04-25,76.64900042543657,1951,4
1951-04-26,76.7216406684841,1951,4
1951-04-27,76.92877538946185,1951,4
1951-04-28,76.9681990145615,1951,4
1951-04-29,77.07866541347401,1951,4
1951-04-30,76.95890071520857,1951,4
1951-05-01,76.84861702897929,1951,5
1951-05-02,76.4369366979839,1951,5
1951-05-03,76.44718078839843,1951,5
1951-05-04,76.69898144328168,1951,5
1951-05-05,76.80039477283482,1951,5
1951-05-06,77.05110515516168,1951,5
1951-05-07,77.45698165971629,1951,5
1951-05-08,77.63694117385988,1951,5
1951-05-09,77.78817610346593,1951,5
1951-05-10,77.53848702518263,1951,5
1951-05-11,77.6799860438159,1951,5
1951-05-12,77.89204317375402,1951,5
1951-05-13,77.87176375903564,1951,5
1951-05-14,77.88395006626172,1951,5
1951-05-15,77.4733629528125,1951,5
1951-05-16,77.62592325688297,1951,5
1951-05-17,77.74954321826853,1951,5
1951-05-18,78.07880444812095,1951,5
1951-05-19,78.00082042499139,1951,5
1951-05-20,78.14927318227241,1951,5
1951-05-21,78.05308774889012,1951,5
1951-05-22,77.85374621725408,1951,5
1951-05-23,77.49757382868569,1951,5
1951-05-24,77.25039718274456,1951,5
1951-05-25,77.04530753197864,1951,5
1951-05-26,77.16957089822326,1951,5
1951-05-27,77.34145484029895,1951,5
1951-05-28,77.18625305193707,1951,5
1951-05-29,77.25026133993428,1951,5
1951-05-30,77.15393513980918,1951,5
1951-05-31,77.06343675846234,1951,5
1951-06-01,76.71861761392054,1951,6
1951-06-02,76.65133009087023,1951,6
1951-06-03,76.64984849471182,1951,6
1951-06-04,76.83460935818611,1951,6
1951-06-05,76.879425527952,1951,6
1951-06-06,76.84458686001847,1951,6
1951-06-07,77.02283915034266,1951,6
1951-06-08,77.31222391143393,1951,6
1951-06-09,77.4087344278711,1951,6
1951-06-10,77.30938660190199,1951,6
1951-06-11,77.26642293980785,1951,6
1951-06-12,77.28962577070658,1951,6
1951-06-13,77.07862147027272,1951,6
1951-06-14,76.78047697793338,1951,6
1951-06-15,76.5538618645053,1951,6
1951-06-16,76.06670003174703,1951,6
1951-06-17,76.33904491202715,1951,6
1951-06-18,76.75487777836773,1951,6
1951-06-19,76.93497234684888,1951,6
1951-06-20,76.93548604348074,1951,6
1951-06-21,76.7654351712123,1951,6
1951-06-22,76.84864758240981,1951,6
1951-06-23,76.86197308752335,1951,6
1951-06-24,76.84787717387677,1951,6
1951-06-25,76.72609784237378,1951,6
1951-06-26,76.6173276474482,1951,6
1951-06-27,76.24308275771605,1951,6
1951-06-28,75.87367987168128,1951,6
1951-06-29,76.082230372704,1951,6
1951-06-30,76.09284181676412,1951,6
1951-07-01,75.64361678925113,1951,7
1951-07-02,75.7898257180084,1951,7
1951-07-03,75.94447969276673,1951,7
1951-07-04,75.53149299596676,1951,7
1951-07-05,75.83292314307278,1951,7
1951-07-06,76.07603134235984,1951,7
1951-07-07,76.10853487750853,1951,7
1951-07-08,76.12459351463431,1951,7
1951-07-09,76.1371623737096,1951,7
1951-07-10,76.16468801256052,1951,7
1951-07-11,76.55528526778114,1951,7
1951-07-12,76.4319248934414,1951,7
1951-07-13,75.90294924748991,1951,7
1951-07-14,75.86266624649777,1951,7
1951-07-15,76.19940805186623,1951,7
1951-07-16,76.3008249752924,1951,7
1951-07-17,76.13431515827817,1951,7
1951-07-18,76.11546259232026,1951,7
1951-07-19,75.88583218014178,1951,7
1951-07-20,75.67347265691392,1951,7
1951-07-21,75.56343269746533,1951,7
1951-07-22,75.68722264381859,1951,7
1951-07-23,75.8300920728391,1951,7
1951-07-24,75.88499706000658,1951,7
1951-07-25,75.97367517125251,1951,7
1951-07-26,75.6731195465543,1951,7
1951-07-27,75.36357204141369,1951,7
1951-07-28,75.42690139280967,1951,7
1951-07-29,75.44148112027082,1951,7
1951-07-30,75.10168963814989,1951,7
1951-07-31,75.07050396088775,1951,7
1951-08-01,75.0994618826372,1951,8
1951-08-02,75.10579368858275,1951,8
1951-08-03,75.39697196926473,1951,8
1951-08-04,75.27889660398144,1951,8
1951-08-05,75.2376242047659,1951,8
1951-08-06,75.28842531248904,1951,8
1951-08-07,75.26366308021984,1951,8
1951-08-08,75.04251999562072,1951,8
1951-08-09,75.23117326425286,1951,8
1951-08-10,75.39346866207103,1951,8
1951-08-11,75.33390623205064,1951,8
1951-08-12,75.20611138155719,1951,8
1951-08-13,75.11745965089547,1951,8
1951-08-14,75.21219302137911,1951,8
1951-08-15,75.32971402507985,1951,8
1951-08-16,75.26185638893392,1951,8
1951-08-17,74.91030872935625,1951,8
1951-08-18,75.01528216142566,1951,8
1951-08-19,75.29477278528535,1951,8
1951-08-20,75.5963873342997,1951,8
1951-08-21,75.64418083267834,1951,8
1951-08-22,75.21400910557165,1951,8
1951-08-23,74.95594354167551,1951,8
1951-08-24,74.98752803826297,1951,8
1951-08-25,75.28395604709291,1951,8
1951-08-26,75.4196527802504,1951,8
1951-08-27,75.48037532272023,1951,8
1951-08-28,75.5670325872233,1951,8
1951-08-29,75.71696971676333,1951,8
1951-08-30,75.79150715337074,1951,8
1951-08-31,75.71637889239766,1951,8
1951-09-01,75.71006848330387,1951,9
1951-09-02,75.55447372560015,1951,9
1951-09-03,75.67949880506265,1951,9
1951-09-04,75.75663429615611,1951,9
1951-09-05,75.99667331618856,1951,9
1951-09-06,75.96286785661164,1951,9
1951-09-07,75.35379510052587,1951,9
1951-09-08,75.37226888205014,1951,9
1951-09-09,75.45481008450837,1951,9
1951-09-10,75.58360378150208,1951,9
1951-09-11,75.28324484537846,1951,9
1951-09-12,75.13683785529378,1951,9
1951-09-13,75.22225001793814,1951,9
1951-09-14,75.22218098725622,1951,9
1951-09-15,75.55742376453277,1951,9
1951-09-16,75.75703191045353,1951,9
1951-09-17,75.82259046825845,1951,9
1951-09-18,75.69547360563995,1951,9
1951-09-19,75.66027028854292,1951,9
1951-09-20,75.67919479071152,1951,9
1951-09-21,75.9176070302493,1951,9
1951-09-22,76.01491583542844,1951,9
1951-09-23,76.2420540842074,1951,9
1951-09-24,76.36521840900323,1951,9
1951-09-25,76.4253633426344,1951,9
1951-09-26,76.31099101969195,1951,9
1951-09-27,76.22476524636697,1951,9
1951-09-28,76.16689041965269,1951,9
1951-09-29,76.12469464729134,1951,9
1951-09-30,75.97147291487255,1951,9
1951-10-01,75.66576380972968,1951,10
1951-10-02,75.45696940233718,1951,10
1951-10-03,75.3626056865631,1951,10
1951-10-04,75.56136867229279,1951,10
1951-10-05,76.02442896311682,1951,10
1951-10-06,76.15146304441696,1951,10
1951-10-07,76.15220394214262,1951,10
1951-10-08,76.16502661143737,1951,10
1951-10-09,76.06445275118239,1951,10
1951-10-10,76.18805975353156,1951,10
1951-10-11,76.17089067195249,1951,10
1951-10-12,75.97591607761652,1951,10
1951-10-13,75.95397849897735,1951,10
1951-10-14,75.98422359850804,1951,10
1951-10-15,76.11342608925561,1951,10
1951-10-16,76.03189192790117,1951,10
1951-10-17,75.96878554710274,1951,10
1951-10-18,76.06330053756459,1951,10
1951-10-19,75.98504062260879,1951,10
1951-10-20,76.07471258842641,1951,10
1951-10-21,76.0288256922557,1951,10
1951-10-22,76.06897562113326,1951,10
1951-10-23,76.11649926398759,1951,10
1951-10-24,76.0189791430589,1951,10
1951-10-25,76.00151418188295,1951,10
1951-10-26,75.91828703113579,1951,10
1951-10-27,75.8223319208559,1951,10
1951-10-28,75.68977486885802,1951,10
1951-10-29,75.7281134085392,1951,10
1951-10-30,75.7257267474456,1951,10
1951-10-31,75.50889576948563,1951,10
1951-11-01,75.34384314107037,1951,11
1951-11-02,75.24562112635182,1951,11
1951-11-03,75.22634131242191,1951,11
1951-11-04,75.23252624764652,1951,11
1951-11-05,75.26948798958188,1951,11
1951-11-06,75.24733886852206,1951,11
1951-11-07,75.12188967014444,1951,11
1951-11-08,75.09500371736283,1951,11
1951-11-09,75.13837403831805,1951,11
1951-11-10,75.18921522423574,1951,11
1951-11-11,75.13080290946458,1951,11
1951-11-12,75.02278708754584,1951,11
1951-11-13,74.91578418603687,1951,11
1951-11-14,74.9267934805491,1951,11
1951-11-15,74.90950795569312,1951,11
1951-11-16,74.76607870218133,1951,11
1951-11-17,74.49922174363019,1951,11
1951-11-18,74.44544790578043,1951,11
1951-11-19,74.54933315510901,1951,11
1951-11-20,74.67330105470676,1951,11
1951-11-21,74.87990686924009,1951,11
1951-11-22,74.87878926752663,1951,11
1951-11-23,74.8508500230238,1951,11
1951-11-24,74.52396179860595,1951,11
1951-11-25,74.1724304323038,1951,11
1951-11-26,73.78494910025279,1951,11
1951-11-27,73.45818070626174,1951,11
1951-11-28,73.51695969452246,1951,11
1951-11-29,73.76994776261185,1951,11
1951-11-30,73.65813381389023,1951,11
1951-12-01,73.57619096425805,1951,12
1951-12-02,73.58083691684821,1951,12
1951-12-03,73.54691882581434,1951,12
1951-12-04,73.54387631856528,1951,12
1951-12-05,73.6036339382831,1951,12
1951-12-06,73.64824184676394,1951,12
1951-12-07,73.71290867817966,1951,12
1951-12-08,73.69588588846072,1951,12
1951-12-09,73.6394435818863,1951,12
1951-12-10,73.58767580189182,1951,12
1951-12-11,73.6196451940074,1951,12
1951-12-12,73.82866525291747,1951,12
1951-12-13,73.87453571890234,1951,12
1951-12-14,73.8096494996787,1951,12
1951-12-15,73.65789775530693,1951,12
1951-12-16,73.57893736002458,1951,12
1951-12-17,73.57084225966732,1951,12
1951-12-18,73.550701284133,1951,12
1951-12-19,73.55780727820593,1951,12
1951-12-20,73.45289220060027,1951,12
1951-12-21,73.52457830460703,1951,12
1951-12-22,73.43497897518958,1951,12
1951-12-23,73.37833236109344,1951,12
1951-12-24,73.34395519002824,1951,12
1951-12-25,73.48244288675822,1951,12
1951-12-26,73.21009360129041,1951,12
1951-12-27,73.21451560059766,1951,12
1951-12-28,73.18966473521643,1951,12
1951-12-29,73.1601600198646,1951,12
1951-12-30,73.13532819960794,1951,12
1951-12-31,73.10304373156175,1951,12
1952-01-01,73.0531373140108,1952,1
1952-01-02,73.009773960046,1952,1
1952-01-03,72.9836872951778,1952,1
1952-01-04,73.0084011642171,1952,1
1952-01-05,73.02441231448891,1952,1
1952-01-06,73.08384548315493,1952,1
1952-01-07,73.1364607084458,1952,1
1952-01-08,73.29897768458686,1952,1
1952-01-09,72.98407424461213,1952,1
1952-01-10,73.13196878575415,1952,1
1952-01-11,73.28614906285124,1952,1
1952-01-12,73.20998457741406,1952,1
1952-01-13,73.41282659377553,1952,1
1952-01-14,73.77390404885573,1952,1
1952-01-15,73.63917218723164,1952,1
1952-01-16,73.72919553583407,1952,1
1952-01-17,73.70966283402561,1952,1
1952-01-18,73.58757558919045,1952,1
1952-01-19,73.87194010706749,1952,1
1952-01-20,73.99307947959223,1952,1
1952-01-21,74.16478982770286,1952,1
1952-01-22,74.13659868599157,1952,1
1952-01-23,74.26609429734965,1952,1
1952-01-24,74.36538634926062,1952,1
1952-01-25,74.42181749550613,1952,1
1952-01-26,74.31621434020867,1952,1
1952-01-27,74.11824027319267,1952,1
1952-01-28,74.09515971253134,1952,1
1952-01-29,73.94148199558893,1952,1
1952-01-30,74.05700975806786,1952,1
1952-01-31,74.1379484141945,1952,1
1952-02-01,74.15551962860604,1952,2
1952-02-02,74.26500976834133,1952,2
1952-02-03,73.92858861009756,1952,2
1952-02-04,73.48181296803982,1952,2
1952-02-05,73.45458967827035,1952,2
1952-02-06,73.73684166030289,1952,2
1952-02-07,73.95493598643813,1952,2
1952-02-08,74.12621367588152,1952,2
1952-02-09,74.37878231391194,1952,2
1952-02-10,74.15567871497086,1952,2
1952-02-11,73.88305960545696,1952,2
1952-02-12,74.19770933586702,1952,2
1952-02-13,74.45167459637776,1952,2
1952-02-14,74.74014404359096,1952,2
1952-02-15,74.95361448255017,1952,2
1952-02-16,74.80377836692064,1952,2
1952-02-17,74.94637256269627,1952,2
1952-02-18,74.95831210382009,1952,2
1952-02-19,75.0281718196984,1952,2
1952-02-20,75.13010770188765,1952,2
1952-02-21,74.5423369546689,1952,2
1952-02-22,74.5779094747252,1952,2
1952-02-23,73.86687801901456,1952,2
1952-02-24,74.04256637770452,1952,2
1952-02-25,74.66716327154361,1952,2
1952-02-26,74.98660056365605,1952,2
1952-02-27,75.05600835461651,1952,2
1952-02-28,75.25061980730733,1952,2
1952-02-29,75.30572427440279,1952,2
1952-03-01,75.1606973301708,1952,3
1952-03-02,74.48849817197352,1952,3
1952-03-03,74.1655695188955,1952,3
1952-03-04,74.20511693324667,1952,3
1952-03-05,74.76729035165373,1952,3
1952-03-06,75.19572742624236,1952,3
1952-03-07,75.32370681475156,1952,3
1952-03-08,75.33185601138277,1952,3
1952-03-09,75.41637813193209,1952,3
1952-03-10,75.20168645416318,1952,3
1952-03-11,75.2444687828916,1952,3
1952-03-12,75.25166161188247,1952,3
1952-03-13,75.42556910811149,1952,3
1952-03-14,75.54590108926429,1952,3
1952-03-15,75.27932358743217,1952,3
1952-03-16,74.99154468737994,1952,3
1952-03-17,74.3612877591041,1952,3
1952-03-18,74.56316180152776,1952,3
1952-03-19,74.95674404294006,1952,3
1952-03-20,75.31104489758603,1952,3
1952-03-21,75.66125992072259,1952,3
1952-03-22,75.76290882555548,1952,3
1952-03-23,75.49763128532912,1952,3
1952-03-24,75.29504185187102,1952,3
1952-03-25,75.36569228346114,1952,3
1952-03-26,75.70314599912295,1952,3
1952-03-27,76.07956408615789,1952,3
1952-03-28,76.13403092362736,1952,3
1952-03-29,76.13607081769847,1952,3
1952-03-30,76.1527522826982,1952,3
1952-03-31,76.15090151213113,1952,3
1952-04-01,75.99678390197754,1952,4
1952-04-02,75.97655384897314,1952,4
1952-04-03,75.77448929069165,1952,4
1952-04-04,75.87618113269025,1952,4
1952-04-05,76.03561290929926,1952,4
1952-04-06,76.19973966207458,1952,4
1952-04-07,76.42375528390268,1952,4
1952-04-08,76.44784823994482,1952,4
1952-04-09,76.52567227992384,1952,4
1952-04-10,76.78896926144375,1952,4
1952-04-11,76.93713105281016,1952,4
1952-04-12,76.95313813070045,1952,4
1952-04-13,77.02576355395472,1952,4
1952-04-14,77.19387999620557,1952,4
1952-04-15,77.20221852166166,1952,4
1952-04-16,77.10816579300378,1952,4
1952-04-17,76.99639274940691,1952,4
1952-04-18,77.05770273619676,1952,4
1952-04-19,77.17287468054283,1952,4
1952-04-20,77.25144264693922,1952,4
1952-04-21,77.28196494112858,1952,4
1952-04-22,77.18784909876634,1952,4
1952-04-23,77.34688076269359,1952,4
1952-04-24,77.54783561186841,1952,4
1952-04-25,77.52985219759482,1952,4
1952-04-26,77.44125263987979,1952,4
1952-04-27,77.18625573795562,1952,4
1952-04-28,77.24658898407883,1952,4
1952-04-29,77.44105357893231,1952,4
1952-04-30,77.52166378773757,1952,4
1952-05-01,77.42517590458765,1952,5
1952-05-02,77.4801807850371,1952,5
1952-05-03,77.53403285360972,1952,5
1952-05-04,77.57101718326236,1952,5
1952-05-05,77.42966129495382,1952,5
1952-05-06,77.18813318792067,1952,5
1952-05-07,77.36380568945421,1952,5
1952-05-08,77.69777482354763,1952,5
1952-05-09,77.69958022876254,1952,5
1952-05-10,77.65598443782704,1952,5
1952-05-11,77.44102784829204,1952,5
1952-05-12,77.4682240787244,1952,5
1952-05-13,77.46906569678669,1952,5
1952-05-14,77.50618668204443,1952,5
1952-05-15,77.49607510431214,1952,5
1952-05-16,77.55840698375816,1952,5
1952-05-17,77.69450549416017,1952,5
1952-05-18,77.85435587072115,1952,5
1952-05-19,77.80942460608136,1952,5
1952-05-20,77.57270626135775,1952,5
1952-05-21,77.46608210328614,1952,5
1952-05-22,77.29003916535041,1952,5
1952-05-23,76.93266867933094,1952,5
1952-05-24,77.1998407961213,1952,5
1952-05-25,77.4754951751031,1952,5
1952-05-26,77.536303532511,1952,5
1952-05-27,77.79122376810871,1952,5
1952-05-28,77.79106525010324,1952,5
1952-05-29,77.69458640545001,1952,5
1952-05-30,77.46152705059913,1952,5
1952-05-31,77.62057511293239,1952,5
1952-06-01,77.9597885260481,1952,6
1952-06-02,77.6031898669879,1952,6
1952-06-03,77.16515444322381,1952,6
1952-06-04,76.6257005976872,1952,6
1952-06-05,76.87507355140754,1952,6
1952-06-06,76.80564576798771,1952,6
1952-06-07,76.91047101844352,1952,6
1952-06-08,77.24783250674326,1952,6
1952-06-09,77.4501439231484,1952,6
1952-06-10,77.31640100374413,1952,6
1952-06-11,77.55805816673754,1952,6
1952-06-12,77.79283897831463,1952,6
1952-06-13,77.87366517576675,1952,6
1952-06-14,77.80820631220047,1952,6
1952-06-15,77.47849034633086,1952,6
1952-06-16,77.1453472681255,1952,6
1952-06-17,77.3128178681153,1952,6
1952-06-18,77.16522955181502,1952,6
1952-06-19,76.7146605720464,1952,6
1952-06-20,76.1357129041018,1952,6
1952-06-21,76.06016669046528,1952,6
1952-06-22,75.90630399177529,1952,6
1952-06-23,75.39547089332733,1952,6
1952-06-24,75.57452048364769,1952,6
1952-06-25,75.79387056672728,1952,6
1952-06-26,75.86006759893921,1952,6
1952-06-27,75.75839327130141,1952,6
1952-06-28,75.48652443198749,1952,6
1952-06-29,75.96313651392236,1952,6
1952-06-30,75.87791925296273,1952,6
1952-07-01,75.81542862687823,1952,7
1952-07-02,75.74549156263802,1952,7
1952-07-03,76.07012904834774,1952,7
1952-07-04,75.97976506283086,1952,7
1952-07-05,75.93561111446184,1952,7
1952-07-06,75.89252466630388,1952,7
1952-07-07,75.90767226936346,1952,7
1952-07-08,75.83115274854288,1952,7
1952-07-09,75.9359935395444,1952,7
1952-07-10,76.02323419932637,1952,7
1952-07-11,75.84318953516635,1952,7
1952-07-12,75.68235954591084,1952,7
1952-07-13,75.85760504272466,1952,7
1952-07-14,75.93177407277723,1952,7
1952-07-15,75.63088234642213,1952,7
1952-07-16,75.70457753774322,1952,7
1952-07-17,75.4261840295437,1952,7
1952-07-18,75.26665885692525,1952,7
1952-07-19,75.49851544592066,1952,7
1952-07-20,75.5138541358615,1952,7
1952-07-21,75.2618351553593,1952,7
1952-07-22,75.16312324976093,1952,7
1952-07-23,75.21037329872307,1952,7
1952-07-24,74.92109004356325,1952,7
1952-07-25,74.80595275992698,1952,7
1952-07-26,74.84792228547238,1952,7
1952-07-27,75.08273962722318,1952,7
1952-07-28,75.01819020038515,1952,7
1952-07-29,74.98685746874013,1952,7
1952-07-30,74.97539643633426,1952,7
1952-07-31,75.00062414351464,1952,7
1952-08-01,75.0933969559954,1952,8
1952-08-02,75.2467447953448,1952,8
1952-08-03,75.12210805052327,1952,8
1952-08-04,74.64708269914293,1952,8
1952-08-05,74.78284339587907,1952,8
1952-08-06,75.00753885863871,1952,8
1952-08-07,75.09056947323232,1952,8
1952-08-08,75.02273225600209,1952,8
1952-08-09,75.01494722048854,1952,8
1952-08-10,75.00384391385712,1952,8
1952-08-11,75.16778232927281,1952,8
1952-08-12,75.04553965243116,1952,8
1952-08-13,75.03376122694569,1952,8
1952-08-14,74.92134706705762,1952,8
1952-08-15,75.16246052392805,1952,8
1952-08-16,75.20005152563219,1952,8
1952-08-17,75.14776509206344,1952,8
1952-08-18,75.010607627091,1952,8
1952-08-19,74.9786055564427,1952,8
1952-08-20,74.89997112344277,1952,8
1952-08-21,74.91294946124226,1952,8
1952-08-22,74.81875440188695,1952,8
1952-08-23,75.06561271729265,1952,8
1952-08-24,75.36378604535228,1952,8
1952-08-25,75.19827575620361,1952,8
1952-08-26,74.91545663149365,1952,8
1952-08-27,74.84519592641784,1952,8
1952-08-28,74.99949849985249,1952,8
1952-08-29,75.20789710905183,1952,8
1952-08-30,75.35124129217763,1952,8
1952-08-31,75.45118887986075,1952,8
1952-09-01,75.37409565236732,1952,9
1952-09-02,75.3934471868643,1952,9
1952-09-03,75.37074172781925,1952,9
1952-09-04,75.36888523546882,1952,9
1952-09-05,75.36643571672788,1952,9
1952-09-06,75.35375309860784,1952,9
1952-09-07,75.36348900063196,1952,9
1952-09-08,75.36679162513238,1952,9
1952-09-09,75.36417848405934,1952,9
1952-09-10,75.35638884375085,1952,9
1952-09-11,75.32888087401737,1952,9
1952-09-12,75.35865514142228,1952,9
1952-09-13,75.38762257278783,1952,9
1952-09-14,75.42620353722697,1952,9
1952-09-15,75.43713530903953,1952,9
1952-09-16,75.47506737218161,1952,9
1952-09-17,75.49901971917397,1952,9
1952-09-18,75.51211514579238,1952,9
1952-09-19,75.52205159819408,1952,9
1952-09-20,75.55779825700195,1952,9
1952-09-21,75.60496824386891,1952,9
1952-09-22,75.62125906148253,1952,9
1952-09-23,75.61645976756064,1952,9
1952-09-24,75.59824835191188,1952,9
1952-09-25,75.57517904700738,1952,9
1952-09-26,75.58471973774613,1952,9
1952-09-27,75.58009469314128,1952,9
1952-09-28,75.59027159170344,1952,9
1952-09-29,75.60718815756326,1952,9
1952-09-30,75.66505541253181,1952,9
1952-10-01,75.94592806956587,1952,10
1952-10-02,75.98872537979574,1952,10
1952-10-03,76.09400557191223,1952,10
1952-10-04,76.24969456378008,1952,10
1952-10-05,75.90110210260036,1952,10
1952-10-06,75.97747466962544,1952,10
1952-10-07,75.81987097537221,1952,10
1952-10-08,75.41660337598738,1952,10
1952-10-09,75.26142278243536,1952,10
1952-10-10,75.28266391821192,1952,10
1952-10-11,75.5008540208729,1952,10
1952-10-12,75.75807942338514,1952,10
1952-10-13,75.72004571847528,1952,10
1952-10-14,75.30505705376736,1952,10
1952-10-15,75.37575052999911,1952,10
1952-10-16,75.51378463324531,1952,10
1952-10-17,75.57215207140837,1952,10
1952-10-18,75.62102261290548,1952,10
1952-10-19,75.66034984293216,1952,10
1952-10-20,75.6742737487778,1952,10
1952-10-21,75.63161992409199,1952,10
1952-10-22,75.5872786345055,1952,10
1952-10-23,75.46804353645028,1952,10
1952-10-24,75.53231562105233,1952,10
1952-10-25,75.49097546389149,1952,10
1952-10-26,75.4217505356299,1952,10
1952-10-27,75.39182893554691,1952,10
1952-10-28,75.38454019201926,1952,10
1952-10-29,75.33394967781761,1952,10
1952-10-30,75.33806939606734,1952,10
1952-10-31,75.31502787159471,1952,10
1952-11-01,75.32932191524583,1952,11
1952-11-02,75.35534357736533,1952,11
1952-11-03,75.2027934157492,1952,11
1952-11-04,75.0742297305153,1952,11
1952-11-05,75.09011553866287,1952,11
1952-11-06,74.99609321843607,1952,11
1952-11-07,74.90809460311816,1952,11
1952-11-08,74.85965714367143,1952,11
1952-11-09,74.85111796100328,1952,11
1952-11-10,74.68587879593925,1952,11
1952-11-11,74.70974065054482,1952,11
1952-11-12,74.50945401125207,1952,11
1952-11-13,74.6210640206052,1952,11
1952-11-14,74.61131159348766,1952,11
1952-11-15,74.44954011500005,1952,11
1952-11-16,74.45091714676275,1952,11
1952-11-17,74.56412642837452,1952,11
1952-11-18,74.5205542942741,1952,11
1952-11-19,74.53965888174322,1952,11
1952-11-20,74.44613431171491,1952,11
1952-11-21,74.43197072630626,1952,11
1952-11-22,74.43309570661341,1952,11
1952-11-23,74.4298697731155,1952,11
1952-11-24,74.38899911688961,1952,11
1952-11-25,74.36014742477778,1952,11
1952-11-26,74.35184640375047,1952,11
1952-11-27,74.32591174092151,1952,11
1952-11-28,74.09860029783688,1952,11
1952-11-29,73.95945606127653,1952,11
1952-11-30,73.76422150751557,1952,11
1952-12-01,73.65490760274834,1952,12
1952-12-02,73.76247772156049,1952,12
1952-12-03,73.9358902283946,1952,12
1952-12-04,74.09975022905896,1952,12
1952-12-05,74.05290420282093,1952,12
1952-12-06,74.03444158676014,1952,12
1952-12-07,73.92467410731332,1952,12
1952-12-08,73.69296377131037,1952,12
1952-12-09,73.75419186151531,1952,12
1952-12-10,73.74562058475195,1952,12
1952-12-11,73.78003223824655,1952,12
1952-12-12,73.79978710103467,1952,12
1952-12-13,73.7629685781168,1952,12
1952-12-14,73.73056207570252,1952,12
1952-12-15,73.66607376113762,1952,12
1952-12-16,73.80088808888422,1952,12
1952-12-17,73.79345017922867,1952,12
1952-12-18,73.60913094495591,1952,12
1952-12-19,73.66200398936749,1952,12
1952-12-20,73.44143447695294,1952,12
1952-12-21,73.38586521361628,1952,12
1952-12-22,73.35635544913895,1952,12
1952-12-23,73.3502338989641,1952,12
1952-12-24,73.43416106473984,1952,12
1952-12-25,73.43688171136777,1952,12
1952-12-26,73.24724181335775,1952,12
1952-12-27,73.35619663862326,1952,12
1952-12-28,73.28777620967314,1952,12
1952-12-29,73.22002093912528,1952,12
1952-12-30,73.1978096022894,1952,12
1952-12-31,73.25716832591279,1952,12
1953-01-01,73.1677156274423,1953,1
1953-01-02,73.12167677048309,1953,1
1953-01-03,72.79829912447417,1953,1
1953-01-04,72.65003756196312,1953,1
1953-01-05,72.55915946199154,1953,1
1953-01-06,72.64822082317286,1953,1
1953-01-07,72.6630142677572,1953,1
1953-01-08,72.6851684576153,1953,1
1953-01-09,73.10331790669674,1953,1
1953-01-10,73.41702220260994,1953,1
1953-01-11,73.72508535913862,1953,1
1953-01-12,73.44606013573149,1953,1
1953-01-13,73.35206801344755,1953,1
1953-01-14,73.44383955362188,1953,1
1953-01-15,73.56233060557756,1953,1
1953-01-16,73.01217171079053,1953,1
1953-01-17,72.43781559113422,1953,1
1953-01-18,72.37455972568638,1953,1
1953-01-19,72.52515238571067,1953,1
1953-01-20,72.74205147669441,1953,1
1953-01-21,72.80128007602318,1953,1
1953-01-22,72.62884994657227,1953,1
1953-01-23,72.46837106536701,1953,1
1953-01-24,72.26913777377129,1953,1
1953-01-25,72.54825427832849,1953,1
1953-01-26,73.03748331112781,1953,1
1953-01-27,73.36907036185404,1953,1
1953-01-28,73.61442734930438,1953,1
1953-01-29,73.54123514325704,1953,1
1953-01-30,73.49522704595032,1953,1
1953-01-31,73.47929500219806,1953,1
1953-02-01,73.40785444097955,1953,2
1953-02-02,73.20476452447774,1953,2
1953-02-03,73.42620445434859,1953,2
1953-02-04,73.62867024372886,1953,2
1953-02-05,73.91491577101833,1953,2
1953-02-06,73.62514418994988,1953,2
1953-02-07,73.63614039329677,1953,2
1953-02-08,73.70446402830848,1953,2
1953-02-09,73.86790156556013,1953,2
1953-02-10,74.09785180051469,1953,2
1953-02-11,74.21162985847626,1953,2
1953-02-12,74.3881552174538,1953,2
1953-02-13,74.53517315155287,1953,2
1953-02-14,74.71948540730092,1953,2
1953-02-15,74.90845794285728,1953,2
1953-02-16,75.11312696746813,1953,2
1953-02-17,75.22550383014413,1953,2
1953-02-18,75.09374120841491,1953,2
1953-02-19,75.1258403665964,1953,2
1953-02-20,74.91876793991295,1953,2
1953-02-21,74.67920428383688,1953,2
1953-02-22,74.93950968613963,1953,2
1953-02-23,75.13643818991471,1953,2
1953-02-24,75.40437613168078,1953,2
1953-02-25,75.52093468434613,1953,2
1953-02-26,75.64008116926324,1953,2
1953-02-27,75.77508707958393,1953,2
1953-02-28,75.98305212793208,1953,2
1953-03-01,75.72093883029983,1953,3
1953-03-02,75.84641195416228,1953,3
1953-03-03,75.82640591890524,1953,3
1953-03-04,75.73697852251257,1953,3
1953-03-05,75.87802478834836,1953,3
1953-03-06,76.04236686719047,1953,3
1953-03-07,76.14964740483813,1953,3
1953-03-08,76.14252008932979,1953,3
1953-03-09,75.95727278337853,1953,3
1953-03-10,75.80846629422402,1953,3
1953-03-11,75.77922828240337,1953,3
1953-03-12,75.83913942735148,1953,3
1953-03-13,75.88684580812289,1953,3
1953-03-14,75.93245947992725,1953,3
1953-03-15,76.0065728275545,1953,3
1953-03-16,76.26607142984479,1953,3
1953-03-17,76.18427914295026,1953,3
1953-03-18,76.2311408780525,1953,3
1953-03-19,76.29260273557692,1953,3
1953-03-20,76.34077818380914,1953,3
1953-03-21,76.35689135650001,1953,3
1953-03-22,76.3706638321284,1953,3
1953-03-23,76.40155827868082,1953,3
1953-03-24,76.47514804547032,1953,3
1953-03-25,76.38146809219778,1953,3
1953-03-26,76.30412691139028,1953,3
1953-03-27,76.23666066573463,1953,3
1953-03-28,75.98911769103304,1953,3
1953-03-29,75.54202436176122,1953,3
1953-03-30,75.66403118380892,1953,3
1953-03-31,76.0059372659419,1953,3
1953-04-01,76.19228982211048,1953,4
1953-04-02,76.41705888288628,1953,4
1953-04-03,76.57248703853367,1953,4
1953-04-04,76.5704997291964,1953,4
1953-04-05,76.61006923398008,1953,4
1953-04-06,76.6039087216404,1953,4
1953-04-07,76.68801652519468,1953,4
1953-04-08,76.69820196694343,1953,4
1953-04-09,76.79539175711513,1953,4
1953-04-10,76.74811867561796,1953,4
1953-04-11,76.59579603825819,1953,4
1953-04-12,76.75383014726607,1953,4
1953-04-13,76.66314359830413,1953,4
1953-04-14,76.6225603811663,1953,4
1953-04-15,76.52880508724759,1953,4
1953-04-16,76.64670269846505,1953,4
1953-04-17,76.65837314271347,1953,4
1953-04-18,76.48572055386975,1953,4
1953-04-19,76.09981195206336,1953,4
1953-04-20,76.06854889750598,1953,4
1953-04-21,76.31832275415859,1953,4
1953-04-22,76.68391730394075,1953,4
1953-04-23,76.88753406472564,1953,4
1953-04-24,77.13705611116484,1953,4
1953-04-25,77.15436957211054,1953,4
1953-04-26,77.18637898360085,1953,4
1953-04-27,77.2939735646128,1953,4
1953-04-28,77.1770552579211,1953,4
1953-04-29,77.2932059253567,1953,4
1953-04-30,77.26268563429973,1953,4
1953-05-01,77.2009925729241,1953,5
1953-05-02,77.30301470910054,1953,5
1953-05-03,77.32213242688283,1953,5
1953-05-04,77.28399602097201,1953,5
1953-05-05,77.20334667253137,1953,5
1953-05-06,77.29019736585137,1953,5
1953-05-07,77.3430157558022,1953,5
1953-05-08,77.35960155294391,1953,5
1953-05-09,77.26044694231904,1953,5
1953-05-10,77.24810994994652,1953,5
1953-05-11,77.34689346888071,1953,5
1953-05-12,77.22191546898534,1953,5
1953-05-13,77.23215859176922,1953,5
1953-05-14,77.24529237036587,1953,5
1953-05-15,77.13415177803155,1953,5
1953-05-16,77.26367039991294,1953,5
1953-05-17,77.326187447959,1953,5
1953-05-18,77.34269938395713,1953,5
1953-05-19,77.40681716599897,1953,5
1953-05-20,77.35703123082564,1953,5
1953-05-21,77.41213153567593,1953,5
1953-05-22,77.3309292286334,1953,5
1953-05-23,77.25950949511868,1953,5
1953-05-24,77.5123881393253,1953,5
1953-05-25,77.57855892149855,1953,5
1953-05-26,77.59477659539927,1953,5
1953-05-27,77.5950965882533,1953,5
1953-05-28,77.60287717633075,1953,5
1953-05-29,77.45849207349778,1953,5
1953-05-30,77.43058947311238,1953,5
1953-05-31,77.48497498657856,1953,5
1953-06-01,77.44494125298571,1953,6
1953-06-02,77.36386484169999,1953,6
1953-06-03,77.29350218073002,1953,6
1953-06-04,77.31597213596775,1953,6
1953-06-05,77.29178970773249,1953,6
1953-06-06,77.24004525768258,1953,6
1953-06-07,77.11354363133513,1953,6
1953-06-08,77.13725787634061,1953,6
1953-06-09,77.2365141640509,1953,6
1953-06-10,77.15740495712076,1953,6
1953-06-11,77.0353142460606,1953,6
1953-06-12,76.96753698242391,1953,6
1953-06-13,77.06666851002261,1953,6
1953-06-14,76.88131256602279,1953,6
1953-06-15,76.80247131079864,1953,6
1953-06-16,76.36833702458225,1953,6
1953-06-17,76.15750441683866,1953,6
1953-06-18,76.08276020598204,1953,6
1953-06-19,76.11239833165534,1953,6
1953-06-20,76.06561486455155,1953,6
1953-06-21,75.96512773473201,1953,6
1953-06-22,75.79026372777284,1953,6
1953-06-23,75.73245118637995,1953,6
1953-06-24,75.55105983598621,1953,6
1953-06-25,75.80391036406753,1953,6
1953-06-26,75.8968343293721,1953,6
1953-06-27,75.7885203105096,1953,6
1953-06-28,75.78923107403908,1953,6
1953-06-29,75.90283819332453,1953,6
1953-06-30,75.85010940766472,1953,6
1953-07-01,75.89270375643207,1953,7
1953-07-02,75.8787821226233,1953,7
1953-07-03,75.74023046395278,1953,7
1953-07-04,75.3585219511087,1953,7
1953-07-05,75.10812152560759,1953,7
1953-07-06,75.16171893867356,1953,7
1953-07-07,75.17389829574513,1953,7
1953-07-08,75.27523394098098,1953,7
1953-07-09,75.39194690747597,1953,7
1953-07-10,75.16318340128072,1953,7
1953-07-11,74.7126380185288,1953,7
1953-07-12,74.86764922261641,1953,7
1953-07-13,74.96501332860127,1953,7
1953-07-14,74.91924671425198,1953,7
1953-07-15,75.00504299241578,1953,7
1953-07-16,75.28541736807978,1953,7
1953-07-17,75.60946699350671,1953,7
1953-07-18,75.61855550903145,1953,7
1953-07-19,75.40546339602272,1953,7
1953-07-20,75.41225291591653,1953,7
1953-07-21,75.7157194226392,1953,7
1953-07-22,75.79513252255413,1953,7
1953-07-23,75.39408904652285,1953,7
1953-07-24,75.3751091263945,1953,7
1953-07-25,75.76928499216744,1953,7
1953-07-26,75.72879072146395,1953,7
1953-07-27,75.46941711433314,1953,7
1953-07-28,75.49067478524898,1953,7
1953-07-29,75.40292004688882,1953,7
1953-07-30,75.41254513603943,1953,7
1953-07-31,75.32706511968556,1953,7
1953-08-01,75.47036257096595,1953,8
1953-08-02,75.5060942200957,1953,8
1953-08-03,75.16693575571824,1953,8
1953-08-04,74.78597111015071,1953,8
1953-08-05,74.84700721761268,1953,8
1953-08-06,74.9337675527144,1953,8
1953-08-07,75.13412257901167,1953,8
1953-08-08,75.21314879493409,1953,8
1953-08-09,74.88957159790347,1953,8
1953-08-10,74.9237203420125,1953,8
1953-08-11,75.08201876425188,1953,8
1953-08-12,75.05317302617948,1953,8
1953-08-13,75.04234966653928,1953,8
1953-08-14,75.25681750483965,1953,8
1953-08-15,75.16807706224128,1953,8
1953-08-16,75.09674394869519,1953,8
1953-08-17,75.38085408093941,1953,8
1953-08-18,75.52829472616254,1953,8
1953-08-19,75.46818128883727,1953,8
1953-08-20,75.30296829304272,1953,8
1953-08-21,75.21874745135027,1953,8
1953-08-22,75.33494076488124,1953,8
1953-08-23,75.12120757091049,1953,8
1953-08-24,74.922957707629,1953,8
1953-08-25,74.82520771181527,1953,8
1953-08-26,74.90102467600684,1953,8
1953-08-27,74.8735587269801,1953,8
1953-08-28,74.74354059785591,1953,8
1953-08-29,74.92198711154008,1953,8
1953-08-30,75.32950718828046,1953,8
1953-08-31,75.41621346215179,1953,8
1953-09-01,75.44048383259674,1953,9
1953-09-02,75.40274622141293,1953,9
1953-09-03,75.35685978012015,1953,9
1953-09-04,75.39904501688146,1953,9
1953-09-05,75.48272626639981,1953,9
1953-09-06,75.54484889399393,1953,9
1953-09-07,75.5301162307158,1953,9
1953-09-08,75.32595571994258,1953,9
1953-09-09,75.12420997874979,1953,9
1953-09-10,75.00977172639942,1953,9
1953-09-11,75.08356081898367,1953,9
1953-09-12,75.15740003422955,1953,9
1953-09-13,75.23951204816053,1953,9
1953-09-14,75.28256120777847,1953,9
1953-09-15,75.21137891423506,1953,9
1953-09-16,75.05128898935487,1953,9
1953-09-17,74.77353225248851,1953,9
1953-09-18,74.9887202488377,1953,9
1953-09-19,75.19678930636238,1953,9
1953-09-20,75.31646857994903,1953,9
1953-09-21,75.39072597776246,1953,9
1953-09-22,75.53942409035228,1953,9
1953-09-23,75.62677457646845,1953,9
1953-09-24,75.66746150831048,1953,9
1953-09-25,75.65847103097559,1953,9
1953-09-26,75.67998758156233,1953,9
1953-09-27,75.38881443554524,1953,9
1953-09-28,75.34981079708544,1953,9
1953-09-29,75.37409626960385,1953,9
1953-09-30,75.65694868392664,1953,9
1953-10-01,75.77920339900707,1953,10
1953-10-02,75.79076300973688,1953,10
1953-10-03,75.7064105922982,1953,10
1953-10-04,75.52568596895668,1953,10
1953-10-05,75.47096658947412,1953,10
1953-10-06,75.46898950710242,1953,10
1953-10-07,75.45822811061295,1953,10
1953-10-08,75.4909132094168,1953,10
1953-10-09,75.50845212014691,1953,10
1953-10-10,75.48490499884545,1953,10
1953-10-11,75.47400345866112,1953,10
1953-10-12,75.59264402826001,1953,10
1953-10-13,75.5652820031576,1953,10
1953-10-14,75.5555189967818,1953,10
1953-10-15,75.53290811495458,1953,10
1953-10-16,75.47592173989138,1953,10
1953-10-17,75.45551173394118,1953,10
1953-10-18,75.53512739499955,1953,10
1953-10-19,75.53439355756724,1953,10
1953-10-20,75.47203384059517,1953,10
1953-10-21,75.35295996707781,1953,10
1953-10-22,75.11699267603342,1953,10
1953-10-23,75.05739280719148,1953,10
1953-10-24,74.9867684655565,1953,10
1953-10-25,74.94784504457537,1953,10
1953-10-26,74.94714926587925,1953,10
1953-10-27,74.96740854107459,1953,10
1953-10-28,75.08971062289012,1953,10
1953-10-29,75.1953270965643,1953,10
1953-10-30,75.2989392172963,1953,10
1953-10-31,75.14952535137783,1953,10
1953-11-01,75.16744759242883,1953,11
1953-11-02,75.15957288172838,1953,11
1953-11-03,75.15877731150933,1953,11
1953-11-04,75.1193769725934,1953,11
1953-11-05,75.21779716904229,1953,11
1953-11-06,75.15324182831107,1953,11
1953-11-07,75.04036231622464,1953,11
1953-11-08,74.85336393154932,1953,11
1953-11-09,74.78834928124752,1953,11
1953-11-10,74.70645010482802,1953,11
1953-11-11,74.68894297044474,1953,11
1953-11-12,74.54448111381869,1953,11
1953-11-13,74.66595307212042,1953,11
1953-11-14,74.62306267595888,1953,11
1953-11-15,74.51024650224893,1953,11
1953-11-16,74.34000610595939,1953,11
1953-11-17,74.19903269637743,1953,11
1953-11-18,74.09099267920561,1953,11
1953-11-19,74.16267481856066,1953,11
1953-11-20,74.16308270607192,1953,11
1953-11-21,74.12564429229562,1953,11
1953-11-22,74.11684251941244,1953,11
1953-11-23,74.05385902822931,1953,11
1953-11-24,74.19037730067072,1953,11
1953-11-25,74.26225232704329,1953,11
1953-11-26,74.21302300905282,1953,11
1953-11-27,74.21332290585481,1953,11
1953-11-28,74.23832458824359,1953,11
1953-11-29,74.21986736633065,1953,11
1953-11-30,74.24794759319667,1953,11
1953-12-01,74.3358153546567,1953,12
1953-12-02,74.50019264414424,1953,12
1953-12-03,74.35898459082782,1953,12
1953-12-04,74.1535415953625,1953,12
1953-12-05,74.05770660057416,1953,12
1953-12-06,74.10388435929382,1953,12
1953-12-07,73.97173807362243,1953,12
1953-12-08,74.09174906285895,1953,12
1953-12-09,74.04553582245961,1953,12
1953-12-10,73.9729131882186,1953,12
1953-12-11,73.94660968011766,1953,12
1953-12-12,74.0083342506689,1953,12
1953-12-13,73.9110546581462,1953,12
1953-12-14,73.87033016327649,1953,12
1953-12-15,73.83779292711503,1953,12
1953-12-16,73.87375738619392,1953,12
1953-12-17,73.85461204698436,1953,12
1953-12-18,73.77567197140185,1953,12
1953-12-19,73.75593975269157,1953,12
1953-12-20,73.74524083111723,1953,12
1953-12-21,73.86418626224648,1953,12
1953-12-22,73.98943115927536,1953,12
1953-12-23,73.95294264945657,1953,12
1953-12-24,73.99123319993154,1953,12
1953-12-25,73.86345539470335,1953,12
1953-12-26,73.81724860647017,1953,12
1953-12-27,73.819005294363,1953,12
1953-12-28,73.56637526294918,1953,12
1953-12-29,73.564197676026,1953,12
1953-12-30,73.35870569305393,1953,12
1953-12-31,73.46442924691574,1953,12
1954-01-01,72.6728489218337,1954,1
1954-01-02,72.77192560945879,1954,1
1954-01-03,72.85934260440288,1954,1
1954-01-04,72.79691505702972,1954,1
1954-01-05,72.95513320968145,1954,1
1954-01-06,73.29906278849134,1954,1
1954-01-07,73.54361390721168,1954,1
1954-01-08,73.64742637132,1954,1
1954-01-09,73.20162669607488,1954,1
1954-01-10,72.57463320783344,1954,1
1954-01-11,72.24087467614464,1954,1
1954-01-12,72.44972590868258,1954,1
1954-01-13,72.63034121615242,1954,1
1954-01-14,72.8035330742999,1954,1
1954-01-15,73.08507540110091,1954,1
1954-01-16,73.20904799618584,1954,1
1954-01-17,73.14158176772095,1954,1
1954-01-18,73.22680747665407,1954,1
1954-01-19,73.00569690047588,1954,1
1954-01-20,72.79571417243054,1954,1
1954-01-21,72.77196990423722,1954,1
1954-01-22,72.27544364244103,1954,1
1954-01-23,72.51621466960796,1954,1
1954-01-24,72.551022513637,1954,1
1954-01-25,72.64934722279843,1954,1
1954-01-26,72.9728506105075,1954,1
1954-01-27,73.19934834562126,1954,1
1954-01-28,73.36366494108728,1954,1
1954-01-29,73.48500039433503,1954,1
1954-01-30,73.73098945070322,1954,1
1954-01-31,73.50265496533555,1954,1
1954-02-01,73.28334998093885,1954,2
1954-02-02,73.59027786023104,1954,2
1954-02-03,73.64848984381008,1954,2
1954-02-04,73.96682169807532,1954,2
1954-02-05,73.33752185174633,1954,2
1954-02-06,73.58976640410432,1954,2
1954-02-07,73.74044663970055,1954,2
1954-02-08,73.910862022137,1954,2
1954-02-09,74.07750257775035,1954,2
1954-02-10,74.3629246635708,1954,2
1954-02-11,74.61277621937451,1954,2
1954-02-12,74.79405953488823,1954,2
1954-02-13,74.89757411099416,1954,2
1954-02-14,74.89304518223533,1954,2
1954-02-15,74.81268455650219,1954,2
1954-02-16,74.5918478813837,1954,2
1954-02-17,74.71789187772406,1954,2
1954-02-18,74.90315723484161,1954,2
1954-02-19,75.14107723008222,1954,2
1954-02-20,74.5643999571369,1954,2
1954-02-21,73.94777063157741,1954,2
1954-02-22,73.963174879881,1954,2
1954-02-23,74.22400976802535,1954,2
1954-02-24,74.50354386401546,1954,2
1954-02-25,74.34411375607992,1954,2
1954-02-26,74.17366317994605,1954,2
1954-02-27,74.49766141506743,1954,2
1954-02-28,74.66222648341586,1954,2
1954-03-01,74.93137446014507,1954,3
1954-03-02,75.17398260558804,1954,3
1954-03-03,75.08036060169604,1954,3
1954-03-04,74.92508064312337,1954,3
1954-03-05,74.734655696742,1954,3
1954-03-06,74.7290359207511,1954,3
1954-03-07,74.8315577908132,1954,3
1954-03-08,75.05769559107414,1954,3
1954-03-09,75.25120227667824,1954,3
1954-03-10,75.45979640416097,1954,3
1954-03-11,75.5865011185672,1954,3
1954-03-12,75.63510361946275,1954,3
1954-03-13,75.73480318896776,1954,3
1954-03-14,75.56602551550952,1954,3
1954-03-15,75.44294792228995,1954,3
1954-03-16,75.68699727435893,1954,3
1954-03-17,75.83898266787729,1954,3
1954-03-18,75.93106127451823,1954,3
1954-03-19,76.12680625744026,1954,3
1954-03-20,76.22809486491249,1954,3
1954-03-21,76.41574642230033,1954,3
1954-03-22,76.42584093298379,1954,3
1954-03-23,76.38912718239503,1954,3
1954-03-24,75.64414392058539,1954,3
1954-03-25,74.90999451765663,1954,3
1954-03-26,74.90807908279264,1954,3
1954-03-27,75.60209795128982,1954,3
1954-03-28,76.12320034859782,1954,3
1954-03-29,76.43605977248633,1954,3
1954-03-30,76.27581777315756,1954,3
1954-03-31,76.06176832893809,1954,3
1954-04-01,75.8878823058794,1954,4
1954-04-02,75.84466710694906,1954,4
1954-04-03,76.08679293013707,1954,4
1954-04-04,76.24295584966393,1954,4
1954-04-05,76.52678556860226,1954,4
1954-04-06,76.64323411159221,1954,4
1954-04-07,76.52248140884393,1954,4
1954-04-08,76.50486998676374,1954,4
1954-04-09,76.60334891460239,1954,4
1954-04-10,76.69958123648024,1954,4
1954-04-11,76.76156936700686,1954,4
1954-04-12,76.71108527623123,1954,4
1954-04-13,76.83333061981878,1954,4
1954-04-14,77.00536710609454,1954,4
1954-04-15,76.96323036303481,1954,4
1954-04-16,76.99001687950364,1954,4
1954-04-17,76.9359794561497,1954,4
1954-04-18,76.98130644444693,1954,4
1954-04-19,76.94504842607581,1954,4
1954-04-20,77.07167474404748,1954,4
1954-04-21,77.17492660385396,1954,4
1954-04-22,77.20246589850132,1954,4
1954-04-23,77.17315733437444,1954,4
1954-04-24,77.07132867101359,1954,4
1954-04-25,76.83962131740125,1954,4
1954-04-26,77.02874505017176,1954,4
1954-04-27,77.35240938706477,1954,4
1954-04-28,77.39996005559944,1954,4
1954-04-29,77.38789966731342,1954,4
1954-04-30,77.31968593069763,1954,4
1954-05-01,77.35537787781303,1954,5
1954-05-02,77.19641896562793,1954,5
1954-05-03,77.26261822367339,1954,5
1954-05-04,77.18971769651716,1954,5
1954-05-05,77.30108068426361,1954,5
1954-05-06,77.30108527759047,1954,5
1954-05-07,77.24053983245466,1954,5
1954-05-08,77.31591194297641,1954,5
1954-05-09,77.3248192462596,1954,5
1954-05-10,77.33835395221453,1954,5
1954-05-11,77.21317101885865,1954,5
1954-05-12,77.23997264989804,1954,5
1954-05-13,77.25610662657405,1954,5
1954-05-14,77.387661946172,1954,5
1954-05-15,77.40401056511114,1954,5
1954-05-16,77.42296349191027,1954,5
1954-05-17,77.44730202862088,1954,5
1954-05-18,77.48769929372617,1954,5
1954-05-19,77.5321139044207,1954,5
1954-05-20,77.45919797172166,1954,5
1954-05-21,77.47562922071853,1954,5
1954-05-22,77.43059254838947,1954,5
1954-05-23,77.3639428465477,1954,5
1954-05-24,77.33462258195279,1954,5
1954-05-25,77.36543293434408,1954,5
1954-05-26,77.46292534572743,1954,5
1954-05-27,77.45295507857747,1954,5
1954-05-28,77.49530217447841,1954,5
1954-05-29,77.51594010014315,1954,5
1954-05-30,77.37104372878962,1954,5
1954-05-31,77.30862195745806,1954,5
1954-06-01,77.35464303233434,1954,6
1954-06-02,77.13286036948641,1954,6
1954-06-03,76.66077637974392,1954,6
1954-06-04,76.65048386596521,1954,6
1954-06-05,76.71853627938042,1954,6
1954-06-06,76.57370493181114,1954,6
1954-06-07,76.724672331902,1954,6
1954-06-08,76.76656974844909,1954,6
1954-06-09,76.90600105512335,1954,6
1954-06-10,76.81426290363957,1954,6
1954-06-11,76.73971573984579,1954,6
1954-06-12,76.70426904654829,1954,6
1954-06-13,76.6179616895852,1954,6
1954-06-14,76.37595792075157,1954,6
1954-06-15,76.28819181461449,1954,6
1954-06-16,76.33711340921414,1954,6
1954-06-17,76.35250191815324,1954,6
1954-06-18,76.30147836127789,1954,6
1954-06-19,76.10927260819783,1954,6
1954-06-20,76.13075071839465,1954,6
1954-06-21,76.17525466050553,1954,6
1954-06-22,76.27487549793459,1954,6
1954-06-23,76.10868383448754,1954,6
1954-06-24,76.27068810310097,1954,6
1954-06-25,76.30954798696274,1954,6
1954-06-26,76.24315870442064,1954,6
1954-06-27,76.21110433739165,1954,6
1954-06-28,76.05067100060117,1954,6
1954-06-29,76.29451816472549,1954,6
1954-06-30,76.24088390430192,1954,6
1954-07-01,77.11636390505646,1954,7
1954-07-02,76.09335212792097,1954,7
1954-07-03,76.01177168168746,1954,7
1954-07-04,76.53087517870608,1954,7
1954-07-05,76.64853260556747,1954,7
1954-07-06,76.04048024061173,1954,7
1954-07-07,75.84709911262344,1954,7
1954-07-08,75.72160565386793,1954,7
1954-07-09,75.36021187685829,1954,7
1954-07-10,75.30676252350884,1954,7
1954-07-11,75.10233661520319,1954,7
1954-07-12,75.06542105555731,1954,7
1954-07-13,75.095032589177,1954,7
1954-07-14,75.39012118060924,1954,7
1954-07-15,75.07577484354452,1954,7
1954-07-16,74.69105472583185,1954,7
1954-07-17,74.9299678350436,1954,7
1954-07-18,75.07007220571069,1954,7
1954-07-19,75.20194130434537,1954,7
1954-07-20,75.1890742405302,1954,7
1954-07-21,75.33671955570907,1954,7
1954-07-22,75.3364869566438,1954,7
1954-07-23,75.58855914817354,1954,7
1954-07-24,75.48538599999063,1954,7
1954-07-25,75.6212917807642,1954,7
1954-07-26,75.579300072856,1954,7
1954-07-27,75.5523042308962,1954,7
1954-07-28,75.47164813438243,1954,7
1954-07-29,75.2529067989482,1954,7
1954-07-30,75.045058640406,1954,7
1954-07-31,75.4124008856997,1954,7
1954-08-01,75.54899659615492,1954,8
1954-08-02,75.2156334670694,1954,8
1954-08-03,75.03405937921372,1954,8
1954-08-04,75.2445701586178,1954,8
1954-08-05,75.48316534955919,1954,8
1954-08-06,75.49436966983717,1954,8
1954-08-07,75.45969011498197,1954,8
1954-08-08,75.35576085766468,1954,8
1954-08-09,75.13523364437957,1954,8
1954-08-10,74.90469409540637,1954,8
1954-08-11,75.0306139655167,1954,8
1954-08-12,74.95413347068907,1954,8
1954-08-13,74.8931055918591,1954,8
1954-08-14,74.94789520953461,1954,8
1954-08-15,74.96219722668708,1954,8
1954-08-16,74.86267433259042,1954,8
1954-08-17,75.15700086791233,1954,8
1954-08-18,75.41335809332442,1954,8
1954-08-19,75.23515539087504,1954,8
1954-08-20,75.12779532351394,1954,8
1954-08-21,75.17909197206068,1954,8
1954-08-22,75.15142342963131,1954,8
1954-08-23,75.30297706362931,1954,8
1954-08-24,75.38468896959385,1954,8
1954-08-25,75.43288356947856,1954,8
1954-08-26,75.6214556013394,1954,8
1954-08-27,75.6883702661033,1954,8
1954-08-28,75.69356607337531,1954,8
1954-08-29,75.81192419921011,1954,8
1954-08-30,75.93684220738642,1954,8
1954-08-31,75.75878094387674,1954,8
1954-09-01,75.6711884755111,1954,9
1954-09-02,75.37692844165187,1954,9
1954-09-03,75.43675396679436,1954,9
1954-09-04,75.38611667362377,1954,9
1954-09-05,75.31021748366459,1954,9
1954-09-06,75.3188143622113,1954,9
1954-09-07,75.3924155601026,1954,9
1954-09-08,75.18394574569837,1954,9
1954-09-09,75.01405936542405,1954,9
1954-09-10,74.96264390568996,1954,9
1954-09-11,75.16910150486484,1954,9
1954-09-12,75.13595074639706,1954,9
1954-09-13,75.19615582179335,1954,9
1954-09-14,75.20295290365694,1954,9
1954-09-15,75.13128533076849,1954,9
1954-09-16,75.03536731516976,1954,9
1954-09-17,75.04800264045943,1954,9
1954-09-18,75.04012478298625,1954,9
1954-09-19,75.0158869486679,1954,9
1954-09-20,75.08248728292428,1954,9
1954-09-21,75.30468613112288,1954,9
1954-09-22,74.9451666691361,1954,9
1954-09-23,74.71321840805562,1954,9
1954-09-24,74.79864789934605,1954,9
1954-09-25,74.92121859619954,1954,9
1954-09-26,74.86048776487824,1954,9
1954-09-27,74.82522827097002,1954,9
1954-09-28,74.95007383706402,1954,9
1954-09-29,75.00327298617997,1954,9
1954-09-30,75.0151691189395,1954,9
1954-10-01,74.75361132832275,1954,10
1954-10-02,74.72053931637785,1954,10
1954-10-03,75.01337896825825,1954,10
1954-10-04,75.09461522586324,1954,10
1954-10-05,74.95034993950404,1954,10
1954-10-06,74.96688898330729,1954,10
1954-10-07,74.92463969155024,1954,10
1954-10-08,74.93950128567427,1954,10
1954-10-09,74.92155044377503,1954,10
1954-10-10,75.06877450320955,1954,10
1954-10-11,75.05171453408347,1954,10
1954-10-12,75.25960211967147,1954,10
1954-10-13,75.40571727061634,1954,10
1954-10-14,75.44894198339749,1954,10
1954-10-15,75.53634008375403,1954,10
1954-10-16,75.26592909074171,1954,10
1954-10-17,75.20404380672522,1954,10
1954-10-18,75.10322745150975,1954,10
1954-10-19,75.1715306165853,1954,10
1954-10-20,75.05133653873838,1954,10
1954-10-21,75.04189519814516,1954,10
1954-10-22,74.77685744582898,1954,10
1954-10-23,74.7204429586907,1954,10
1954-10-24,74.55896716767683,1954,10
1954-10-25,74.38913157685495,1954,10
1954-10-26,74.27966343617805,1954,10
1954-10-27,74.28847983028781,1954,10
1954-10-28,74.56706064277977,1954,10
1954-10-29,74.68941637396493,1954,10
1954-10-30,74.7964212751143,1954,10
1954-10-31,74.75357998436054,1954,10
1954-11-01,74.75101252233821,1954,11
1954-11-02,74.70984884438367,1954,11
1954-11-03,74.70161205120871,1954,11
1954-11-04,74.71027692416423,1954,11
1954-11-05,74.74045859060412,1954,11
1954-11-06,74.75856192395332,1954,11
1954-11-07,74.61446751522973,1954,11
1954-11-08,74.64687227237016,1954,11
1954-11-09,74.64449983970016,1954,11
1954-11-10,74.5901255558579,1954,11
1954-11-11,74.57859486670843,1954,11
1954-11-12,74.45830401551518,1954,11
1954-11-13,74.44099865212719,1954,11
1954-11-14,74.34148506978548,1954,11
1954-11-15,74.23309750529158,1954,11
1954-11-16,74.22756143789388,1954,11
1954-11-17,74.24971920249159,1954,11
1954-11-18,74.24010255039757,1954,11
1954-11-19,74.21920020101665,1954,11
1954-11-20,74.20980869668357,1954,11
1954-11-21,74.07331195124237,1954,11
1954-11-22,74.0394148611807,1954,11
1954-11-23,74.13902006381485,1954,11
1954-11-24,74.25960496329074,1954,11
1954-11-25,74.24442534441778,1954,11
1954-11-26,74.10314155922,1954,11
1954-11-27,74.07663111505552,1954,11
1954-11-28,74.21155014418719,1954,11
1954-11-29,74.26541245426765,1954,11
1954-11-30,74.20381079801889,1954,11
1954-12-01,74.22879976656029,1954,12
1954-12-02,74.29113549633784,1954,12
1954-12-03,74.3780226764307,1954,12
1954-12-04,74.41824757593528,1954,12
1954-12-05,74.26510696894985,1954,12
1954-12-06,74.16117015849876,1954,12
1954-12-07,73.99404692505072,1954,12
1954-12-08,73.79276094199103,1954,12
1954-12-09,73.78441143847522,1954,12
1954-12-10,73.59470423600736,1954,12
1954-12-11,73.52065294321093,1954,12
1954-12-12,73.35102995908906,1954,12
1954-12-13,73.07285592911715,1954,12
1954-12-14,72.98436950515132,1954,12
1954-12-15,73.04906232239091,1954,12
1954-12-16,73.26935201836748,1954,12
1954-12-17,72.92566092358308,1954,12
1954-12-18,72.97731780518377,1954,12
1954-12-19,73.04347469665726,1954,12
1954-12-20,73.13422351326739,1954,12
1954-12-21,73.08483542102331,1954,12
1954-12-22,73.17087185531055,1954,12
1954-12-23,73.19179095759986,1954,12
1954-12-24,73.25207805689801,1954,12
1954-12-25,73.29111634574966,1954,12
1954-12-26,73.27614522366122,1954,12
1954-12-27,73.33392963313226,1954,12
1954-12-28,73.2359485446392,1954,12
1954-12-29,73.07343221871756,1954,12
1954-12-30,72.71895667871807,1954,12
1954-12-31,72.54879467528308,1954,12
1955-01-01,72.53623958508227,1955,1
1955-01-02,72.50575863295299,1955,1
1955-01-03,72.40597163811,1955,1
1955-01-04,72.48946711975799,1955,1
1955-01-05,72.53311665259797,1955,1
1955-01-06,72.66588242366703,1955,1
1955-01-07,72.81889581066697,1955,1
1955-01-08,72.99107443464945,1955,1
1955-01-09,73.06810515265043,1955,1
1955-01-10,72.97707425415173,1955,1
1955-01-11,73.02246873076223,1955,1
1955-01-12,73.00528668859543,1955,1
1955-01-13,72.9164433162163,1955,1
1955-01-14,73.0578795287506,1955,1
1955-01-15,73.09672731340274,1955,1
1955-01-16,72.90525673368631,1955,1
1955-01-17,73.01690669043083,1955,1
1955-01-18,73.19136538657563,1955,1
1955-01-19,72.9959315165281,1955,1
1955-01-20,72.95744665629158,1955,1
1955-01-21,73.08756004879442,1955,1
1955-01-22,72.79023048177564,1955,1
1955-01-23,72.0810836555847,1955,1
1955-01-24,71.99217792761135,1955,1
1955-01-25,72.22089380199907,1955,1
1955-01-26,72.40965699018227,1955,1
1955-01-27,72.70760079569538,1955,1
1955-01-28,72.82548604140597,1955,1
1955-01-29,73.01427412490048,1955,1
1955-01-30,73.17956549543919,1955,1
1955-01-31,73.18821879477852,1955,1
1955-02-01,73.1957811268871,1955,2
1955-02-02,73.25118692090054,1955,2
1955-02-03,73.45528852840151,1955,2
1955-02-04,73.17928391145716,1955,2
1955-02-05,72.99887964598032,1955,2
1955-02-06,72.91575761642905,1955,2
1955-02-07,73.23171923997776,1955,2
1955-02-08,73.53970557468666,1955,2
1955-02-09,73.57716569584422,1955,2
1955-02-10,73.79351246307237,1955,2
1955-02-11,73.19990652994633,1955,2
1955-02-12,73.09700357979965,1955,2
1955-02-13,73.31676802666527,1955,2
1955-02-14,73.67373759585374,1955,2
1955-02-15,73.89327005067388,1955,2
1955-02-16,74.15827896262779,1955,2
1955-02-17,74.40879413435749,1955,2
1955-02-18,74.507006157898,1955,2
1955-02-19,74.60431079365831,1955,2
1955-02-20,74.7721185435432,1955,2
1955-02-21,74.95985184213374,1955,2
1955-02-22,74.91792116103373,1955,2
1955-02-23,74.70902104640238,1955,2
1955-02-24,74.78967074197803,1955,2
1955-02-25,75.02791785867443,1955,2
1955-02-26,75.24653791203896,1955,2
1955-02-27,75.38186935557688,1955,2
1955-02-28,75.33900901735396,1955,2
1955-03-01,74.90170216472444,1955,3
1955-03-02,74.36928209605986,1955,3
1955-03-03,74.51914828532807,1955,3
1955-03-04,74.30867566786819,1955,3
1955-03-05,74.47708416639809,1955,3
1955-03-06,74.68489060440018,1955,3
1955-03-07,74.95349913870311,1955,3
1955-03-08,75.23536761473913,1955,3
1955-03-09,75.48270615347711,1955,3
1955-03-10,75.65192405240323,1955,3
1955-03-11,75.88500197337689,1955,3
1955-03-12,75.93915406480325,1955,3
1955-03-13,76.00827259825101,1955,3
1955-03-14,76.14072357745331,1955,3
1955-03-15,76.24546092037255,1955,3
1955-03-16,76.28194572266442,1955,3
1955-03-17,76.15485355973155,1955,3
1955-03-18,76.09621565362767,1955,3
1955-03-19,75.97859566354633,1955,3
1955-03-20,76.08513419602332,1955,3
1955-03-21,76.26490929382526,1955,3
1955-03-22,76.41835065762174,1955,3
1955-03-23,76.61651314906754,1955,3
1955-03-24,76.66431841628136,1955,3
1955-03-25,76.63221413713966,1955,3
1955-03-26,76.48252013844247,1955,3
1955-03-27,76.30231172286912,1955,3
1955-03-28,76.10342377503875,1955,3
1955-03-29,76.33802874679903,1955,3
1955-03-30,76.57681976877882,1955,3
1955-03-31,76.18715870962541,1955,3
1955-04-01,75.97065493501826,1955,4
1955-04-02,76.05144737875428,1955,4
1955-04-03,76.15057740346717,1955,4
1955-04-04,76.15274133425673,1955,4
1955-04-05,76.19992008819035,1955,4
1955-04-06,76.22861699829474,1955,4
1955-04-07,76.30891115456146,1955,4
1955-04-08,76.37649410584353,1955,4
1955-04-09,76.56681985899233,1955,4
1955-04-10,76.74392231147321,1955,4
1955-04-11,76.80641336851056,1955,4
1955-04-12,76.78965071402192,1955,4
1955-04-13,76.23114291862626,1955,4
1955-04-14,75.70663275545088,1955,4
1955-04-15,75.56689329406555,1955,4
1955-04-16,75.58072446964788,1955,4
1955-04-17,75.96130608625373,1955,4
1955-04-18,76.01774180526267,1955,4
1955-04-19,76.17002658147835,1955,4
1955-04-20,76.45217042015685,1955,4
1955-04-21,76.59886575240317,1955,4
1955-04-22,76.72109862317299,1955,4
1955-04-23,76.62542230586779,1955,4
1955-04-24,76.72691980269337,1955,4
1955-04-25,76.8982137759562,1955,4
1955-04-26,76.98383737561373,1955,4
1955-04-27,76.90338281400615,1955,4
1955-04-28,76.91028786587096,1955,4
1955-04-29,76.95731136491035,1955,4
1955-04-30,76.86572019587692,1955,4
1955-05-01,76.81398370051825,1955,5
1955-05-02,76.90687363053107,1955,5
1955-05-03,76.4830180273121,1955,5
1955-05-04,76.28012427377848,1955,5
1955-05-05,76.38697757519435,1955,5
1955-05-06,76.57138643825631,1955,5
1955-05-07,76.67943868409309,1955,5
1955-05-08,76.66960640834628,1955,5
1955-05-09,76.8645512411453,1955,5
1955-05-10,77.08850982817499,1955,5
1955-05-11,76.8362546355908,1955,5
1955-05-12,76.55074784626177,1955,5
1955-05-13,76.65176230001963,1955,5
1955-05-14,76.79961850846978,1955,5
1955-05-15,77.17226754868136,1955,5
1955-05-16,77.24289386277616,1955,5
1955-05-17,77.22700320085889,1955,5
1955-05-18,77.2574823390015,1955,5
1955-05-19,77.07605969168904,1955,5
1955-05-20,76.9758936172386,1955,5
1955-05-21,76.73123288840547,1955,5
1955-05-22,76.56568344468882,1955,5
1955-05-23,76.86481248938274,1955,5
1955-05-24,77.28521081540877,1955,5
1955-05-25,76.95551937895911,1955,5
1955-05-26,77.1086611254166,1955,5
1955-05-27,77.14078113291639,1955,5
1955-05-28,77.11770207645542,1955,5
1955-05-29,77.27430474660424,1955,5
1955-05-30,77.52936457653382,1955,5
1955-05-31,77.55710910147172,1955,5
1955-06-01,77.64002161843743,1955,6
1955-06-02,77.71133078073005,1955,6
1955-06-03,77.70790081954252,1955,6
1955-06-04,77.58124775418696,1955,6
1955-06-05,77.37888593012161,1955,6
1955-06-06,77.44591696337213,1955,6
1955-06-07,77.21480199803682,1955,6
1955-06-08,77.10868324456294,1955,6
1955-06-09,76.95171473753483,1955,6
1955-06-10,76.59027212856907,1955,6
1955-06-11,76.39057424272025,1955,6
1955-06-12,76.64985331244529,1955,6
1955-06-13,76.77725422178659,1955,6
1955-06-14,76.74353597591802,1955,6
1955-06-15,76.83057511288195,1955,6
1955-06-16,76.67118699311372,1955,6
1955-06-17,76.27508947376073,1955,6
1955-06-18,75.94835053792846,1955,6
1955-06-19,75.73740186307911,1955,6
1955-06-20,75.94920218922891,1955,6
1955-06-21,75.68662363708775,1955,6
1955-06-22,75.78282983562137,1955,6
1955-06-23,75.88607818676506,1955,6
1955-06-24,76.03482846157253,1955,6
1955-06-25,76.01044489124146,1955,6
1955-06-26,75.79873930335198,1955,6
1955-06-27,75.73929418294854,1955,6
1955-06-28,75.20074990477168,1955,6
1955-06-29,75.01336324029819,1955,6
1955-06-30,74.97292566311356,1955,6
1955-07-01,74.96024745479158,1955,7
1955-07-02,74.93581129315116,1955,7
1955-07-03,74.88503821841883,1955,7
1955-07-04,74.86698892397442,1955,7
1955-07-05,75.0701755841085,1955,7
1955-07-06,75.18228240929902,1955,7
1955-07-07,75.19439826729943,1955,7
1955-07-08,75.14626948126558,1955,7
1955-07-09,75.3061487139804,1955,7
1955-07-10,75.60479563483003,1955,7
1955-07-11,75.51290479536227,1955,7
1955-07-12,75.21968847870104,1955,7
1955-07-13,75.46223758711363,1955,7
1955-07-14,75.58619137140008,1955,7
1955-07-15,75.47251821594996,1955,7
1955-07-16,75.46930707736391,1955,7
1955-07-17,75.22339980882725,1955,7
1955-07-18,75.19694930708351,1955,7
1955-07-19,75.02134410124212,1955,7
1955-07-20,75.05249575800094,1955,7
1955-07-21,75.08555050241748,1955,7
1955-07-22,75.41934675785384,1955,7
1955-07-23,75.49830724041887,1955,7
1955-07-24,75.51868560378979,1955,7
1955-07-25,75.39293199769281,1955,7
1955-07-26,75.37230322671802,1955,7
1955-07-27,75.43834339483844,1955,7
1955-07-28,75.46130531569898,1955,7
1955-07-29,75.48174651352006,1955,7
1955-07-30,75.35200622661601,1955,7
1955-07-31,75.14583378097971,1955,7
1955-08-01,75.04228664407006,1955,8
1955-08-02,75.05712442894001,1955,8
1955-08-03,74.84206241283452,1955,8
1955-08-04,75.00758056971569,1955,8
1955-08-05,75.02608217665812,1955,8
1955-08-06,74.83951780389376,1955,8
1955-08-07,74.80418318234626,1955,8
1955-08-08,74.43852912403182,1955,8
1955-08-09,74.42385053320953,1955,8
1955-08-10,74.66056104716499,1955,8
1955-08-11,74.73864255172205,1955,8
1955-08-12,74.74386566063569,1955,8
1955-08-13,74.39909522557635,1955,8
1955-08-14,74.81245809257221,1955,8
1955-08-15,74.8430566800581,1955,8
1955-08-16,74.49136274002353,1955,8
1955-08-17,74.27867258935763,1955,8
1955-08-18,74.38745533803723,1955,8
1955-08-19,74.60778070528865,1955,8
1955-08-20,74.76551090293412,1955,8
1955-08-21,74.64291254487075,1955,8
1955-08-22,74.65233903508054,1955,8
1955-08-23,74.80426641732436,1955,8
1955-08-24,74.6237522324955,1955,8
1955-08-25,74.67369961562427,1955,8
1955-08-26,74.66423742627858,1955,8
1955-08-27,74.7912953474004,1955,8
1955-08-28,74.85529632741675,1955,8
1955-08-29,74.89041402210631,1955,8
1955-08-30,74.73489072329325,1955,8
1955-08-31,74.72460582661985,1955,8
1955-09-01,74.83339273825409,1955,9
1955-09-02,74.86090973426053,1955,9
1955-09-03,74.75945388740315,1955,9
1955-09-04,74.54904709384509,1955,9
1955-09-05,74.55309401620431,1955,9
1955-09-06,74.51744998898826,1955,9
1955-09-07,74.66656803677579,1955,9
1955-09-08,74.70067274473908,1955,9
1955-09-09,74.67960187870217,1955,9
1955-09-10,74.53533583524157,1955,9
1955-09-11,74.4976367806417,1955,9
1955-09-12,74.59673842669275,1955,9
1955-09-13,74.7387707442059,1955,9
1955-09-14,74.74227245609526,1955,9
1955-09-15,74.80886846309988,1955,9
1955-09-16,75.08441082849743,1955,9
1955-09-17,75.18909282578811,1955,9
1955-09-18,75.38960461068264,1955,9
1955-09-19,75.28417843231347,1955,9
1955-09-20,75.17645093510414,1955,9
1955-09-21,75.37465223685123,1955,9
1955-09-22,75.42842891583109,1955,9
1955-09-23,75.26524188955912,1955,9
1955-09-24,74.95131687446519,1955,9
1955-09-25,74.86329053893408,1955,9
1955-09-26,74.86713514065053,1955,9
1955-09-27,75.09377724701991,1955,9
1955-09-28,75.2209488494242,1955,9
1955-09-29,75.33102709661374,1955,9
1955-09-30,75.39621624100651,1955,9
1955-10-01,75.04662635846196,1955,10
1955-10-02,74.79889971847723,1955,10
1955-10-03,74.36943532144959,1955,10
1955-10-04,74.15009249116729,1955,10
1955-10-05,74.46446896006283,1955,10
1955-10-06,74.58507047725315,1955,10
1955-10-07,74.93323778400902,1955,10
1955-10-08,74.98588566402917,1955,10
1955-10-09,75.05641282633535,1955,10
1955-10-10,75.0591415489357,1955,10
1955-10-11,74.99494152827413,1955,10
1955-10-12,74.59724578679547,1955,10
1955-10-13,74.54813953703865,1955,10
1955-10-14,74.70429266969467,1955,10
1955-10-15,75.08283572677416,1955,10
1955-10-16,74.9479466276755,1955,10
1955-10-17,74.80662583125685,1955,10
1955-10-18,74.62059760645627,1955,10
1955-10-19,74.68319063039823,1955,10
1955-10-20,74.51299220664752,1955,10
1955-10-21,74.48503826746207,1955,10
1955-10-22,74.52974656539652,1955,10
1955-10-23,74.59533150922785,1955,10
1955-10-24,74.56493334770386,1955,10
1955-10-25,74.4569630151634,1955,10
1955-10-26,74.5370195115833,1955,10
1955-10-27,74.58066405953156,1955,10
1955-10-28,74.50409586933422,1955,10
1955-10-29,74.41784537301953,1955,10
1955-10-30,74.47781255270527,1955,10
1955-10-31,74.49448518532914,1955,10
1955-11-01,74.53587218462432,1955,11
1955-11-02,74.47247013371167,1955,11
1955-11-03,74.39872552354295,1955,11
1955-11-04,74.20941603241043,1955,11
1955-11-05,74.17999454519351,1955,11
1955-11-06,74.02190097974719,1955,11
1955-11-07,73.74378553670097,1955,11
1955-11-08,73.47197063216608,1955,11
1955-11-09,73.62630366370621,1955,11
1955-11-10,73.76440135943882,1955,11
1955-11-11,73.97193752324151,1955,11
1955-11-12,73.95319460593956,1955,11
1955-11-13,73.88091152877008,1955,11
1955-11-14,73.88947085641486,1955,11
1955-11-15,73.90215756000521,1955,11
1955-11-16,73.9104462278103,1955,11
1955-11-17,73.90158486884434,1955,11
1955-11-18,73.92234042857471,1955,11
1955-11-19,73.94000656437787,1955,11
1955-11-20,73.85064677995851,1955,11
1955-11-21,73.73091155197676,1955,11
1955-11-22,73.73881239880136,1955,11
1955-11-23,73.73168245221864,1955,11
1955-11-24,73.8052127290403,1955,11
1955-11-25,73.92392656583938,1955,11
1955-11-26,73.87653127252534,1955,11
1955-11-27,73.72576672838065,1955,11
1955-11-28,73.67352101928546,1955,11
1955-11-29,73.6669840164152,1955,11
1955-11-30,73.60641433667361,1955,11
1955-12-01,73.60489371144173,1955,12
1955-12-02,73.59027370758845,1955,12
1955-12-03,73.58170675419908,1955,12
1955-12-04,73.58579955293389,1955,12
1955-12-05,73.55717206964214,1955,12
1955-12-06,73.52434214322135,1955,12
1955-12-07,73.48787608170015,1955,12
1955-12-08,73.44963117192366,1955,12
1955-12-09,73.41469564063776,1955,12
1955-12-10,73.38956605789505,1955,12
1955-12-11,73.35127915773573,1955,12
1955-12-12,73.31779494773014,1955,12
1955-12-13,73.29164191400287,1955,12
1955-12-14,73.15302787317621,1955,12
1955-12-15,72.79404240656625,1955,12
1955-12-16,72.99681009483078,1955,12
1955-12-17,73.02684585162004,1955,12
1955-12-18,72.99752825564961,1955,12
1955-12-19,72.91114751525471,1955,12
1955-12-20,72.79015212287793,1955,12
1955-12-21,72.78157771658627,1955,12
1955-12-22,72.64774008887122,1955,12
1955-12-23,72.57833509662488,1955,12
1955-12-24,72.50185958764877,1955,12
1955-12-25,72.28474550173789,1955,12
1955-12-26,72.36786780653647,1955,12
1955-12-27,72.57459309065955,1955,12
1955-12-28,72.56543023981452,1955,12
1955-12-29,72.48589527173088,1955,12
1955-12-30,72.39378076882008,1955,12
1955-12-31,72.50275201304346,1955,12
1956-01-01,72.75776674311874,1956,1
1956-01-02,72.71557392559971,1956,1
1956-01-03,72.68748975551097,1956,1
1956-01-04,72.7149500765,1956,1
1956-01-05,72.72872622129663,1956,1
1956-01-06,72.78991147912694,1956,1
1956-01-07,72.84206252363514,1956,1
1956-01-08,72.8262323996679,1956,1
1956-01-09,72.75621158550904,1956,1
1956-01-10,72.70448381551775,1956,1
1956-01-11,72.65383907948078,1956,1
1956-01-12,72.82158595941684,1956,1
1956-01-13,72.90388422294198,1956,1
1956-01-14,73.03100762099656,1956,1
1956-01-15,73.09335700846938,1956,1
1956-01-16,73.07579471822234,1956,1
1956-01-17,73.21627538159777,1956,1
1956-01-18,73.47838121194948,1956,1
1956-01-19,73.3612602671609,1956,1
1956-01-20,73.08576215803659,1956,1
1956-01-21,72.73664033456264,1956,1
1956-01-22,72.56107162270486,1956,1
1956-01-23,72.71795174075619,1956,1
1956-01-24,72.82161416569066,1956,1
1956-01-25,72.90736751703236,1956,1
1956-01-26,73.12492007072397,1956,1
1956-01-27,73.2080346893946,1956,1
1956-01-28,72.97878798543114,1956,1
1956-01-29,72.54856811273419,1956,1
1956-01-30,72.62734899588698,1956,1
1956-01-31,72.90108330803106,1956,1
1956-02-01,72.9824956960075,1956,2
1956-02-02,72.92657575081489,1956,2
1956-02-03,72.8777433986107,1956,2
1956-02-04,72.77142732146126,1956,2
1956-02-05,72.61648500539687,1956,2
1956-02-06,72.78985629507092,1956,2
1956-02-07,72.91889770500237,1956,2
1956-02-08,73.14657128471245,1956,2
1956-02-09,73.31367812190703,1956,2
1956-02-10,73.4413033440034,1956,2
1956-02-11,73.48100136424686,1956,2
1956-02-12,73.66589018301369,1956,2
1956-02-13,73.77306103058595,1956,2
1956-02-14,74.1536144277252,1956,2
1956-02-15,74.16045775355224,1956,2
1956-02-16,73.98655172817583,1956,2
1956-02-17,73.94747777218035,1956,2
1956-02-18,73.7751020155882,1956,2
1956-02-19,73.80645708844334,1956,2
1956-02-20,73.97182570208513,1956,2
1956-02-21,74.24739996109653,1956,2
1956-02-22,74.35368583669896,1956,2
1956-02-23,74.34027403099131,1956,2
1956-02-24,74.51481073015654,1956,2
1956-02-25,74.8054516442863,1956,2
1956-02-26,75.05251562450354,1956,2
1956-02-27,75.34236570360967,1956,2
1956-02-28,75.18328179579419,1956,2
1956-02-29,74.94140325445308,1956,2
1956-03-01,74.65837919077114,1956,3
1956-03-02,74.74353551258385,1956,3
1956-03-03,75.00662352029937,1956,3
1956-03-04,75.38964233711351,1956,3
1956-03-05,75.5622148330527,1956,3
1956-03-06,75.63304066128713,1956,3
1956-03-07,75.82737257928099,1956,3
1956-03-08,75.72601709559548,1956,3
1956-03-09,75.67916745571118,1956,3
1956-03-10,75.09427809277375,1956,3
1956-03-11,75.13467580134245,1956,3
1956-03-12,75.09455179852408,1956,3
1956-03-13,74.75467833736205,1956,3
1956-03-14,74.6329604232003,1956,3
1956-03-15,74.8583132470826,1956,3
1956-03-16,75.07662443253889,1956,3
1956-03-17,74.81794105165817,1956,3
1956-03-18,74.86342013502387,1956,3
1956-03-19,75.18798073364806,1956,3
1956-03-20,75.40380941777872,1956,3
1956-03-21,75.79438692582433,1956,3
1956-03-22,75.61785956694456,1956,3
1956-03-23,75.30238654708899,1956,3
1956-03-24,75.14091472723045,1956,3
1956-03-25,75.67825781423916,1956,3
1956-03-26,75.92545676195424,1956,3
1956-03-27,76.34673954898986,1956,3
1956-03-28,76.37039836600152,1956,3
1956-03-29,76.38677060363749,1956,3
1956-03-30,76.60273187700575,1956,3
1956-03-31,76.51571819881829,1956,3
1956-04-01,76.28041748767625,1956,4
1956-04-02,76.48048777781082,1956,4
1956-04-03,76.68975312664708,1956,4
1956-04-04,76.59925869787101,1956,4
1956-04-05,76.30888553226269,1956,4
1956-04-06,76.03970132277959,1956,4
1956-04-07,76.18359822310275,1956,4
1956-04-08,76.28638518196873,1956,4
1956-04-09,76.13326737154213,1956,4
1956-04-10,76.0733063410115,1956,4
1956-04-11,76.10047889235103,1956,4
1956-04-12,76.26080922057818,1956,4
1956-04-13,76.45447203318666,1956,4
1956-04-14,76.63890416660811,1956,4
1956-04-15,76.6026732431212,1956,4
1956-04-16,76.68013220796708,1956,4
1956-04-17,77.09135294184992,1956,4
1956-04-18,77.31364765977584,1956,4
1956-04-19,77.50529091762789,1956,4
1956-04-20,77.63268497883763,1956,4
1956-04-21,77.63976973884446,1956,4
1956-04-22,77.31856886879656,1956,4
1956-04-23,77.14647214276688,1956,4
1956-04-24,76.95899742713058,1956,4
1956-04-25,77.00737004542309,1956,4
1956-04-26,77.17912581818581,1956,4
1956-04-27,76.91639390751396,1956,4
1956-04-28,77.03364233689737,1956,4
1956-04-29,77.28977366083464,1956,4
1956-04-30,77.03227758076991,1956,4
1956-05-01,76.94123565226225,1956,5
1956-05-02,76.9825337523795,1956,5
1956-05-03,77.25481525746088,1956,5
1956-05-04,77.48032706528717,1956,5
1956-05-05,77.5105646268774,1956,5
1956-05-06,77.41816994197194,1956,5
1956-05-07,77.43791984614988,1956,5
1956-05-08,77.58834198400885,1956,5
1956-05-09,77.79538381131299,1956,5
1956-05-10,77.75821899564184,1956,5
1956-05-11,77.71363363592643,1956,5
1956-05-12,77.66506762552858,1956,5
1956-05-13,77.36503260717599,1956,5
1956-05-14,76.98807920881072,1956,5
1956-05-15,76.82029604937088,1956,5
1956-05-16,76.57963052170172,1956,5
1956-05-17,77.03850523479778,1956,5
1956-05-18,77.17942866531965,1956,5
1956-05-19,76.97452516266353,1956,5
1956-05-20,76.94739138285658,1956,5
1956-05-21,76.97744190760788,1956,5
1956-05-22,77.1599441486975,1956,5
1956-05-23,77.4463364614361,1956,5
1956-05-24,77.44289565859927,1956,5
1956-05-25,77.31370681104995,1956,5
1956-05-26,76.89293742621689,1956,5
1956-05-27,76.75517368304315,1956,5
1956-05-28,76.67193691951307,1956,5
1956-05-29,76.68746559027284,1956,5
1956-05-30,76.20199044980816,1956,5
1956-05-31,76.21875928885252,1956,5
1956-06-01,75.90483616864067,1956,6
1956-06-02,75.68301972478793,1956,6
1956-06-03,75.81076952282416,1956,6
1956-06-04,75.97379125600214,1956,6
1956-06-05,76.00880091037939,1956,6
1956-06-06,76.10766698024065,1956,6
1956-06-07,76.28970989929216,1956,6
1956-06-08,76.36953410224035,1956,6
1956-06-09,76.37028056652672,1956,6
1956-06-10,76.06942211146094,1956,6
1956-06-11,75.98637218056312,1956,6
1956-06-12,76.1099960889658,1956,6
1956-06-13,76.46880254195274,1956,6
1956-06-14,76.60323599703062,1956,6
1956-06-15,76.0764130110756,1956,6
1956-06-16,75.98539809169591,1956,6
1956-06-17,76.20940654908128,1956,6
1956-06-18,75.9279617588207,1956,6
1956-06-19,75.68170153885167,1956,6
1956-06-20,75.4926737827367,1956,6
1956-06-21,75.40803369391053,1956,6
1956-06-22,75.68619737472947,1956,6
1956-06-23,75.83585670186305,1956,6
1956-06-24,75.81113364636718,1956,6
1956-06-25,75.24467200524701,1956,6
1956-06-26,75.70280255087184,1956,6
1956-06-27,75.55240708756213,1956,6
1956-06-28,75.44284318829638,1956,6
1956-06-29,75.30374787340085,1956,6
1956-06-30,75.1609046309522,1956,6
1956-07-01,75.15416921042585,1956,7
1956-07-02,74.87381545902285,1956,7
1956-07-03,74.47766252344553,1956,7
1956-07-04,74.29479249255617,1956,7
1956-07-05,74.41376818065706,1956,7
1956-07-06,74.78438515920055,1956,7
1956-07-07,74.8877736695973,1956,7
1956-07-08,74.98131491633379,1956,7
1956-07-09,74.94013330581717,1956,7
1956-07-10,75.01195695446755,1956,7
1956-07-11,75.1395048362774,1956,7
1956-07-12,74.64876112759055,1956,7
1956-07-13,74.57617451474164,1956,7
1956-07-14,74.42523917789107,1956,7
1956-07-15,74.66832369694622,1956,7
1956-07-16,74.85252416524852,1956,7
1956-07-17,74.87962863033962,1956,7
1956-07-18,75.08946003455026,1956,7
1956-07-19,75.16796157898011,1956,7
1956-07-20,75.15877838914324,1956,7
1956-07-21,74.63171691727068,1956,7
1956-07-22,74.6066189899146,1956,7
1956-07-23,74.54451376780564,1956,7
1956-07-24,74.45546369578219,1956,7
1956-07-25,74.5398889078679,1956,7
1956-07-26,74.4993497848857,1956,7
1956-07-27,74.3165034806457,1956,7
1956-07-28,74.40584431482193,1956,7
1956-07-29,74.61369549560902,1956,7
1956-07-30,74.71050882861152,1956,7
1956-07-31,74.80853489534753,1956,7
1956-08-01,74.45212973304787,1956,8
1956-08-02,74.55053735083511,1956,8
1956-08-03,74.65910144148484,1956,8
1956-08-04,74.75936100961063,1956,8
1956-08-05,74.75645480799348,1956,8
1956-08-06,74.91811462582541,1956,8
1956-08-07,75.03439157472724,1956,8
1956-08-08,74.83112691281403,1956,8
1956-08-09,74.73859365687139,1956,8
1956-08-10,74.5936282060101,1956,8
1956-08-11,74.72261136833473,1956,8
1956-08-12,74.66886661751859,1956,8
1956-08-13,74.69867825490509,1956,8
1956-08-14,74.61461352865213,1956,8
1956-08-15,74.59170496985591,1956,8
1956-08-16,74.60084065451953,1956,8
1956-08-17,74.70864206507339,1956,8
1956-08-18,74.52259056240943,1956,8
1956-08-19,74.6790110497276,1956,8
1956-08-20,74.58171647763515,1956,8
1956-08-21,74.4261763338613,1956,8
1956-08-22,74.43692171962206,1956,8
1956-08-23,74.52459419115272,1956,8
1956-08-24,74.60181809638021,1956,8
1956-08-25,74.63489248734864,1956,8
1956-08-26,74.78522229261601,1956,8
1956-08-27,74.80258404523398,1956,8
1956-08-28,74.8951491381069,1956,8
1956-08-29,74.90827990312096,1956,8
1956-08-30,75.19924080387253,1956,8
1956-08-31,75.03718419277956,1956,8
1956-09-01,75.12963546045917,1956,9
1956-09-02,75.37459197068515,1956,9
1956-09-03,75.24750329251985,1956,9
1956-09-04,75.20993103260913,1956,9
1956-09-05,75.1612881965576,1956,9
1956-09-06,74.91234748319565,1956,9
1956-09-07,74.94255779054937,1956,9
1956-09-08,74.94296690447005,1956,9
1956-09-09,74.86687526747518,1956,9
1956-09-10,74.73443244272906,1956,9
1956-09-11,74.7053435668919,1956,9
1956-09-12,74.7410312585403,1956,9
1956-09-13,74.91948956006006,1956,9
1956-09-14,75.03738307165155,1956,9
1956-09-15,75.166129222819,1956,9
1956-09-16,75.29558048539124,1956,9
1956-09-17,75.3014066080962,1956,9
1956-09-18,75.36522047316672,1956,9
1956-09-19,75.45035539809413,1956,9
1956-09-20,75.49563392819054,1956,9
1956-09-21,75.47343449676397,1956,9
1956-09-22,75.22834581457116,1956,9
1956-09-23,75.03203947215933,1956,9
1956-09-24,74.91187117798192,1956,9
1956-09-25,74.70771312714596,1956,9
1956-09-26,74.72381325573822,1956,9
1956-09-27,74.60323658352141,1956,9
1956-09-28,74.69869303386791,1956,9
1956-09-29,74.74343904611214,1956,9
1956-09-30,74.66024283887616,1956,9
1956-10-01,74.66822545405935,1956,10
1956-10-02,75.03834925123047,1956,10
1956-10-03,75.17422698211621,1956,10
1956-10-04,74.64596382537299,1956,10
1956-10-05,74.39546421620943,1956,10
1956-10-06,74.6554745626434,1956,10
1956-10-07,74.69291380556994,1956,10
1956-10-08,74.32552154219516,1956,10
1956-10-09,73.88587061925162,1956,10
1956-10-10,73.89288783604903,1956,10
1956-10-11,74.08064216306221,1956,10
1956-10-12,74.32947025258929,1956,10
1956-10-13,74.4129176494394,1956,10
1956-10-14,74.51022068447871,1956,10
1956-10-15,74.37358513134747,1956,10
1956-10-16,74.45696735689555,1956,10
1956-10-17,74.17433735052087,1956,10
1956-10-18,74.40764790026057,1956,10
1956-10-19,74.53095657128134,1956,10
1956-10-20,74.46111299689954,1956,10
1956-10-21,74.349120048945,1956,10
1956-10-22,74.42093531316127,1956,10
1956-10-23,74.48369000341606,1956,10
1956-10-24,74.68481330490944,1956,10
1956-10-25,74.75131262320218,1956,10
1956-10-26,74.75361669700416,1956,10
1956-10-27,74.82426707100801,1956,10
1956-10-28,74.70271198121097,1956,10
1956-10-29,74.5560504445638,1956,10
1956-10-30,74.22810771859056,1956,10
1956-10-31,73.94310506547693,1956,10
1956-11-01,73.50298446546982,1956,11
1956-11-02,73.60828746891802,1956,11
1956-11-03,73.88101893069613,1956,11
1956-11-04,74.1180187074386,1956,11
1956-11-05,74.16813687265483,1956,11
1956-11-06,74.13540419230138,1956,11
1956-11-07,73.850271470873,1956,11
1956-11-08,73.68127267377926,1956,11
1956-11-09,73.67789334744063,1956,11
1956-11-10,73.81990793543271,1956,11
1956-11-11,73.73056128718152,1956,11
1956-11-12,73.9308571960923,1956,11
1956-11-13,73.89443854918159,1956,11
1956-11-14,73.7783359731615,1956,11
1956-11-15,73.6641615827331,1956,11
1956-11-16,73.74754290247684,1956,11
1956-11-17,73.73713300832195,1956,11
1956-11-18,73.71261732429063,1956,11
1956-11-19,73.64846913096736,1956,11
1956-11-20,73.54853672501444,1956,11
1956-11-21,73.40474729354509,1956,11
1956-11-22,73.45105781393036,1956,11
1956-11-23,73.44414911998506,1956,11
1956-11-24,72.86639573580527,1956,11
1956-11-25,73.00821915837032,1956,11
1956-11-26,73.37031252243747,1956,11
1956-11-27,73.34541773439805,1956,11
1956-11-28,73.32590190821854,1956,11
1956-11-29,73.23835037871946,1956,11
1956-11-30,73.3510043784352,1956,11
1956-12-01,73.12863467242816,1956,12
1956-12-02,73.01505644131137,1956,12
1956-12-03,72.9970622704306,1956,12
1956-12-04,72.94407824756645,1956,12
1956-12-05,72.90660136077346,1956,12
1956-12-06,72.98412172793766,1956,12
1956-12-07,73.06864286346081,1956,12
1956-12-08,73.24237009351674,1956,12
1956-12-09,73.11055751429055,1956,12
1956-12-10,72.81518245870714,1956,12
1956-12-11,72.71151855404084,1956,12
1956-12-12,72.97475417276009,1956,12
1956-12-13,72.99710998331007,1956,12
1956-12-14,73.0414016118399,1956,12
1956-12-15,73.10062223087273,1956,12
1956-12-16,72.66859361194771,1956,12
1956-12-17,72.92310755406658,1956,12
1956-12-18,72.76614138145675,1956,12
1956-12-19,72.86476010145368,1956,12
1956-12-20,72.86438256967635,1956,12
1956-12-21,72.880151136983,1956,12
1956-12-22,72.95761503952501,1956,12
1956-12-23,72.81088642142755,1956,12
1956-12-24,72.98488744737959,1956,12
1956-12-25,72.9627147529321,1956,12
1956-12-26,72.8088635400291,1956,12
1956-12-27,72.94072368994473,1956,12
1956-12-28,72.92019205252741,1956,12
1956-12-29,72.87170185775084,1956,12
1956-12-30,72.74685340190707,1956,12
1956-12-31,72.77047955603292,1956,12
1957-01-01,72.92795042107537,1957,1
1957-01-02,72.91095058131175,1957,1
1957-01-03,72.91419176278404,1957,1
1957-01-04,73.10978742687914,1957,1
1957-01-05,73.06570212841504,1957,1
1957-01-06,72.83417477955307,1957,1
1957-01-07,72.96246584711588,1957,1
1957-01-08,72.51385521977618,1957,1
1957-01-09,72.3567457768868,1957,1
1957-01-10,72.01770984767874,1957,1
1957-01-11,72.09245276722986,1957,1
1957-01-12,72.15461663457755,1957,1
1957-01-13,72.35469090658735,1957,1
1957-01-14,72.5499589964264,1957,1
1957-01-15,72.43735959722903,1957,1
1957-01-16,72.54014249550804,1957,1
1957-01-17,72.68417283696604,1957,1
1957-01-18,72.75555535187783,1957,1
1957-01-19,72.74704645922941,1957,1
1957-01-20,72.88838703766687,1957,1
1957-01-21,73.19736193653316,1957,1
1957-01-22,73.3377669356422,1957,1
1957-01-23,73.41255226458608,1957,1
1957-01-24,73.43484209377309,1957,1
1957-01-25,73.36038618733133,1957,1
1957-01-26,73.55578663426652,1957,1
1957-01-27,73.50279370652719,1957,1
1957-01-28,73.20423174499949,1957,1
1957-01-29,73.24809589909283,1957,1
1957-01-30,73.32805754741669,1957,1
1957-01-31,73.1129109200722,1957,1
1957-02-01,72.85805415988419,1957,2
1957-02-02,73.06984639104223,1957,2
1957-02-03,73.3627211040434,1957,2
1957-02-04,73.54150509358782,1957,2
1957-02-05,73.56084412986783,1957,2
1957-02-06,73.57186786896936,1957,2
1957-02-07,73.76621550861681,1957,2
1957-02-08,73.67380175084917,1957,2
1957-02-09,73.40032659506446,1957,2
1957-02-10,73.22834698897402,1957,2
1957-02-11,72.7488934647061,1957,2
1957-02-12,72.80846270123865,1957,2
1957-02-13,73.10988847034716,1957,2
1957-02-14,73.5725638396504,1957,2
1957-02-15,73.56342918347548,1957,2
1957-02-16,73.74734037277018,1957,2
1957-02-17,73.99513161509627,1957,2
1957-02-18,74.1383903060412,1957,2
1957-02-19,74.10195298150421,1957,2
1957-02-20,74.41917209637202,1957,2
1957-02-21,74.0568731967532,1957,2
1957-02-22,74.17181200044749,1957,2
1957-02-23,74.04507303545813,1957,2
1957-02-24,74.19287303381572,1957,2
1957-02-25,74.1991700652146,1957,2
1957-02-26,74.14285429118223,1957,2
1957-02-27,73.90935516456346,1957,2
1957-02-28,73.81659820346113,1957,2
1957-03-01,73.98301159996504,1957,3
1957-03-02,74.10304231560346,1957,3
1957-03-03,74.25525778218949,1957,3
1957-03-04,74.1944611293962,1957,3
1957-03-05,74.117378471516,1957,3
1957-03-06,73.61326778676683,1957,3
1957-03-07,74.01089347916519,1957,3
1957-03-08,74.45551086020227,1957,3
1957-03-09,74.27197444545186,1957,3
1957-03-10,74.71027482927435,1957,3
1957-03-11,74.50116042734855,1957,3
1957-03-12,74.36760760480932,1957,3
1957-03-13,74.30029489361795,1957,3
1957-03-14,74.59425133380843,1957,3
1957-03-15,74.92550915667636,1957,3
1957-03-16,75.08698738517852,1957,3
1957-03-17,75.31917970714053,1957,3
1957-03-18,75.41562026968658,1957,3
1957-03-19,75.63325090947671,1957,3
1957-03-20,75.60423882401545,1957,3
1957-03-21,75.3113218327874,1957,3
1957-03-22,75.35068067828786,1957,3
1957-03-23,75.11394676561031,1957,3
1957-03-24,75.3053155777562,1957,3
1957-03-25,75.43379297081319,1957,3
1957-03-26,75.35350724358253,1957,3
1957-03-27,75.32498372429396,1957,3
1957-03-28,75.46368396967515,1957,3
1957-03-29,75.30775292492974,1957,3
1957-03-30,74.9222723699488,1957,3
1957-03-31,75.0185046787072,1957,3
1957-04-01,75.45291757501232,1957,4
1957-04-02,75.55742761479682,1957,4
1957-04-03,75.62184559125737,1957,4
1957-04-04,75.93115293796124,1957,4
1957-04-05,75.96528772723408,1957,4
1957-04-06,76.31783257430985,1957,4
1957-04-07,75.75911817832434,1957,4
1957-04-08,75.637290684693,1957,4
1957-04-09,75.90109404499029,1957,4
1957-04-10,76.25455699385178,1957,4
1957-04-11,76.61459995877794,1957,4
1957-04-12,76.85839289178647,1957,4
1957-04-13,77.08093336855131,1957,4
1957-04-14,77.12763253669614,1957,4
1957-04-15,77.1302422183716,1957,4
1957-04-16,77.30487681517126,1957,4
1957-04-17,77.19374439736747,1957,4
1957-04-18,77.06121312530556,1957,4
1957-04-19,77.02621586101166,1957,4
1957-04-20,77.03716544075154,1957,4
1957-04-21,76.94757224724762,1957,4
1957-04-22,76.71232287585559,1957,4
1957-04-23,76.70350591030669,1957,4
1957-04-24,77.18554328114973,1957,4
1957-04-25,77.28481057620226,1957,4
1957-04-26,77.23223034317286,1957,4
1957-04-27,77.1172924005069,1957,4
1957-04-28,77.24944216164124,1957,4
1957-04-29,77.0902391031012,1957,4
1957-04-30,77.34568411831965,1957,4
1957-05-01,77.20462490144538,1957,5
1957-05-02,77.6443041728734,1957,5
1957-05-03,77.64061618050519,1957,5
1957-05-04,77.38935969513362,1957,5
1957-05-05,77.1141321265506,1957,5
1957-05-06,77.28302701367438,1957,5
1957-05-07,77.26553893734966,1957,5
1957-05-08,77.46628365756233,1957,5
1957-05-09,77.65324054806588,1957,5
1957-05-10,77.64014004510776,1957,5
1957-05-11,77.68082483342961,1957,5
1957-05-12,77.44737676795864,1957,5
1957-05-13,76.87609804240019,1957,5
1957-05-14,76.99080178331413,1957,5
1957-05-15,77.22439628236326,1957,5
1957-05-16,77.6436669271151,1957,5
1957-05-17,77.77614151349806,1957,5
1957-05-18,77.41834131950863,1957,5
1957-05-19,77.14515508628665,1957,5
1957-05-20,76.84241255343257,1957,5
1957-05-21,76.74840289309022,1957,5
1957-05-22,76.8089474753772,1957,5
1957-05-23,76.8044891628578,1957,5
1957-05-24,76.92450736292182,1957,5
1957-05-25,76.96481034740964,1957,5
1957-05-26,76.90471116435725,1957,5
1957-05-27,77.14860500199543,1957,5
1957-05-28,77.63452199695915,1957,5
1957-05-29,77.79615992281192,1957,5
1957-05-30,77.5503697412117,1957,5
1957-05-31,77.38247689981861,1957,5
1957-06-01,77.29280176338395,1957,6
1957-06-02,76.90011622919532,1957,6
1957-06-03,76.41082641259102,1957,6
1957-06-04,76.35164697111489,1957,6
1957-06-05,76.75982291201699,1957,6
1957-06-06,76.87833505914776,1957,6
1957-06-07,76.72638303569596,1957,6
1957-06-08,75.93012548781374,1957,6
1957-06-09,76.83068129835692,1957,6
1957-06-10,76.97190295782912,1957,6
1957-06-11,77.20014899533842,1957,6
1957-06-12,77.36197051304343,1957,6
1957-06-13,77.41745784663108,1957,6
1957-06-14,77.12230331952755,1957,6
1957-06-15,77.13728604687417,1957,6
1957-06-16,77.22947527185656,1957,6
1957-06-17,77.51595426149778,1957,6
1957-06-18,77.57734230087704,1957,6
1957-06-19,77.320198379671,1957,6
1957-06-20,77.17563139529435,1957,6
1957-06-21,77.22773397800229,1957,6
1957-06-22,76.9164612938001,1957,6
1957-06-23,76.84658933200524,1957,6
1957-06-24,76.37749612627138,1957,6
1957-06-25,76.32073853441278,1957,6
1957-06-26,76.39734686251298,1957,6
1957-06-27,76.16807165213714,1957,6
1957-06-28,75.94797756508927,1957,6
1957-06-29,75.60893559308968,1957,6
1957-06-30,75.46605587907136,1957,6
1957-07-01,75.79184314691199,1957,7
1957-07-02,76.15701034825705,1957,7
1957-07-03,76.09190209476708,1957,7
1957-07-04,76.05683561467634,1957,7
1957-07-05,75.93958064695867,1957,7
1957-07-06,75.96089847962013,1957,7
1957-07-07,76.06612500596196,1957,7
1957-07-08,75.76938017678061,1957,7
1957-07-09,75.80665408793443,1957,7
1957-07-10,75.52109885862603,1957,7
1957-07-11,75.42390910546567,1957,7
1957-07-12,75.48269840935745,1957,7
1957-07-13,75.14762566614496,1957,7
1957-07-14,74.86810174543896,1957,7
1957-07-15,75.08179113254263,1957,7
1957-07-16,75.57751603302378,1957,7
1957-07-17,75.66602702477469,1957,7
1957-07-18,75.2482640580206,1957,7
1957-07-19,74.99759133333735,1957,7
1957-07-20,74.96985314294363,1957,7
1957-07-21,75.08338111324136,1957,7
1957-07-22,74.94928906633338,1957,7
1957-07-23,74.63730553376544,1957,7
1957-07-24,74.78797741163794,1957,7
1957-07-25,74.75842983968833,1957,7
1957-07-26,74.70691998957078,1957,7
1957-07-27,75.03149323555778,1957,7
1957-07-28,75.3651119388144,1957,7
1957-07-29,75.52042174815563,1957,7
1957-07-30,75.36882806600164,1957,7
1957-07-31,75.38145455760485,1957,7
1957-08-01,75.13787557778029,1957,8
1957-08-02,75.02970139207997,1957,8
1957-08-03,75.31648264348296,1957,8
1957-08-04,75.55016226427232,1957,8
1957-08-05,75.68832126436102,1957,8
1957-08-06,75.71341583110063,1957,8
1957-08-07,75.35680782909651,1957,8
1957-08-08,75.00531810864244,1957,8
1957-08-09,75.10882022309058,1957,8
1957-08-10,75.23260752174507,1957,8
1957-08-11,75.31365005856333,1957,8
1957-08-12,75.25655673452016,1957,8
1957-08-13,74.95909976230972,1957,8
1957-08-14,74.87897686157629,1957,8
1957-08-15,75.10127980261827,1957,8
1957-08-16,75.05319580934322,1957,8
1957-08-17,75.22009772379738,1957,8
1957-08-18,75.2207128527447,1957,8
1957-08-19,75.14246310157041,1957,8
1957-08-20,75.16166005609446,1957,8
1957-08-21,75.29833518927197,1957,8
1957-08-22,75.48649227545206,1957,8
1957-08-23,75.37431398559558,1957,8
1957-08-24,75.23059891906071,1957,8
1957-08-25,75.1812274911069,1957,8
1957-08-26,75.16225492977868,1957,8
1957-08-27,74.9178358785147,1957,8
1957-08-28,74.86037321145776,1957,8
1957-08-29,75.12460090778708,1957,8
1957-08-30,75.04659283312775,1957,8
1957-08-31,75.29473653072034,1957,8
1957-09-01,74.88073002971971,1957,9
1957-09-02,74.64346097172232,1957,9
1957-09-03,74.66085964038285,1957,9
1957-09-04,74.80439308863555,1957,9
1957-09-05,75.03991816079788,1957,9
1957-09-06,75.27672293502852,1957,9
1957-09-07,75.3114418887298,1957,9
1957-09-08,75.38766203230809,1957,9
1957-09-09,75.61402576684382,1957,9
1957-09-10,75.61337776230434,1957,9
1957-09-11,75.35166106360892,1957,9
1957-09-12,75.08970364678366,1957,9
1957-09-13,74.97325701028228,1957,9
1957-09-14,74.91675320421582,1957,9
1957-09-15,74.98028382037575,1957,9
1957-09-16,75.33332570060017,1957,9
1957-09-17,75.53965704463616,1957,9
1957-09-18,75.64003134016271,1957,9
1957-09-19,75.6454001878727,1957,9
1957-09-20,75.63899622950159,1957,9
1957-09-21,75.67176237800659,1957,9
1957-09-22,75.64002879144883,1957,9
1957-09-23,75.68911849716022,1957,9
1957-09-24,75.68135324246882,1957,9
1957-09-25,75.6630186821932,1957,9
1957-09-26,75.787702688135,1957,9
1957-09-27,75.62506106055825,1957,9
1957-09-28,75.66813620159236,1957,9
1957-09-29,75.65030170825555,1957,9
1957-09-30,75.74924342045462,1957,9
1957-10-01,75.81979514156926,1957,10
1957-10-02,75.88715717006231,1957,10
1957-10-03,75.77782956486803,1957,10
1957-10-04,75.76175724886555,1957,10
1957-10-05,75.79660089346305,1957,10
1957-10-06,75.85263978693351,1957,10
1957-10-07,76.03214171141818,1957,10
1957-10-08,76.08674257378809,1957,10
1957-10-09,76.1663232785359,1957,10
1957-10-10,76.04313211339456,1957,10
1957-10-11,76.08036822416344,1957,10
1957-10-12,76.06940740870223,1957,10
1957-10-13,76.04741650196847,1957,10
1957-10-14,76.11506318350195,1957,10
1957-10-15,75.97348922546932,1957,10
1957-10-16,75.95935835187332,1957,10
1957-10-17,75.91892381273662,1957,10
1957-10-18,75.73921812819194,1957,10
1957-10-19,75.7090925076471,1957,10
1957-10-20,75.58432790083525,1957,10
1957-10-21,75.20680622499015,1957,10
1957-10-22,74.60779990425469,1957,10
1957-10-23,74.24127609291182,1957,10
1957-10-24,74.31916396152596,1957,10
1957-10-25,74.53591203368664,1957,10
1957-10-26,74.45703746886308,1957,10
1957-10-27,74.61008260977177,1957,10
1957-10-28,74.6655201187725,1957,10
1957-10-29,74.75089571261425,1957,10
1957-10-30,74.92999009770857,1957,10
1957-10-31,75.03904011930304,1957,10
1957-11-01,75.07951206812008,1957,11
1957-11-02,75.10676220237838,1957,11
1957-11-03,75.07217162019188,1957,11
1957-11-04,74.94599529108287,1957,11
1957-11-05,74.75397059034488,1957,11
1957-11-06,74.59654930112151,1957,11
1957-11-07,74.68943027730246,1957,11
1957-11-08,74.7390919009385,1957,11
1957-11-09,74.77076837819386,1957,11
1957-11-10,74.69688640857294,1957,11
1957-11-11,74.40396526756491,1957,11
1957-11-12,74.33369531788045,1957,11
1957-11-13,74.53730253654798,1957,11
1957-11-14,74.65148760538968,1957,11
1957-11-15,74.64192519572197,1957,11
1957-11-16,74.71014506654188,1957,11
1957-11-17,74.72213961057331,1957,11
1957-11-18,74.70510324040009,1957,11
1957-11-19,74.59129873876904,1957,11
1957-11-20,74.77317264577071,1957,11
1957-11-21,74.64455906303094,1957,11
1957-11-22,74.28107181651163,1957,11
1957-11-23,74.17409229963498,1957,11
1957-11-24,74.12857391757318,1957,11
1957-11-25,74.09327675092749,1957,11
1957-11-26,74.17199545927552,1957,11
1957-11-27,74.01955212938601,1957,11
1957-11-28,73.94720018069408,1957,11
1957-11-29,73.90568522584336,1957,11
1957-11-30,73.88125616111314,1957,11
1957-12-01,73.7067062615368,1957,12
1957-12-02,73.82900805233186,1957,12
1957-12-03,73.7086520398193,1957,12
1957-12-04,73.78903824920269,1957,12
1957-12-05,73.69049446985882,1957,12
1957-12-06,73.65194431738051,1957,12
1957-12-07,73.59777916925071,1957,12
1957-12-08,73.56083053327555,1957,12
1957-12-09,73.68957811232765,1957,12
1957-12-10,73.64469424768485,1957,12
1957-12-11,73.66851805573033,1957,12
1957-12-12,73.43951876110727,1957,12
1957-12-13,73.51026074821132,1957,12
1957-12-14,73.3716803683427,1957,12
1957-12-15,73.37154445354706,1957,12
1957-12-16,73.44741724591087,1957,12
1957-12-17,73.3272591030874,1957,12
1957-12-18,73.16881517100886,1957,12
1957-12-19,73.21466115255011,1957,12
1957-12-20,73.34400616712604,1957,12
1957-12-21,73.29521578689942,1957,12
1957-12-22,73.3228001009589,1957,12
1957-12-23,73.40598415987435,1957,12
1957-12-24,73.36509949955487,1957,12
1957-12-25,73.30145053171972,1957,12
1957-12-26,73.31249554199577,1957,12
1957-12-27,73.32961332108772,1957,12
1957-12-28,73.31247973464338,1957,12
1957-12-29,73.31861221446657,1957,12
1957-12-30,73.42620605422343,1957,12
1957-12-31,73.39627463368252,1957,12
1958-01-01,72.86768895283065,1958,1
1958-01-02,73.1422264391218,1958,1
1958-01-03,73.34058399550824,1958,1
1958-01-04,73.53234706654548,1958,1
1958-01-05,73.49755881378165,1958,1
1958-01-06,73.57348734216745,1958,1
1958-01-07,73.69963422002051,1958,1
1958-01-08,73.75378058908605,1958,1
1958-01-09,73.73188250858881,1958,1
1958-01-10,73.59669959695917,1958,1
1958-01-11,73.59802115426474,1958,1
1958-01-12,73.73187180393286,1958,1
1958-01-13,73.88602491782599,1958,1
1958-01-14,73.8010208614887,1958,1
1958-01-15,73.47997860895136,1958,1
1958-01-16,73.62220388031533,1958,1
1958-01-17,73.56745831959988,1958,1
1958-01-18,73.42257465021102,1958,1
1958-01-19,73.43960136150748,1958,1
1958-01-20,73.62130181399368,1958,1
1958-01-21,73.64846745257451,1958,1
1958-01-22,73.64529461756766,1958,1
1958-01-23,73.68660552626599,1958,1
1958-01-24,73.70934752308578,1958,1
1958-01-25,73.69704275120213,1958,1
1958-01-26,73.57831953956835,1958,1
1958-01-27,73.73130412021557,1958,1
1958-01-28,73.62381571022323,1958,1
1958-01-29,73.28346942817564,1958,1
1958-01-30,72.79120065389822,1958,1
1958-01-31,73.08013259879368,1958,1
1958-02-01,73.36131274840477,1958,2
1958-02-02,73.67526327261986,1958,2
1958-02-03,73.79634321130584,1958,2
1958-02-04,74.1307879532684,1958,2
1958-02-05,73.99259537981825,1958,2
1958-02-06,73.87811083716237,1958,2
1958-02-07,73.85911961823365,1958,2
1958-02-08,74.0262805182162,1958,2
1958-02-09,73.98400055979137,1958,2
1958-02-10,73.88887875382217,1958,2
1958-02-11,73.78920761041265,1958,2
1958-02-12,73.94561639164895,1958,2
1958-02-13,73.99389339512865,1958,2
1958-02-14,74.0182055302708,1958,2
1958-02-15,73.9266804841841,1958,2
1958-02-16,73.94812769618456,1958,2
1958-02-17,74.23927068203108,1958,2
1958-02-18,74.54458519493454,1958,2
1958-02-19,74.88811988400546,1958,2
1958-02-20,74.52671469355687,1958,2
1958-02-21,74.14411970614107,1958,2
1958-02-22,74.30661567490728,1958,2
1958-02-23,74.44256488357257,1958,2
1958-02-24,74.44132654754375,1958,2
1958-02-25,74.42784522101512,1958,2
1958-02-26,74.49479373630471,1958,2
1958-02-27,74.62415127291676,1958,2
1958-02-28,74.31899470748526,1958,2
1958-03-01,74.13812584757395,1958,3
1958-03-02,74.37057443504506,1958,3
1958-03-03,74.4304186364618,1958,3
1958-03-04,74.3522724128494,1958,3
1958-03-05,74.33459229409712,1958,3
1958-03-06,74.68417417751652,1958,3
1958-03-07,74.85336047850637,1958,3
1958-03-08,75.39711815489099,1958,3
1958-03-09,75.60638658320917,1958,3
1958-03-10,75.88432035817135,1958,3
1958-03-11,75.57133980721507,1958,3
1958-03-12,75.47238127674903,1958,3
1958-03-13,75.21245964790002,1958,3
1958-03-14,75.52924566601095,1958,3
1958-03-15,75.60496911835416,1958,3
1958-03-16,75.7713745042676,1958,3
1958-03-17,75.95794606545019,1958,3
1958-03-18,76.2587033791877,1958,3
1958-03-19,76.47517195678645,1958,3
1958-03-20,76.42600159643007,1958,3
1958-03-21,76.51534263978041,1958,3
1958-03-22,76.36921229243366,1958,3
1958-03-23,76.29842662848883,1958,3
1958-03-24,76.06737426513016,1958,3
1958-03-25,76.30852577377073,1958,3
1958-03-26,76.8132089272149,1958,3
1958-03-27,76.90379126326641,1958,3
1958-03-28,76.94150704007443,1958,3
1958-03-29,76.62083387568484,1958,3
1958-03-30,76.44332641131031,1958,3
1958-03-31,76.09557211145454,1958,3
1958-04-01,76.31262316134982,1958,4
1958-04-02,76.53357453322677,1958,4
1958-04-03,76.36696883271998,1958,4
1958-04-04,76.20363997951736,1958,4
1958-04-05,76.62747988115828,1958,4
1958-04-06,76.84310824902666,1958,4
1958-04-07,77.25402017995211,1958,4
1958-04-08,77.25285777146492,1958,4
1958-04-09,77.13698085279677,1958,4
1958-04-10,77.04520908401399,1958,4
1958-04-11,76.89351390017957,1958,4
1958-04-12,76.81322010555019,1958,4
1958-04-13,76.80641068353138,1958,4
1958-04-14,77.05757995735453,1958,4
1958-04-15,77.22037508161442,1958,4
1958-04-16,77.38388774111401,1958,4
1958-04-17,77.50335143731884,1958,4
1958-04-18,77.35644325169508,1958,4
1958-04-19,77.25427274544035,1958,4
1958-04-20,76.77540482317244,1958,4
1958-04-21,76.44571141826124,1958,4
1958-04-22,76.7988253350309,1958,4
1958-04-23,77.27583872015006,1958,4
1958-04-24,77.73026229575441,1958,4
1958-04-25,77.84974324604893,1958,4
1958-04-26,77.83442581234443,1958,4
1958-04-27,77.78038138722235,1958,4
1958-04-28,77.34748067760718,1958,4
1958-04-29,76.93669615650754,1958,4
1958-04-30,76.6440691569907,1958,4
1958-05-01,77.13927246929106,1958,5
1958-05-02,77.07448686859085,1958,5
1958-05-03,77.29431258773734,1958,5
1958-05-04,77.14922368376415,1958,5
1958-05-05,77.04787833576374,1958,5
1958-05-06,77.21049195652837,1958,5
1958-05-07,77.28622848935709,1958,5
1958-05-08,77.5013638377449,1958,5
1958-05-09,77.57936675961741,1958,5
1958-05-10,77.67282660925197,1958,5
1958-05-11,77.83487698382461,1958,5
1958-05-12,77.44380076658067,1958,5
1958-05-13,77.55650722617608,1958,5
1958-05-14,77.73669414446694,1958,5
1958-05-15,77.21865530919267,1958,5
1958-05-16,77.0667378984128,1958,5
1958-05-17,77.04520161018827,1958,5
1958-05-18,77.22254004500255,1958,5
1958-05-19,77.32908056908659,1958,5
1958-05-20,77.5310871852894,1958,5
1958-05-21,77.67346573964267,1958,5
1958-05-22,77.73185513021677,1958,5
1958-05-23,77.80881396453441,1958,5
1958-05-24,77.823274746588,1958,5
1958-05-25,77.92472772357584,1958,5
1958-05-26,77.90626116728514,1958,5
1958-05-27,77.4340466222078,1958,5
1958-05-28,77.05168355547808,1958,5
1958-05-29,77.53956906494689,1958,5
1958-05-30,77.70479847504456,1958,5
1958-05-31,77.85508873156996,1958,5
1958-06-01,77.99916433973385,1958,6
1958-06-02,78.02932581761355,1958,6
1958-06-03,78.11619140123707,1958,6
1958-06-04,78.27805506390871,1958,6
1958-06-05,78.32049409350402,1958,6
1958-06-06,78.2042734772806,1958,6
1958-06-07,77.95287329449506,1958,6
1958-06-08,77.83417616960034,1958,6
1958-06-09,77.83194141769258,1958,6
1958-06-10,77.87668966591549,1958,6
1958-06-11,77.90769335824054,1958,6
1958-06-12,77.85317325685718,1958,6
1958-06-13,77.82990446971489,1958,6
1958-06-14,77.72202432869496,1958,6
1958-06-15,77.92238692487909,1958,6
1958-06-16,77.95680789735508,1958,6
1958-06-17,77.86140482047963,1958,6
1958-06-18,77.47267179489035,1958,6
1958-06-19,77.43683232810217,1958,6
1958-06-20,77.33686717262303,1958,6
1958-06-21,76.96698045901243,1958,6
1958-06-22,76.53588036509827,1958,6
1958-06-23,76.50170437417424,1958,6
1958-06-24,76.59610648526298,1958,6
1958-06-25,76.70576038093571,1958,6
1958-06-26,76.74105856759356,1958,6
1958-06-27,76.49302949397803,1958,6
1958-06-28,76.25706612998702,1958,6
1958-06-29,76.06907399940286,1958,6
1958-06-30,76.04249439003183,1958,6
1958-07-01,75.9385036006362,1958,7
1958-07-02,75.83583457361027,1958,7
1958-07-03,75.90772166784191,1958,7
1958-07-04,75.93889858531031,1958,7
1958-07-05,75.56034358119472,1958,7
1958-07-06,75.81035356020689,1958,7
1958-07-07,76.24092468404415,1958,7
1958-07-08,75.6551781955789,1958,7
1958-07-09,75.20898064879084,1958,7
1958-07-10,75.09909319701052,1958,7
1958-07-11,75.02305789245386,1958,7
1958-07-12,75.00594829491517,1958,7
1958-07-13,75.36810621853068,1958,7
1958-07-14,75.44579833567104,1958,7
1958-07-15,75.0519240769965,1958,7
1958-07-16,75.29289468231413,1958,7
1958-07-17,75.13975172459791,1958,7
1958-07-18,75.01766705821389,1958,7
1958-07-19,75.1026093186006,1958,7
1958-07-20,75.34356635538809,1958,7
1958-07-21,75.2173194907937,1958,7
1958-07-22,75.3158195822547,1958,7
1958-07-23,75.32044774017028,1958,7
1958-07-24,75.03553456606548,1958,7
1958-07-25,74.92869591553904,1958,7
1958-07-26,74.96270242978373,1958,7
1958-07-27,75.02657432820962,1958,7
1958-07-28,75.0370319069119,1958,7
1958-07-29,75.2144857624349,1958,7
1958-07-30,75.26779464865288,1958,7
1958-07-31,75.18742158436649,1958,7
1958-08-01,75.29629129773627,1958,8
1958-08-02,75.22811619109245,1958,8
1958-08-03,75.0414016989338,1958,8
1958-08-04,74.68776863503726,1958,8
1958-08-05,74.98386158757046,1958,8
1958-08-06,74.85842862406398,1958,8
1958-08-07,74.88181001873468,1958,8
1958-08-08,75.02894398922525,1958,8
1958-08-09,75.21254220812695,1958,8
1958-08-10,75.31675152888016,1958,8
1958-08-11,75.18863878311396,1958,8
1958-08-12,75.18489712698916,1958,8
1958-08-13,75.35550129383944,1958,8
1958-08-14,75.31113089260268,1958,8
1958-08-15,75.31185170011346,1958,8
1958-08-16,75.50642112345662,1958,8
1958-08-17,75.3923982733664,1958,8
1958-08-18,75.15737754818198,1958,8
1958-08-19,75.16323676842109,1958,8
1958-08-20,75.13512028121083,1958,8
1958-08-21,75.0070703267122,1958,8
1958-08-22,75.04885767682362,1958,8
1958-08-23,75.22167256491153,1958,8
1958-08-24,75.43899990865206,1958,8
1958-08-25,75.4587004199931,1958,8
1958-08-26,75.40470552810042,1958,8
1958-08-27,75.1763862972504,1958,8
1958-08-28,75.28847809200136,1958,8
1958-08-29,75.2106729732401,1958,8
1958-08-30,75.33580583276974,1958,8
1958-08-31,75.28964167949593,1958,8
1958-09-01,75.23929864364248,1958,9
1958-09-02,75.06191942685123,1958,9
1958-09-03,75.06313875893841,1958,9
1958-09-04,75.23531351465157,1958,9
1958-09-05,75.30444983414448,1958,9
1958-09-06,75.19210444681042,1958,9
1958-09-07,75.107485174642,1958,9
1958-09-08,74.95082998145057,1958,9
1958-09-09,74.8492554386394,1958,9
1958-09-10,74.9665809760224,1958,9
1958-09-11,74.96057589793065,1958,9
1958-09-12,75.0288748736618,1958,9
1958-09-13,75.2243796892536,1958,9
1958-09-14,75.23851961788259,1958,9
1958-09-15,74.98348101515208,1958,9
1958-09-16,74.85077360871469,1958,9
1958-09-17,74.91525287710529,1958,9
1958-09-18,75.07161843514658,1958,9
1958-09-19,75.11448227914974,1958,9
1958-09-20,75.17352443053541,1958,9
1958-09-21,75.39876444820851,1958,9
1958-09-22,75.29302605730288,1958,9
1958-09-23,75.34176188000943,1958,9
1958-09-24,75.30614477089588,1958,9
1958-09-25,75.10176142809956,1958,9
1958-09-26,74.76016686768772,1958,9
1958-09-27,74.76329087217114,1958,9
1958-09-28,74.77389804336757,1958,9
1958-09-29,74.81232236854775,1958,9
1958-09-30,75.05658628205728,1958,9
1958-10-01,75.17464526031651,1958,10
1958-10-02,75.31436531666003,1958,10
1958-10-03,74.96200727711899,1958,10
1958-10-04,75.15425835450155,1958,10
1958-10-05,75.32276425764344,1958,10
1958-10-06,75.37133659656715,1958,10
1958-10-07,75.41762416271936,1958,10
1958-10-08,75.1881584847621,1958,10
1958-10-09,75.04186104287442,1958,10
1958-10-10,75.09347308876889,1958,10
1958-10-11,75.12596462806913,1958,10
1958-10-12,74.88048671784091,1958,10
1958-10-13,74.90831442754362,1958,10
1958-10-14,75.0044653885833,1958,10
1958-10-15,75.07384666208746,1958,10
1958-10-16,75.17247239012005,1958,10
1958-10-17,75.08268002002649,1958,10
1958-10-18,75.00788315567445,1958,10
1958-10-19,75.1406671319723,1958,10
1958-10-20,75.10833694044085,1958,10
1958-10-21,74.70982619330651,1958,10
1958-10-22,74.95506479162938,1958,10
1958-10-23,75.00210577686194,1958,10
1958-10-24,75.04993897055546,1958,10
1958-10-25,75.13604262338444,1958,10
1958-10-26,75.16279887451435,1958,10
1958-10-27,75.1422140108171,1958,10
1958-10-28,75.10481684902551,1958,10
1958-10-29,75.11323699787654,1958,10
1958-10-30,75.02838953097948,1958,10
1958-10-31,75.03404200888848,1958,10
1958-11-01,75.0216170926896,1958,11
1958-11-02,74.92040973504326,1958,11
1958-11-03,74.9563948666383,1958,11
1958-11-04,74.83359558731067,1958,11
1958-11-05,74.78390200127673,1958,11
1958-11-06,74.75836728009946,1958,11
1958-11-07,74.65697915590604,1958,11
1958-11-08,74.54863243128267,1958,11
1958-11-09,74.57727456092158,1958,11
1958-11-10,74.66485617141052,1958,11
1958-11-11,74.60983302402744,1958,11
1958-11-12,74.54497330954123,1958,11
1958-11-13,74.46769059659624,1958,11
1958-11-14,74.46190388522284,1958,11
1958-11-15,74.4419673748665,1958,11
1958-11-16,74.27003186545805,1958,11
1958-11-17,74.22473547836135,1958,11
1958-11-18,74.11006388741963,1958,11
1958-11-19,74.19424533075511,1958,11
1958-11-20,74.09556980797117,1958,11
1958-11-21,73.9877602450835,1958,11
1958-11-22,73.81426464949712,1958,11
1958-11-23,73.89434871535845,1958,11
1958-11-24,73.92064923835785,1958,11
1958-11-25,74.2218142829916,1958,11
1958-11-26,74.16168491291613,1958,11
1958-11-27,74.20938131266871,1958,11
1958-11-28,74.23711032439861,1958,11
1958-11-29,73.69282589610648,1958,11
1958-11-30,73.78478656894958,1958,11
1958-12-01,73.86582377129001,1958,12
1958-12-02,73.97436446429904,1958,12
1958-12-03,73.86800094391266,1958,12
1958-12-04,73.83591050303623,1958,12
1958-12-05,73.83190750422875,1958,12
1958-12-06,73.66078663761273,1958,12
1958-12-07,73.64590569841425,1958,12
1958-12-08,73.73754377972625,1958,12
1958-12-09,73.79104528068152,1958,12
1958-12-10,73.76326480876946,1958,12
1958-12-11,73.52920761859687,1958,12
1958-12-12,73.53210906509247,1958,12
1958-12-13,73.63353950822084,1958,12
1958-12-14,73.65998137208491,1958,12
1958-12-15,73.53609412871131,1958,12
1958-12-16,73.45308383369527,1958,12
1958-12-17,73.36723290812931,1958,12
1958-12-18,73.37456316907583,1958,12
1958-12-19,73.4632572222077,1958,12
1958-12-20,73.5050643659079,1958,12
1958-12-21,73.428089042928,1958,12
1958-12-22,73.0888903358491,1958,12
1958-12-23,73.06896466403714,1958,12
1958-12-24,72.88431498824984,1958,12
1958-12-25,72.91804157522506,1958,12
1958-12-26,72.88177708116784,1958,12
1958-12-27,72.77935615821642,1958,12
1958-12-28,72.63828112447752,1958,12
1958-12-29,72.59103114414937,1958,12
1958-12-30,72.7640778403621,1958,12
1958-12-31,72.78237783396735,1958,12
1959-01-01,72.76072129394818,1959,1
1959-01-02,72.78241510321563,1959,1
1959-01-03,72.74590724658742,1959,1
1959-01-04,73.23778268775655,1959,1
1959-01-05,73.21342803690294,1959,1
1959-01-06,73.19117223357036,1959,1
1959-01-07,73.13044229349093,1959,1
1959-01-08,73.03808262602305,1959,1
1959-01-09,73.03058060959975,1959,1
1959-01-10,73.04826115413168,1959,1
1959-01-11,73.05915569118203,1959,1
1959-01-12,72.92957953085744,1959,1
1959-01-13,72.87674892460954,1959,1
1959-01-14,72.85768897390724,1959,1
1959-01-15,72.95537899267346,1959,1
1959-01-16,73.09040753339326,1959,1
1959-01-17,73.14321304742845,1959,1
1959-01-18,73.53071518966074,1959,1
1959-01-19,73.46936031715991,1959,1
1959-01-20,73.39453182702873,1959,1
1959-01-21,73.15603368057617,1959,1
1959-01-22,72.76244476229955,1959,1
1959-01-23,72.55718915780574,1959,1
1959-01-24,72.75759741513119,1959,1
1959-01-25,73.19703847425892,1959,1
1959-01-26,73.30019366223058,1959,1
1959-01-27,73.10446850908664,1959,1
1959-01-28,73.1889920051835,1959,1
1959-01-29,72.93377629184101,1959,1
1959-01-30,72.67951958963994,1959,1
1959-01-31,72.28934890323589,1959,1
1959-02-01,72.62235084065152,1959,2
1959-02-02,72.97976777676033,1959,2
1959-02-03,73.16983447939118,1959,2
1959-02-04,73.09118472717762,1959,2
1959-02-05,72.8872766589105,1959,2
1959-02-06,73.00396179620827,1959,2
1959-02-07,73.11084363763892,1959,2
1959-02-08,73.28127349161844,1959,2
1959-02-09,73.54930664130697,1959,2
1959-02-10,73.82075397418558,1959,2
1959-02-11,73.783200011098,1959,2
1959-02-12,73.9557837757083,1959,2
1959-02-13,73.85676430427563,1959,2
1959-02-14,73.95008302210094,1959,2
1959-02-15,73.99402142329261,1959,2
1959-02-16,73.94162126377489,1959,2
1959-02-17,73.76793004793481,1959,2
1959-02-18,73.71915875213224,1959,2
1959-02-19,73.90896655925712,1959,2
1959-02-20,73.92458465699404,1959,2
1959-02-21,73.96463096024128,1959,2
1959-02-22,74.08213397567594,1959,2
1959-02-23,74.50280693036039,1959,2
1959-02-24,74.55980716247933,1959,2
1959-02-25,74.5777783673393,1959,2
1959-02-26,74.4651290990835,1959,2
1959-02-27,74.58463899333503,1959,2
1959-02-28,75.01273481990705,1959,2
1959-03-01,75.23134125074475,1959,3
1959-03-02,75.30659322619798,1959,3
1959-03-03,75.28508275719321,1959,3
1959-03-04,74.89883246636201,1959,3
1959-03-05,74.72235055412072,1959,3
1959-03-06,74.78205401051736,1959,3
1959-03-07,74.63962592036233,1959,3
1959-03-08,74.92960876923428,1959,3
1959-03-09,75.14248277523821,1959,3
1959-03-10,75.36757100832283,1959,3
1959-03-11,75.31704926279745,1959,3
1959-03-12,75.412179180513,1959,3
1959-03-13,75.42701885825457,1959,3
1959-03-14,75.42004070230453,1959,3
1959-03-15,75.46527157658235,1959,3
1959-03-16,75.58614487162716,1959,3
1959-03-17,75.75857579592986,1959,3
1959-03-18,75.80505225164374,1959,3
1959-03-19,75.8896397764621,1959,3
1959-03-20,76.05466196303492,1959,3
1959-03-21,76.23561223879301,1959,3
1959-03-22,76.59392604388867,1959,3
1959-03-23,76.73935082601706,1959,3
1959-03-24,76.86975865540461,1959,3
1959-03-25,76.80928446666833,1959,3
1959-03-26,76.26357561095844,1959,3
1959-03-27,75.9312535036245,1959,3
1959-03-28,76.12862938828879,1959,3
1959-03-29,76.17242509444675,1959,3
1959-03-30,76.1299487283974,1959,3
1959-03-31,75.50020849205258,1959,3
1959-04-01,75.13737002554188,1959,4
1959-04-02,75.49848487054118,1959,4
1959-04-03,75.88944803043857,1959,4
1959-04-04,76.03336966415948,1959,4
1959-04-05,76.16538988390617,1959,4
1959-04-06,76.01541467929853,1959,4
1959-04-07,76.25349219314434,1959,4
1959-04-08,76.63351584469955,1959,4
1959-04-09,76.76464311365085,1959,4
1959-04-10,77.13749237352029,1959,4
1959-04-11,77.3229783737159,1959,4
1959-04-12,77.36380130762105,1959,4
1959-04-13,77.31975576103841,1959,4
1959-04-14,77.38281082570889,1959,4
1959-04-15,77.36113215266045,1959,4
1959-04-16,77.19459022061491,1959,4
1959-04-17,76.89626111511016,1959,4
1959-04-18,76.31781314616177,1959,4
1959-04-19,75.84710431053601,1959,4
1959-04-20,75.76652755944014,1959,4
1959-04-21,76.1333352408308,1959,4
1959-04-22,76.42143725937188,1959,4
1959-04-23,76.58603728116775,1959,4
1959-04-24,76.63546950947794,1959,4
1959-04-25,76.72872764128125,1959,4
1959-04-26,76.86227056650412,1959,4
1959-04-27,77.17348308089998,1959,4
1959-04-28,77.20445156058597,1959,4
1959-04-29,77.54542442688765,1959,4
1959-04-30,77.61508374673669,1959,4
1959-05-01,77.37676331013111,1959,5
1959-05-02,77.27057073288438,1959,5
1959-05-03,77.4296659091918,1959,5
1959-05-04,77.53756769337815,1959,5
1959-05-05,77.35576604956906,1959,5
1959-05-06,77.22781672026846,1959,5
1959-05-07,77.2066977141344,1959,5
1959-05-08,77.21047716285692,1959,5
1959-05-09,77.34983367427056,1959,5
1959-05-10,77.4109093151298,1959,5
1959-05-11,77.46359230084839,1959,5
1959-05-12,77.3990768625854,1959,5
1959-05-13,77.53785271869637,1959,5
1959-05-14,77.52825225046537,1959,5
1959-05-15,77.23522991716925,1959,5
1959-05-16,77.26105119218589,1959,5
1959-05-17,77.42945855622733,1959,5
1959-05-18,76.96945855044906,1959,5
1959-05-19,76.93185829983867,1959,5
1959-05-20,77.1198551436351,1959,5
1959-05-21,77.26357737426093,1959,5
1959-05-22,77.38061442575503,1959,5
1959-05-23,77.72222277126016,1959,5
1959-05-24,77.65037718906338,1959,5
1959-05-25,77.29490000893665,1959,5
1959-05-26,77.17496660008284,1959,5
1959-05-27,77.16707634371868,1959,5
1959-05-28,76.53057117050706,1959,5
1959-05-29,76.01080976684874,1959,5
1959-05-30,75.9360607192099,1959,5
1959-05-31,76.01278706889522,1959,5
1959-06-01,76.02046274456696,1959,6
1959-06-02,76.21494814494748,1959,6
1959-06-03,76.33581056645383,1959,6
1959-06-04,76.5284425453116,1959,6
1959-06-05,76.86539631876744,1959,6
1959-06-06,76.60224490590605,1959,6
1959-06-07,76.48559916455618,1959,6
1959-06-08,76.5305192925063,1959,6
1959-06-09,76.70411649271176,1959,6
1959-06-10,76.50718156173339,1959,6
1959-06-11,76.45969127122252,1959,6
1959-06-12,76.27467245583831,1959,6
1959-06-13,76.43478809426266,1959,6
1959-06-14,76.4701561340145,1959,6
1959-06-15,76.48709948215578,1959,6
1959-06-16,76.59453201857009,1959,6
1959-06-17,76.77552750436097,1959,6
1959-06-18,76.75841680896194,1959,6
1959-06-19,77.01337786477126,1959,6
1959-06-20,76.80930548899106,1959,6
1959-06-21,76.89205449188657,1959,6
1959-06-22,76.90188422998902,1959,6
1959-06-23,76.58455785104826,1959,6
1959-06-24,76.570854814309,1959,6
1959-06-25,76.36230686245345,1959,6
1959-06-26,76.48553893811254,1959,6
1959-06-27,76.03513627441245,1959,6
1959-06-28,75.904291958057,1959,6
1959-06-29,75.69021066955335,1959,6
1959-06-30,75.44995759177677,1959,6
1959-07-01,75.45086114830528,1959,7
1959-07-02,75.3596850922029,1959,7
1959-07-03,75.56176982077325,1959,7
1959-07-04,75.47363241786952,1959,7
1959-07-05,74.83443789153625,1959,7
1959-07-06,74.91584942475238,1959,7
1959-07-07,75.03405214155089,1959,7
1959-07-08,75.16431210132728,1959,7
1959-07-09,75.17894853884695,1959,7
1959-07-10,75.18832665444985,1959,7
1959-07-11,75.12151028876335,1959,7
1959-07-12,75.04997010949982,1959,7
1959-07-13,74.93227206465619,1959,7
1959-07-14,75.01639264242256,1959,7
1959-07-15,75.28459861840027,1959,7
1959-07-16,75.53260060927268,1959,7
1959-07-17,75.53657841190665,1959,7
1959-07-18,75.08775555097476,1959,7
1959-07-19,74.76451472695929,1959,7
1959-07-20,74.8358296860382,1959,7
1959-07-21,74.84247066877083,1959,7
1959-07-22,74.76634085367776,1959,7
1959-07-23,74.63077708219409,1959,7
1959-07-24,74.76426789115817,1959,7
1959-07-25,74.77698270411837,1959,7
1959-07-26,74.6089236564107,1959,7
1959-07-27,74.31014546390313,1959,7
1959-07-28,74.37036968776538,1959,7
1959-07-29,74.41131759438376,1959,7
1959-07-30,74.65953418173808,1959,7
1959-07-31,74.79516783285848,1959,7
1959-08-01,74.74538951170074,1959,8
1959-08-02,74.63047250238131,1959,8
1959-08-03,74.66421488937551,1959,8
1959-08-04,74.66212856536777,1959,8
1959-08-05,74.59039087241096,1959,8
1959-08-06,74.71906361849544,1959,8
1959-08-07,74.78209975403476,1959,8
1959-08-08,74.94093874491324,1959,8
1959-08-09,74.84825041438296,1959,8
1959-08-10,74.77611900550586,1959,8
1959-08-11,74.95954676274873,1959,8
1959-08-12,74.99077750627184,1959,8
1959-08-13,74.79062005535111,1959,8
1959-08-14,74.77092376653734,1959,8
1959-08-15,74.46258230035842,1959,8
1959-08-16,74.74292485323589,1959,8
1959-08-17,74.8333427646587,1959,8
1959-08-18,74.79604357844859,1959,8
1959-08-19,74.47616421614993,1959,8
1959-08-20,74.65744334460025,1959,8
1959-08-21,74.86928923245415,1959,8
1959-08-22,74.83166696684755,1959,8
1959-08-23,74.72675312669831,1959,8
1959-08-24,74.99917998397918,1959,8
1959-08-25,75.12695055585979,1959,8
1959-08-26,74.87823409385106,1959,8
1959-08-27,74.63983940868658,1959,8
1959-08-28,74.81233028237185,1959,8
1959-08-29,75.13472250968384,1959,8
1959-08-30,75.01040216954532,1959,8
1959-08-31,74.9725864024392,1959,8
1959-09-01,75.14440853336123,1959,9
1959-09-02,75.04600385137054,1959,9
1959-09-03,74.99490713192999,1959,9
1959-09-04,74.7819138966999,1959,9
1959-09-05,74.89987957276293,1959,9
1959-09-06,74.72437364839638,1959,9
1959-09-07,74.55445687398199,1959,9
1959-09-08,74.4855842184889,1959,9
1959-09-09,74.34273583313065,1959,9
1959-09-10,74.19146176963797,1959,9
1959-09-11,74.34693432167032,1959,9
1959-09-12,74.64213483614273,1959,9
1959-09-13,74.82486516112778,1959,9
1959-09-14,74.67298413118144,1959,9
1959-09-15,74.60406095934938,1959,9
1959-09-16,74.67939621752126,1959,9
1959-09-17,74.87459525467237,1959,9
1959-09-18,75.11657591280212,1959,9
1959-09-19,75.14269525507278,1959,9
1959-09-20,74.92501626858152,1959,9
1959-09-21,74.94787393998622,1959,9
1959-09-22,75.109446074588,1959,9
1959-09-23,75.25679198450354,1959,9
1959-09-24,75.50942097919643,1959,9
1959-09-25,75.47360522913513,1959,9
1959-09-26,75.56478735027136,1959,9
1959-09-27,75.42677974626554,1959,9
1959-09-28,75.00883481424314,1959,9
1959-09-29,75.17037110676961,1959,9
1959-09-30,75.0066351996525,1959,9
1959-10-01,75.07943375959854,1959,10
1959-10-02,74.78155780133592,1959,10
1959-10-03,74.42017700576201,1959,10
1959-10-04,74.47957074218026,1959,10
1959-10-05,74.45725772875022,1959,10
1959-10-06,74.37537182794112,1959,10
1959-10-07,74.41185122381857,1959,10
1959-10-08,74.54429988494354,1959,10
1959-10-09,74.82058672066428,1959,10
1959-10-10,74.92965965444327,1959,10
1959-10-11,74.76945520799444,1959,10
1959-10-12,74.81608175080812,1959,10
1959-10-13,75.03412624284724,1959,10
1959-10-14,75.08071120477763,1959,10
1959-10-15,75.11581432337047,1959,10
1959-10-16,75.11576969539045,1959,10
1959-10-17,75.15329872258978,1959,10
1959-10-18,75.21078996659787,1959,10
1959-10-19,75.21932966720122,1959,10
1959-10-20,74.96986131060302,1959,10
1959-10-21,75.19005958546431,1959,10
1959-10-22,75.21772123070393,1959,10
1959-10-23,75.01660960586949,1959,10
1959-10-24,75.0095003793427,1959,10
1959-10-25,75.10797167700217,1959,10
1959-10-26,74.92822126079135,1959,10
1959-10-27,74.75389848294711,1959,10
1959-10-28,74.28250149113359,1959,10
1959-10-29,74.20650611810147,1959,10
1959-10-30,74.13060266120053,1959,10
1959-10-31,74.2615596232282,1959,10
1959-11-01,74.56612328307368,1959,11
1959-11-02,74.62739020587422,1959,11
1959-11-03,74.55231332736716,1959,11
1959-11-04,74.3545188516814,1959,11
1959-11-05,74.56844304263814,1959,11
1959-11-06,74.3867941653166,1959,11
1959-11-07,74.03093478195981,1959,11
1959-11-08,74.07244139995016,1959,11
1959-11-09,74.19391255188174,1959,11
1959-11-10,74.15060379168634,1959,11
1959-11-11,74.20854057059934,1959,11
1959-11-12,74.08146007616737,1959,11
1959-11-13,74.03015088412646,1959,11
1959-11-14,74.07142422176655,1959,11
1959-11-15,73.97669423053108,1959,11
1959-11-16,74.05341341716733,1959,11
1959-11-17,74.07404462887776,1959,11
1959-11-18,74.14094225828411,1959,11
1959-11-19,73.97186925821977,1959,11
1959-11-20,73.93145983564982,1959,11
1959-11-21,73.79661708626087,1959,11
1959-11-22,73.76033995349263,1959,11
1959-11-23,73.71006902173083,1959,11
1959-11-24,73.83715017965326,1959,11
1959-11-25,73.77539389051013,1959,11
1959-11-26,73.78646291954132,1959,11
1959-11-27,73.65301882872248,1959,11
1959-11-28,73.6325087434132,1959,11
1959-11-29,73.46845432905012,1959,11
1959-11-30,73.48917080970031,1959,11
1959-12-01,73.57711427247486,1959,12
1959-12-02,73.5956105467925,1959,12
1959-12-03,73.71521157595265,1959,12
1959-12-04,73.8524450585284,1959,12
1959-12-05,73.82560624848506,1959,12
1959-12-06,73.68053443508637,1959,12
1959-12-07,73.51961853043566,1959,12
1959-12-08,73.38382496551849,1959,12
1959-12-09,73.16897866059679,1959,12
1959-12-10,73.39084955655304,1959,12
1959-12-11,73.5117086191075,1959,12
1959-12-12,73.63915907151336,1959,12
1959-12-13,73.70948686326692,1959,12
1959-12-14,73.74316600328937,1959,12
1959-12-15,74.00057565304762,1959,12
1959-12-16,74.04758572270597,1959,12
1959-12-17,73.65276718510778,1959,12
1959-12-18,73.22391709269802,1959,12
1959-12-19,73.09655027481824,1959,12
1959-12-20,73.09927160963245,1959,12
1959-12-21,73.25596288760659,1959,12
1959-12-22,73.46758582440279,1959,12
1959-12-23,73.165964242006,1959,12
1959-12-24,72.9249107910153,1959,12
1959-12-25,72.83951963117443,1959,12
1959-12-26,73.10745110115937,1959,12
1959-12-27,73.12987541292638,1959,12
1959-12-28,73.1843645367579,1959,12
1959-12-29,73.21828626899631,1959,12
1959-12-30,72.86420502508557,1959,12
1959-12-31,73.1109079858306,1959,12
1960-01-01,72.95526839028845,1960,1
1960-01-02,72.92531399226368,1960,1
1960-01-03,72.95584245615187,1960,1
1960-01-04,73.19815743031825,1960,1
1960-01-05,73.17604384333428,1960,1
1960-01-06,73.04877379023095,1960,1
1960-01-07,73.02602525865363,1960,1
1960-01-08,72.96302038599522,1960,1
1960-01-09,73.09844420635709,1960,1
1960-01-10,73.11668928784555,1960,1
1960-01-11,72.99714106162628,1960,1
1960-01-12,73.13875212735692,1960,1
1960-01-13,73.07403433500436,1960,1
1960-01-14,72.54297540874101,1960,1
1960-01-15,72.74842851444726,1960,1
1960-01-16,72.74282518143923,1960,1
1960-01-17,72.76661586080269,1960,1
1960-01-18,72.63517279839805,1960,1
1960-01-19,72.71128719114225,1960,1
1960-01-20,72.90740355579318,1960,1
1960-01-21,72.9747476922839,1960,1
1960-01-22,72.77463480578899,1960,1
1960-01-23,72.65651770528436,1960,1
1960-01-24,72.75043769978627,1960,1
1960-01-25,72.91885197027364,1960,1
1960-01-26,73.15504899399419,1960,1
1960-01-27,73.24790705447995,1960,1
1960-01-28,73.27532345707867,1960,1
1960-01-29,73.41056797337164,1960,1
1960-01-30,73.52297679231191,1960,1
1960-01-31,73.71898017806222,1960,1
1960-02-01,73.84876327286605,1960,2
1960-02-02,73.85669131758677,1960,2
1960-02-03,73.9170452156694,1960,2
1960-02-04,73.78235731656174,1960,2
1960-02-05,73.9338365241571,1960,2
1960-02-06,74.04028064501874,1960,2
1960-02-07,74.24959333785681,1960,2
1960-02-08,74.33511070131867,1960,2
1960-02-09,74.45845660909659,1960,2
1960-02-10,74.71440325709442,1960,2
1960-02-11,74.79193461460706,1960,2
1960-02-12,74.87845874509425,1960,2
1960-02-13,74.98719952070905,1960,2
1960-02-14,75.06813569227506,1960,2
1960-02-15,75.19465983251494,1960,2
1960-02-16,75.27507379012887,1960,2
1960-02-17,75.16971773204527,1960,2
1960-02-18,74.98051880565986,1960,2
1960-02-19,74.92978502718192,1960,2
1960-02-20,74.98824248935593,1960,2
1960-02-21,75.0446448334764,1960,2
1960-02-22,75.15094229614664,1960,2
1960-02-23,75.24951415186689,1960,2
1960-02-24,75.2264516889644,1960,2
1960-02-25,75.24082863542269,1960,2
1960-02-26,75.37683967797774,1960,2
1960-02-27,75.43761258108236,1960,2
1960-02-28,75.60385644132285,1960,2
1960-02-29,75.50310902497425,1960,2
1960-03-01,75.43112310309046,1960,3
1960-03-02,75.21224809799291,1960,3
1960-03-03,74.99169562573663,1960,3
1960-03-04,75.1314666759022,1960,3
1960-03-05,75.17803744882548,1960,3
1960-03-06,74.96102017883845,1960,3
1960-03-07,74.54917999096585,1960,3
1960-03-08,74.52206577208077,1960,3
1960-03-09,74.44515311027382,1960,3
1960-03-10,74.60749661965266,1960,3
1960-03-11,74.36606473629418,1960,3
1960-03-12,74.10201014352073,1960,3
1960-03-13,74.42329547201004,1960,3
1960-03-14,74.97252106462525,1960,3
1960-03-15,75.17238393558594,1960,3
1960-03-16,75.53746191508833,1960,3
1960-03-17,75.3523703882838,1960,3
1960-03-18,75.2317206081416,1960,3
1960-03-19,75.02185196613944,1960,3
1960-03-20,75.1815435242727,1960,3
1960-03-21,74.95866765507749,1960,3
1960-03-22,74.88184911524829,1960,3
1960-03-23,73.97604261775612,1960,3
1960-03-24,74.40749215897078,1960,3
1960-03-25,74.84503693032799,1960,3
1960-03-26,75.55519321204356,1960,3
1960-03-27,75.97718794172883,1960,3
1960-03-28,75.84446024844162,1960,3
1960-03-29,75.99079977448675,1960,3
1960-03-30,76.05510480902335,1960,3
1960-03-31,76.42029056380888,1960,3
1960-04-01,76.41261034817718,1960,4
1960-04-02,76.48208902877779,1960,4
1960-04-03,76.36014104728788,1960,4
1960-04-04,76.49737235572512,1960,4
1960-04-05,76.54934536181209,1960,4
1960-04-06,76.12032481555417,1960,4
1960-04-07,76.18634458528734,1960,4
1960-04-08,76.36969021678064,1960,4
1960-04-09,76.58157056520928,1960,4
1960-04-10,76.23885316927925,1960,4
1960-04-11,76.40165757511006,1960,4
1960-04-12,76.67266732158609,1960,4
1960-04-13,77.0517846310828,1960,4
1960-04-14,77.16859713657244,1960,4
1960-04-15,77.34788935618083,1960,4
1960-04-16,77.26693685914567,1960,4
1960-04-17,77.34998889889262,1960,4
1960-04-18,77.21053300920406,1960,4
1960-04-19,76.83039046750004,1960,4
1960-04-20,76.68450517369166,1960,4
1960-04-21,76.8105444431228,1960,4
1960-04-22,76.92108553911595,1960,4
1960-04-23,77.09762273753638,1960,4
1960-04-24,77.0267318982086,1960,4
1960-04-25,77.01497486969924,1960,4
1960-04-26,76.91780372639731,1960,4
1960-04-27,77.01919234864198,1960,4
1960-04-28,77.29499327515836,1960,4
1960-04-29,77.32966928676285,1960,4
1960-04-30,77.49349175884005,1960,4
1960-05-01,77.66357096604841,1960,5
1960-05-02,77.8877588945555,1960,5
1960-05-03,78.08343306501835,1960,5
1960-05-04,77.98043421942982,1960,5
1960-05-05,77.6948442543252,1960,5
1960-05-06,77.42139865048544,1960,5
1960-05-07,77.52040600692774,1960,5
1960-05-08,77.47659194596423,1960,5
1960-05-09,77.75564241014533,1960,5
1960-05-10,77.88356440735527,1960,5
1960-05-11,77.94993715537674,1960,5
1960-05-12,77.97766772971805,1960,5
1960-05-13,77.96254779354832,1960,5
1960-05-14,77.85253046705076,1960,5
1960-05-15,77.72403509244411,1960,5
1960-05-16,77.22939673434492,1960,5
1960-05-17,76.70245555221729,1960,5
1960-05-18,76.6431089291908,1960,5
1960-05-19,77.10360206277434,1960,5
1960-05-20,77.22101379766401,1960,5
1960-05-21,77.59321952102312,1960,5
1960-05-22,77.54993801793492,1960,5
1960-05-23,77.62020509248707,1960,5
1960-05-24,77.68270697276209,1960,5
1960-05-25,77.74166866167204,1960,5
1960-05-26,77.66254827363296,1960,5
1960-05-27,77.35335705151175,1960,5
1960-05-28,77.23685290895017,1960,5
1960-05-29,76.89361770981417,1960,5
1960-05-30,76.98223791381164,1960,5
1960-05-31,77.31433656854489,1960,5
1960-06-01,77.59803997147692,1960,6
1960-06-02,77.64872031419418,1960,6
1960-06-03,77.63083992194622,1960,6
1960-06-04,77.7293682323832,1960,6
1960-06-05,77.4853252978029,1960,6
1960-06-06,77.493053850148,1960,6
1960-06-07,77.52795724986493,1960,6
1960-06-08,77.55284521752718,1960,6
1960-06-09,77.57355552150136,1960,6
1960-06-10,77.58723975462703,1960,6
1960-06-11,77.35625856519597,1960,6
1960-06-12,77.08328430052035,1960,6
1960-06-13,77.25461484491909,1960,6
1960-06-14,77.30511223418202,1960,6
1960-06-15,77.19850486494174,1960,6
1960-06-16,76.51418289683453,1960,6
1960-06-17,76.04396755132953,1960,6
1960-06-18,76.27217155391631,1960,6
1960-06-19,76.4908526911319,1960,6
1960-06-20,76.7003801247351,1960,6
1960-06-21,76.61214286405095,1960,6
1960-06-22,76.33178301006319,1960,6
1960-06-23,75.92897682761601,1960,6
1960-06-24,76.05399065865647,1960,6
1960-06-25,76.43775303094542,1960,6
1960-06-26,76.32811125645203,1960,6
1960-06-27,75.77789155410683,1960,6
1960-06-28,75.68764840905466,1960,6
1960-06-29,75.97585545462347,1960,6
1960-06-30,76.0383831693839,1960,6
1960-07-01,76.1000542054318,1960,7
1960-07-02,76.09492553650543,1960,7
1960-07-03,75.70199303724677,1960,7
1960-07-04,75.45165674380613,1960,7
1960-07-05,75.21911131142089,1960,7
1960-07-06,75.25503125232495,1960,7
1960-07-07,75.3156703141623,1960,7
1960-07-08,74.81260068910596,1960,7
1960-07-09,74.75334262780144,1960,7
1960-07-10,74.83642833618948,1960,7
1960-07-11,74.91594676267464,1960,7
1960-07-12,75.01234830114956,1960,7
1960-07-13,74.94375119819793,1960,7
1960-07-14,75.06697720060575,1960,7
1960-07-15,74.96385878506715,1960,7
1960-07-16,75.26394195102898,1960,7
1960-07-17,75.34058589916044,1960,7
1960-07-18,75.32107661402347,1960,7
1960-07-19,75.4316396234321,1960,7
1960-07-20,75.52723142545355,1960,7
1960-07-21,75.81052440065962,1960,7
1960-07-22,76.17727913220287,1960,7
1960-07-23,76.33308638182886,1960,7
1960-07-24,76.3341713044783,1960,7
1960-07-25,76.01245698468551,1960,7
1960-07-26,75.60412361209853,1960,7
1960-07-27,75.37759826222806,1960,7
1960-07-28,75.28113071040706,1960,7
1960-07-29,75.38695446373212,1960,7
1960-07-30,75.51935619896986,1960,7
1960-07-31,75.49922519810899,1960,7
1960-08-01,75.10304584347435,1960,8
1960-08-02,74.96946399489998,1960,8
1960-08-03,75.28587645126689,1960,8
1960-08-04,75.34319925844167,1960,8
1960-08-05,75.0434061638231,1960,8
1960-08-06,74.9807407019413,1960,8
1960-08-07,75.20776996646732,1960,8
1960-08-08,75.08026113344422,1960,8
1960-08-09,75.06227319170188,1960,8
1960-08-10,74.8447778803411,1960,8
1960-08-11,75.17925090909375,1960,8
1960-08-12,75.32234713784256,1960,8
1960-08-13,75.25688349269355,1960,8
1960-08-14,75.34234371933637,1960,8
1960-08-15,75.25414048704486,1960,8
1960-08-16,75.16723024950234,1960,8
1960-08-17,75.0512077763448,1960,8
1960-08-18,74.93943336354127,1960,8
1960-08-19,75.30252079009492,1960,8
1960-08-20,75.28152006628571,1960,8
1960-08-21,75.20935678621629,1960,8
1960-08-22,75.01586201342361,1960,8
1960-08-23,75.07576192935625,1960,8
1960-08-24,75.13684485987014,1960,8
1960-08-25,75.10189132086755,1960,8
1960-08-26,75.09747950303714,1960,8
1960-08-27,75.15541159405636,1960,8
1960-08-28,75.22979608183005,1960,8
1960-08-29,75.14373346097273,1960,8
1960-08-30,75.0123195912499,1960,8
1960-08-31,74.98927555828226,1960,8
1960-09-01,74.93026351221839,1960,9
1960-09-02,74.84918496834656,1960,9
1960-09-03,74.99875207276324,1960,9
1960-09-04,75.24630521237152,1960,9
1960-09-05,75.40163618093078,1960,9
1960-09-06,75.47960674368875,1960,9
1960-09-07,75.57769500843274,1960,9
1960-09-08,75.52841093371836,1960,9
1960-09-09,75.59634058622777,1960,9
1960-09-10,75.32811881171877,1960,9
1960-09-11,75.09274045361433,1960,9
1960-09-12,75.19215764816195,1960,9
1960-09-13,75.36132632105492,1960,9
1960-09-14,75.4978460870354,1960,9
1960-09-15,75.41176019784729,1960,9
1960-09-16,75.36935862389778,1960,9
1960-09-17,75.26323459518318,1960,9
1960-09-18,75.11031178220742,1960,9
1960-09-19,75.22723203293413,1960,9
1960-09-20,75.52572800191302,1960,9
1960-09-21,75.88048526772957,1960,9
1960-09-22,76.02101223840636,1960,9
1960-09-23,76.17453077117224,1960,9
1960-09-24,76.10360815055851,1960,9
1960-09-25,75.92627515244406,1960,9
1960-09-26,75.71214660624835,1960,9
1960-09-27,75.38167002794731,1960,9
1960-09-28,75.54980966564418,1960,9
1960-09-29,75.57064684507003,1960,9
1960-09-30,75.693400598052,1960,9
1960-10-01,75.8052300837778,1960,10
1960-10-02,75.63586727508823,1960,10
1960-10-03,75.19117913631523,1960,10
1960-10-04,74.90192314323342,1960,10
1960-10-05,74.90566065873027,1960,10
1960-10-06,74.77147896562553,1960,10
1960-10-07,74.9255486205027,1960,10
1960-10-08,75.29300056155662,1960,10
1960-10-09,75.61148396775484,1960,10
1960-10-10,75.66787695187114,1960,10
1960-10-11,75.55038459584551,1960,10
1960-10-12,75.4690365674258,1960,10
1960-10-13,75.64788080500627,1960,10
1960-10-14,75.80427512323115,1960,10
1960-10-15,75.85682278728005,1960,10
1960-10-16,75.8626292362151,1960,10
1960-10-17,75.88936693712436,1960,10
1960-10-18,75.87596850464298,1960,10
1960-10-19,75.76941405250324,1960,10
1960-10-20,75.72184071347752,1960,10
1960-10-21,75.57703470875252,1960,10
1960-10-22,75.4826393045109,1960,10
1960-10-23,75.42128859251953,1960,10
1960-10-24,75.3584051574241,1960,10
1960-10-25,75.30775714104666,1960,10
1960-10-26,75.07556592440946,1960,10
1960-10-27,74.94118709102746,1960,10
1960-10-28,75.08903072651795,1960,10
1960-10-29,75.07323714537347,1960,10
1960-10-30,74.88751001224315,1960,10
1960-10-31,74.73680098241827,1960,10
1960-11-01,74.65944879981598,1960,11
1960-11-02,74.670446704666,1960,11
1960-11-03,74.63384962329145,1960,11
1960-11-04,74.58042485967226,1960,11
1960-11-05,74.59234504861267,1960,11
1960-11-06,74.40930130952987,1960,11
1960-11-07,74.65900954727344,1960,11
1960-11-08,74.59902644052272,1960,11
1960-11-09,74.41068910193123,1960,11
1960-11-10,74.41437708856695,1960,11
1960-11-11,74.47564559609665,1960,11
1960-11-12,74.58008831706147,1960,11
1960-11-13,74.69113536500454,1960,11
1960-11-14,74.58521475278562,1960,11
1960-11-15,74.57170530747007,1960,11
1960-11-16,74.44255698491844,1960,11
1960-11-17,74.2889754125101,1960,11
1960-11-18,74.11265122953336,1960,11
1960-11-19,74.10973001444182,1960,11
1960-11-20,74.15263673784908,1960,11
1960-11-21,74.21159917960425,1960,11
1960-11-22,74.20796341218495,1960,11
1960-11-23,74.33692400637561,1960,11
1960-11-24,74.25698699021719,1960,11
1960-11-25,73.97209613265076,1960,11
1960-11-26,73.83443964619144,1960,11
1960-11-27,73.75424306465843,1960,11
1960-11-28,73.75826075195191,1960,11
1960-11-29,73.74887002470706,1960,11
1960-11-30,73.60399054916368,1960,11
1960-12-01,73.59808378263061,1960,12
1960-12-02,73.6068490490077,1960,12
1960-12-03,73.51922216186132,1960,12
1960-12-04,73.69949725036732,1960,12
1960-12-05,73.83451328448886,1960,12
1960-12-06,73.99986344450181,1960,12
1960-12-07,74.03976912292651,1960,12
1960-12-08,74.07290056665035,1960,12
1960-12-09,73.98487028977098,1960,12
1960-12-10,73.89430396056197,1960,12
1960-12-11,73.7562704762812,1960,12
1960-12-12,73.6552728144442,1960,12
1960-12-13,73.55298257073032,1960,12
1960-12-14,73.40607508837623,1960,12
1960-12-15,73.38406991813224,1960,12
1960-12-16,73.29099121272631,1960,12
1960-12-17,73.649053663613,1960,12
1960-12-18,73.64076243691322,1960,12
1960-12-19,73.44850102539456,1960,12
1960-12-20,73.54481694698974,1960,12
1960-12-21,73.60693875583232,1960,12
1960-12-22,73.59801879186712,1960,12
1960-12-23,73.79613121505874,1960,12
1960-12-24,73.93790847840509,1960,12
1960-12-25,73.96709741532942,1960,12
1960-12-26,73.88525504924105,1960,12
1960-12-27,73.98045264832919,1960,12
1960-12-28,73.99055492422092,1960,12
1960-12-29,74.07616138191801,1960,12
1960-12-30,73.82785722784983,1960,12
1960-12-31,73.33067714285626,1960,12
1961-01-01,72.85400319581089,1961,1
1961-01-02,72.6264523744618,1961,1
1961-01-03,72.34011611516146,1961,1
1961-01-04,72.3355285831621,1961,1
1961-01-05,72.24799264112237,1961,1
1961-01-06,72.70947749391227,1961,1
1961-01-07,72.79441145113526,1961,1
1961-01-08,73.00351108751326,1961,1
1961-01-09,72.73776246253762,1961,1
1961-01-10,72.89893526693848,1961,1
1961-01-11,72.92061704693067,1961,1
1961-01-12,72.7106058258658,1961,1
1961-01-13,72.77112635638169,1961,1
1961-01-14,72.98611700224411,1961,1
1961-01-15,73.23004395170689,1961,1
1961-01-16,73.49991061690719,1961,1
1961-01-17,73.70457148579871,1961,1
1961-01-18,73.62753237280549,1961,1
1961-01-19,73.68155264627977,1961,1
1961-01-20,73.67815755575651,1961,1
1961-01-21,73.6867992451223,1961,1
1961-01-22,73.68344597917879,1961,1
1961-01-23,73.67976734018156,1961,1
1961-01-24,73.58196105052477,1961,1
1961-01-25,73.7317943207732,1961,1
1961-01-26,73.51481874927886,1961,1
1961-01-27,73.57974166697673,1961,1
1961-01-28,73.37102893764528,1961,1
1961-01-29,73.37720168098141,1961,1
1961-01-30,73.3246440918988,1961,1
1961-01-31,73.3857788825064,1961,1
1961-02-01,73.3263429135841,1961,2
1961-02-02,73.20340014966695,1961,2
1961-02-03,73.21290597178037,1961,2
1961-02-04,73.0452576001829,1961,2
1961-02-05,73.25868273383529,1961,2
1961-02-06,73.06826996475637,1961,2
1961-02-07,72.9869447060273,1961,2
1961-02-08,72.69065601457768,1961,2
1961-02-09,72.39162803131127,1961,2
1961-02-10,72.55638053435213,1961,2
1961-02-11,72.92083907166555,1961,2
1961-02-12,73.23198069098552,1961,2
1961-02-13,73.16672683697472,1961,2
1961-02-14,72.94125572635888,1961,2
1961-02-15,72.93328739493234,1961,2
1961-02-16,72.85706898579625,1961,2
1961-02-17,73.33523781601558,1961,2
1961-02-18,73.83423291968244,1961,2
1961-02-19,74.01351145779235,1961,2
1961-02-20,74.19754568673775,1961,2
1961-02-21,74.21624857977268,1961,2
1961-02-22,74.15176587265465,1961,2
1961-02-23,74.48251850750222,1961,2
1961-02-24,74.4692425696933,1961,2
1961-02-25,74.40400935187381,1961,2
1961-02-26,74.32706264673824,1961,2
1961-02-27,74.61397185736541,1961,2
1961-02-28,75.02368559866491,1961,2
1961-03-01,75.07143220783193,1961,3
1961-03-02,75.44405011222413,1961,3
1961-03-03,75.45297818310688,1961,3
1961-03-04,75.2296537655441,1961,3
1961-03-05,75.60820843275135,1961,3
1961-03-06,75.19088057522346,1961,3
1961-03-07,75.11152492428546,1961,3
1961-03-08,75.21019681247267,1961,3
1961-03-09,75.36216548569247,1961,3
1961-03-10,75.96489961020116,1961,3
1961-03-11,76.16054688044008,1961,3
1961-03-12,76.38216115309888,1961,3
1961-03-13,76.41150826208916,1961,3
1961-03-14,76.22944649380705,1961,3
1961-03-15,76.43518516612295,1961,3
1961-03-16,76.41443196185632,1961,3
1961-03-17,76.30214125093302,1961,3
1961-03-18,75.87159509145519,1961,3
1961-03-19,75.63713266989792,1961,3
1961-03-20,75.56197951365915,1961,3
1961-03-21,75.36002813814765,1961,3
1961-03-22,75.67456252376823,1961,3
1961-03-23,75.89485330122719,1961,3
1961-03-24,75.89033173710932,1961,3
1961-03-25,75.7056440574359,1961,3
1961-03-26,75.70111172449221,1961,3
1961-03-27,75.4605771139878,1961,3
1961-03-28,75.65714653527654,1961,3
1961-03-29,75.84608279587485,1961,3
1961-03-30,76.05197688877342,1961,3
1961-03-31,76.01816077291193,1961,3
1961-04-01,75.9020991688276,1961,4
1961-04-02,75.61924265077515,1961,4
1961-04-03,75.5024008246697,1961,4
1961-04-04,75.94114610488717,1961,4
1961-04-05,76.05144007174896,1961,4
1961-04-06,76.23421326049117,1961,4
1961-04-07,76.12894962089354,1961,4
1961-04-08,75.91475340132274,1961,4
1961-04-09,76.01817866063607,1961,4
1961-04-10,76.16609051165295,1961,4
1961-04-11,76.34256054265593,1961,4
1961-04-12,76.4701125706257,1961,4
1961-04-13,76.50080587700037,1961,4
1961-04-14,76.62166320799201,1961,4
1961-04-15,76.55261305528413,1961,4
1961-04-16,76.65902597350372,1961,4
1961-04-17,76.76855039625252,1961,4
1961-04-18,76.97937938558924,1961,4
1961-04-19,77.17065388550012,1961,4
1961-04-20,77.46556852188445,1961,4
1961-04-21,77.52799281157954,1961,4
1961-04-22,77.40033269060761,1961,4
1961-04-23,77.20932928418605,1961,4
1961-04-24,77.13556706948013,1961,4
1961-04-25,77.01809056866023,1961,4
1961-04-26,77.38979184730768,1961,4
1961-04-27,77.50234496048459,1961,4
1961-04-28,77.58811396823607,1961,4
1961-04-29,77.55119662229662,1961,4
1961-04-30,77.43646625866509,1961,4
1961-05-01,77.20000523115243,1961,5
1961-05-02,77.17824348865807,1961,5
1961-05-03,77.25341340694389,1961,5
1961-05-04,77.16888833513381,1961,5
1961-05-05,77.0996341544795,1961,5
1961-05-06,77.04602444063568,1961,5
1961-05-07,77.06568912073836,1961,5
1961-05-08,76.71925638166603,1961,5
1961-05-09,76.8651426481117,1961,5
1961-05-10,77.01410830885683,1961,5
1961-05-11,77.21864554859098,1961,5
1961-05-12,77.22364478923565,1961,5
1961-05-13,77.05977828094089,1961,5
1961-05-14,77.07107061854073,1961,5
1961-05-15,77.0602811252158,1961,5
1961-05-16,77.21212066849517,1961,5
1961-05-17,77.3487187174887,1961,5
1961-05-18,77.56515139745254,1961,5
1961-05-19,77.74225024374113,1961,5
1961-05-20,77.74093842063053,1961,5
1961-05-21,77.49989904115827,1961,5
1961-05-22,76.93115496348757,1961,5
1961-05-23,76.7456876481147,1961,5
1961-05-24,76.93338665530476,1961,5
1961-05-25,77.04281989219149,1961,5
1961-05-26,77.11614806952457,1961,5
1961-05-27,77.17726832820452,1961,5
1961-05-28,77.27776342998467,1961,5
1961-05-29,77.23820896976872,1961,5
1961-05-30,77.214843984015,1961,5
1961-05-31,77.13382447232544,1961,5
1961-06-01,77.46042339894969,1961,6
1961-06-02,77.45966049765123,1961,6
1961-06-03,77.31535712727312,1961,6
1961-06-04,76.82541266884662,1961,6
1961-06-05,76.80523617999599,1961,6
1961-06-06,76.34214384398976,1961,6
1961-06-07,76.05516105303658,1961,6
1961-06-08,76.0377247102509,1961,6
1961-06-09,76.02544136582011,1961,6
1961-06-10,76.09559513306473,1961,6
1961-06-11,75.91411196048851,1961,6
1961-06-12,75.70209412180974,1961,6
1961-06-13,75.8169982493358,1961,6
1961-06-14,75.7470399968788,1961,6
1961-06-15,76.12267186980877,1961,6
1961-06-16,76.35309116369315,1961,6
1961-06-17,76.619621667096,1961,6
1961-06-18,76.60826025411072,1961,6
1961-06-19,76.43200833154945,1961,6
1961-06-20,75.86393316377696,1961,6
1961-06-21,75.835639920479,1961,6
1961-06-22,75.39986528782678,1961,6
1961-06-23,75.64037635539762,1961,6
1961-06-24,75.70430223226546,1961,6
1961-06-25,75.49950121533503,1961,6
1961-06-26,75.53076172820634,1961,6
1961-06-27,75.74222591811692,1961,6
1961-06-28,76.04402932357225,1961,6
1961-06-29,75.85216679968798,1961,6
1961-06-30,75.73562789030906,1961,6
1961-07-01,75.50348361997646,1961,7
1961-07-02,75.2779023848531,1961,7
1961-07-03,75.45416927204491,1961,7
1961-07-04,75.44962909361465,1961,7
1961-07-05,75.2983609774381,1961,7
1961-07-06,75.07417465229727,1961,7
1961-07-07,74.926021829443,1961,7
1961-07-08,75.01315354788684,1961,7
1961-07-09,74.83777801404987,1961,7
1961-07-10,74.62272670055614,1961,7
1961-07-11,74.4360814208152,1961,7
1961-07-12,74.84237903545065,1961,7
1961-07-13,74.82788090196647,1961,7
1961-07-14,74.53450764610453,1961,7
1961-07-15,74.64498203197451,1961,7
1961-07-16,74.91800518160287,1961,7
1961-07-17,74.66636992915481,1961,7
1961-07-18,74.52209421330616,1961,7
1961-07-19,74.71268899597442,1961,7
1961-07-20,75.0512932565257,1961,7
1961-07-21,75.0708857511558,1961,7
1961-07-22,74.86032576641962,1961,7
1961-07-23,75.08724698829934,1961,7
1961-07-24,74.94991057446794,1961,7
1961-07-25,75.17707624040314,1961,7
1961-07-26,75.06554958975447,1961,7
1961-07-27,75.17592316692068,1961,7
1961-07-28,75.68147423617393,1961,7
1961-07-29,75.39443383883204,1961,7
1961-07-30,75.14632884551214,1961,7
1961-07-31,75.05889870837582,1961,7
1961-08-01,75.22741130819651,1961,8
1961-08-02,74.97729918415668,1961,8
1961-08-03,74.90918108484502,1961,8
1961-08-04,75.1240579274538,1961,8
1961-08-05,75.05500196848348,1961,8
1961-08-06,74.96133026852286,1961,8
1961-08-07,75.16661157902378,1961,8
1961-08-08,75.18711960253164,1961,8
1961-08-09,75.08065998425997,1961,8
1961-08-10,74.97599770353597,1961,8
1961-08-11,75.21154539976126,1961,8
1961-08-12,75.17860747996266,1961,8
1961-08-13,75.49658405151568,1961,8
1961-08-14,75.48754302794723,1961,8
1961-08-15,75.22630175936071,1961,8
1961-08-16,74.76783996086999,1961,8
1961-08-17,74.81981394857506,1961,8
1961-08-18,74.92172273475926,1961,8
1961-08-19,75.19900553694033,1961,8
1961-08-20,75.28523783161918,1961,8
1961-08-21,75.09134545204009,1961,8
1961-08-22,74.86342336248339,1961,8
1961-08-23,75.04212153559321,1961,8
1961-08-24,75.2671978835144,1961,8
1961-08-25,75.11330996574252,1961,8
1961-08-26,75.20942723182472,1961,8
1961-08-27,75.24591852900937,1961,8
1961-08-28,75.32163306698637,1961,8
1961-08-29,75.46173379165981,1961,8
1961-08-30,75.17820144886302,1961,8
1961-08-31,74.76727005443746,1961,8
1961-09-01,74.830065494489,1961,9
1961-09-02,74.50041269359325,1961,9
1961-09-03,74.54367660334755,1961,9
1961-09-04,74.58285158371812,1961,9
1961-09-05,74.69465854875355,1961,9
1961-09-06,74.60136309984799,1961,9
1961-09-07,74.67791712606157,1961,9
1961-09-08,74.59467353503523,1961,9
1961-09-09,74.53545599136693,1961,9
1961-09-10,74.77719057348996,1961,9
1961-09-11,74.68228904721366,1961,9
1961-09-12,74.89076664550113,1961,9
1961-09-13,74.93985153331596,1961,9
1961-09-14,74.98816526586482,1961,9
1961-09-15,74.90421383192971,1961,9
1961-09-16,74.6646274307301,1961,9
1961-09-17,74.85532875819568,1961,9
1961-09-18,75.09759203189618,1961,9
1961-09-19,75.1727410912489,1961,9
1961-09-20,75.18213804783072,1961,9
1961-09-21,75.08651046583815,1961,9
1961-09-22,74.89028512222008,1961,9
1961-09-23,74.68789598720006,1961,9
1961-09-24,74.7753240298097,1961,9
1961-09-25,74.82652705335542,1961,9
1961-09-26,74.89733202732396,1961,9
1961-09-27,74.62511790668682,1961,9
1961-09-28,74.73963222938586,1961,9
1961-09-29,74.9077231271269,1961,9
1961-09-30,75.13011780077852,1961,9
1961-10-01,74.9924840801361,1961,10
1961-10-02,75.16011206500049,1961,10
1961-10-03,74.96601663009946,1961,10
1961-10-04,75.18067053352895,1961,10
1961-10-05,75.33472464847934,1961,10
1961-10-06,75.41264562229895,1961,10
1961-10-07,75.2083754463642,1961,10
1961-10-08,74.89331136077709,1961,10
1961-10-09,74.65528354404958,1961,10
1961-10-10,74.65051839969082,1961,10
1961-10-11,74.68252086541452,1961,10
1961-10-12,74.8071758263911,1961,10
1961-10-13,74.63438100561613,1961,10
1961-10-14,74.85245771075729,1961,10
1961-10-15,74.69831680703501,1961,10
1961-10-16,74.81565821373977,1961,10
1961-10-17,74.68495897313046,1961,10
1961-10-18,74.64091442143686,1961,10
1961-10-19,74.62166319934275,1961,10
1961-10-20,74.82261601598195,1961,10
1961-10-21,74.89720217707442,1961,10
1961-10-22,75.01282540951767,1961,10
1961-10-23,75.05421881863263,1961,10
1961-10-24,75.03816694271461,1961,10
1961-10-25,74.85442337029033,1961,10
1961-10-26,74.74840505232716,1961,10
1961-10-27,74.55104795847738,1961,10
1961-10-28,74.65772199326238,1961,10
1961-10-29,74.7656589878432,1961,10
1961-10-30,74.27507742721482,1961,10
1961-10-31,73.74951040395922,1961,10
1961-11-01,73.99310693820453,1961,11
1961-11-02,74.25086778983163,1961,11
1961-11-03,74.27427683937663,1961,11
1961-11-04,74.29230528264581,1961,11
1961-11-05,74.19893533115645,1961,11
1961-11-06,74.05767398280786,1961,11
1961-11-07,73.97318998743825,1961,11
1961-11-08,74.00859728302831,1961,11
1961-11-09,74.03877523757926,1961,11
1961-11-10,74.08669087046434,1961,11
1961-11-11,74.17872346487364,1961,11
1961-11-12,74.12429973792675,1961,11
1961-11-13,74.36911110654545,1961,11
1961-11-14,74.31514863335288,1961,11
1961-11-15,74.24900723992032,1961,11
1961-11-16,74.14854180916903,1961,11
1961-11-17,74.04254973444183,1961,11
1961-11-18,73.87626642504057,1961,11
1961-11-19,73.96729327993496,1961,11
1961-11-20,73.83387027215674,1961,11
1961-11-21,73.85776671572314,1961,11
1961-11-22,73.76714981682773,1961,11
1961-11-23,73.77604061413989,1961,11
1961-11-24,73.68618313300038,1961,11
1961-11-25,73.70303519527029,1961,11
1961-11-26,73.67336871123118,1961,11
1961-11-27,73.56576408777202,1961,11
1961-11-28,73.56064458713426,1961,11
1961-11-29,73.55259811044802,1961,11
1961-11-30,73.48490932864922,1961,11
1961-12-01,73.4169335448542,1961,12
1961-12-02,73.28541574909515,1961,12
1961-12-03,73.44005767575624,1961,12
1961-12-04,73.47441326746976,1961,12
1961-12-05,73.32748777025897,1961,12
1961-12-06,73.36284726664785,1961,12
1961-12-07,73.26261969926732,1961,12
1961-12-08,73.22840380505616,1961,12
1961-12-09,73.24066128505223,1961,12
1961-12-10,73.16543873998641,1961,12
1961-12-11,73.12628473774208,1961,12
1961-12-12,72.99302874858395,1961,12
1961-12-13,73.01459289874006,1961,12
1961-12-14,73.12928147788425,1961,12
1961-12-15,73.06233469926899,1961,12
1961-12-16,73.11301593804089,1961,12
1961-12-17,73.03506282010154,1961,12
1961-12-18,72.63212685612554,1961,12
1961-12-19,72.09879477104397,1961,12
1961-12-20,71.94274434339302,1961,12
1961-12-21,71.99379000416883,1961,12
1961-12-22,71.764966589403,1961,12
1961-12-23,71.8971905290672,1961,12
1961-12-24,72.11436132490591,1961,12
1961-12-25,72.0070443911244,1961,12
1961-12-26,72.01211413648439,1961,12
1961-12-27,72.21940411526886,1961,12
1961-12-28,72.46843080178336,1961,12
1961-12-29,72.60090829818918,1961,12
1961-12-30,72.8881798870083,1961,12
1961-12-31,72.7537523515238,1961,12
1962-01-01,72.829810673802,1962,1
1962-01-02,72.75036137727191,1962,1
1962-01-03,72.73809062029753,1962,1
1962-01-04,72.84200198589885,1962,1
1962-01-05,72.87422435585597,1962,1
1962-01-06,72.8629421373102,1962,1
1962-01-07,73.06911037716155,1962,1
1962-01-08,73.30799993065874,1962,1
1962-01-09,73.34435571592182,1962,1
1962-01-10,73.28452829931106,1962,1
1962-01-11,73.14335903913445,1962,1
1962-01-12,73.2869984885134,1962,1
1962-01-13,73.28529520217916,1962,1
1962-01-14,72.95383854735803,1962,1
1962-01-15,72.8002707853315,1962,1
1962-01-16,72.74460809441773,1962,1
1962-01-17,72.70045415587647,1962,1
1962-01-18,72.84747576178819,1962,1
1962-01-19,72.86627815608371,1962,1
1962-01-20,72.88527085359785,1962,1
1962-01-21,72.99465622065944,1962,1
1962-01-22,72.55118577027007,1962,1
1962-01-23,72.58767741801277,1962,1
1962-01-24,72.84556169174677,1962,1
1962-01-25,73.13347917248669,1962,1
1962-01-26,72.63939094908453,1962,1
1962-01-27,71.98940591955557,1962,1
1962-01-28,72.09423538625929,1962,1
1962-01-29,72.45123839778995,1962,1
1962-01-30,72.63766439058526,1962,1
1962-01-31,72.86851045914152,1962,1
1962-02-01,72.90958674788146,1962,2
1962-02-02,72.84461117351465,1962,2
1962-02-03,73.0546518905911,1962,2
1962-02-04,73.13238513619272,1962,2
1962-02-05,73.3912701814915,1962,2
1962-02-06,73.38268525410246,1962,2
1962-02-07,73.47799089022233,1962,2
1962-02-08,73.60029986731652,1962,2
1962-02-09,73.21526479153108,1962,2
1962-02-10,73.5233006466326,1962,2
1962-02-11,73.8646892349489,1962,2
1962-02-12,74.12302568653465,1962,2
1962-02-13,74.31611842103729,1962,2
1962-02-14,74.34186374320261,1962,2
1962-02-15,74.23563578550228,1962,2
1962-02-16,74.15755125338303,1962,2
1962-02-17,74.27087139663888,1962,2
1962-02-18,74.10235939020228,1962,2
1962-02-19,73.63968652357048,1962,2
1962-02-20,73.51764755227153,1962,2
1962-02-21,73.74555239223966,1962,2
1962-02-22,73.84183309512875,1962,2
1962-02-23,74.11502483537241,1962,2
1962-02-24,74.26224588547687,1962,2
1962-02-25,74.32331975517386,1962,2
1962-02-26,74.06110958963154,1962,2
1962-02-27,74.14749989685866,1962,2
1962-02-28,74.01416916952321,1962,2
1962-03-01,74.27144833360587,1962,3
1962-03-02,74.54785937371764,1962,3
1962-03-03,74.6583704597711,1962,3
1962-03-04,74.69540602562671,1962,3
1962-03-05,74.1634672718914,1962,3
1962-03-06,73.6622014978475,1962,3
1962-03-07,73.91648288138308,1962,3
1962-03-08,74.22025972255054,1962,3
1962-03-09,74.53776223677887,1962,3
1962-03-10,74.72722054448006,1962,3
1962-03-11,74.7634080022506,1962,3
1962-03-12,74.85405832164355,1962,3
1962-03-13,75.02067222819575,1962,3
1962-03-14,75.20665392636108,1962,3
1962-03-15,75.43878106683731,1962,3
1962-03-16,75.54654247898928,1962,3
1962-03-17,75.50668376440545,1962,3
1962-03-18,75.62453751002657,1962,3
1962-03-19,75.61042705331786,1962,3
1962-03-20,75.44435531656714,1962,3
1962-03-21,75.30357774149796,1962,3
1962-03-22,75.2018501704492,1962,3
1962-03-23,75.45038571785659,1962,3
1962-03-24,75.61878039829463,1962,3
1962-03-25,75.82355982209322,1962,3
1962-03-26,75.86004851304838,1962,3
1962-03-27,75.80158647055053,1962,3
1962-03-28,75.94742200933305,1962,3
1962-03-29,76.20604341124037,1962,3
1962-03-30,76.31286726255257,1962,3
1962-03-31,76.50800421641972,1962,3
1962-04-01,76.45608470663973,1962,4
1962-04-02,76.24753494699628,1962,4
1962-04-03,76.15686018900774,1962,4
1962-04-04,76.28134611562136,1962,4
1962-04-05,76.44027005370576,1962,4
1962-04-06,76.6075482009518,1962,4
1962-04-07,76.50286951662838,1962,4
1962-04-08,76.58117746910776,1962,4
1962-04-09,76.67484327345299,1962,4
1962-04-10,76.37833608700969,1962,4
1962-04-11,76.25861968477422,1962,4
1962-04-12,76.10669131016701,1962,4
1962-04-13,76.10141712544088,1962,4
1962-04-14,76.05981099457202,1962,4
1962-04-15,76.24213354588093,1962,4
1962-04-16,76.27514401615035,1962,4
1962-04-17,75.9417194961189,1962,4
1962-04-18,75.98253816796988,1962,4
1962-04-19,76.12097413262474,1962,4
1962-04-20,76.45648262336357,1962,4
1962-04-21,76.693042571565,1962,4
1962-04-22,76.7971176716158,1962,4
1962-04-23,76.96220600402002,1962,4
1962-04-24,77.2987531111263,1962,4
1962-04-25,77.36094819820634,1962,4
1962-04-26,77.31265307505087,1962,4
1962-04-27,77.15417515457084,1962,4
1962-04-28,76.9582218341425,1962,4
1962-04-29,77.13618656858733,1962,4
1962-04-30,77.0653224783945,1962,4
1962-05-01,77.051373068806,1962,5
1962-05-02,77.0924768095993,1962,5
1962-05-03,77.06195022136976,1962,5
1962-05-04,76.72709116974083,1962,5
1962-05-05,76.95693002858492,1962,5
1962-05-06,76.97490468872013,1962,5
1962-05-07,76.63599398979295,1962,5
1962-05-08,76.69616582349359,1962,5
1962-05-09,76.76080290930068,1962,5
1962-05-10,76.87520340627414,1962,5
1962-05-11,76.43581877239502,1962,5
1962-05-12,76.40348275440915,1962,5
1962-05-13,76.58467431779019,1962,5
1962-05-14,76.90802738312745,1962,5
1962-05-15,77.20069568933202,1962,5
1962-05-16,77.07937323717677,1962,5
1962-05-17,76.87482672695788,1962,5
1962-05-18,77.13025306332946,1962,5
1962-05-19,77.20956314497516,1962,5
1962-05-20,77.06757698395184,1962,5
1962-05-21,77.31256383363626,1962,5
1962-05-22,77.42010513116303,1962,5
1962-05-23,77.74585620314437,1962,5
1962-05-24,77.52264382758248,1962,5
1962-05-25,77.58951593863883,1962,5
1962-05-26,77.66324346424814,1962,5
1962-05-27,77.76410581809967,1962,5
1962-05-28,77.85318402877954,1962,5
1962-05-29,77.78389727602034,1962,5
1962-05-30,77.47910300650045,1962,5
1962-05-31,77.1753566353119,1962,5
1962-06-01,76.9448817677826,1962,6
1962-06-02,77.0644773465127,1962,6
1962-06-03,76.87886495087577,1962,6
1962-06-04,76.82952558510932,1962,6
1962-06-05,76.97853473891847,1962,6
1962-06-06,76.53761677150499,1962,6
1962-06-07,76.49763385897212,1962,6
1962-06-08,76.74528484761424,1962,6
1962-06-09,76.85559182864631,1962,6
1962-06-10,76.61754938713595,1962,6
1962-06-11,76.66156914611254,1962,6
1962-06-12,76.38505427213293,1962,6
1962-06-13,76.28311353749464,1962,6
1962-06-14,76.21250994165543,1962,6
1962-06-15,76.2505240378604,1962,6
1962-06-16,76.4667295596728,1962,6
1962-06-17,77.00629565783925,1962,6
1962-06-18,76.91906159816573,1962,6
1962-06-19,76.68577512298499,1962,6
1962-06-20,76.59717104920065,1962,6
1962-06-21,76.67430728671961,1962,6
1962-06-22,76.55245624394077,1962,6
1962-06-23,76.13355149542822,1962,6
1962-06-24,75.62883396707242,1962,6
1962-06-25,75.87443203651763,1962,6
1962-06-26,76.25222037148826,1962,6
1962-06-27,76.31216956395089,1962,6
1962-06-28,76.3512188739367,1962,6
1962-06-29,76.45148119512685,1962,6
1962-06-30,76.24965613749075,1962,6
1962-07-01,76.71030409770157,1962,7
1962-07-02,76.5519516305115,1962,7
1962-07-03,76.41494512717001,1962,7
1962-07-04,76.19836208788414,1962,7
1962-07-05,76.35188659022504,1962,7
1962-07-06,76.12614474504805,1962,7
1962-07-07,75.86213105656965,1962,7
1962-07-08,75.4197177064784,1962,7
1962-07-09,75.37713278582196,1962,7
1962-07-10,75.59080491421163,1962,7
1962-07-11,75.83469757857682,1962,7
1962-07-12,75.74337348157403,1962,7
1962-07-13,75.23144377669792,1962,7
1962-07-14,75.51892949882905,1962,7
1962-07-15,75.80334085959535,1962,7
1962-07-16,75.40256339621251,1962,7
1962-07-17,74.90876664099682,1962,7
1962-07-18,74.74018552544672,1962,7
1962-07-19,74.74708182045735,1962,7
1962-07-20,74.71831873502842,1962,7
1962-07-21,74.78439360924142,1962,7
1962-07-22,74.83711433812618,1962,7
1962-07-23,74.88499289903733,1962,7
1962-07-24,74.97298507673811,1962,7
1962-07-25,75.00713061993851,1962,7
1962-07-26,74.74298720956871,1962,7
1962-07-27,74.83673448788653,1962,7
1962-07-28,75.07014290538858,1962,7
1962-07-29,75.02972946451564,1962,7
1962-07-30,75.09818691186551,1962,7
1962-07-31,74.88266899716444,1962,7
1962-08-01,75.17550196136548,1962,8
1962-08-02,75.06056879644396,1962,8
1962-08-03,75.08267231976491,1962,8
1962-08-04,75.04110960579817,1962,8
1962-08-05,75.1145377430427,1962,8
1962-08-06,75.14674304236101,1962,8
1962-08-07,75.0214383555413,1962,8
1962-08-08,75.10015026431726,1962,8
1962-08-09,75.06815097982103,1962,8
1962-08-10,75.00184679290258,1962,8
1962-08-11,75.30233027994647,1962,8
1962-08-12,75.05815520522918,1962,8
1962-08-13,74.66145971603562,1962,8
1962-08-14,74.56620812422982,1962,8
1962-08-15,74.5349676647015,1962,8
1962-08-16,74.75867230493147,1962,8
1962-08-17,74.89546816100939,1962,8
1962-08-18,74.68748275821349,1962,8
1962-08-19,74.38166170593631,1962,8
1962-08-20,74.56175111528125,1962,8
1962-08-21,74.7651196615513,1962,8
1962-08-22,74.85248940718937,1962,8
1962-08-23,74.85700930662524,1962,8
1962-08-24,74.95059278652037,1962,8
1962-08-25,75.08246534101089,1962,8
1962-08-26,75.12321093510438,1962,8
1962-08-27,74.96441099094764,1962,8
1962-08-28,74.80238770487539,1962,8
1962-08-29,74.8853994095952,1962,8
1962-08-30,74.9498734106504,1962,8
1962-08-31,75.02853614770859,1962,8
1962-09-01,75.178615817775,1962,9
1962-09-02,75.35665496608884,1962,9
1962-09-03,75.17583648567592,1962,9
1962-09-04,75.23651354496786,1962,9
1962-09-05,75.19798370980565,1962,9
1962-09-06,75.03051815371454,1962,9
1962-09-07,75.1471256953945,1962,9
1962-09-08,75.03216670464225,1962,9
1962-09-09,74.95356264502101,1962,9
1962-09-10,74.91111233897418,1962,9
1962-09-11,74.86274306411009,1962,9
1962-09-12,74.77251272343875,1962,9
1962-09-13,74.71899075833352,1962,9
1962-09-14,74.83319723354072,1962,9
1962-09-15,74.77897730471956,1962,9
1962-09-16,74.86543699188134,1962,9
1962-09-17,74.78035854498354,1962,9
1962-09-18,74.705523477406,1962,9
1962-09-19,74.73964026583904,1962,9
1962-09-20,74.84965929125987,1962,9
1962-09-21,74.44889666868202,1962,9
1962-09-22,74.38319182916072,1962,9
1962-09-23,74.57556389195146,1962,9
1962-09-24,74.73939001289847,1962,9
1962-09-25,74.74738490162876,1962,9
1962-09-26,74.81284319857349,1962,9
1962-09-27,74.77512291690776,1962,9
1962-09-28,74.85060821353937,1962,9
1962-09-29,74.96392265411508,1962,9
1962-09-30,75.03060497961991,1962,9
1962-10-01,74.98787474582275,1962,10
1962-10-02,74.91291491122405,1962,10
1962-10-03,74.78163710494333,1962,10
1962-10-04,75.07691044158435,1962,10
1962-10-05,75.22503901079227,1962,10
1962-10-06,75.37273396829782,1962,10
1962-10-07,75.3988436996289,1962,10
1962-10-08,75.34500511879526,1962,10
1962-10-09,75.26842001366987,1962,10
1962-10-10,75.21581425382705,1962,10
1962-10-11,75.09787711878012,1962,10
1962-10-12,75.17793645703522,1962,10
1962-10-13,75.15525223203684,1962,10
1962-10-14,75.17082551733516,1962,10
1962-10-15,75.04844482391744,1962,10
1962-10-16,74.86867325972426,1962,10
1962-10-17,74.83002782140028,1962,10
1962-10-18,74.82840868764126,1962,10
1962-10-19,74.72399185363568,1962,10
1962-10-20,74.76459672857709,1962,10
1962-10-21,74.81891695291404,1962,10
1962-10-22,74.84051578735692,1962,10
1962-10-23,74.77332324949869,1962,10
1962-10-24,74.80392825680059,1962,10
1962-10-25,74.68423134836752,1962,10
1962-10-26,74.62574877787385,1962,10
1962-10-27,74.53385212419167,1962,10
1962-10-28,74.5114128146721,1962,10
1962-10-29,74.70257208526154,1962,10
1962-10-30,74.69312268708683,1962,10
1962-10-31,74.58270620498182,1962,10
1962-11-01,74.72116596710092,1962,11
1962-11-02,74.76999520131774,1962,11
1962-11-03,74.57914488828062,1962,11
1962-11-04,74.4418876873915,1962,11
1962-11-05,74.45802382172124,1962,11
1962-11-06,74.4698928496831,1962,11
1962-11-07,74.57786669432124,1962,11
1962-11-08,74.50892326882979,1962,11
1962-11-09,74.44131602908539,1962,11
1962-11-10,74.52761677452295,1962,11
1962-11-11,74.61004789045685,1962,11
1962-11-12,74.52100341812516,1962,11
1962-11-13,74.459127201938,1962,11
1962-11-14,74.45253382699636,1962,11
1962-11-15,74.36651885200953,1962,11
1962-11-16,74.455974904324,1962,11
1962-11-17,74.42801595454792,1962,11
1962-11-18,74.41809727500929,1962,11
1962-11-19,74.36971711336864,1962,11
1962-11-20,74.13731741525979,1962,11
1962-11-21,74.01849030654607,1962,11
1962-11-22,73.90936772342971,1962,11
1962-11-23,73.7602294080886,1962,11
1962-11-24,73.62304097438358,1962,11
1962-11-25,73.30311246444083,1962,11
1962-11-26,73.10355565902721,1962,11
1962-11-27,73.36700481572458,1962,11
1962-11-28,73.51348788765785,1962,11
1962-11-29,73.57660284437584,1962,11
1962-11-30,73.83673050438239,1962,11
1962-12-01,73.80503759517842,1962,12
1962-12-02,73.96539781282563,1962,12
1962-12-03,73.90288073019464,1962,12
1962-12-04,73.81017535525532,1962,12
1962-12-05,73.40070094950343,1962,12
1962-12-06,72.86201278633449,1962,12
1962-12-07,73.00365135213279,1962,12
1962-12-08,73.18099444438575,1962,12
1962-12-09,73.1481451185071,1962,12
1962-12-10,73.22467119342664,1962,12
1962-12-11,73.21620057224875,1962,12
1962-12-12,73.1785634223952,1962,12
1962-12-13,73.1046784138829,1962,12
1962-12-14,73.12302309041212,1962,12
1962-12-15,73.04060935869336,1962,12
1962-12-16,73.26235631855442,1962,12
1962-12-17,73.39662641841511,1962,12
1962-12-18,73.11648065461264,1962,12
1962-12-19,73.07511479750767,1962,12
1962-12-20,72.9226002882227,1962,12
1962-12-21,72.86831256267132,1962,12
1962-12-22,72.89780410078573,1962,12
1962-12-23,73.02262287018223,1962,12
1962-12-24,73.14505539744216,1962,12
1962-12-25,73.23651594894507,1962,12
1962-12-26,73.2223847322035,1962,12
1962-12-27,73.31500985186545,1962,12
1962-12-28,73.17877449599932,1962,12
1962-12-29,73.0781455883512,1962,12
1962-12-30,72.74530653345306,1962,12
1962-12-31,72.70452228673227,1962,12
1963-01-01,72.67822964591784,1963,1
1963-01-02,72.68387709597718,1963,1
1963-01-03,72.78564817732362,1963,1
1963-01-04,72.84062985918699,1963,1
1963-01-05,72.75645488187759,1963,1
1963-01-06,72.76993546535074,1963,1
1963-01-07,72.9681906950801,1963,1
1963-01-08,73.06346780228974,1963,1
1963-01-09,73.12491655589352,1963,1
1963-01-10,73.19635336386057,1963,1
1963-01-11,73.34009920662082,1963,1
1963-01-12,73.3800166049837,1963,1
1963-01-13,73.2259659365528,1963,1
1963-01-14,73.27339940572519,1963,1
1963-01-15,72.8429862725912,1963,1
1963-01-16,72.54912384539311,1963,1
1963-01-17,72.47542811937761,1963,1
1963-01-18,72.3860054760191,1963,1
1963-01-19,72.64237830786828,1963,1
1963-01-20,72.69232354731746,1963,1
1963-01-21,72.98054984047984,1963,1
1963-01-22,73.17202074094492,1963,1
1963-01-23,73.3091284064243,1963,1
1963-01-24,73.33224660740605,1963,1
1963-01-25,73.41319038412635,1963,1
1963-01-26,73.5216699934078,1963,1
1963-01-27,73.4599678840537,1963,1
1963-01-28,73.51316094240534,1963,1
1963-01-29,73.62951504490135,1963,1
1963-01-30,73.57808740478676,1963,1
1963-01-31,73.62460650833394,1963,1
1963-02-01,73.67952247398053,1963,2
1963-02-02,73.72235104960755,1963,2
1963-02-03,73.80468648366505,1963,2
1963-02-04,73.7978523519747,1963,2
1963-02-05,74.21193971222232,1963,2
1963-02-06,74.40316447646562,1963,2
1963-02-07,74.43667931550303,1963,2
1963-02-08,74.33825721673956,1963,2
1963-02-09,74.69672250301441,1963,2
1963-02-10,74.42552400501616,1963,2
1963-02-11,74.57858275875218,1963,2
1963-02-12,74.58516365657306,1963,2
1963-02-13,74.41767076045834,1963,2
1963-02-14,74.55966027203003,1963,2
1963-02-15,74.7250644209328,1963,2
1963-02-16,74.66642238152787,1963,2
1963-02-17,74.34148995157024,1963,2
1963-02-18,74.40431938555005,1963,2
1963-02-19,74.46217738591874,1963,2
1963-02-20,74.63015201231333,1963,2
1963-02-21,74.63162981553299,1963,2
1963-02-22,74.74428601946889,1963,2
1963-02-23,74.80385042331585,1963,2
1963-02-24,74.66400103990497,1963,2
1963-02-25,74.67365731231361,1963,2
1963-02-26,74.74773717024215,1963,2
1963-02-27,74.80749276387215,1963,2
1963-02-28,74.90347771292689,1963,2
1963-03-01,74.89157776888425,1963,3
1963-03-02,74.96383551803802,1963,3
1963-03-03,75.23920420099128,1963,3
1963-03-04,75.36004047377587,1963,3
1963-03-05,75.27607800367447,1963,3
1963-03-06,75.38709006744774,1963,3
1963-03-07,75.21434572867605,1963,3
1963-03-08,75.53347688168839,1963,3
1963-03-09,75.67514159319369,1963,3
1963-03-10,75.06341551210078,1963,3
1963-03-11,74.70924899295065,1963,3
1963-03-12,74.4928627396939,1963,3
1963-03-13,74.82969438618451,1963,3
1963-03-14,75.27640923841183,1963,3
1963-03-15,75.39308200068263,1963,3
1963-03-16,75.65029993836677,1963,3
1963-03-17,75.39309106584834,1963,3
1963-03-18,75.24898179290479,1963,3
1963-03-19,75.23504250669693,1963,3
1963-03-20,75.52690888994304,1963,3
1963-03-21,75.69981192371075,1963,3
1963-03-22,75.92958138896594,1963,3
1963-03-23,76.03767076680084,1963,3
1963-03-24,76.05313782513191,1963,3
1963-03-25,75.5673025845823,1963,3
1963-03-26,75.0159246780108,1963,3
1963-03-27,75.3506433095499,1963,3
1963-03-28,75.72397854318191,1963,3
1963-03-29,75.7571283465122,1963,3
1963-03-30,76.21060072828794,1963,3
1963-03-31,76.24443343743286,1963,3
1963-04-01,76.38134167923477,1963,4
1963-04-02,76.29612343408824,1963,4
1963-04-03,76.42478734145992,1963,4
1963-04-04,76.08965872813937,1963,4
1963-04-05,75.89170618398812,1963,4
1963-04-06,76.16217638230961,1963,4
1963-04-07,76.21894840984423,1963,4
1963-04-08,76.26842833398824,1963,4
1963-04-09,76.52054121433925,1963,4
1963-04-10,76.36535508816338,1963,4
1963-04-11,76.15206476961454,1963,4
1963-04-12,75.99229955464355,1963,4
1963-04-13,76.27730821420249,1963,4
1963-04-14,76.56081049087351,1963,4
1963-04-15,76.53660451849414,1963,4
1963-04-16,76.46325840117036,1963,4
1963-04-17,76.44708121862487,1963,4
1963-04-18,76.34012405009956,1963,4
1963-04-19,76.32492327128358,1963,4
1963-04-20,76.34317847098889,1963,4
1963-04-21,76.23233709268128,1963,4
1963-04-22,76.28991981505213,1963,4
1963-04-23,76.4523263461439,1963,4
1963-04-24,76.14873423827797,1963,4
1963-04-25,75.82683846622358,1963,4
1963-04-26,75.94747535661763,1963,4
1963-04-27,76.12265124148628,1963,4
1963-04-28,76.56513187286988,1963,4
1963-04-29,76.67173564540644,1963,4
1963-04-30,76.39343040937048,1963,4
1963-05-01,76.17045975238707,1963,5
1963-05-02,76.2069604716656,1963,5
1963-05-03,76.56170473004912,1963,5
1963-05-04,76.54926613909967,1963,5
1963-05-05,76.51044844721059,1963,5
1963-05-06,76.60405835758309,1963,5
1963-05-07,77.04921739836107,1963,5
1963-05-08,77.38261454207363,1963,5
1963-05-09,77.06026953898908,1963,5
1963-05-10,76.74962319983356,1963,5
1963-05-11,76.59966827682096,1963,5
1963-05-12,76.59938663693374,1963,5
1963-05-13,76.70307754477642,1963,5
1963-05-14,76.69078002764098,1963,5
1963-05-15,76.61085562661977,1963,5
1963-05-16,76.60498882871751,1963,5
1963-05-17,76.38753485961841,1963,5
1963-05-18,76.7360258204198,1963,5
1963-05-19,76.94530832166312,1963,5
1963-05-20,77.0833852880695,1963,5
1963-05-21,77.33996670814302,1963,5
1963-05-22,77.31373383944413,1963,5
1963-05-23,77.38350020112519,1963,5
1963-05-24,77.52828353701074,1963,5
1963-05-25,77.68882560850567,1963,5
1963-05-26,77.59504939931246,1963,5
1963-05-27,77.65427990263407,1963,5
1963-05-28,77.49040542542909,1963,5
1963-05-29,77.33833558597242,1963,5
1963-05-30,77.37073476980466,1963,5
1963-05-31,77.23953809570234,1963,5
1963-06-01,77.16822371853247,1963,6
1963-06-02,77.25725470296206,1963,6
1963-06-03,77.20806196494621,1963,6
1963-06-04,77.0739201388896,1963,6
1963-06-05,76.51294390761247,1963,6
1963-06-06,76.62722403322287,1963,6
1963-06-07,76.37038535014663,1963,6
1963-06-08,75.93357820254614,1963,6
1963-06-09,76.17524369784968,1963,6
1963-06-10,76.39022222190226,1963,6
1963-06-11,76.33171997485333,1963,6
1963-06-12,76.14572010878847,1963,6
1963-06-13,75.92305393994837,1963,6
1963-06-14,75.83182510231076,1963,6
1963-06-15,76.04058987570112,1963,6
1963-06-16,75.87772373943463,1963,6
1963-06-17,75.84483313157368,1963,6
1963-06-18,76.05630247044148,1963,6
1963-06-19,75.94153684528257,1963,6
1963-06-20,76.21990511530669,1963,6
1963-06-21,76.39809569587423,1963,6
1963-06-22,76.3607067493063,1963,6
1963-06-23,76.60694001135843,1963,6
1963-06-24,76.42545745958537,1963,6
1963-06-25,76.3571893689963,1963,6
1963-06-26,76.37473866317987,1963,6
1963-06-27,76.2189195044294,1963,6
1963-06-28,75.89502041482916,1963,6
1963-06-29,75.91993240733528,1963,6
1963-06-30,75.8716389488054,1963,6
1963-07-01,76.15084460027616,1963,7
1963-07-02,76.0969251537826,1963,7
1963-07-03,76.07281520439531,1963,7
1963-07-04,75.71102727667886,1963,7
1963-07-05,75.97345588512215,1963,7
1963-07-06,75.97600062849088,1963,7
1963-07-07,75.64785004876778,1963,7
1963-07-08,75.13771578613196,1963,7
1963-07-09,75.29989380270219,1963,7
1963-07-10,75.36386621117252,1963,7
1963-07-11,75.23198791935188,1963,7
1963-07-12,75.06722863168841,1963,7
1963-07-13,75.16452019144123,1963,7
1963-07-14,75.25749087414431,1963,7
1963-07-15,75.38462590919063,1963,7
1963-07-16,75.27942290865806,1963,7
1963-07-17,75.19333845049832,1963,7
1963-07-18,75.40198377809848,1963,7
1963-07-19,75.45993040185324,1963,7
1963-07-20,75.3781969765404,1963,7
1963-07-21,75.28590516008903,1963,7
1963-07-22,75.3465933015259,1963,7
1963-07-23,75.54123845633444,1963,7
1963-07-24,75.7333804158136,1963,7
1963-07-25,75.40200783710637,1963,7
1963-07-26,75.39695826903888,1963,7
1963-07-27,75.2193884778934,1963,7
1963-07-28,75.0887839896214,1963,7
1963-07-29,75.06058156932798,1963,7
1963-07-30,74.92620939991947,1963,7
1963-07-31,74.58604264948642,1963,7
1963-08-01,74.72904446541614,1963,8
1963-08-02,75.1568204144125,1963,8
1963-08-03,75.06006746430677,1963,8
1963-08-04,75.06958323832433,1963,8
1963-08-05,74.83085824887772,1963,8
1963-08-06,75.01073293203869,1963,8
1963-08-07,75.19820736721667,1963,8
1963-08-08,75.088563067855,1963,8
1963-08-09,74.87182299938502,1963,8
1963-08-10,74.79773146516281,1963,8
1963-08-11,74.50608549395551,1963,8
1963-08-12,74.50317630886286,1963,8
1963-08-13,74.39030641418557,1963,8
1963-08-14,74.5391739378648,1963,8
1963-08-15,74.84914597731364,1963,8
1963-08-16,74.93302218031195,1963,8
1963-08-17,74.87717101379046,1963,8
1963-08-18,74.7638205622069,1963,8
1963-08-19,75.05693967956223,1963,8
1963-08-20,74.78760727159238,1963,8
1963-08-21,74.61651347752945,1963,8
1963-08-22,74.70105058583738,1963,8
1963-08-23,74.73161066985111,1963,8
1963-08-24,75.00270605918294,1963,8
1963-08-25,75.03989110172915,1963,8
1963-08-26,74.73838477813136,1963,8
1963-08-27,74.82821955691296,1963,8
1963-08-28,74.55951942126788,1963,8
1963-08-29,74.7023001864119,1963,8
1963-08-30,74.92306761588969,1963,8
1963-08-31,74.91974373845534,1963,8
1963-09-01,74.88794777393956,1963,9
1963-09-02,74.94102931735796,1963,9
1963-09-03,74.76546925356172,1963,9
1963-09-04,74.77384818947384,1963,9
1963-09-05,74.7820907064961,1963,9
1963-09-06,74.78976229049776,1963,9
1963-09-07,75.02402936997049,1963,9
1963-09-08,75.06245870287651,1963,9
1963-09-09,75.16451243909508,1963,9
1963-09-10,75.25695297378161,1963,9
1963-09-11,75.27236520556693,1963,9
1963-09-12,75.3147216386322,1963,9
1963-09-13,75.141872597379,1963,9
1963-09-14,75.035805357894,1963,9
1963-09-15,74.84093009710459,1963,9
1963-09-16,74.84493943227059,1963,9
1963-09-17,75.16113269821047,1963,9
1963-09-18,75.15901256359862,1963,9
1963-09-19,75.14401211196305,1963,9
1963-09-20,75.01049582526822,1963,9
1963-09-21,75.2451978705983,1963,9
1963-09-22,75.30133966032766,1963,9
1963-09-23,75.33600201858917,1963,9
1963-09-24,75.61488341928353,1963,9
1963-09-25,75.62727687608643,1963,9
1963-09-26,75.60747366798502,1963,9
1963-09-27,75.28495603698148,1963,9
1963-09-28,75.12576781063176,1963,9
1963-09-29,75.1145308771324,1963,9
1963-09-30,75.23980675045608,1963,9
1963-10-01,75.30248531583375,1963,10
1963-10-02,75.32417041725762,1963,10
1963-10-03,75.40496933104927,1963,10
1963-10-04,75.50248350625151,1963,10
1963-10-05,75.47922539195473,1963,10
1963-10-06,75.38202512128862,1963,10
1963-10-07,75.54348086011817,1963,10
1963-10-08,75.6219544831053,1963,10
1963-10-09,75.55052777704046,1963,10
1963-10-10,75.47802209074285,1963,10
1963-10-11,75.38956853486734,1963,10
1963-10-12,75.57471457107604,1963,10
1963-10-13,75.48463097959379,1963,10
1963-10-14,75.4322895160481,1963,10
1963-10-15,75.171641000305,1963,10
1963-10-16,75.0975605472776,1963,10
1963-10-17,75.02657270583225,1963,10
1963-10-18,75.11235004169704,1963,10
1963-10-19,75.11231711292122,1963,10
1963-10-20,75.17715350926314,1963,10
1963-10-21,75.14549669287057,1963,10
1963-10-22,74.9195505601106,1963,10
1963-10-23,74.5835699612235,1963,10
1963-10-24,74.15597971546545,1963,10
1963-10-25,73.89164398872316,1963,10
1963-10-26,73.98538267049095,1963,10
1963-10-27,74.4283496765611,1963,10
1963-10-28,74.6203489525187,1963,10
1963-10-29,74.89154916603833,1963,10
1963-10-30,75.0799781421463,1963,10
1963-10-31,74.88246503779528,1963,10
1963-11-01,74.98657279779425,1963,11
1963-11-02,74.88852394691983,1963,11
1963-11-03,74.61148610351988,1963,11
1963-11-04,74.59831272974633,1963,11
1963-11-05,74.63644599728511,1963,11
1963-11-06,74.51264231319004,1963,11
1963-11-07,74.34132671683602,1963,11
1963-11-08,74.40469465432874,1963,11
1963-11-09,74.38697601242579,1963,11
1963-11-10,74.19040401234052,1963,11
1963-11-11,74.50822681626255,1963,11
1963-11-12,74.44987610106364,1963,11
1963-11-13,74.49279442268923,1963,11
1963-11-14,74.54252149063403,1963,11
1963-11-15,74.34966809372837,1963,11
1963-11-16,74.25669307525513,1963,11
1963-11-17,74.06847963979277,1963,11
1963-11-18,74.16198200907384,1963,11
1963-11-19,74.12483535124447,1963,11
1963-11-20,74.09067748622121,1963,11
1963-11-21,73.93034107508677,1963,11
1963-11-22,73.70863204569687,1963,11
1963-11-23,73.52536231643829,1963,11
1963-11-24,73.60684862404393,1963,11
1963-11-25,73.64619866113385,1963,11
1963-11-26,73.36368181746097,1963,11
1963-11-27,73.87755327256808,1963,11
1963-11-28,74.10065085921939,1963,11
1963-11-29,74.08609840096922,1963,11
1963-11-30,73.9557087555221,1963,11
1963-12-01,73.97415971277836,1963,12
1963-12-02,73.43314030230812,1963,12
1963-12-03,73.49404275571631,1963,12
1963-12-04,73.63638453442282,1963,12
1963-12-05,73.50865673533139,1963,12
1963-12-06,73.61868704260038,1963,12
1963-12-07,73.66362225576891,1963,12
1963-12-08,73.78629394425903,1963,12
1963-12-09,73.94331791237435,1963,12
1963-12-10,74.01032390261784,1963,12
1963-12-11,74.08497063389294,1963,12
1963-12-12,73.97232976599935,1963,12
1963-12-13,73.90594584886244,1963,12
1963-12-14,73.34465979959502,1963,12
1963-12-15,73.19190223154698,1963,12
1963-12-16,73.13510984369574,1963,12
1963-12-17,73.02069405507471,1963,12
1963-12-18,72.90593446897685,1963,12
1963-12-19,72.98597113030982,1963,12
1963-12-20,72.96947782246544,1963,12
1963-12-21,72.7426525729985,1963,12
1963-12-22,72.74051791815374,1963,12
1963-12-23,72.60909796835718,1963,12
1963-12-24,72.4159180320246,1963,12
1963-12-25,72.37273645545646,1963,12
1963-12-26,72.32535915582787,1963,12
1963-12-27,72.97009533102215,1963,12
1963-12-28,73.24616696580308,1963,12
1963-12-29,73.40406770468769,1963,12
1963-12-30,73.50894367795316,1963,12
1963-12-31,73.62483244237862,1963,12
1964-01-01,73.72828220311666,1964,1
1964-01-02,73.2577060434668,1964,1
1964-01-03,73.23877658634491,1964,1
1964-01-04,73.23938269649065,1964,1
1964-01-05,73.18852394722596,1964,1
1964-01-06,73.1810008433504,1964,1
1964-01-07,73.41031611521169,1964,1
1964-01-08,73.61963542432068,1964,1
1964-01-09,73.68629106111557,1964,1
1964-01-10,73.61684260575386,1964,1
1964-01-11,73.52927320648382,1964,1
1964-01-12,73.29554473280437,1964,1
1964-01-13,73.05265033819201,1964,1
1964-01-14,72.93168184745358,1964,1
1964-01-15,72.69415019989599,1964,1
1964-01-16,72.60194618947315,1964,1
1964-01-17,72.55991607776093,1964,1
1964-01-18,72.60423272857533,1964,1
1964-01-19,72.58908805450221,1964,1
1964-01-20,72.8115653031372,1964,1
1964-01-21,72.99853179744872,1964,1
1964-01-22,73.12056945511374,1964,1
1964-01-23,72.96815023435288,1964,1
1964-01-24,72.88241273579098,1964,1
1964-01-25,72.83725601621487,1964,1
1964-01-26,72.83481421184749,1964,1
1964-01-27,72.59764956127148,1964,1
1964-01-28,72.98356060770588,1964,1
1964-01-29,73.07723712938322,1964,1
1964-01-30,73.16113196636277,1964,1
1964-01-31,73.18151907390315,1964,1
1964-02-01,73.0616100465271,1964,2
1964-02-02,72.98260215680538,1964,2
1964-02-03,73.4430612702557,1964,2
1964-02-04,73.29913160604791,1964,2
1964-02-05,72.95083716378942,1964,2
1964-02-06,73.31251658418694,1964,2
1964-02-07,73.55485358579877,1964,2
1964-02-08,73.79627831955071,1964,2
1964-02-09,73.908734012058,1964,2
1964-02-10,73.61324467698454,1964,2
1964-02-11,73.40281792284219,1964,2
1964-02-12,73.8061221171104,1964,2
1964-02-13,74.058489509937,1964,2
1964-02-14,74.18412674571762,1964,2
1964-02-15,74.43864956802342,1964,2
1964-02-16,74.57476657818849,1964,2
1964-02-17,74.73192988680361,1964,2
1964-02-18,74.84028067499086,1964,2
1964-02-19,74.88060956152277,1964,2
1964-02-20,74.92507775975734,1964,2
1964-02-21,75.06396580657679,1964,2
1964-02-22,75.20774635371171,1964,2
1964-02-23,74.89046548335371,1964,2
1964-02-24,74.56735299887819,1964,2
1964-02-25,74.53818110192593,1964,2
1964-02-26,74.5314756542304,1964,2
1964-02-27,74.70708934436092,1964,2
1964-02-28,74.85972238451733,1964,2
1964-02-29,74.9901169756375,1964,2
1964-03-01,74.82688894211721,1964,3
1964-03-02,74.99306938854559,1964,3
1964-03-03,75.12360690388728,1964,3
1964-03-04,75.16803966196775,1964,3
1964-03-05,75.05081814219791,1964,3
1964-03-06,75.05975345623213,1964,3
1964-03-07,75.17901105672681,1964,3
1964-03-08,75.58127170783929,1964,3
1964-03-09,75.80493348154529,1964,3
1964-03-10,76.0560230005052,1964,3
1964-03-11,76.07008753695973,1964,3
1964-03-12,76.15875736051989,1964,3
1964-03-13,76.23204045249697,1964,3
1964-03-14,76.33708197824069,1964,3
1964-03-15,76.44660128791807,1964,3
1964-03-16,76.53347784999956,1964,3
1964-03-17,76.62432079706919,1964,3
1964-03-18,76.41470227834293,1964,3
1964-03-19,76.09327312289396,1964,3
1964-03-20,75.8457193328215,1964,3
1964-03-21,75.66292450272519,1964,3
1964-03-22,75.88838701275755,1964,3
1964-03-23,76.20754105565223,1964,3
1964-03-24,76.25055582890197,1964,3
1964-03-25,76.32369980803176,1964,3
1964-03-26,76.15338797742046,1964,3
1964-03-27,76.21249576863329,1964,3
1964-03-28,76.34018150260466,1964,3
1964-03-29,76.428988552312,1964,3
1964-03-30,76.55353719853166,1964,3
1964-03-31,76.60279513395635,1964,3
1964-04-01,76.03535946091827,1964,4
1964-04-02,76.046487957988,1964,4
1964-04-03,76.15855152793043,1964,4
1964-04-04,76.22764927684405,1964,4
1964-04-05,76.19510582591748,1964,4
1964-04-06,76.36263264989874,1964,4
1964-04-07,76.56395036597769,1964,4
1964-04-08,76.77360540495359,1964,4
1964-04-09,76.89890409529306,1964,4
1964-04-10,77.06048396373102,1964,4
1964-04-11,77.01796632156261,1964,4
1964-04-12,77.19266236437069,1964,4
1964-04-13,77.32777936281984,1964,4
1964-04-14,77.2670797335897,1964,4
1964-04-15,77.13881229391048,1964,4
1964-04-16,76.97284947572369,1964,4
1964-04-17,76.41022743445811,1964,4
1964-04-18,76.8960831090651,1964,4
1964-04-19,76.99922830598445,1964,4
1964-04-20,76.47705174634744,1964,4
1964-04-21,77.01135698067111,1964,4
1964-04-22,77.22888520485849,1964,4
1964-04-23,77.07116259969877,1964,4
1964-04-24,76.74962057192943,1964,4
1964-04-25,76.80790136541648,1964,4
1964-04-26,77.07025761498532,1964,4
1964-04-27,77.08152922470117,1964,4
1964-04-28,77.09021834397659,1964,4
1964-04-29,77.41111967593199,1964,4
1964-04-30,77.61972358863592,1964,4
1964-05-01,77.70206345037376,1964,5
1964-05-02,77.51017848702097,1964,5
1964-05-03,77.64273062997796,1964,5
1964-05-04,77.55052779558565,1964,5
1964-05-05,77.42691884000753,1964,5
1964-05-06,77.32092348288887,1964,5
1964-05-07,77.39032227135625,1964,5
1964-05-08,77.62560734253955,1964,5
1964-05-09,77.53610796983996,1964,5
1964-05-10,77.42857666978243,1964,5
1964-05-11,77.11488024619013,1964,5
1964-05-12,76.5061340061249,1964,5
1964-05-13,75.85215546392256,1964,5
1964-05-14,75.93818995286419,1964,5
1964-05-15,76.13229522534814,1964,5
1964-05-16,76.48791372935601,1964,5
1964-05-17,76.93637185363502,1964,5
1964-05-18,77.19572152486674,1964,5
1964-05-19,77.43098609948242,1964,5
1964-05-20,77.53849758404071,1964,5
1964-05-21,77.26046278610453,1964,5
1964-05-22,76.77793880409024,1964,5
1964-05-23,76.72916570697721,1964,5
1964-05-24,76.87486725805351,1964,5
1964-05-25,77.02760851598191,1964,5
1964-05-26,77.21625540821644,1964,5
1964-05-27,77.58604695630652,1964,5
1964-05-28,77.54887384104492,1964,5
1964-05-29,77.56805420116783,1964,5
1964-05-30,77.68007554050993,1964,5
1964-05-31,77.6383704332434,1964,5
1964-06-01,77.78568208159837,1964,6
1964-06-02,77.60234318657176,1964,6
1964-06-03,77.55929352280451,1964,6
1964-06-04,77.53206793142958,1964,6
1964-06-05,77.60359725136958,1964,6
1964-06-06,77.71711288539926,1964,6
1964-06-07,77.27553285025856,1964,6
1964-06-08,77.30048080155285,1964,6
1964-06-09,77.10956724590928,1964,6
1964-06-10,77.5309113263305,1964,6
1964-06-11,77.37474248817048,1964,6
1964-06-12,76.98136726734408,1964,6
1964-06-13,77.00659898062251,1964,6
1964-06-14,76.91049918755874,1964,6
1964-06-15,76.42878176954541,1964,6
1964-06-16,76.41812074316054,1964,6
1964-06-17,76.59120204419864,1964,6
1964-06-18,76.40549400665459,1964,6
1964-06-19,76.57824429613746,1964,6
1964-06-20,76.80877951295581,1964,6
1964-06-21,76.72264957414679,1964,6
1964-06-22,76.44510004918696,1964,6
1964-06-23,76.28817577449014,1964,6
1964-06-24,76.0856543367883,1964,6
1964-06-25,76.05293725126161,1964,6
1964-06-26,76.05753027312595,1964,6
1964-06-27,75.90470884603624,1964,6
1964-06-28,75.73977949352148,1964,6
1964-06-29,75.97515196360794,1964,6
1964-06-30,75.96006906841299,1964,6
1964-07-01,76.28975238595699,1964,7
1964-07-02,76.11567860118741,1964,7
1964-07-03,76.10328642331004,1964,7
1964-07-04,75.97852488578211,1964,7
1964-07-05,75.4413237180886,1964,7
1964-07-06,75.04786353289153,1964,7
1964-07-07,75.06253042855816,1964,7
1964-07-08,75.04686874565184,1964,7
1964-07-09,75.1102318267886,1964,7
1964-07-10,75.24906457656819,1964,7
1964-07-11,74.92343369710116,1964,7
1964-07-12,74.81761099352867,1964,7
1964-07-13,74.84342159778271,1964,7
1964-07-14,75.2149494482797,1964,7
1964-07-15,75.22505235137037,1964,7
1964-07-16,75.27313082338968,1964,7
1964-07-17,75.41056365649935,1964,7
1964-07-18,75.16320808884517,1964,7
1964-07-19,75.19423658083856,1964,7
1964-07-20,75.19193626644403,1964,7
1964-07-21,75.19840903713373,1964,7
1964-07-22,75.50407436277563,1964,7
1964-07-23,75.66435873676808,1964,7
1964-07-24,75.5062001124345,1964,7
1964-07-25,74.54590521233241,1964,7
1964-07-26,74.38949017356843,1964,7
1964-07-27,74.68366777858519,1964,7
1964-07-28,74.90233540145648,1964,7
1964-07-29,74.90302587926818,1964,7
1964-07-30,74.92353979670177,1964,7
1964-07-31,74.97145575006849,1964,7
1964-08-01,75.10782884533475,1964,8
1964-08-02,75.23731836267892,1964,8
1964-08-03,75.36390225090625,1964,8
1964-08-04,75.23835008620313,1964,8
1964-08-05,75.07749228468484,1964,8
1964-08-06,75.00213436402764,1964,8
1964-08-07,74.98971270463201,1964,8
1964-08-08,75.15622449909762,1964,8
1964-08-09,75.29110137349062,1964,8
1964-08-10,75.33985131200127,1964,8
1964-08-11,75.36626700661397,1964,8
1964-08-12,74.85801063530536,1964,8
1964-08-13,74.99079755573295,1964,8
1964-08-14,75.14737366968431,1964,8
1964-08-15,74.99998049483554,1964,8
1964-08-16,74.43997849282613,1964,8
1964-08-17,74.3955036461478,1964,8
1964-08-18,74.59828084941452,1964,8
1964-08-19,74.80172346780836,1964,8
1964-08-20,74.94172901731555,1964,8
1964-08-21,74.79292695630328,1964,8
1964-08-22,74.80188051301614,1964,8
1964-08-23,74.77870374012537,1964,8
1964-08-24,74.78587469764369,1964,8
1964-08-25,74.55895945203444,1964,8
1964-08-26,74.57453243615502,1964,8
1964-08-27,74.81837656436909,1964,8
1964-08-28,74.80178538651622,1964,8
1964-08-29,75.0123655923421,1964,8
1964-08-30,75.09204987628985,1964,8
1964-08-31,75.06110229196382,1964,8
1964-09-01,74.85821719169242,1964,9
1964-09-02,74.7129942133422,1964,9
1964-09-03,74.51513403662311,1964,9
1964-09-04,74.90334113472339,1964,9
1964-09-05,74.89211008950645,1964,9
1964-09-06,75.18003011943644,1964,9
1964-09-07,75.18921592199383,1964,9
1964-09-08,75.19674835952415,1964,9
1964-09-09,74.68077571384286,1964,9
1964-09-10,75.05641996686806,1964,9
1964-09-11,74.87548436320205,1964,9
1964-09-12,75.2133985725974,1964,9
1964-09-13,74.97958475678186,1964,9
1964-09-14,75.36578779012555,1964,9
1964-09-15,75.46053417675381,1964,9
1964-09-16,75.42208709839831,1964,9
1964-09-17,75.12346659346159,1964,9
1964-09-18,75.21874697917627,1964,9
1964-09-19,75.28801197086399,1964,9
1964-09-20,75.16449377775442,1964,9
1964-09-21,75.01553017926828,1964,9
1964-09-22,75.12379161900427,1964,9
1964-09-23,74.9650726692506,1964,9
1964-09-24,74.86022187978509,1964,9
1964-09-25,74.59832449288146,1964,9
1964-09-26,74.67901728929208,1964,9
1964-09-27,74.9699351725272,1964,9
1964-09-28,75.10555540832675,1964,9
1964-09-29,75.30247591579563,1964,9
1964-09-30,75.05452985776432,1964,9
1964-10-01,75.05135953348181,1964,10
1964-10-02,75.2194189152558,1964,10
1964-10-03,75.35239792749816,1964,10
1964-10-04,75.42401696028128,1964,10
1964-10-05,75.446849673704,1964,10
1964-10-06,75.41830783636563,1964,10
1964-10-07,75.234249897287,1964,10
1964-10-08,75.09364835168421,1964,10
1964-10-09,75.21195746386168,1964,10
1964-10-10,75.23081492889224,1964,10
1964-10-11,75.24455965401172,1964,10
1964-10-12,75.28232213186196,1964,10
1964-10-13,75.27469083859692,1964,10
1964-10-14,75.25767282101656,1964,10
1964-10-15,75.23434512452006,1964,10
1964-10-16,75.32714128524943,1964,10
1964-10-17,75.40855589733536,1964,10
1964-10-18,75.40917064253941,1964,10
1964-10-19,75.17643445907922,1964,10
1964-10-20,75.03830488529893,1964,10
1964-10-21,75.12523327424252,1964,10
1964-10-22,75.03957952915873,1964,10
1964-10-23,75.03691779986559,1964,10
1964-10-24,75.05726034185486,1964,10
1964-10-25,75.10553289146605,1964,10
1964-10-26,75.05559325768122,1964,10
1964-10-27,74.8992800384752,1964,10
1964-10-28,74.90295068381269,1964,10
1964-10-29,75.01883727002468,1964,10
1964-10-30,75.08548189027712,1964,10
1964-10-31,75.01837754307526,1964,10
1964-11-01,75.0271753713757,1964,11
1964-11-02,75.19012637335805,1964,11
1964-11-03,75.16738066708407,1964,11
1964-11-04,75.08216359183119,1964,11
1964-11-05,75.00905871065653,1964,11
1964-11-06,74.86325610565414,1964,11
1964-11-07,74.42782079825169,1964,11
1964-11-08,74.16791849416215,1964,11
1964-11-09,74.11752551384589,1964,11
1964-11-10,74.42528034918813,1964,11
1964-11-11,74.6595452552014,1964,11
1964-11-12,74.71022119904862,1964,11
1964-11-13,74.63031553492495,1964,11
1964-11-14,74.55613911640059,1964,11
1964-11-15,74.54880349633204,1964,11
1964-11-16,74.36177806891743,1964,11
1964-11-17,74.23687983391882,1964,11
1964-11-18,74.22837627513832,1964,11
1964-11-19,74.18472076495338,1964,11
1964-11-20,73.84039413291445,1964,11
1964-11-21,73.98100339178703,1964,11
1964-11-22,74.1122678271917,1964,11
1964-11-23,74.05846043311013,1964,11
1964-11-24,74.0257891739131,1964,11
1964-11-25,73.92016268205415,1964,11
1964-11-26,74.10579958470313,1964,11
1964-11-27,74.07598876066777,1964,11
1964-11-28,73.99616195795026,1964,11
1964-11-29,73.84661767919887,1964,11
1964-11-30,73.82882058113383,1964,11
1964-12-01,73.81888068552503,1964,12
1964-12-02,73.69228819139165,1964,12
1964-12-03,73.88054780041915,1964,12
1964-12-04,73.82923400308113,1964,12
1964-12-05,73.8384161833375,1964,12
1964-12-06,73.6517935856767,1964,12
1964-12-07,73.50866781666525,1964,12
1964-12-08,73.62271333079833,1964,12
1964-12-09,73.48607848160259,1964,12
1964-12-10,73.2475741700194,1964,12
1964-12-11,73.37748330519514,1964,12
1964-12-12,72.96234897098618,1964,12
1964-12-13,72.78982972851239,1964,12
1964-12-14,72.72263274715121,1964,12
1964-12-15,72.6511141516238,1964,12
1964-12-16,72.8429231900085,1964,12
1964-12-17,72.87693670039917,1964,12
1964-12-18,73.07791463953954,1964,12
1964-12-19,73.20346321406494,1964,12
1964-12-20,73.26048702541935,1964,12
1964-12-21,73.36089513952084,1964,12
1964-12-22,73.54727424051717,1964,12
1964-12-23,73.75541087568706,1964,12
1964-12-24,73.74703808319083,1964,12
1964-12-25,73.5197240309591,1964,12
1964-12-26,73.40254924059425,1964,12
1964-12-27,73.45580808951509,1964,12
1964-12-28,73.37703207559042,1964,12
1964-12-29,73.33854096500974,1964,12
1964-12-30,73.334413747623,1964,12
1964-12-31,73.382870950567,1964,12
1965-01-01,73.42664946672195,1965,1
1965-01-02,73.12058686244035,1965,1
1965-01-03,72.85565114549567,1965,1
1965-01-04,72.45181942944893,1965,1
1965-01-05,72.45353851924327,1965,1
1965-01-06,72.59849342964739,1965,1
1965-01-07,72.76668366079394,1965,1
1965-01-08,72.90303674675233,1965,1
1965-01-09,73.03312558624455,1965,1
1965-01-10,73.15359348594805,1965,1
1965-01-11,73.31481925835801,1965,1
1965-01-12,73.61128187291806,1965,1
1965-01-13,73.81434059800368,1965,1
1965-01-14,73.82180630021328,1965,1
1965-01-15,73.8814044126051,1965,1
1965-01-16,73.85524159226401,1965,1
1965-01-17,73.80558676459681,1965,1
1965-01-18,73.77892995954454,1965,1
1965-01-19,73.84851979635266,1965,1
1965-01-20,73.60485974643923,1965,1
1965-01-21,73.42948296193097,1965,1
1965-01-22,73.4271001998012,1965,1
1965-01-23,73.32932004834477,1965,1
1965-01-24,73.22970421927162,1965,1
1965-01-25,73.31009768594016,1965,1
1965-01-26,73.44993383887092,1965,1
1965-01-27,73.50284247976151,1965,1
1965-01-28,73.64669813080583,1965,1
1965-01-29,73.771004796349,1965,1
1965-01-30,73.96980430834203,1965,1
1965-01-31,73.99057764724142,1965,1
1965-02-01,74.15680502812708,1965,2
1965-02-02,74.17932066434294,1965,2
1965-02-03,74.31601283349514,1965,2
1965-02-04,74.27767076360965,1965,2
1965-02-05,74.08567924653313,1965,2
1965-02-06,74.14918692339693,1965,2
1965-02-07,73.92162853645576,1965,2
1965-02-08,73.49064597899692,1965,2
1965-02-09,73.62377257592708,1965,2
1965-02-10,73.70763899179167,1965,2
1965-02-11,74.11286926525575,1965,2
1965-02-12,74.21815857668783,1965,2
1965-02-13,73.71436112649782,1965,2
1965-02-14,73.35035805978957,1965,2
1965-02-15,73.52771493122103,1965,2
1965-02-16,73.43349225900842,1965,2
1965-02-17,74.04260055717664,1965,2
1965-02-18,74.11956537085932,1965,2
1965-02-19,74.02956916132676,1965,2
1965-02-20,74.02985196523397,1965,2
1965-02-21,73.79675534775805,1965,2
1965-02-22,73.86552220421257,1965,2
1965-02-23,73.89568081126792,1965,2
1965-02-24,73.95125480160567,1965,2
1965-02-25,74.31936504179319,1965,2
1965-02-26,74.34263750929061,1965,2
1965-02-27,74.52855774767713,1965,2
1965-02-28,74.71190227856634,1965,2
1965-03-01,74.79068475243253,1965,3
1965-03-02,74.91247550508281,1965,3
1965-03-03,74.45822768503113,1965,3
1965-03-04,74.79207460853449,1965,3
1965-03-05,75.0175220913905,1965,3
1965-03-06,75.41259014419252,1965,3
1965-03-07,75.37752892292943,1965,3
1965-03-08,74.93231459913356,1965,3
1965-03-09,75.12188733905087,1965,3
1965-03-10,75.22682623594697,1965,3
1965-03-11,75.3390855758873,1965,3
1965-03-12,75.07282973513786,1965,3
1965-03-13,75.12621233717802,1965,3
1965-03-14,75.40338371571791,1965,3
1965-03-15,75.65987389066913,1965,3
1965-03-16,76.08727763682498,1965,3
1965-03-17,76.16996821819855,1965,3
1965-03-18,76.1451914506242,1965,3
1965-03-19,75.49716203156385,1965,3
1965-03-20,74.65724347904732,1965,3
1965-03-21,74.4448798611209,1965,3
1965-03-22,74.93172910020922,1965,3
1965-03-23,74.74336568963669,1965,3
1965-03-24,74.60163031484853,1965,3
1965-03-25,74.80569376791696,1965,3
1965-03-26,75.54378887521797,1965,3
1965-03-27,75.8612917775426,1965,3
1965-03-28,75.7828691055973,1965,3
1965-03-29,75.92954483385593,1965,3
1965-03-30,75.87115187878507,1965,3
1965-03-31,75.26754103884377,1965,3
1965-04-01,74.68227429229555,1965,4
1965-04-02,74.26228289338964,1965,4
1965-04-03,74.24172222115553,1965,4
1965-04-04,74.58212556479057,1965,4
1965-04-05,75.08109004879913,1965,4
1965-04-06,75.55665278308153,1965,4
1965-04-07,75.83948206085415,1965,4
1965-04-08,76.05216746956219,1965,4
1965-04-09,75.95191103524384,1965,4
1965-04-10,76.2619914487941,1965,4
1965-04-11,76.20034088761327,1965,4
1965-04-12,76.70134322488006,1965,4
1965-04-13,76.41854935680479,1965,4
1965-04-14,76.25170033353542,1965,4
1965-04-15,76.2384599356251,1965,4
1965-04-16,76.56962677528395,1965,4
1965-04-17,76.63042442846275,1965,4
1965-04-18,76.503039498505,1965,4
1965-04-19,75.99566531581185,1965,4
1965-04-20,75.81310712817107,1965,4
1965-04-21,76.0162770618321,1965,4
1965-04-22,76.14997090950826,1965,4
1965-04-23,76.49376981697458,1965,4
1965-04-24,76.58453471899752,1965,4
1965-04-25,76.54822803360155,1965,4
1965-04-26,76.65037009992764,1965,4
1965-04-27,76.6500468391582,1965,4
1965-04-28,76.69534477922446,1965,4
1965-04-29,77.02890585815467,1965,4
1965-04-30,77.27946717501123,1965,4
1965-05-01,77.32273518457872,1965,5
1965-05-02,77.23538802135997,1965,5
1965-05-03,77.17142412348606,1965,5
1965-05-04,76.91543736768502,1965,5
1965-05-05,77.06234938633747,1965,5
1965-05-06,77.1585274903213,1965,5
1965-05-07,76.93435669842818,1965,5
1965-05-08,76.58375301706884,1965,5
1965-05-09,76.86733938005858,1965,5
1965-05-10,76.96945561655674,1965,5
1965-05-11,77.02563881363199,1965,5
1965-05-12,76.7419140920126,1965,5
1965-05-13,77.04594877939446,1965,5
1965-05-14,77.22187097911849,1965,5
1965-05-15,77.4693373687439,1965,5
1965-05-16,77.58306062358037,1965,5
1965-05-17,77.65363012189039,1965,5
1965-05-18,77.47390825241102,1965,5
1965-05-19,77.29844173416292,1965,5
1965-05-20,77.30255335107668,1965,5
1965-05-21,77.27581611552743,1965,5
1965-05-22,76.68593702065664,1965,5
1965-05-23,76.65192026861466,1965,5
1965-05-24,76.42471560262024,1965,5
1965-05-25,76.59890239482833,1965,5
1965-05-26,76.9090788458739,1965,5
1965-05-27,77.2724343193144,1965,5
1965-05-28,77.60572243270097,1965,5
1965-05-29,77.68935990322456,1965,5
1965-05-30,77.62563000636796,1965,5
1965-05-31,77.75683613408093,1965,5
1965-06-01,77.82868052743294,1965,6
1965-06-02,77.74474314330745,1965,6
1965-06-03,77.63534268926395,1965,6
1965-06-04,77.7718759811174,1965,6
1965-06-05,77.33397263601346,1965,6
1965-06-06,76.79835432052896,1965,6
1965-06-07,76.52808837906831,1965,6
1965-06-08,76.71764914663743,1965,6
1965-06-09,77.16045394264923,1965,6
1965-06-10,77.22970985195909,1965,6
1965-06-11,77.35622826704531,1965,6
1965-06-12,77.35467472330379,1965,6
1965-06-13,77.36770910792086,1965,6
1965-06-14,77.60497834574585,1965,6
1965-06-15,77.30656130361596,1965,6
1965-06-16,77.20662811725764,1965,6
1965-06-17,77.26048010675215,1965,6
1965-06-18,76.96003540938355,1965,6
1965-06-19,76.5942291775411,1965,6
1965-06-20,76.84425307644952,1965,6
1965-06-21,77.09590636253414,1965,6
1965-06-22,76.6116481769655,1965,6
1965-06-23,76.2396286710815,1965,6
1965-06-24,76.1474854391546,1965,6
1965-06-25,76.26328868007927,1965,6
1965-06-26,76.13931554700201,1965,6
1965-06-27,76.05201358304302,1965,6
1965-06-28,76.12060025623565,1965,6
1965-06-29,76.2263588309066,1965,6
1965-06-30,76.29989184685759,1965,6
1965-07-01,76.36541168159997,1965,7
1965-07-02,76.12594188132246,1965,7
1965-07-03,75.54269047536404,1965,7
1965-07-04,75.20302145810632,1965,7
1965-07-05,75.21213032352588,1965,7
1965-07-06,75.57412111822215,1965,7
1965-07-07,75.97622657104397,1965,7
1965-07-08,75.92598975030495,1965,7
1965-07-09,75.77309589997682,1965,7
1965-07-10,75.52044132904493,1965,7
1965-07-11,75.70529605651761,1965,7
1965-07-12,75.84738446571563,1965,7
1965-07-13,75.83615780936312,1965,7
1965-07-14,75.8340870840975,1965,7
1965-07-15,75.5903016048109,1965,7
1965-07-16,75.3796184506924,1965,7
1965-07-17,75.25076687355181,1965,7
1965-07-18,74.93522635840921,1965,7
1965-07-19,74.89749218190943,1965,7
1965-07-20,74.79945500951507,1965,7
1965-07-21,74.83714192658918,1965,7
1965-07-22,75.01360845489062,1965,7
1965-07-23,75.18247679708479,1965,7
1965-07-24,75.26274498648631,1965,7
1965-07-25,75.07006279922676,1965,7
1965-07-26,74.71724595264823,1965,7
1965-07-27,74.81758722022232,1965,7
1965-07-28,74.88576070593425,1965,7
1965-07-29,74.72451849835693,1965,7
1965-07-30,74.52923954537141,1965,7
1965-07-31,74.48800853323075,1965,7
1965-08-01,74.45417606974601,1965,8
1965-08-02,74.64318219027884,1965,8
1965-08-03,74.86584434497051,1965,8
1965-08-04,75.14651738016111,1965,8
1965-08-05,75.29617375756762,1965,8
1965-08-06,75.33625730785383,1965,8
1965-08-07,75.40057738396456,1965,8
1965-08-08,75.43569317327268,1965,8
1965-08-09,75.46249774413968,1965,8
1965-08-10,75.53305434871707,1965,8
1965-08-11,75.42118742563457,1965,8
1965-08-12,75.29347828847956,1965,8
1965-08-13,75.38514355953262,1965,8
1965-08-14,75.56037857233518,1965,8
1965-08-15,75.75224536263809,1965,8
1965-08-16,75.62736417093524,1965,8
1965-08-17,75.48119474007234,1965,8
1965-08-18,75.45780731884432,1965,8
1965-08-19,75.72804380291059,1965,8
1965-08-20,75.83192264717853,1965,8
1965-08-21,75.41210177992704,1965,8
1965-08-22,75.1491209751639,1965,8
1965-08-23,75.0452282640102,1965,8
1965-08-24,74.92496931257017,1965,8
1965-08-25,74.61970556940149,1965,8
1965-08-26,74.57094837617298,1965,8
1965-08-27,74.60881577889396,1965,8
1965-08-28,74.69878461489392,1965,8
1965-08-29,74.84667673143086,1965,8
1965-08-30,74.89074531338862,1965,8
1965-08-31,74.95035630028909,1965,8
1965-09-01,75.11043511308667,1965,9
1965-09-02,75.03518490227549,1965,9
1965-09-03,74.87029458197277,1965,9
1965-09-04,74.85959981885023,1965,9
1965-09-05,75.13557954595261,1965,9
1965-09-06,75.14913789101317,1965,9
1965-09-07,75.15363276184739,1965,9
1965-09-08,75.18063288338246,1965,9
1965-09-09,75.06959907218348,1965,9
1965-09-10,75.01423476718426,1965,9
1965-09-11,75.16877759038576,1965,9
1965-09-12,75.36213525709373,1965,9
1965-09-13,75.31581980734839,1965,9
1965-09-14,75.40163583168537,1965,9
1965-09-15,75.62759637065459,1965,9
1965-09-16,75.658094064842,1965,9
1965-09-17,75.620716580462,1965,9
1965-09-18,75.52131510601475,1965,9
1965-09-19,75.18875670885717,1965,9
1965-09-20,75.29460319494886,1965,9
1965-09-21,75.33918008850401,1965,9
1965-09-22,75.18731774910499,1965,9
1965-09-23,75.210280029297,1965,9
1965-09-24,75.09312183100153,1965,9
1965-09-25,75.34598185255365,1965,9
1965-09-26,75.5482532943046,1965,9
1965-09-27,75.64463093196981,1965,9
1965-09-28,75.69201860727874,1965,9
1965-09-29,75.81569058450171,1965,9
1965-09-30,75.86328731241383,1965,9
1965-10-01,75.83492436758763,1965,10
1965-10-02,75.94336991890891,1965,10
1965-10-03,76.0192218270002,1965,10
1965-10-04,76.18049135196722,1965,10
1965-10-05,76.21517959034907,1965,10
1965-10-06,76.15261231129274,1965,10
1965-10-07,76.22868422531381,1965,10
1965-10-08,76.04638741674012,1965,10
1965-10-09,76.00964544741761,1965,10
1965-10-10,75.88228830055891,1965,10
1965-10-11,75.92939150891718,1965,10
1965-10-12,75.84054629382351,1965,10
1965-10-13,75.7631853601461,1965,10
1965-10-14,75.72936788162664,1965,10
1965-10-15,75.59296966905605,1965,10
1965-10-16,75.5519412043748,1965,10
1965-10-17,75.39820290354096,1965,10
1965-10-18,75.18503530992783,1965,10
1965-10-19,74.83264750476671,1965,10
1965-10-20,74.59574058383352,1965,10
1965-10-21,74.67721713584208,1965,10
1965-10-22,74.81073422858965,1965,10
1965-10-23,74.95706232150471,1965,10
1965-10-24,75.23621246777827,1965,10
1965-10-25,75.22219233905766,1965,10
1965-10-26,75.49932090896152,1965,10
1965-10-27,75.69396503657998,1965,10
1965-10-28,75.66057076401488,1965,10
1965-10-29,75.65171498667394,1965,10
1965-10-30,75.46067330058047,1965,10
1965-10-31,75.44141754192559,1965,10
1965-11-01,75.45309714926401,1965,11
1965-11-02,75.34123915502958,1965,11
1965-11-03,75.42041619166659,1965,11
1965-11-04,75.31370604729896,1965,11
1965-11-05,75.22745388437522,1965,11
1965-11-06,75.01676414541551,1965,11
1965-11-07,75.0755388377659,1965,11
1965-11-08,75.0898860640593,1965,11
1965-11-09,75.08765629781445,1965,11
1965-11-10,74.86957892244402,1965,11
1965-11-11,74.88414268474418,1965,11
1965-11-12,74.87618332186976,1965,11
1965-11-13,74.80182426009968,1965,11
1965-11-14,74.79388198063758,1965,11
1965-11-15,74.7124591815227,1965,11
1965-11-16,74.44539785380829,1965,11
1965-11-17,74.63972820520134,1965,11
1965-11-18,74.50013427093296,1965,11
1965-11-19,74.41060603556983,1965,11
1965-11-20,74.41657070361138,1965,11
1965-11-21,74.3944071044708,1965,11
1965-11-22,74.39335178089941,1965,11
1965-11-23,74.34693051538756,1965,11
1965-11-24,74.34672942491979,1965,11
1965-11-25,74.01276801047469,1965,11
1965-11-26,73.99616781559345,1965,11
1965-11-27,74.22172438611612,1965,11
1965-11-28,73.95770467188802,1965,11
1965-11-29,73.96070528043619,1965,11
1965-11-30,74.0066275830319,1965,11
1965-12-01,73.95420171389912,1965,12
1965-12-02,73.8045827316479,1965,12
1965-12-03,74.13211309302703,1965,12
1965-12-04,74.13747619183879,1965,12
1965-12-05,74.09101412297245,1965,12
1965-12-06,73.67705406115655,1965,12
1965-12-07,73.579663630962,1965,12
1965-12-08,73.43433854082915,1965,12
1965-12-09,72.99140459399774,1965,12
1965-12-10,73.57952756672228,1965,12
1965-12-11,73.74902291349241,1965,12
1965-12-12,73.55535984638375,1965,12
1965-12-13,73.09344787159958,1965,12
1965-12-14,73.00904150278238,1965,12
1965-12-15,73.16155233359802,1965,12
1965-12-16,73.21309226281392,1965,12
1965-12-17,73.28569241377039,1965,12
1965-12-18,73.2299436570031,1965,12
1965-12-19,73.347838904688,1965,12
1965-12-20,73.26050370754233,1965,12
1965-12-21,73.28217408523791,1965,12
1965-12-22,73.3129801564154,1965,12
1965-12-23,73.14398592391926,1965,12
1965-12-24,73.41308034235274,1965,12
1965-12-25,73.01375219801601,1965,12
1965-12-26,73.19655828787691,1965,12
1965-12-27,73.01176236248222,1965,12
1965-12-28,73.56373571156155,1965,12
1965-12-29,73.5661510285686,1965,12
1965-12-30,73.56321997077161,1965,12
1965-12-31,73.17424093365806,1965,12
1966-01-01,73.18743579424013,1966,1
1966-01-02,73.35514853962569,1966,1
1966-01-03,73.12375416240731,1966,1
1966-01-04,72.62527043224361,1966,1
1966-01-05,72.47411775560462,1966,1
1966-01-06,72.86564912338987,1966,1
1966-01-07,73.53902838356494,1966,1
1966-01-08,73.67528039620986,1966,1
1966-01-09,73.63232647396597,1966,1
1966-01-10,73.32111073246875,1966,1
1966-01-11,73.237816763232,1966,1
1966-01-12,73.17516346420862,1966,1
1966-01-13,73.15740682468612,1966,1
1966-01-14,73.32915486847845,1966,1
1966-01-15,73.66671191404637,1966,1
1966-01-16,73.65233569911892,1966,1
1966-01-17,73.77283209489893,1966,1
1966-01-18,73.79487524267205,1966,1
1966-01-19,73.77518926088212,1966,1
1966-01-20,73.69925660265845,1966,1
1966-01-21,73.66478228464447,1966,1
1966-01-22,73.61327057218062,1966,1
1966-01-23,73.86505757657288,1966,1
1966-01-24,73.90820871377338,1966,1
1966-01-25,74.1068071529175,1966,1
1966-01-26,74.06006583443346,1966,1
1966-01-27,73.33106762103492,1966,1
1966-01-28,73.4456666979724,1966,1
1966-01-29,73.60157594155817,1966,1
1966-01-30,73.52647131102188,1966,1
1966-01-31,73.60519464494007,1966,1
1966-02-01,73.94260096690806,1966,2
1966-02-02,73.95589955701385,1966,2
1966-02-03,74.06812732259525,1966,2
1966-02-04,74.14905818459535,1966,2
1966-02-05,74.31892871439071,1966,2
1966-02-06,74.50287342139245,1966,2
1966-02-07,74.50465399626447,1966,2
1966-02-08,74.61978090285918,1966,2
1966-02-09,74.63982307935515,1966,2
1966-02-10,74.6272875572709,1966,2
1966-02-11,74.70205676396596,1966,2
1966-02-12,74.40696774743266,1966,2
1966-02-13,74.11080208674278,1966,2
1966-02-14,73.9103492643191,1966,2
1966-02-15,73.90248006661193,1966,2
1966-02-16,74.03416840404385,1966,2
1966-02-17,74.27684068975468,1966,2
1966-02-18,74.38562136724255,1966,2
1966-02-19,74.52929344958673,1966,2
1966-02-20,74.57034710516116,1966,2
1966-02-21,74.65232864727187,1966,2
1966-02-22,74.4864932967154,1966,2
1966-02-23,74.75891531130749,1966,2
1966-02-24,74.82187491994011,1966,2
1966-02-25,74.95170401329946,1966,2
1966-02-26,75.60972206186787,1966,2
1966-02-27,75.43693782321516,1966,2
1966-02-28,75.35884236883868,1966,2
1966-03-01,75.32963321382981,1966,3
1966-03-02,75.2583070902864,1966,3
1966-03-03,75.57232835332698,1966,3
1966-03-04,75.6188775651131,1966,3
1966-03-05,75.1553937278444,1966,3
1966-03-06,74.81714126377291,1966,3
1966-03-07,74.65277282534888,1966,3
1966-03-08,74.40152248780763,1966,3
1966-03-09,74.6002553037558,1966,3
1966-03-10,74.9048109712025,1966,3
1966-03-11,75.01817643008698,1966,3
1966-03-12,75.13789697152549,1966,3
1966-03-13,75.20045399180316,1966,3
1966-03-14,75.46871221319533,1966,3
1966-03-15,75.90193524178873,1966,3
1966-03-16,76.10104546644826,1966,3
1966-03-17,76.33265278895395,1966,3
1966-03-18,76.34218837862636,1966,3
1966-03-19,75.6220420045858,1966,3
1966-03-20,75.33225390760748,1966,3
1966-03-21,75.14756828349702,1966,3
1966-03-22,75.58613545531139,1966,3
1966-03-23,76.17851531046432,1966,3
1966-03-24,76.32588334035306,1966,3
1966-03-25,76.44574902694197,1966,3
1966-03-26,76.6137531482624,1966,3
1966-03-27,76.46455021445189,1966,3
1966-03-28,75.82339859812559,1966,3
1966-03-29,76.05258714497698,1966,3
1966-03-30,75.89082002515539,1966,3
1966-03-31,76.24683766797199,1966,3
1966-04-01,76.30141618935227,1966,4
1966-04-02,76.73304897595763,1966,4
1966-04-03,76.72124143289977,1966,4
1966-04-04,76.8062538609213,1966,4
1966-04-05,77.07772818143202,1966,4
1966-04-06,76.87274947693945,1966,4
1966-04-07,76.67937015940745,1966,4
1966-04-08,76.41995223546178,1966,4
1966-04-09,76.3709650163893,1966,4
1966-04-10,76.58969078710432,1966,4
1966-04-11,76.64283089780517,1966,4
1966-04-12,76.97859225707539,1966,4
1966-04-13,77.33878410534956,1966,4
1966-04-14,77.37508035944607,1966,4
1966-04-15,77.46573846648856,1966,4
1966-04-16,76.99254188577497,1966,4
1966-04-17,76.83484400407727,1966,4
1966-04-18,76.79727790066475,1966,4
1966-04-19,76.5129086531347,1966,4
1966-04-20,76.77096128562125,1966,4
1966-04-21,76.89752976129638,1966,4
1966-04-22,76.92038274931504,1966,4
1966-04-23,76.78994396487786,1966,4
1966-04-24,77.0660697268435,1966,4
1966-04-25,77.15500893283804,1966,4
1966-04-26,77.28841280524605,1966,4
1966-04-27,77.2353525021924,1966,4
1966-04-28,77.1506905494047,1966,4
1966-04-29,77.21107943031627,1966,4
1966-04-30,77.20248805893308,1966,4
1966-05-01,77.06348827363239,1966,5
1966-05-02,76.95116906446472,1966,5
1966-05-03,76.97772450948928,1966,5
1966-05-04,77.05401063787917,1966,5
1966-05-05,77.12970385739904,1966,5
1966-05-06,77.15903040964145,1966,5
1966-05-07,77.47600217524528,1966,5
1966-05-08,77.5337965814562,1966,5
1966-05-09,77.30562480081727,1966,5
1966-05-10,77.1045243308351,1966,5
1966-05-11,76.77920233111188,1966,5
1966-05-12,76.25403846292785,1966,5
1966-05-13,76.23516428119771,1966,5
1966-05-14,76.58710855254179,1966,5
1966-05-15,76.91067478732131,1966,5
1966-05-16,77.23883596833761,1966,5
1966-05-17,77.50072255213011,1966,5
1966-05-18,77.71392653496987,1966,5
1966-05-19,78.03954908393906,1966,5
1966-05-20,78.15238969011091,1966,5
1966-05-21,78.0534339324474,1966,5
1966-05-22,77.91079764336777,1966,5
1966-05-23,77.88162565685538,1966,5
1966-05-24,77.87405191545284,1966,5
1966-05-25,77.70720471326862,1966,5
1966-05-26,77.90143985210327,1966,5
1966-05-27,77.79134562902973,1966,5
1966-05-28,77.70444863507626,1966,5
1966-05-29,77.51006926171398,1966,5
1966-05-30,77.22220242473212,1966,5
1966-05-31,77.22505964441605,1966,5
1966-06-01,77.41005665883966,1966,6
1966-06-02,77.58201194630156,1966,6
1966-06-03,77.426159321888,1966,6
1966-06-04,77.24086200652968,1966,6
1966-06-05,77.23588664313681,1966,6
1966-06-06,77.50193322427657,1966,6
1966-06-07,77.7446783253499,1966,6
1966-06-08,77.895284747107,1966,6
1966-06-09,77.67676178923763,1966,6
1966-06-10,77.36858660180025,1966,6
1966-06-11,77.34786370216752,1966,6
1966-06-12,77.05777852804682,1966,6
1966-06-13,77.03531793640224,1966,6
1966-06-14,76.47302286054925,1966,6
1966-06-15,76.06679953281773,1966,6
1966-06-16,75.94061806680229,1966,6
1966-06-17,76.08437488858738,1966,6
1966-06-18,76.29052006691859,1966,6
1966-06-19,76.0239430295897,1966,6
1966-06-20,75.64939663841587,1966,6
1966-06-21,75.5966893345195,1966,6
1966-06-22,75.62837317143396,1966,6
1966-06-23,75.77136767131766,1966,6
1966-06-24,75.6907637739287,1966,6
1966-06-25,75.75212371145311,1966,6
1966-06-26,75.52386542765949,1966,6
1966-06-27,75.57487305481682,1966,6
1966-06-28,75.67625629743127,1966,6
1966-06-29,75.48470291787555,1966,6
1966-06-30,75.54555456011447,1966,6
1966-07-01,75.63583494512562,1966,7
1966-07-02,75.89281771049096,1966,7
1966-07-03,76.02026295044158,1966,7
1966-07-04,75.97635763454983,1966,7
1966-07-05,75.99072415197888,1966,7
1966-07-06,76.13583359759544,1966,7
1966-07-07,76.14982661336782,1966,7
1966-07-08,76.13096757732805,1966,7
1966-07-09,76.4042737973319,1966,7
1966-07-10,76.53153049021648,1966,7
1966-07-11,76.61529451691051,1966,7
1966-07-12,76.60416411360124,1966,7
1966-07-13,76.2848721201695,1966,7
1966-07-14,76.09830398816422,1966,7
1966-07-15,75.8772293515991,1966,7
1966-07-16,75.72841178051918,1966,7
1966-07-17,75.42108245979621,1966,7
1966-07-18,75.5362320028318,1966,7
1966-07-19,75.49766707976377,1966,7
1966-07-20,75.37186524061681,1966,7
1966-07-21,75.36056445042327,1966,7
1966-07-22,75.18789580388015,1966,7
1966-07-23,75.06211695424149,1966,7
1966-07-24,75.27242155819845,1966,7
1966-07-25,75.30054983605726,1966,7
1966-07-26,75.01389874728483,1966,7
1966-07-27,74.79121688434948,1966,7
1966-07-28,74.82710986905046,1966,7
1966-07-29,74.8734373800139,1966,7
1966-07-30,74.86746490207459,1966,7
1966-07-31,74.59493534779479,1966,7
1966-08-01,74.66024997651377,1966,8
1966-08-02,74.70455949944808,1966,8
1966-08-03,74.7407474774585,1966,8
1966-08-04,74.87149015560175,1966,8
1966-08-05,74.90775545294778,1966,8
1966-08-06,74.82521206585746,1966,8
1966-08-07,74.68140882751717,1966,8
1966-08-08,74.617216860124,1966,8
1966-08-09,74.71353062790284,1966,8
1966-08-10,74.57541512420894,1966,8
1966-08-11,74.56608633896161,1966,8
1966-08-12,74.71397592835532,1966,8
1966-08-13,74.9059533733144,1966,8
1966-08-14,75.11650056007329,1966,8
1966-08-15,74.99607089915118,1966,8
1966-08-16,75.12533683191252,1966,8
1966-08-17,75.2478589436661,1966,8
1966-08-18,75.40642439061216,1966,8
1966-08-19,75.13551486842267,1966,8
1966-08-20,75.09502384559221,1966,8
1966-08-21,75.25232675937671,1966,8
1966-08-22,75.27519517356495,1966,8
1966-08-23,75.27193215700319,1966,8
1966-08-24,75.20662363281325,1966,8
1966-08-25,75.17576312879045,1966,8
1966-08-26,75.17624955592053,1966,8
1966-08-27,75.15760569741808,1966,8
1966-08-28,75.21891319853832,1966,8
1966-08-29,75.22806287047571,1966,8
1966-08-30,75.27097076716719,1966,8
1966-08-31,75.17841386522379,1966,8
1966-09-01,75.23493029203199,1966,9
1966-09-02,75.2954259435158,1966,9
1966-09-03,75.20277997223178,1966,9
1966-09-04,75.0754491809696,1966,9
1966-09-05,74.78429538916794,1966,9
1966-09-06,74.82290509507806,1966,9
1966-09-07,74.7231073639647,1966,9
1966-09-08,74.74142814748187,1966,9
1966-09-09,74.46690205367712,1966,9
1966-09-10,74.545382508938,1966,9
1966-09-11,74.72587907198891,1966,9
1966-09-12,74.7122616201984,1966,9
1966-09-13,74.82682702947955,1966,9
1966-09-14,75.00570009433447,1966,9
1966-09-15,75.22561792414454,1966,9
1966-09-16,75.3275804984119,1966,9
1966-09-17,75.26233241210737,1966,9
1966-09-18,75.11546358368933,1966,9
1966-09-19,75.03184534924948,1966,9
1966-09-20,75.11977872647441,1966,9
1966-09-21,75.25880693535231,1966,9
1966-09-22,75.45353303469756,1966,9
1966-09-23,75.37845691586317,1966,9
1966-09-24,75.43476230028604,1966,9
1966-09-25,75.47807385519316,1966,9
1966-09-26,75.45565257922519,1966,9
1966-09-27,75.39692145779158,1966,9
1966-09-28,75.41000014364042,1966,9
1966-09-29,75.44301887302043,1966,9
1966-09-30,75.57486023242464,1966,9
1966-10-01,75.40619320669163,1966,10
1966-10-02,75.31745933619672,1966,10
1966-10-03,75.50255343374255,1966,10
1966-10-04,75.56834520189156,1966,10
1966-10-05,75.40894461325138,1966,10
1966-10-06,75.2655514762243,1966,10
1966-10-07,75.24426906210277,1966,10
1966-10-08,75.30436438333861,1966,10
1966-10-09,75.55034587399717,1966,10
1966-10-10,75.63766659997462,1966,10
1966-10-11,75.57000134680322,1966,10
1966-10-12,75.40279850271838,1966,10
1966-10-13,75.34055368908695,1966,10
1966-10-14,75.20504505534034,1966,10
1966-10-15,75.19551431176868,1966,10
1966-10-16,75.48965884426956,1966,10
1966-10-17,75.5901984109935,1966,10
1966-10-18,75.7122304240725,1966,10
1966-10-19,75.52972847625922,1966,10
1966-10-20,75.40120915676395,1966,10
1966-10-21,75.28773435755019,1966,10
1966-10-22,75.33978016005999,1966,10
1966-10-23,75.42209590646735,1966,10
1966-10-24,75.42532285601047,1966,10
1966-10-25,75.26648557294175,1966,10
1966-10-26,75.44096929762146,1966,10
1966-10-27,75.54469593115758,1966,10
1966-10-28,75.48514326703196,1966,10
1966-10-29,75.43333745722987,1966,10
1966-10-30,75.3568487876559,1966,10
1966-10-31,75.35500854506803,1966,10
1966-11-01,75.32111644845263,1966,11
1966-11-02,75.33740243473011,1966,11
1966-11-03,75.25448462213754,1966,11
1966-11-04,74.99016573956993,1966,11
1966-11-05,74.76765247742588,1966,11
1966-11-06,74.86690684649409,1966,11
1966-11-07,74.90830325437113,1966,11
1966-11-08,74.78792826836175,1966,11
1966-11-09,75.00408999217835,1966,11
1966-11-10,75.05685771737853,1966,11
1966-11-11,74.82912937046719,1966,11
1966-11-12,74.73478172940705,1966,11
1966-11-13,74.30398236734915,1966,11
1966-11-14,74.26229932619377,1966,11
1966-11-15,73.80836284593776,1966,11
1966-11-16,73.91402708059334,1966,11
1966-11-17,73.93159105745356,1966,11
1966-11-18,73.99509318200123,1966,11
1966-11-19,73.95174399814282,1966,11
1966-11-20,74.08527589756959,1966,11
1966-11-21,74.00418244970143,1966,11
1966-11-22,73.97981480817396,1966,11
1966-11-23,73.75026613481393,1966,11
1966-11-24,73.93307872244225,1966,11
1966-11-25,74.101226510347,1966,11
1966-11-26,74.1247357591041,1966,11
1966-11-27,73.99065979776395,1966,11
1966-11-28,74.05164430929203,1966,11
1966-11-29,73.7608523570263,1966,11
1966-11-30,73.71489341308228,1966,11
1966-12-01,73.4514362878696,1966,12
1966-12-02,73.30534478978734,1966,12
1966-12-03,72.88854030410074,1966,12
1966-12-04,73.25764566631707,1966,12
1966-12-05,73.3347993792795,1966,12
1966-12-06,73.4094607397864,1966,12
1966-12-07,73.31627783058315,1966,12
1966-12-08,73.26426594865352,1966,12
1966-12-09,73.19039487922474,1966,12
1966-12-10,72.78110261051236,1966,12
1966-12-11,73.0587756299401,1966,12
1966-12-12,73.14194522205173,1966,12
1966-12-13,72.84883859225894,1966,12
1966-12-14,73.29204213861689,1966,12
1966-12-15,73.50849941448645,1966,12
1966-12-16,73.5484160657665,1966,12
1966-12-17,73.55861623349618,1966,12
1966-12-18,73.51104401278809,1966,12
1966-12-19,73.50885996873062,1966,12
1966-12-20,73.52751988665473,1966,12
1966-12-21,73.3365420582883,1966,12
1966-12-22,73.44021721455968,1966,12
1966-12-23,73.4610992008805,1966,12
1966-12-24,73.39558699550132,1966,12
1966-12-25,73.32937148857097,1966,12
1966-12-26,73.14104829763698,1966,12
1966-12-27,73.15670106940999,1966,12
1966-12-28,73.14282287547475,1966,12
1966-12-29,72.87784164937378,1966,12
1966-12-30,72.70809018516732,1966,12
1966-12-31,72.75069011741684,1966,12
1967-01-01,72.83852201660967,1967,1
1967-01-02,72.80290317636364,1967,1
1967-01-03,72.54413814753379,1967,1
1967-01-04,72.30353619253276,1967,1
1967-01-05,72.06587713548274,1967,1
1967-01-06,72.28343198470888,1967,1
1967-01-07,72.43733971463098,1967,1
1967-01-08,72.37910114660059,1967,1
1967-01-09,72.39404994740923,1967,1
1967-01-10,72.39334283238144,1967,1
1967-01-11,72.58402398205281,1967,1
1967-01-12,72.68118487034269,1967,1
1967-01-13,72.90162174841024,1967,1
1967-01-14,72.86395239810216,1967,1
1967-01-15,72.92039963785358,1967,1
1967-01-16,72.87938051271782,1967,1
1967-01-17,72.99737379311925,1967,1
1967-01-18,72.9850101011564,1967,1
1967-01-19,73.21416096638877,1967,1
1967-01-20,73.3005468373082,1967,1
1967-01-21,73.31420551984782,1967,1
1967-01-22,73.45720760120273,1967,1
1967-01-23,73.39962991170934,1967,1
1967-01-24,73.41637861998595,1967,1
1967-01-25,73.55951218034313,1967,1
1967-01-26,73.50597312295,1967,1
1967-01-27,73.48984400394508,1967,1
1967-01-28,73.24829664272329,1967,1
1967-01-29,73.16472179419875,1967,1
1967-01-30,73.02396090008024,1967,1
1967-01-31,73.08978224152109,1967,1
1967-02-01,73.26133919091376,1967,2
1967-02-02,73.57555057435403,1967,2
1967-02-03,73.81010576753889,1967,2
1967-02-04,73.91356570889582,1967,2
1967-02-05,74.25085411827646,1967,2
1967-02-06,74.41685594178824,1967,2
1967-02-07,74.45221873914511,1967,2
1967-02-08,74.43209272737684,1967,2
1967-02-09,74.39882577680382,1967,2
1967-02-10,74.31050703678262,1967,2
1967-02-11,74.20894575706093,1967,2
1967-02-12,74.15542044747318,1967,2
1967-02-13,74.06934107737744,1967,2
1967-02-14,74.39506682164702,1967,2
1967-02-15,74.44283288739126,1967,2
1967-02-16,74.69416521318082,1967,2
1967-02-17,74.97143806251505,1967,2
1967-02-18,74.88291841486736,1967,2
1967-02-19,74.79246508225361,1967,2
1967-02-20,74.78688573645789,1967,2
1967-02-21,74.92627805137678,1967,2
1967-02-22,74.85975166830629,1967,2
1967-02-23,74.48613795631732,1967,2
1967-02-24,74.5242780588407,1967,2
1967-02-25,74.51639608613739,1967,2
1967-02-26,74.61797137008617,1967,2
1967-02-27,74.74596023627623,1967,2
1967-02-28,74.88808734178139,1967,2
1967-03-01,75.00076780944504,1967,3
1967-03-02,75.21057998014447,1967,3
1967-03-03,75.39715476847108,1967,3
1967-03-04,75.42095686969111,1967,3
1967-03-05,75.38840750949593,1967,3
1967-03-06,75.28228920742065,1967,3
1967-03-07,75.257814635144,1967,3
1967-03-08,75.398968317734,1967,3
1967-03-09,75.40713714517427,1967,3
1967-03-10,75.39973896816993,1967,3
1967-03-11,75.28265656709752,1967,3
1967-03-12,74.15292181261881,1967,3
1967-03-13,74.05011644475277,1967,3
1967-03-14,74.33704341473616,1967,3
1967-03-15,74.46625410218954,1967,3
1967-03-16,74.7787728181242,1967,3
1967-03-17,74.80565959899369,1967,3
1967-03-18,74.78549677256377,1967,3
1967-03-19,74.70743265748415,1967,3
1967-03-20,74.84493307050663,1967,3
1967-03-21,74.14916341184605,1967,3
1967-03-22,74.30908428386647,1967,3
1967-03-23,73.86191424679852,1967,3
1967-03-24,73.7281900986115,1967,3
1967-03-25,73.60038637496613,1967,3
1967-03-26,73.62901740219849,1967,3
1967-03-27,74.12413461235988,1967,3
1967-03-28,74.11070897042428,1967,3
1967-03-29,74.37027887424657,1967,3
1967-03-30,74.41884999531865,1967,3
1967-03-31,75.06761739855456,1967,3
1967-04-01,75.40207874007216,1967,4
1967-04-02,75.46996699115674,1967,4
1967-04-03,75.54572238666972,1967,4
1967-04-04,75.69773452777505,1967,4
1967-04-05,75.86635300254473,1967,4
1967-04-06,75.852672716983,1967,4
1967-04-07,75.5855820394436,1967,4
1967-04-08,75.74557198528399,1967,4
1967-04-09,76.03101237049607,1967,4
1967-04-10,76.0891365333604,1967,4
1967-04-11,76.37833705816378,1967,4
1967-04-12,76.63598609686461,1967,4
1967-04-13,76.73131536750934,1967,4
1967-04-14,76.88602584238643,1967,4
1967-04-15,77.06728741792807,1967,4
1967-04-16,76.95882536879309,1967,4
1967-04-17,76.79019016989777,1967,4
1967-04-18,77.03444102802362,1967,4
1967-04-19,76.73248457515218,1967,4
1967-04-20,76.38976499633497,1967,4
1967-04-21,76.59844425123241,1967,4
1967-04-22,76.65760407915246,1967,4
1967-04-23,76.82402145461133,1967,4
1967-04-24,76.75716073016473,1967,4
1967-04-25,76.31472553627708,1967,4
1967-04-26,76.04434620789917,1967,4
1967-04-27,76.07551803078896,1967,4
1967-04-28,76.1982133080846,1967,4
1967-04-29,76.24313048690632,1967,4
1967-04-30,76.55230255380805,1967,4
1967-05-01,76.5486591868213,1967,5
1967-05-02,76.7398234808505,1967,5
1967-05-03,76.80432520675015,1967,5
1967-05-04,76.95798142948641,1967,5
1967-05-05,76.66305835667748,1967,5
1967-05-06,76.84001420856526,1967,5
1967-05-07,76.99299648560769,1967,5
1967-05-08,77.29271667643255,1967,5
1967-05-09,77.58224514461551,1967,5
1967-05-10,77.76280572633395,1967,5
1967-05-11,77.47626645713139,1967,5
1967-05-12,77.23365520261976,1967,5
1967-05-13,77.27857865175969,1967,5
1967-05-14,77.20004065537384,1967,5
1967-05-15,77.01029331963825,1967,5
1967-05-16,76.99155434596533,1967,5
1967-05-17,76.69678789295372,1967,5
1967-05-18,76.91785131343589,1967,5
1967-05-19,77.41386987978318,1967,5
1967-05-20,77.86258907443234,1967,5
1967-05-21,77.72063380468026,1967,5
1967-05-22,77.48570229982148,1967,5
1967-05-23,77.45006925648642,1967,5
1967-05-24,77.03463436370802,1967,5
1967-05-25,76.91467281118172,1967,5
1967-05-26,76.75620130456473,1967,5
1967-05-27,76.95177065694864,1967,5
1967-05-28,77.290498331499,1967,5
1967-05-29,77.55140595861877,1967,5
1967-05-30,77.69865239041066,1967,5
1967-05-31,77.77705229063744,1967,5
1967-06-01,77.76441797257512,1967,6
1967-06-02,77.61539740995062,1967,6
1967-06-03,77.64196745415613,1967,6
1967-06-04,77.65849081479342,1967,6
1967-06-05,77.625390043808,1967,6
1967-06-06,77.53419259049768,1967,6
1967-06-07,77.62568456721694,1967,6
1967-06-08,77.45902317922446,1967,6
1967-06-09,77.4797631159254,1967,6
1967-06-10,77.14146155527827,1967,6
1967-06-11,76.90322567060524,1967,6
1967-06-12,77.00307925103218,1967,6
1967-06-13,77.11334783203081,1967,6
1967-06-14,76.76179269247805,1967,6
1967-06-15,76.80625688588889,1967,6
1967-06-16,76.3966545272334,1967,6
1967-06-17,75.68797878580251,1967,6
1967-06-18,75.6704988937774,1967,6
1967-06-19,75.85808636401728,1967,6
1967-06-20,76.1128461371355,1967,6
1967-06-21,76.1600159589249,1967,6
1967-06-22,75.90581114731717,1967,6
1967-06-23,76.00822257707281,1967,6
1967-06-24,75.97437945723405,1967,6
1967-06-25,76.00041458735085,1967,6
1967-06-26,76.0309655178794,1967,6
1967-06-27,75.88601649397218,1967,6
1967-06-28,75.58343418446,1967,6
1967-06-29,75.24579372352191,1967,6
1967-06-30,75.50293262629816,1967,6
1967-07-01,75.53077199085912,1967,7
1967-07-02,75.43503504277842,1967,7
1967-07-03,75.24385176644894,1967,7
1967-07-04,75.21398963464762,1967,7
1967-07-05,74.85784946930235,1967,7
1967-07-06,74.9323021359261,1967,7
1967-07-07,75.38717602758607,1967,7
1967-07-08,75.4622659359743,1967,7
1967-07-09,75.29633940976613,1967,7
1967-07-10,75.31679038544756,1967,7
1967-07-11,75.2969245179171,1967,7
1967-07-12,75.51287414389729,1967,7
1967-07-13,75.72200540333051,1967,7
1967-07-14,75.71055512394405,1967,7
1967-07-15,75.60015055177553,1967,7
1967-07-16,75.45731671929275,1967,7
1967-07-17,75.20334363356349,1967,7
1967-07-18,75.27572244226577,1967,7
1967-07-19,75.15604644511832,1967,7
1967-07-20,74.95600238037264,1967,7
1967-07-21,75.19367450420806,1967,7
1967-07-22,75.39843736547029,1967,7
1967-07-23,75.26933267449539,1967,7
1967-07-24,74.83654971660957,1967,7
1967-07-25,74.6841691515788,1967,7
1967-07-26,74.75961445745818,1967,7
1967-07-27,74.60944848536613,1967,7
1967-07-28,74.84367682265618,1967,7
1967-07-29,74.85532712607157,1967,7
1967-07-30,74.80544672417905,1967,7
1967-07-31,74.69621265975817,1967,7
1967-08-01,74.68062513089787,1967,8
1967-08-02,74.85653781031141,1967,8
1967-08-03,74.67933495587522,1967,8
1967-08-04,74.5937197182546,1967,8
1967-08-05,74.64991563559143,1967,8
1967-08-06,74.66938320222717,1967,8
1967-08-07,74.84445085149501,1967,8
1967-08-08,74.76276918545366,1967,8
1967-08-09,74.75757398782731,1967,8
1967-08-10,74.62937504936514,1967,8
1967-08-11,74.71561884717256,1967,8
1967-08-12,74.67392043645877,1967,8
1967-08-13,74.65173245530897,1967,8
1967-08-14,74.79704075600763,1967,8
1967-08-15,74.79023827645997,1967,8
1967-08-16,74.877008051739,1967,8
1967-08-17,74.72036991517216,1967,8
1967-08-18,74.52089636071882,1967,8
1967-08-19,74.57937744065374,1967,8
1967-08-20,74.7022053522784,1967,8
1967-08-21,74.71574257839211,1967,8
1967-08-22,74.83262374351919,1967,8
1967-08-23,74.78086492620513,1967,8
1967-08-24,74.52897842234754,1967,8
1967-08-25,74.50660033454838,1967,8
1967-08-26,74.4124706881186,1967,8
1967-08-27,74.53764816704496,1967,8
1967-08-28,74.83227517291793,1967,8
1967-08-29,74.90554972048295,1967,8
1967-08-30,74.58274340408533,1967,8
1967-08-31,74.70389403779541,1967,8
1967-09-01,74.82719846496104,1967,9
1967-09-02,74.81422085333807,1967,9
1967-09-03,74.6375592167398,1967,9
1967-09-04,74.56089537392398,1967,9
1967-09-05,74.75544617796281,1967,9
1967-09-06,74.70561076824785,1967,9
1967-09-07,74.70044442350515,1967,9
1967-09-08,74.9070549494093,1967,9
1967-09-09,75.04573637375184,1967,9
1967-09-10,74.90953038402118,1967,9
1967-09-11,74.83713111488852,1967,9
1967-09-12,74.61537646539868,1967,9
1967-09-13,74.80188896597515,1967,9
1967-09-14,75.13415988662247,1967,9
1967-09-15,75.03064240117853,1967,9
1967-09-16,74.79929806458524,1967,9
1967-09-17,74.62139809505824,1967,9
1967-09-18,74.71390329106445,1967,9
1967-09-19,74.93751817350007,1967,9
1967-09-20,75.00742521982338,1967,9
1967-09-21,75.02095607587933,1967,9
1967-09-22,75.02012466907462,1967,9
1967-09-23,75.02108582528378,1967,9
1967-09-24,75.12345649659466,1967,9
1967-09-25,75.3277395439779,1967,9
1967-09-26,75.18045364145219,1967,9
1967-09-27,75.02470701834486,1967,9
1967-09-28,74.99627007147608,1967,9
1967-09-29,75.01390933060311,1967,9
1967-09-30,75.10809188933708,1967,9
1967-10-01,75.23482176356144,1967,10
1967-10-02,75.22177037001956,1967,10
1967-10-03,75.26612681197646,1967,10
1967-10-04,75.19322277625331,1967,10
1967-10-05,75.18404436613746,1967,10
1967-10-06,75.25737605347432,1967,10
1967-10-07,75.34659969996235,1967,10
1967-10-08,75.41640112745453,1967,10
1967-10-09,75.32253181763517,1967,10
1967-10-10,75.43718147640993,1967,10
1967-10-11,75.52992038413709,1967,10
1967-10-12,75.4866521715382,1967,10
1967-10-13,75.68994000822737,1967,10
1967-10-14,75.63168168852144,1967,10
1967-10-15,75.57726804377998,1967,10
1967-10-16,75.68750110071372,1967,10
1967-10-17,75.54636219884249,1967,10
1967-10-18,75.39440476936836,1967,10
1967-10-19,74.97866685995088,1967,10
1967-10-20,75.10624979391962,1967,10
1967-10-21,75.0056553473506,1967,10
1967-10-22,74.90119732362388,1967,10
1967-10-23,74.89310854086216,1967,10
1967-10-24,74.83039450322681,1967,10
1967-10-25,74.98930209694113,1967,10
1967-10-26,74.7018179242058,1967,10
1967-10-27,74.6385834570994,1967,10
1967-10-28,74.73850721057923,1967,10
1967-10-29,74.75583631661497,1967,10
1967-10-30,74.81422259093011,1967,10
1967-10-31,74.76075163243387,1967,10
1967-11-01,74.69122114757508,1967,11
1967-11-02,74.62052891251507,1967,11
1967-11-03,74.52469494999289,1967,11
1967-11-04,74.37405116998153,1967,11
1967-11-05,74.45772713272191,1967,11
1967-11-06,74.498365823587,1967,11
1967-11-07,74.43319392120699,1967,11
1967-11-08,74.48545712861021,1967,11
1967-11-09,74.5149286716652,1967,11
1967-11-10,74.4991346146655,1967,11
1967-11-11,74.48332564651876,1967,11
1967-11-12,74.46252315716586,1967,11
1967-11-13,74.36258313509029,1967,11
1967-11-14,74.35727561676883,1967,11
1967-11-15,74.25582860074009,1967,11
1967-11-16,74.19449872197191,1967,11
1967-11-17,74.12261569992124,1967,11
1967-11-18,74.04320830355265,1967,11
1967-11-19,74.05316908563915,1967,11
1967-11-20,73.95881750321519,1967,11
1967-11-21,73.8749349195599,1967,11
1967-11-22,73.84336795134139,1967,11
1967-11-23,73.53602072544237,1967,11
1967-11-24,73.74400457841719,1967,11
1967-11-25,73.80543111359295,1967,11
1967-11-26,73.79767957284554,1967,11
1967-11-27,73.73242540311165,1967,11
1967-11-28,73.59551099854055,1967,11
1967-11-29,73.66590634697533,1967,11
1967-11-30,73.71162963270056,1967,11
1967-12-01,73.67854445089213,1967,12
1967-12-02,73.42658717584467,1967,12
1967-12-03,73.21423134268436,1967,12
1967-12-04,73.24976331146506,1967,12
1967-12-05,73.15193502210779,1967,12
1967-12-06,73.10949011049553,1967,12
1967-12-07,72.92222868547552,1967,12
1967-12-08,72.77567397180094,1967,12
1967-12-09,72.94297186644724,1967,12
1967-12-10,72.90632150315717,1967,12
1967-12-11,72.45833685373206,1967,12
1967-12-12,72.48338141596187,1967,12
1967-12-13,72.80417862097707,1967,12
1967-12-14,72.92278346849561,1967,12
1967-12-15,72.99559990855717,1967,12
1967-12-16,72.71608294899329,1967,12
1967-12-17,72.31488748701655,1967,12
1967-12-18,72.60832381829987,1967,12
1967-12-19,72.74756087694732,1967,12
1967-12-20,72.89334095354891,1967,12
1967-12-21,73.03273373634022,1967,12
1967-12-22,73.08481434457121,1967,12
1967-12-23,72.97364069856557,1967,12
1967-12-24,72.36623859399464,1967,12
1967-12-25,72.28692765343375,1967,12
1967-12-26,72.55217050566498,1967,12
1967-12-27,72.76619941324842,1967,12
1967-12-28,72.8600929328118,1967,12
1967-12-29,73.01236133465787,1967,12
1967-12-30,72.78398131797242,1967,12
1967-12-31,72.75243236900377,1967,12
1968-01-01,72.79160274519222,1968,1
1968-01-02,72.85315155428071,1968,1
1968-01-03,72.97692903891014,1968,1
1968-01-04,73.01699949045485,1968,1
1968-01-05,72.65452382369598,1968,1
1968-01-06,72.98391857406139,1968,1
1968-01-07,73.10539267909127,1968,1
1968-01-08,72.7031099708307,1968,1
1968-01-09,72.61374206602814,1968,1
1968-01-10,72.62772213973493,1968,1
1968-01-11,72.30068494279573,1968,1
1968-01-12,72.2158359842026,1968,1
1968-01-13,72.16500233500653,1968,1
1968-01-14,72.03966928644468,1968,1
1968-01-15,71.79922517839648,1968,1
1968-01-16,71.99145886246865,1968,1
1968-01-17,72.03949236347351,1968,1
1968-01-18,72.32423576342809,1968,1
1968-01-19,72.49547385728171,1968,1
1968-01-20,72.68460481275775,1968,1
1968-01-21,72.61627488672792,1968,1
1968-01-22,72.34845552969495,1968,1
1968-01-23,72.21427322824206,1968,1
1968-01-24,72.4696962569594,1968,1
1968-01-25,72.5979917679322,1968,1
1968-01-26,72.48900421806319,1968,1
1968-01-27,73.03744750531322,1968,1
1968-01-28,72.9604667681163,1968,1
1968-01-29,72.81873145557601,1968,1
1968-01-30,72.85391310197288,1968,1
1968-01-31,72.91191885895842,1968,1
1968-02-01,72.92924359281615,1968,2
1968-02-02,72.82919396511203,1968,2
1968-02-03,72.92311392703817,1968,2
1968-02-04,72.72634000138456,1968,2
1968-02-05,73.06927171445739,1968,2
1968-02-06,73.4162877548686,1968,2
1968-02-07,73.35169466882091,1968,2
1968-02-08,73.35593976758341,1968,2
1968-02-09,73.17156505572676,1968,2
1968-02-10,73.09730432463274,1968,2
1968-02-11,73.16019275134842,1968,2
1968-02-12,73.2396594637969,1968,2
1968-02-13,73.25759405518217,1968,2
1968-02-14,73.34672455073974,1968,2
1968-02-15,73.51380145719033,1968,2
1968-02-16,73.56751686336885,1968,2
1968-02-17,73.66810349775831,1968,2
1968-02-18,73.7832793373442,1968,2
1968-02-19,73.4940467124293,1968,2
1968-02-20,73.41452346361905,1968,2
1968-02-21,73.05876531532714,1968,2
1968-02-22,73.22245546426304,1968,2
1968-02-23,73.41813716176003,1968,2
1968-02-24,73.57880797639014,1968,2
1968-02-25,73.77037257952773,1968,2
1968-02-26,73.93833213625801,1968,2
1968-02-27,74.27965393020874,1968,2
1968-02-28,74.06448429063913,1968,2
1968-02-29,73.79107961036748,1968,2
1968-03-01,73.94788734991072,1968,3
1968-03-02,74.12637789747458,1968,3
1968-03-03,74.04867216326573,1968,3
1968-03-04,74.12554339421274,1968,3
1968-03-05,74.48761430955295,1968,3
1968-03-06,74.76630202446097,1968,3
1968-03-07,74.9842319163284,1968,3
1968-03-08,75.19256850633934,1968,3
1968-03-09,75.32079897165644,1968,3
1968-03-10,75.5092084569827,1968,3
1968-03-11,75.65560784919643,1968,3
1968-03-12,75.69247512353596,1968,3
1968-03-13,75.7007219664046,1968,3
1968-03-14,75.34154592627725,1968,3
1968-03-15,74.73374641219279,1968,3
1968-03-16,74.77524179365365,1968,3
1968-03-17,74.7800304843781,1968,3
1968-03-18,75.26569956854308,1968,3
1968-03-19,75.24345328908099,1968,3
1968-03-20,75.00883283502007,1968,3
1968-03-21,74.77231223992094,1968,3
1968-03-22,74.93105475656976,1968,3
1968-03-23,74.93014209956162,1968,3
1968-03-24,75.25711638823303,1968,3
1968-03-25,75.40056302506302,1968,3
1968-03-26,75.64180105340662,1968,3
1968-03-27,75.73625928225648,1968,3
1968-03-28,75.65521785989483,1968,3
1968-03-29,75.24368252988023,1968,3
1968-03-30,74.80417288024066,1968,3
1968-03-31,74.95386330399103,1968,3
1968-04-01,75.32882265522083,1968,4
1968-04-02,75.73064212221782,1968,4
1968-04-03,75.67077797620428,1968,4
1968-04-04,75.6979220812971,1968,4
1968-04-05,75.8638691159293,1968,4
1968-04-06,76.02765113814553,1968,4
1968-04-07,76.11692823206108,1968,4
1968-04-08,76.08017879409157,1968,4
1968-04-09,76.23506427465225,1968,4
1968-04-10,76.3593710717975,1968,4
1968-04-11,76.3368804018941,1968,4
1968-04-12,76.3460209473785,1968,4
1968-04-13,76.46795753984141,1968,4
1968-04-14,76.23787872945809,1968,4
1968-04-15,76.15707246300846,1968,4
1968-04-16,76.18407036778456,1968,4
1968-04-17,76.09695643089748,1968,4
1968-04-18,76.22109189985396,1968,4
1968-04-19,76.39410090209887,1968,4
1968-04-20,76.45850726784752,1968,4
1968-04-21,76.47236491032199,1968,4
1968-04-22,76.64073885844748,1968,4
1968-04-23,76.51287975848783,1968,4
1968-04-24,76.84844472441846,1968,4
1968-04-25,76.88741896137527,1968,4
1968-04-26,76.7148600141185,1968,4
1968-04-27,76.6585886842216,1968,4
1968-04-28,76.58237671447415,1968,4
1968-04-29,76.74556169167082,1968,4
1968-04-30,76.80646734691199,1968,4
1968-05-01,76.77909305158332,1968,5
1968-05-02,76.81221487296595,1968,5
1968-05-03,76.91557308116106,1968,5
1968-05-04,77.16288131754905,1968,5
1968-05-05,76.86745839038119,1968,5
1968-05-06,76.77910661498625,1968,5
1968-05-07,76.63341349687398,1968,5
1968-05-08,76.61391393041518,1968,5
1968-05-09,76.74726971869929,1968,5
1968-05-10,76.79598373632788,1968,5
1968-05-11,77.00073495993466,1968,5
1968-05-12,77.29482847441746,1968,5
1968-05-13,77.38849292606909,1968,5
1968-05-14,77.28660623908564,1968,5
1968-05-15,76.96476970284236,1968,5
1968-05-16,76.92480374210486,1968,5
1968-05-17,76.83339923428647,1968,5
1968-05-18,76.84875439714266,1968,5
1968-05-19,76.90833570591526,1968,5
1968-05-20,76.94933031090426,1968,5
1968-05-21,77.07964414531995,1968,5
1968-05-22,77.19169217713986,1968,5
1968-05-23,77.25822632628265,1968,5
1968-05-24,77.27765437794704,1968,5
1968-05-25,77.4827578240004,1968,5
1968-05-26,77.4625532203878,1968,5
1968-05-27,77.54530775360477,1968,5
1968-05-28,77.58220703687827,1968,5
1968-05-29,77.6681214731199,1968,5
1968-05-30,77.63215199706015,1968,5
1968-05-31,77.44910048214682,1968,5
1968-06-01,77.67106462181432,1968,6
1968-06-02,77.47071065584728,1968,6
1968-06-03,77.28858489923364,1968,6
1968-06-04,76.97379380950996,1968,6
1968-06-05,76.86593009031337,1968,6
1968-06-06,76.97624825830505,1968,6
1968-06-07,76.91659478478108,1968,6
1968-06-08,77.00856065285767,1968,6
1968-06-09,76.91663310939666,1968,6
1968-06-10,76.8244748029342,1968,6
1968-06-11,76.67623220139426,1968,6
1968-06-12,76.26662290577296,1968,6
1968-06-13,76.27488728876068,1968,6
1968-06-14,76.34156580272472,1968,6
1968-06-15,76.50533412217662,1968,6
1968-06-16,76.06584225768984,1968,6
1968-06-17,76.24306046567575,1968,6
1968-06-18,76.2357338851276,1968,6
1968-06-19,76.05670503943068,1968,6
1968-06-20,76.24350648294055,1968,6
1968-06-21,76.20259426213951,1968,6
1968-06-22,76.16214081489821,1968,6
1968-06-23,76.18137664320089,1968,6
1968-06-24,76.08755578028486,1968,6
1968-06-25,76.09519627546777,1968,6
1968-06-26,75.81294420320052,1968,6
1968-06-27,75.50628841321058,1968,6
1968-06-28,75.46072406877691,1968,6
1968-06-29,75.39919340416193,1968,6
1968-06-30,75.71657819289607,1968,6
1968-07-01,76.08107126449555,1968,7
1968-07-02,76.12211636025452,1968,7
1968-07-03,76.21330523814,1968,7
1968-07-04,75.87178273063196,1968,7
1968-07-05,75.61983712643288,1968,7
1968-07-06,75.40630661055754,1968,7
1968-07-07,75.14814997778439,1968,7
1968-07-08,74.86553795270756,1968,7
1968-07-09,74.82455875557217,1968,7
1968-07-10,74.70866581998884,1968,7
1968-07-11,74.54713504074772,1968,7
1968-07-12,74.64093101208742,1968,7
1968-07-13,74.84484783191195,1968,7
1968-07-14,75.03858696360852,1968,7
1968-07-15,75.12496620807045,1968,7
1968-07-16,75.26921363865938,1968,7
1968-07-17,75.12699189083543,1968,7
1968-07-18,74.86203056612115,1968,7
1968-07-19,74.68626627085668,1968,7
1968-07-20,74.6608358428278,1968,7
1968-07-21,74.85559311258599,1968,7
1968-07-22,74.7980445431304,1968,7
1968-07-23,74.81617950608198,1968,7
1968-07-24,74.758778155692,1968,7
1968-07-25,75.07285673678516,1968,7
1968-07-26,74.95270844665383,1968,7
1968-07-27,75.01548059394783,1968,7
1968-07-28,75.05114463303877,1968,7
1968-07-29,74.68788881997955,1968,7
1968-07-30,74.73095923985912,1968,7
1968-07-31,74.7698107638786,1968,7
1968-08-01,74.84488009670972,1968,8
1968-08-02,74.91395054969459,1968,8
1968-08-03,74.77896405508633,1968,8
1968-08-04,74.66314016983029,1968,8
1968-08-05,74.63714540584816,1968,8
1968-08-06,74.64627812638794,1968,8
1968-08-07,74.98512291963061,1968,8
1968-08-08,74.96913088116102,1968,8
1968-08-09,75.05568218655782,1968,8
1968-08-10,74.84920287652511,1968,8
1968-08-11,74.65149283799914,1968,8
1968-08-12,74.5789934244135,1968,8
1968-08-13,74.7120347093035,1968,8
1968-08-14,74.82307752119021,1968,8
1968-08-15,74.51977929609967,1968,8
1968-08-16,74.56576174320884,1968,8
1968-08-17,74.79236220929054,1968,8
1968-08-18,74.86597178546641,1968,8
1968-08-19,74.72040643333733,1968,8
1968-08-20,74.80804050335873,1968,8
1968-08-21,74.81603856146535,1968,8
1968-08-22,74.6914369063124,1968,8
1968-08-23,74.69285666737602,1968,8
1968-08-24,74.98915307292036,1968,8
1968-08-25,75.08621119045333,1968,8
1968-08-26,75.04995295702709,1968,8
1968-08-27,75.06417950836439,1968,8
1968-08-28,75.08834285425388,1968,8
1968-08-29,75.19831210375388,1968,8
1968-08-30,75.3702205855442,1968,8
1968-08-31,75.49191668542483,1968,8
1968-09-01,75.56517247476071,1968,9
1968-09-02,75.74222352745714,1968,9
1968-09-03,75.7414694080656,1968,9
1968-09-04,75.45746353132417,1968,9
1968-09-05,75.14886265369799,1968,9
1968-09-06,75.32618714751479,1968,9
1968-09-07,75.34469611570708,1968,9
1968-09-08,75.3785356792997,1968,9
1968-09-09,75.48827442251343,1968,9
1968-09-10,75.61146511381759,1968,9
1968-09-11,75.670333500509,1968,9
1968-09-12,75.55596277299281,1968,9
1968-09-13,75.40190398548349,1968,9
1968-09-14,75.26433829018137,1968,9
1968-09-15,75.08216994610677,1968,9
1968-09-16,74.90651102069666,1968,9
1968-09-17,74.90959712981243,1968,9
1968-09-18,74.88862450809741,1968,9
1968-09-19,74.88582257301859,1968,9
1968-09-20,75.07808153137105,1968,9
1968-09-21,75.36258182124749,1968,9
1968-09-22,75.64515648165352,1968,9
1968-09-23,75.67465738543078,1968,9
1968-09-24,75.58503618028874,1968,9
1968-09-25,75.648652314376,1968,9
1968-09-26,75.70019602284626,1968,9
1968-09-27,75.71036534302898,1968,9
1968-09-28,75.67910149829397,1968,9
1968-09-29,75.59018057355125,1968,9
1968-09-30,75.52275814170446,1968,9
1968-10-01,75.51705367077551,1968,10
1968-10-02,75.50257785331743,1968,10
1968-10-03,75.26960339851468,1968,10
1968-10-04,74.86118366603775,1968,10
1968-10-05,75.12842104791339,1968,10
1968-10-06,75.33764418667188,1968,10
1968-10-07,75.33222016912173,1968,10
1968-10-08,75.17918972008052,1968,10
1968-10-09,75.00239407615773,1968,10
1968-10-10,74.91722055389464,1968,10
1968-10-11,74.93762375674086,1968,10
1968-10-12,75.12949103110861,1968,10
1968-10-13,75.25069667517857,1968,10
1968-10-14,75.24715725992014,1968,10
1968-10-15,75.23405919119368,1968,10
1968-10-16,75.16320602833937,1968,10
1968-10-17,75.25926332865379,1968,10
1968-10-18,74.86945652064918,1968,10
1968-10-19,74.96443893156321,1968,10
1968-10-20,74.98804785335153,1968,10
1968-10-21,74.99210723495304,1968,10
1968-10-22,75.15512147742314,1968,10
1968-10-23,75.19829602658888,1968,10
1968-10-24,75.09524997692363,1968,10
1968-10-25,75.23230320633647,1968,10
1968-10-26,75.26284431588256,1968,10
1968-10-27,75.21538013455364,1968,10
1968-10-28,74.94364275896145,1968,10
1968-10-29,75.133389291305,1968,10
1968-10-30,75.09493403217647,1968,10
1968-10-31,75.0240628621988,1968,10
1968-11-01,74.95198474899227,1968,11
1968-11-02,74.79771627237027,1968,11
1968-11-03,74.93300282550416,1968,11
1968-11-04,74.78282481443355,1968,11
1968-11-05,74.70424155076991,1968,11
1968-11-06,74.62516657457456,1968,11
1968-11-07,74.45535425886922,1968,11
1968-11-08,74.48693266494725,1968,11
1968-11-09,74.49212664614694,1968,11
1968-11-10,74.57610344879578,1968,11
1968-11-11,74.483629220073,1968,11
1968-11-12,74.37052807284509,1968,11
1968-11-13,74.30655641938169,1968,11
1968-11-14,74.18061224600187,1968,11
1968-11-15,74.10089556285075,1968,11
1968-11-16,74.12891050070857,1968,11
1968-11-17,74.10234003868183,1968,11
1968-11-18,74.05284545475611,1968,11
1968-11-19,73.95641733277496,1968,11
1968-11-20,73.83743387893354,1968,11
1968-11-21,73.7982845540382,1968,11
1968-11-22,73.754912109734,1968,11
1968-11-23,73.75449635038828,1968,11
1968-11-24,73.66934100856699,1968,11
1968-11-25,73.5904233970885,1968,11
1968-11-26,73.57817684811866,1968,11
1968-11-27,73.48148419028765,1968,11
1968-11-28,73.40076082421594,1968,11
1968-11-29,73.44933715053669,1968,11
1968-11-30,73.42036073784396,1968,11
1968-12-01,73.3402860988306,1968,12
1968-12-02,73.31134947437107,1968,12
1968-12-03,73.34583019619348,1968,12
1968-12-04,73.21443910085986,1968,12
1968-12-05,73.31914558214491,1968,12
1968-12-06,73.39947620828119,1968,12
1968-12-07,73.46936784241187,1968,12
1968-12-08,73.50596887000839,1968,12
1968-12-09,73.55493515199215,1968,12
1968-12-10,73.56095909875116,1968,12
1968-12-11,73.58368364341871,1968,12
1968-12-12,73.4999110792013,1968,12
1968-12-13,73.37253451152863,1968,12
1968-12-14,73.33598468134629,1968,12
1968-12-15,73.14761304475992,1968,12
1968-12-16,73.01635881018605,1968,12
1968-12-17,72.8647989608923,1968,12
1968-12-18,72.71763473391226,1968,12
1968-12-19,72.71312059634077,1968,12
1968-12-20,72.85228245021952,1968,12
1968-12-21,73.11413555430917,1968,12
1968-12-22,73.01141488402777,1968,12
1968-12-23,72.96628775362748,1968,12
1968-12-24,72.85269240309444,1968,12
1968-12-25,72.69305378615485,1968,12
1968-12-26,72.3832199645901,1968,12
1968-12-27,72.18430036370437,1968,12
1968-12-28,71.97692464081116,1968,12
1968-12-29,71.89117376725221,1968,12
1968-12-30,72.14042405700506,1968,12
1968-12-31,72.3845750115363,1968,12
1969-01-01,70.87558423302374,1969,1
1969-01-02,71.01485279078688,1969,1
1969-01-03,70.992447791051,1969,1
1969-01-04,71.09506544461212,1969,1
1969-01-05,71.03538408638113,1969,1
1969-01-06,71.00654319717465,1969,1
1969-01-07,70.99027988792945,1969,1
1969-01-08,70.91234229386738,1969,1
1969-01-09,71.26246940255507,1969,1
1969-01-10,71.60263228246407,1969,1
1969-01-11,71.67811637662878,1969,1
1969-01-12,71.45148945250041,1969,1
1969-01-13,71.58532767683865,1969,1
1969-01-14,70.99691885976031,1969,1
1969-01-15,70.44635080138343,1969,1
1969-01-16,70.74907229904686,1969,1
1969-01-17,71.04254646684208,1969,1
1969-01-18,71.17858997094662,1969,1
1969-01-19,71.26581028264398,1969,1
1969-01-20,71.38211930858706,1969,1
1969-01-21,71.40386500710571,1969,1
1969-01-22,71.50595039060222,1969,1
1969-01-23,71.58319810408939,1969,1
1969-01-24,71.70420561245827,1969,1
1969-01-25,71.96522917047042,1969,1
1969-01-26,72.09634616592801,1969,1
1969-01-27,72.06475228637268,1969,1
1969-01-28,71.64857085898267,1969,1
1969-01-29,71.58030569394593,1969,1
1969-01-30,71.41927639898543,1969,1
1969-01-31,71.7584574068172,1969,1
1969-02-01,71.89863735749162,1969,2
1969-02-02,71.99698387079367,1969,2
1969-02-03,71.92902180676877,1969,2
1969-02-04,71.93821705608855,1969,2
1969-02-05,71.70855290846052,1969,2
1969-02-06,71.6282905443215,1969,2
1969-02-07,71.83795009201638,1969,2
1969-02-08,71.99983628040624,1969,2
1969-02-09,72.09611940251266,1969,2
1969-02-10,72.28503296978799,1969,2
1969-02-11,72.59689068648298,1969,2
1969-02-12,72.75146851394666,1969,2
1969-02-13,72.7513668504746,1969,2
1969-02-14,72.20730272846441,1969,2
1969-02-15,72.01125416018819,1969,2
1969-02-16,72.42685072859686,1969,2
1969-02-17,72.46719688549469,1969,2
1969-02-18,72.65927259239113,1969,2
1969-02-19,72.76869758520546,1969,2
1969-02-20,72.49638843670482,1969,2
1969-02-21,72.5428565387857,1969,2
1969-02-22,72.8047812627882,1969,2
1969-02-23,73.07392575734784,1969,2
1969-02-24,72.9768195137277,1969,2
1969-02-25,73.31982291117095,1969,2
1969-02-26,73.41675265861096,1969,2
1969-02-27,73.6887789469585,1969,2
1969-02-28,73.8142025722764,1969,2
1969-03-01,73.64799374846848,1969,3
1969-03-02,73.56507205087996,1969,3
1969-03-03,73.8434391043471,1969,3
1969-03-04,74.03996842401428,1969,3
1969-03-05,74.1690004072202,1969,3
1969-03-06,74.33284228400483,1969,3
1969-03-07,74.49497228045519,1969,3
1969-03-08,74.5318223578687,1969,3
1969-03-09,74.42732655446808,1969,3
1969-03-10,74.61415332394078,1969,3
1969-03-11,74.72071118156516,1969,3
1969-03-12,74.83455589020431,1969,3
1969-03-13,75.022318350471,1969,3
1969-03-14,75.14969926327241,1969,3
1969-03-15,75.18928183700946,1969,3
1969-03-16,75.07029945131751,1969,3
1969-03-17,74.83932298348009,1969,3
1969-03-18,74.4613090630384,1969,3
1969-03-19,74.04922228841643,1969,3
1969-03-20,73.67899160504838,1969,3
1969-03-21,73.62454569979002,1969,3
1969-03-22,73.98659350927674,1969,3
1969-03-23,74.11262013853676,1969,3
1969-03-24,74.54099798521064,1969,3
1969-03-25,74.84304076898316,1969,3
1969-03-26,75.39553372737232,1969,3
1969-03-27,74.69317198717772,1969,3
1969-03-28,74.70064975880427,1969,3
1969-03-29,74.7683401176013,1969,3
1969-03-30,74.86346481862263,1969,3
1969-03-31,75.13992144560567,1969,3
1969-04-01,75.44260378020391,1969,4
1969-04-02,75.50642574487489,1969,4
1969-04-03,75.51129656560839,1969,4
1969-04-04,75.51371062683597,1969,4
1969-04-05,75.34365696648389,1969,4
1969-04-06,75.47400911403052,1969,4
1969-04-07,75.3507404255773,1969,4
1969-04-08,75.40418772789815,1969,4
1969-04-09,75.22180275144079,1969,4
1969-04-10,75.11358878294874,1969,4
1969-04-11,75.3381967736738,1969,4
1969-04-12,75.48998684095852,1969,4
1969-04-13,75.41888983000024,1969,4
1969-04-14,75.5539869394719,1969,4
1969-04-15,75.65315886381802,1969,4
1969-04-16,75.86895809064991,1969,4
1969-04-17,75.4978687659105,1969,4
1969-04-18,75.091082699896,1969,4
1969-04-19,74.96820377914489,1969,4
1969-04-20,75.26533268038047,1969,4
1969-04-21,75.39125026683578,1969,4
1969-04-22,74.99032650854645,1969,4
1969-04-23,74.93893289167872,1969,4
1969-04-24,75.0752131235426,1969,4
1969-04-25,75.29742832257429,1969,4
1969-04-26,75.56745781902794,1969,4
1969-04-27,75.68794289045188,1969,4
1969-04-28,75.78333482459662,1969,4
1969-04-29,75.61875407255957,1969,4
1969-04-30,75.08707646207787,1969,4
1969-05-01,74.4480229225463,1969,5
1969-05-02,73.99235960850869,1969,5
1969-05-03,74.0215866685435,1969,5
1969-05-04,74.55351490518285,1969,5
1969-05-05,75.05662836705743,1969,5
1969-05-06,75.3359354387425,1969,5
1969-05-07,75.68230288959046,1969,5
1969-05-08,75.79829899520658,1969,5
1969-05-09,75.77716867571922,1969,5
1969-05-10,75.90006322623256,1969,5
1969-05-11,75.93360205383084,1969,5
1969-05-12,75.81056325475515,1969,5
1969-05-13,75.37559130738927,1969,5
1969-05-14,75.47049675268698,1969,5
1969-05-15,75.17887331233332,1969,5
1969-05-16,75.21859602566994,1969,5
1969-05-17,75.17585868575117,1969,5
1969-05-18,75.2855468927582,1969,5
1969-05-19,75.39136458309308,1969,5
1969-05-20,75.77627046537805,1969,5
1969-05-21,75.27659400297865,1969,5
1969-05-22,75.72338855018705,1969,5
1969-05-23,76.17441006166455,1969,5
1969-05-24,76.28713589395731,1969,5
1969-05-25,76.30041987220983,1969,5
1969-05-26,76.29234442917434,1969,5
1969-05-27,76.38620650138252,1969,5
1969-05-28,76.38521017451221,1969,5
1969-05-29,76.21085352709683,1969,5
1969-05-30,76.10766039585768,1969,5
1969-05-31,76.06626355595172,1969,5
1969-06-01,76.11608920732905,1969,6
1969-06-02,76.29668385333584,1969,6
1969-06-03,76.18339958934575,1969,6
1969-06-04,75.69390892936639,1969,6
1969-06-05,75.16476965993273,1969,6
1969-06-06,75.15688591445151,1969,6
1969-06-07,75.26079362851993,1969,6
1969-06-08,75.30099976573796,1969,6
1969-06-09,75.40266643836951,1969,6
1969-06-10,75.77694923355365,1969,6
1969-06-11,75.69668407504531,1969,6
1969-06-12,75.26912483026406,1969,6
1969-06-13,75.34385691702224,1969,6
1969-06-14,75.2868339123744,1969,6
1969-06-15,75.30874028840142,1969,6
1969-06-16,75.27523616524458,1969,6
1969-06-17,75.38221897298054,1969,6
1969-06-18,75.27506599709885,1969,6
1969-06-19,75.27313679573597,1969,6
1969-06-20,75.2453654456613,1969,6
1969-06-21,75.35301210054674,1969,6
1969-06-22,75.21576360529396,1969,6
1969-06-23,75.20428503552027,1969,6
1969-06-24,75.30330902037026,1969,6
1969-06-25,75.61822282399253,1969,6
1969-06-26,75.61345398046598,1969,6
1969-06-27,75.20665380702224,1969,6
1969-06-28,75.33097999622959,1969,6
1969-06-29,75.05343256639728,1969,6
1969-06-30,75.08750542029253,1969,6
1969-07-01,74.80581075862071,1969,7
1969-07-02,74.83878347274266,1969,7
1969-07-03,74.70743678870255,1969,7
1969-07-04,74.61106419851046,1969,7
1969-07-05,74.4444618240059,1969,7
1969-07-06,74.4775035369306,1969,7
1969-07-07,74.32461444348382,1969,7
1969-07-08,74.30640587127021,1969,7
1969-07-09,74.15807406377287,1969,7
1969-07-10,74.06889668688872,1969,7
1969-07-11,74.08144747436563,1969,7
1969-07-12,74.12240658013206,1969,7
1969-07-13,74.0654589638717,1969,7
1969-07-14,74.14076998569372,1969,7
1969-07-15,73.94230440927686,1969,7
1969-07-16,73.78935423328076,1969,7
1969-07-17,73.7579488855126,1969,7
1969-07-18,73.64870740923057,1969,7
1969-07-19,73.62611764004095,1969,7
1969-07-20,73.62535019195191,1969,7
1969-07-21,73.48920898058982,1969,7
1969-07-22,73.48705722702486,1969,7
1969-07-23,73.84509321339839,1969,7
1969-07-24,73.5668469300839,1969,7
1969-07-25,73.35665886204248,1969,7
1969-07-26,73.28738985971074,1969,7
1969-07-27,73.5889149141991,1969,7
1969-07-28,73.66745799407332,1969,7
1969-07-29,73.35700342978777,1969,7
1969-07-30,73.5137169309435,1969,7
1969-07-31,73.65469309509554,1969,7
1969-08-01,73.74199539642643,1969,8
1969-08-02,73.71593236184363,1969,8
1969-08-03,73.42192053530339,1969,8
1969-08-04,73.33012180510622,1969,8
1969-08-05,73.66854970981294,1969,8
1969-08-06,73.62856334879339,1969,8
1969-08-07,73.19454250211605,1969,8
1969-08-08,73.34897939351858,1969,8
1969-08-09,73.25749357748461,1969,8
1969-08-10,73.15775430507975,1969,8
1969-08-11,73.48093908817208,1969,8
1969-08-12,73.64716967831343,1969,8
1969-08-13,73.48687679303404,1969,8
1969-08-14,73.65067265777687,1969,8
1969-08-15,73.25704723517293,1969,8
1969-08-16,73.19093845778241,1969,8
1969-08-17,73.31756204045307,1969,8
1969-08-18,73.08820913406768,1969,8
1969-08-19,73.12188356710226,1969,8
1969-08-20,73.29597848062755,1969,8
1969-08-21,73.41706028750232,1969,8
1969-08-22,73.38390616839536,1969,8
1969-08-23,73.48790705108307,1969,8
1969-08-24,73.59657813554712,1969,8
1969-08-25,73.71136465961746,1969,8
1969-08-26,73.92464744030165,1969,8
1969-08-27,74.112363918984,1969,8
1969-08-28,74.33681276451651,1969,8
1969-08-29,74.24202541509092,1969,8
1969-08-30,73.96430180429309,1969,8
1969-08-31,73.93961250272116,1969,8
1969-09-01,74.10348226095185,1969,9
1969-09-02,74.20353078851039,1969,9
1969-09-03,74.16975675828908,1969,9
1969-09-04,73.9949824447443,1969,9
1969-09-05,74.07700507511302,1969,9
1969-09-06,73.86824431939488,1969,9
1969-09-07,73.50343172153148,1969,9
1969-09-08,73.31267393288782,1969,9
1969-09-09,73.22193602029606,1969,9
1969-09-10,73.34995508285301,1969,9
1969-09-11,73.2180808129858,1969,9
1969-09-12,73.25579313977838,1969,9
1969-09-13,73.52926118422783,1969,9
1969-09-14,73.55946869951872,1969,9
1969-09-15,73.50670984014864,1969,9
1969-09-16,73.57541395633521,1969,9
1969-09-17,73.94021470761342,1969,9
1969-09-18,73.83425038973844,1969,9
1969-09-19,73.44678140873602,1969,9
1969-09-20,73.27974190557376,1969,9
1969-09-21,73.2645192792413,1969,9
1969-09-22,73.28671315328378,1969,9
1969-09-23,73.43077804306185,1969,9
1969-09-24,73.68779227343938,1969,9
1969-09-25,73.75721639789066,1969,9
1969-09-26,73.84539328245498,1969,9
1969-09-27,73.81904365932883,1969,9
1969-09-28,73.86045649970508,1969,9
1969-09-29,74.00681515932237,1969,9
1969-09-30,74.15352285133719,1969,9
1969-10-01,74.19034360314731,1969,10
1969-10-02,74.09942618973813,1969,10
1969-10-03,73.90516075659889,1969,10
1969-10-04,74.02685035366399,1969,10
1969-10-05,74.10034098771646,1969,10
1969-10-06,74.18751114415667,1969,10
1969-10-07,74.18535230122878,1969,10
1969-10-08,74.21032362944405,1969,10
1969-10-09,74.12531724689096,1969,10
1969-10-10,73.93516652693998,1969,10
1969-10-11,73.65116310388942,1969,10
1969-10-12,73.69726034550655,1969,10
1969-10-13,73.8859693255884,1969,10
1969-10-14,73.92367775147815,1969,10
1969-10-15,73.88121948403928,1969,10
1969-10-16,73.84309395821141,1969,10
1969-10-17,73.6441441186035,1969,10
1969-10-18,73.35718054495219,1969,10
1969-10-19,73.58774488560631,1969,10
1969-10-20,73.78381415349337,1969,10
1969-10-21,73.95676186815243,1969,10
1969-10-22,73.97076959840687,1969,10
1969-10-23,73.90292407923016,1969,10
1969-10-24,73.74256697532788,1969,10
1969-10-25,73.69162542116847,1969,10
1969-10-26,73.78222446595856,1969,10
1969-10-27,73.84525682196484,1969,10
1969-10-28,73.82865682878338,1969,10
1969-10-29,73.83748100450782,1969,10
1969-10-30,73.82094181601833,1969,10
1969-10-31,73.8160792730733,1969,10
1969-11-01,73.78407918984784,1969,11
1969-11-02,73.80735873128666,1969,11
1969-11-03,73.78325260381817,1969,11
1969-11-04,73.67562013721609,1969,11
1969-11-05,73.6060403928278,1969,11
1969-11-06,73.51136403950248,1969,11
1969-11-07,73.3172901000894,1969,11
1969-11-08,73.20947239283001,1969,11
1969-11-09,73.06268078896525,1969,11
1969-11-10,73.01250749897484,1969,11
1969-11-11,72.71605219033314,1969,11
1969-11-12,72.6034792674592,1969,11
1969-11-13,72.72192544406262,1969,11
1969-11-14,72.87466855175481,1969,11
1969-11-15,72.9349202646842,1969,11
1969-11-16,72.8814517150012,1969,11
1969-11-17,72.85830857408426,1969,11
1969-11-18,72.78342131149414,1969,11
1969-11-19,72.55239458754845,1969,11
1969-11-20,72.45212412691646,1969,11
1969-11-21,72.51988381244689,1969,11
1969-11-22,72.38201907094678,1969,11
1969-11-23,72.28091337661746,1969,11
1969-11-24,72.35074146197117,1969,11
1969-11-25,72.31376293671711,1969,11
1969-11-26,72.13613003680088,1969,11
1969-11-27,72.063619163913,1969,11
1969-11-28,72.10799287406196,1969,11
1969-11-29,72.01197505444864,1969,11
1969-11-30,71.98989768689515,1969,11
1969-12-01,71.6326891800382,1969,12
1969-12-02,71.80986195407105,1969,12
1969-12-03,71.83609345895242,1969,12
1969-12-04,71.89276817150555,1969,12
1969-12-05,71.81188041167538,1969,12
1969-12-06,71.80295968751562,1969,12
1969-12-07,71.85881344152537,1969,12
1969-12-08,71.89877327436,1969,12
1969-12-09,71.97481861262597,1969,12
1969-12-10,72.03503844192092,1969,12
1969-12-11,71.72446064438424,1969,12
1969-12-12,71.72442322867002,1969,12
1969-12-13,71.56705707427754,1969,12
1969-12-14,71.3537291557361,1969,12
1969-12-15,71.27120715959016,1969,12
1969-12-16,71.38783535641451,1969,12
1969-12-17,71.50179355635903,1969,12
1969-12-18,71.63197844766421,1969,12
1969-12-19,71.88809075699693,1969,12
1969-12-20,71.90335859704062,1969,12
1969-12-21,71.84628991725187,1969,12
1969-12-22,71.74325881920362,1969,12
1969-12-23,71.52608648388458,1969,12
1969-12-24,71.31985914696011,1969,12
1969-12-25,71.2655411577513,1969,12
1969-12-26,71.33307986123951,1969,12
1969-12-27,71.33646091790315,1969,12
1969-12-28,71.33632230571087,1969,12
1969-12-29,71.3735982143565,1969,12
1969-12-30,71.39763107319033,1969,12
1969-12-31,71.29698475001723,1969,12
1970-01-01,71.00188976364235,1970,1
1970-01-02,71.09331298516307,1970,1
1970-01-03,71.17682175961303,1970,1
1970-01-04,71.16111029607568,1970,1
1970-01-05,71.1825732964889,1970,1
1970-01-06,71.07885691096193,1970,1
1970-01-07,71.00681734236576,1970,1
1970-01-08,70.96623604158145,1970,1
1970-01-09,71.01558813386569,1970,1
1970-01-10,71.05700442126344,1970,1
1970-01-11,70.9787493286313,1970,1
1970-01-12,70.6622630467397,1970,1
1970-01-13,70.78569410679698,1970,1
1970-01-14,70.97919022697327,1970,1
1970-01-15,70.68727365647567,1970,1
1970-01-16,70.90951988125389,1970,1
1970-01-17,70.86010842813262,1970,1
1970-01-18,71.06588544439313,1970,1
1970-01-19,70.99662118320768,1970,1
1970-01-20,70.81222252745515,1970,1
1970-01-21,70.08478774814017,1970,1
1970-01-22,70.49429808586366,1970,1
1970-01-23,70.38735085343971,1970,1
1970-01-24,70.65240396241907,1970,1
1970-01-25,71.04716387004503,1970,1
1970-01-26,70.54481043216059,1970,1
1970-01-27,70.56270501383835,1970,1
1970-01-28,70.32591632258152,1970,1
1970-01-29,70.3216021628705,1970,1
1970-01-30,70.57870422909751,1970,1
1970-01-31,70.39777638323574,1970,1
1970-02-01,70.55060769203543,1970,2
1970-02-02,70.68176324158152,1970,2
1970-02-03,70.8535393374031,1970,2
1970-02-04,70.96406496839843,1970,2
1970-02-05,71.06967608857833,1970,2
1970-02-06,71.0231622409319,1970,2
1970-02-07,71.04736244881433,1970,2
1970-02-08,71.33429868086004,1970,2
1970-02-09,71.57251813245144,1970,2
1970-02-10,71.59641611937694,1970,2
1970-02-11,71.70009713899996,1970,2
1970-02-12,71.93118519589537,1970,2
1970-02-13,72.03347383444797,1970,2
1970-02-14,72.06978651310011,1970,2
1970-02-15,72.26432059981533,1970,2
1970-02-16,72.42243330305746,1970,2
1970-02-17,72.50666268010052,1970,2
1970-02-18,72.60349050589834,1970,2
1970-02-19,72.05072230673902,1970,2
1970-02-20,71.28444289659733,1970,2
1970-02-21,71.46595013524261,1970,2
1970-02-22,71.52397716685641,1970,2
1970-02-23,71.81336594016068,1970,2
1970-02-24,71.8259446653407,1970,2
1970-02-25,71.8099802961148,1970,2
1970-02-26,72.13336657256332,1970,2
1970-02-27,72.24960194959165,1970,2
1970-02-28,72.13385858780781,1970,2
1970-03-01,71.97305567150168,1970,3
1970-03-02,72.20038458054294,1970,3
1970-03-03,72.02468531103204,1970,3
1970-03-04,71.9096640111814,1970,3
1970-03-05,71.87796208011109,1970,3
1970-03-06,71.91025943614584,1970,3
1970-03-07,72.14511451649507,1970,3
1970-03-08,72.29553722655788,1970,3
1970-03-09,72.6313962979131,1970,3
1970-03-10,73.03332317390797,1970,3
1970-03-11,72.61718538638972,1970,3
1970-03-12,72.41959776210015,1970,3
1970-03-13,72.56358105779181,1970,3
1970-03-14,72.85948094176071,1970,3
1970-03-15,73.1455115367497,1970,3
1970-03-16,73.38426450671362,1970,3
1970-03-17,73.58053270145692,1970,3
1970-03-18,73.65246394003155,1970,3
1970-03-19,73.68714332509782,1970,3
1970-03-20,73.13537905101222,1970,3
1970-03-21,73.32598745948593,1970,3
1970-03-22,73.54588298817119,1970,3
1970-03-23,73.716022349565,1970,3
1970-03-24,73.826998127827,1970,3
1970-03-25,73.96417605650429,1970,3
1970-03-26,74.32068790543671,1970,3
1970-03-27,74.5072003559126,1970,3
1970-03-28,74.53889094500218,1970,3
1970-03-29,74.61511937447997,1970,3
1970-03-30,74.40887692067577,1970,3
1970-03-31,74.23549473477739,1970,3
1970-04-01,74.20713625844309,1970,4
1970-04-02,74.11627608372764,1970,4
1970-04-03,74.05501705375063,1970,4
1970-04-04,74.20735662718077,1970,4
1970-04-05,74.35178937327875,1970,4
1970-04-06,74.29520317377496,1970,4
1970-04-07,74.36972174763433,1970,4
1970-04-08,74.31746271123664,1970,4
1970-04-09,74.38344612976343,1970,4
1970-04-10,74.60072808527039,1970,4
1970-04-11,74.9625787434558,1970,4
1970-04-12,75.19717798746655,1970,4
1970-04-13,75.57723182521559,1970,4
1970-04-14,75.47538330519754,1970,4
1970-04-15,75.08286602240872,1970,4
1970-04-16,74.97486916701658,1970,4
1970-04-17,74.88622867550559,1970,4
1970-04-18,74.86817998348467,1970,4
1970-04-19,75.1655338092697,1970,4
1970-04-20,75.03806337088126,1970,4
1970-04-21,75.17545371672699,1970,4
1970-04-22,75.51004507230071,1970,4
1970-04-23,75.8676206466844,1970,4
1970-04-24,76.1487097228969,1970,4
1970-04-25,76.21569476309053,1970,4
1970-04-26,76.22674207218255,1970,4
1970-04-27,76.10464796039705,1970,4
1970-04-28,75.58336552877624,1970,4
1970-04-29,75.34807976180376,1970,4
1970-04-30,75.37179746648684,1970,4
1970-05-01,75.61367301314235,1970,5
1970-05-02,75.80295833424024,1970,5
1970-05-03,75.94258807968174,1970,5
1970-05-04,75.98854938879676,1970,5
1970-05-05,75.98086552985923,1970,5
1970-05-06,75.84980621601927,1970,5
1970-05-07,75.6111908998681,1970,5
1970-05-08,75.5440166111858,1970,5
1970-05-09,75.74319160418075,1970,5
1970-05-10,75.78767040350436,1970,5
1970-05-11,75.79551630176748,1970,5
1970-05-12,75.99821083071419,1970,5
1970-05-13,76.29324257538916,1970,5
1970-05-14,76.3727725540655,1970,5
1970-05-15,76.25120869081512,1970,5
1970-05-16,76.14081074732138,1970,5
1970-05-17,76.0699240565242,1970,5
1970-05-18,76.04571890815156,1970,5
1970-05-19,75.86185848646333,1970,5
1970-05-20,75.83149034015001,1970,5
1970-05-21,75.71338742830436,1970,5
1970-05-22,75.44483753526053,1970,5
1970-05-23,75.29428055813698,1970,5
1970-05-24,74.93963382168288,1970,5
1970-05-25,75.3416115961578,1970,5
1970-05-26,74.67796796689402,1970,5
1970-05-27,75.02555638533809,1970,5
1970-05-28,75.07441259453127,1970,5
1970-05-29,74.92650850913,1970,5
1970-05-30,75.06697069667149,1970,5
1970-05-31,75.02818120732564,1970,5
1970-06-01,74.94862477746273,1970,6
1970-06-02,74.76846407756753,1970,6
1970-06-03,74.45289587281616,1970,6
1970-06-04,74.24533262701458,1970,6
1970-06-05,74.2020417746524,1970,6
1970-06-06,73.78236330488348,1970,6
1970-06-07,73.62337050327693,1970,6
1970-06-08,73.97419448406308,1970,6
1970-06-09,74.38311688932936,1970,6
1970-06-10,74.70289234088013,1970,6
1970-06-11,74.63389728611513,1970,6
1970-06-12,74.29964974576964,1970,6
1970-06-13,74.27135930999269,1970,6
1970-06-14,74.92783819371013,1970,6
1970-06-15,73.95214419029142,1970,6
1970-06-16,73.5002878307719,1970,6
1970-06-17,73.53986331630922,1970,6
1970-06-18,73.90326140506433,1970,6
1970-06-19,74.34709483200109,1970,6
1970-06-20,74.71850139470163,1970,6
1970-06-21,74.93095713645545,1970,6
1970-06-22,74.62639867645068,1970,6
1970-06-23,74.38404190661366,1970,6
1970-06-24,74.25040105293017,1970,6
1970-06-25,74.29350723498133,1970,6
1970-06-26,74.47911798703804,1970,6
1970-06-27,74.3363828150097,1970,6
1970-06-28,74.26739770444541,1970,6
1970-06-29,74.30038801268998,1970,6
1970-06-30,73.69361377520873,1970,6
1970-07-01,73.50786650037163,1970,7
1970-07-02,73.40322846907169,1970,7
1970-07-03,73.22490189830889,1970,7
1970-07-04,73.31555467264381,1970,7
1970-07-05,73.38348516388947,1970,7
1970-07-06,73.50322956013504,1970,7
1970-07-07,73.6450621809674,1970,7
1970-07-08,73.6914032736737,1970,7
1970-07-09,73.6810246462397,1970,7
1970-07-10,73.59933929382753,1970,7
1970-07-11,73.53587752098531,1970,7
1970-07-12,73.62806977589881,1970,7
1970-07-13,73.5970690645398,1970,7
1970-07-14,73.71315859010633,1970,7
1970-07-15,73.90037412895634,1970,7
1970-07-16,73.88085388701306,1970,7
1970-07-17,73.73125484678023,1970,7
1970-07-18,73.83698696882395,1970,7
1970-07-19,73.99615510611501,1970,7
1970-07-20,73.87813412812854,1970,7
1970-07-21,73.59277093717034,1970,7
1970-07-22,73.31174144683878,1970,7
1970-07-23,73.44957110996107,1970,7
1970-07-24,73.63897243473878,1970,7
1970-07-25,73.82933511198028,1970,7
1970-07-26,73.95828575690528,1970,7
1970-07-27,73.76292889732191,1970,7
1970-07-28,73.59664386830691,1970,7
1970-07-29,73.57004660948597,1970,7
1970-07-30,73.64546889438975,1970,7
1970-07-31,73.49568387459108,1970,7
1970-08-01,73.44353528386479,1970,8
1970-08-02,73.47698358551561,1970,8
1970-08-03,73.43853984831588,1970,8
1970-08-04,73.25190838012936,1970,8
1970-08-05,73.21908859505578,1970,8
1970-08-06,73.39790296878061,1970,8
1970-08-07,73.51475904126691,1970,8
1970-08-08,73.44421369330426,1970,8
1970-08-09,73.25161147059319,1970,8
1970-08-10,73.16817491150073,1970,8
1970-08-11,73.06086019846398,1970,8
1970-08-12,73.15360561807991,1970,8
1970-08-13,72.99426956339168,1970,8
1970-08-14,72.96821530438123,1970,8
1970-08-15,72.89268319968937,1970,8
1970-08-16,73.3209389433479,1970,8
1970-08-17,73.21570310401955,1970,8
1970-08-18,72.98955737274717,1970,8
1970-08-19,73.1188923986368,1970,8
1970-08-20,73.34785789537659,1970,8
1970-08-21,73.5048587144628,1970,8
1970-08-22,73.48982488717617,1970,8
1970-08-23,73.22527269407297,1970,8
1970-08-24,73.1185328113653,1970,8
1970-08-25,73.11222381332283,1970,8
1970-08-26,72.94707535193135,1970,8
1970-08-27,73.07519548506866,1970,8
1970-08-28,72.91483587755515,1970,8
1970-08-29,72.9782906222764,1970,8
1970-08-30,73.15303413556909,1970,8
1970-08-31,73.21726427100876,1970,8
1970-09-01,73.13726825343925,1970,9
1970-09-02,73.26473585495167,1970,9
1970-09-03,73.35041159879333,1970,9
1970-09-04,73.1776316882145,1970,9
1970-09-05,73.25761156461857,1970,9
1970-09-06,73.07890170501655,1970,9
1970-09-07,73.21871287936844,1970,9
1970-09-08,73.38206400927892,1970,9
1970-09-09,73.32719600422624,1970,9
1970-09-10,73.18458698712172,1970,9
1970-09-11,73.25272488518692,1970,9
1970-09-12,73.25783394969862,1970,9
1970-09-13,73.33248429682709,1970,9
1970-09-14,73.14866513030437,1970,9
1970-09-15,73.17785849215146,1970,9
1970-09-16,73.24233141795811,1970,9
1970-09-17,73.15018175196674,1970,9
1970-09-18,73.3349166449183,1970,9
1970-09-19,73.38546371990357,1970,9
1970-09-20,73.16969964146307,1970,9
1970-09-21,73.12438257431604,1970,9
1970-09-22,73.11217422423047,1970,9
1970-09-23,73.12754793689338,1970,9
1970-09-24,73.0439966971008,1970,9
1970-09-25,72.99126615837535,1970,9
1970-09-26,73.04097366744594,1970,9
1970-09-27,73.13457841732554,1970,9
1970-09-28,73.34916516126123,1970,9
1970-09-29,73.39869243918439,1970,9
1970-09-30,73.3308422540496,1970,9
1970-10-01,73.30492629513513,1970,10
1970-10-02,73.33482841322649,1970,10
1970-10-03,73.30182964923094,1970,10
1970-10-04,73.40583683067902,1970,10
1970-10-05,73.32716198912966,1970,10
1970-10-06,73.37099869667583,1970,10
1970-10-07,73.40372881330794,1970,10
1970-10-08,73.03598540809666,1970,10
1970-10-09,73.06631089128582,1970,10
1970-10-10,73.06127552340004,1970,10
1970-10-11,73.1511805887641,1970,10
1970-10-12,73.43726567400708,1970,10
1970-10-13,73.6511067738302,1970,10
1970-10-14,73.63722053264729,1970,10
1970-10-15,73.65450782562505,1970,10
1970-10-16,73.6529496416821,1970,10
1970-10-17,73.66118335811406,1970,10
1970-10-18,73.62633348888836,1970,10
1970-10-19,73.64180812063934,1970,10
1970-10-20,73.60690727094915,1970,10
1970-10-21,73.56925852016828,1970,10
1970-10-22,73.50668296561767,1970,10
1970-10-23,73.36077187162606,1970,10
1970-10-24,72.81664396955813,1970,10
1970-10-25,73.0158198205212,1970,10
1970-10-26,73.21179080436752,1970,10
1970-10-27,73.36023767154843,1970,10
1970-10-28,73.37604324030148,1970,10
1970-10-29,73.30428152306438,1970,10
1970-10-30,73.17013546112533,1970,10
1970-10-31,73.16084679207002,1970,10
1970-11-01,73.17320985525168,1970,11
1970-11-02,73.08151227759963,1970,11
1970-11-03,73.04442677934802,1970,11
1970-11-04,73.00786350299006,1970,11
1970-11-05,72.94217477864788,1970,11
1970-11-06,72.79607651964481,1970,11
1970-11-07,72.76066032060952,1970,11
1970-11-08,72.73833370910745,1970,11
1970-11-09,72.79146783632798,1970,11
1970-11-10,72.77958896634154,1970,11
1970-11-11,72.72616391310613,1970,11
1970-11-12,72.66101264507537,1970,11
1970-11-13,72.45468321503868,1970,11
1970-11-14,72.44421661552438,1970,11
1970-11-15,72.52221425539103,1970,11
1970-11-16,72.50338368490469,1970,11
1970-11-17,72.3277396445971,1970,11
1970-11-18,72.07911180276774,1970,11
1970-11-19,72.00867322762713,1970,11
1970-11-20,71.92235379137735,1970,11
1970-11-21,71.60542062563499,1970,11
1970-11-22,71.63423022515346,1970,11
1970-11-23,71.6603651862804,1970,11
1970-11-24,71.67962522431442,1970,11
1970-11-25,71.5800463565162,1970,11
1970-11-26,71.51907938406872,1970,11
1970-11-27,71.35025815701455,1970,11
1970-11-28,71.27167967622375,1970,11
1970-11-29,71.16056036275161,1970,11
1970-11-30,71.03293829538323,1970,11
1970-12-01,71.17919850532716,1970,12
1970-12-02,71.32151512362428,1970,12
1970-12-03,71.44750731488436,1970,12
1970-12-04,71.4987376244703,1970,12
1970-12-05,71.38083090750463,1970,12
1970-12-06,71.2797717698579,1970,12
1970-12-07,71.23146527328795,1970,12
1970-12-08,71.24384925863338,1970,12
1970-12-09,71.25203470539718,1970,12
1970-12-10,71.29554455282928,1970,12
1970-12-11,71.36067429207847,1970,12
1970-12-12,71.34612459281021,1970,12
1970-12-13,71.52047099371288,1970,12
1970-12-14,71.57195096436011,1970,12
1970-12-15,71.64708200227082,1970,12
1970-12-16,71.57637386362171,1970,12
1970-12-17,71.54182710157654,1970,12
1970-12-18,71.22640831582346,1970,12
1970-12-19,70.97167485057633,1970,12
1970-12-20,70.84368934234462,1970,12
1970-12-21,70.91811877308541,1970,12
1970-12-22,70.911688938344,1970,12
1970-12-23,70.78687460224455,1970,12
1970-12-24,71.01689628638192,1970,12
1970-12-25,71.13261179263796,1970,12
1970-12-26,71.16523454176496,1970,12
1970-12-27,71.14379819705356,1970,12
1970-12-28,71.11916830344175,1970,12
1970-12-29,71.13720972528169,1970,12
1970-12-30,71.21746333894671,1970,12
1970-12-31,71.20233610557237,1970,12
1971-01-01,71.02506560740238,1971,1
1971-01-02,70.82639005822406,1971,1
1971-01-03,70.84466432115292,1971,1
1971-01-04,70.76707507013207,1971,1
1971-01-05,70.8630286731708,1971,1
1971-01-06,70.82607067908353,1971,1
1971-01-07,70.95265185389361,1971,1
1971-01-08,70.94616562971603,1971,1
1971-01-09,70.97292883316096,1971,1
1971-01-10,71.01836678016518,1971,1
1971-01-11,71.05735052882268,1971,1
1971-01-12,71.15711598700665,1971,1
1971-01-13,71.11008709246916,1971,1
1971-01-14,71.12854890990245,1971,1
1971-01-15,71.17213764284173,1971,1
1971-01-16,71.03323358594464,1971,1
1971-01-17,70.96367782801147,1971,1
1971-01-18,70.92274917532643,1971,1
1971-01-19,70.94190720668416,1971,1
1971-01-20,70.77397424778879,1971,1
1971-01-21,70.62951349768409,1971,1
1971-01-22,70.16590162602178,1971,1
1971-01-23,70.09742323214485,1971,1
1971-01-24,70.39548680989533,1971,1
1971-01-25,70.46856012584459,1971,1
1971-01-26,69.93005006556355,1971,1
1971-01-27,69.67859254940342,1971,1
1971-01-28,69.89433260903921,1971,1
1971-01-29,70.06315781346538,1971,1
1971-01-30,70.21989781611802,1971,1
1971-01-31,70.10151645930416,1971,1
1971-02-01,70.35765111068807,1971,2
1971-02-02,70.63144124978452,1971,2
1971-02-03,70.87203343099124,1971,2
1971-02-04,71.24171885944476,1971,2
1971-02-05,71.34425855767168,1971,2
1971-02-06,71.1959868177113,1971,2
1971-02-07,71.42457206695204,1971,2
1971-02-08,71.69137736931523,1971,2
1971-02-09,71.86537311025619,1971,2
1971-02-10,71.78587485295148,1971,2
1971-02-11,71.64630923596461,1971,2
1971-02-12,71.57121065338545,1971,2
1971-02-13,71.37990377072252,1971,2
1971-02-14,71.43802327044406,1971,2
1971-02-15,71.75979184334429,1971,2
1971-02-16,72.21938163089568,1971,2
1971-02-17,72.47363567147357,1971,2
1971-02-18,72.75816175045483,1971,2
1971-02-19,72.59208920977824,1971,2
1971-02-20,72.5123051190599,1971,2
1971-02-21,72.11095022365433,1971,2
1971-02-22,72.21305534031472,1971,2
1971-02-23,72.26598406025671,1971,2
1971-02-24,72.1714654237753,1971,2
1971-02-25,72.21213703039884,1971,2
1971-02-26,72.28119802227282,1971,2
1971-02-27,71.88614576428326,1971,2
1971-02-28,71.15877629094045,1971,2
1971-03-01,71.38652906954897,1971,3
1971-03-02,71.64175958898855,1971,3
1971-03-03,71.88388504058415,1971,3
1971-03-04,71.95601543748863,1971,3
1971-03-05,71.84109805021964,1971,3
1971-03-06,71.15037473846928,1971,3
1971-03-07,71.45749451574555,1971,3
1971-03-08,71.91377513851265,1971,3
1971-03-09,72.31137447158548,1971,3
1971-03-10,72.72110346833728,1971,3
1971-03-11,73.0732321291782,1971,3
1971-03-12,73.43404274792425,1971,3
1971-03-13,73.53684388879739,1971,3
1971-03-14,73.62250656205332,1971,3
1971-03-15,73.72910764785888,1971,3
1971-03-16,73.83443183545414,1971,3
1971-03-17,73.93225666175461,1971,3
1971-03-18,74.03513136282442,1971,3
1971-03-19,74.16752165715484,1971,3
1971-03-20,74.20617246970207,1971,3
1971-03-21,74.14748884536202,1971,3
1971-03-22,74.16075260136819,1971,3
1971-03-23,74.42817894072583,1971,3
1971-03-24,74.58668740724296,1971,3
1971-03-25,74.77129789395856,1971,3
1971-03-26,74.92110659737413,1971,3
1971-03-27,75.08954916489446,1971,3
1971-03-28,74.81025849206384,1971,3
1971-03-29,74.44581442481,1971,3
1971-03-30,74.4122351303626,1971,3
1971-03-31,74.65438774038554,1971,3
1971-04-01,74.76151701949804,1971,4
1971-04-02,74.90248713005683,1971,4
1971-04-03,74.87517417072948,1971,4
1971-04-04,75.02265898058018,1971,4
1971-04-05,75.21283513094882,1971,4
1971-04-06,74.94852665128225,1971,4
1971-04-07,74.8349429549326,1971,4
1971-04-08,74.86757432407663,1971,4
1971-04-09,75.17852996728428,1971,4
1971-04-10,75.2881878226094,1971,4
1971-04-11,75.28709611991773,1971,4
1971-04-12,75.03970960896481,1971,4
1971-04-13,75.0019661692713,1971,4
1971-04-14,74.68363450470675,1971,4
1971-04-15,74.46101652000507,1971,4
1971-04-16,74.42863963226036,1971,4
1971-04-17,74.61236335082644,1971,4
1971-04-18,74.1949042685947,1971,4
1971-04-19,73.58815621872947,1971,4
1971-04-20,73.43659085224316,1971,4
1971-04-21,73.46282252465286,1971,4
1971-04-22,73.34984749437814,1971,4
1971-04-23,73.90518875657922,1971,4
1971-04-24,74.3296659985889,1971,4
1971-04-25,74.82101050098086,1971,4
1971-04-26,75.0273445017732,1971,4
1971-04-27,75.17488912159853,1971,4
1971-04-28,75.45188541578375,1971,4
1971-04-29,75.59153640509092,1971,4
1971-04-30,74.97689206767953,1971,4
1971-05-01,74.81905786890827,1971,5
1971-05-02,74.95996332822676,1971,5
1971-05-03,75.13436303234772,1971,5
1971-05-04,75.21001599945848,1971,5
1971-05-05,75.32918370228583,1971,5
1971-05-06,75.36741537271509,1971,5
1971-05-07,75.35934801522514,1971,5
1971-05-08,75.0383378603698,1971,5
1971-05-09,74.9101616481378,1971,5
1971-05-10,75.08094761274964,1971,5
1971-05-11,74.8553668214095,1971,5
1971-05-12,74.48445557268339,1971,5
1971-05-13,74.29396638132897,1971,5
1971-05-14,74.2085976926409,1971,5
1971-05-15,74.31459510990072,1971,5
1971-05-16,74.33200025294111,1971,5
1971-05-17,74.29291607194571,1971,5
1971-05-18,74.51969608098405,1971,5
1971-05-19,74.74575068410884,1971,5
1971-05-20,74.8809192635681,1971,5
1971-05-21,74.6436775733302,1971,5
1971-05-22,74.40572894807205,1971,5
1971-05-23,74.72429404436319,1971,5
1971-05-24,74.95402185762872,1971,5
1971-05-25,75.26257741099542,1971,5
1971-05-26,75.18096383807266,1971,5
1971-05-27,75.19580077854862,1971,5
1971-05-28,75.28996900799518,1971,5
1971-05-29,74.80347388227268,1971,5
1971-05-30,74.7438816905478,1971,5
1971-05-31,74.80595640143285,1971,5
1971-06-01,74.72580966606958,1971,6
1971-06-02,74.32627618197255,1971,6
1971-06-03,74.24698122788709,1971,6
1971-06-04,73.97199140365677,1971,6
1971-06-05,74.06400396203543,1971,6
1971-06-06,73.93719939722168,1971,6
1971-06-07,73.97816708864849,1971,6
1971-06-08,73.92598922273469,1971,6
1971-06-09,73.68563949553416,1971,6
1971-06-10,73.60089858014713,1971,6
1971-06-11,73.71065911117948,1971,6
1971-06-12,73.93131183297201,1971,6
1971-06-13,74.19183417791395,1971,6
1971-06-14,74.43410872125584,1971,6
1971-06-15,74.40847732562446,1971,6
1971-06-16,74.05152394183261,1971,6
1971-06-17,73.88221237214977,1971,6
1971-06-18,73.97755564095559,1971,6
1971-06-19,74.14901570028356,1971,6
1971-06-20,74.32462413911104,1971,6
1971-06-21,74.36484156365546,1971,6
1971-06-22,74.01872206793765,1971,6
1971-06-23,73.51815625850065,1971,6
1971-06-24,73.47974191399351,1971,6
1971-06-25,73.41200197194459,1971,6
1971-06-26,73.31722528884625,1971,6
1971-06-27,73.27960290957424,1971,6
1971-06-28,73.14736126309955,1971,6
1971-06-29,73.2461422945785,1971,6
1971-06-30,73.48224038507666,1971,6
1971-07-01,73.43189100179006,1971,7
1971-07-02,73.12332340617071,1971,7
1971-07-03,73.16477098209845,1971,7
1971-07-04,73.20537413906578,1971,7
1971-07-05,73.32575716501565,1971,7
1971-07-06,73.232633876465,1971,7
1971-07-07,73.21931120010174,1971,7
1971-07-08,73.29731123722291,1971,7
1971-07-09,73.65482436378487,1971,7
1971-07-10,73.92043952572251,1971,7
1971-07-11,73.71235210598819,1971,7
1971-07-12,73.3099506661673,1971,7
1971-07-13,73.4452166539877,1971,7
1971-07-14,73.76382913247157,1971,7
1971-07-15,73.36678003441519,1971,7
1971-07-16,73.37367188322825,1971,7
1971-07-17,73.12003892272095,1971,7
1971-07-18,73.16868408610469,1971,7
1971-07-19,73.2107736894981,1971,7
1971-07-20,73.32993505857347,1971,7
1971-07-21,73.2060580797566,1971,7
1971-07-22,73.10647845210556,1971,7
1971-07-23,73.16979280767444,1971,7
1971-07-24,73.22040677262385,1971,7
1971-07-25,73.42341352088691,1971,7
1971-07-26,73.47539543616185,1971,7
1971-07-27,73.16188620154193,1971,7
1971-07-28,72.81634469155593,1971,7
1971-07-29,73.0850112216333,1971,7
1971-07-30,73.42534145024892,1971,7
1971-07-31,73.11482987315217,1971,7
1971-08-01,72.98030609520104,1971,8
1971-08-02,72.9733674788565,1971,8
1971-08-03,73.01140851166402,1971,8
1971-08-04,72.91373898367638,1971,8
1971-08-05,73.10829080262796,1971,8
1971-08-06,73.25457473992681,1971,8
1971-08-07,73.28778392203745,1971,8
1971-08-08,72.97244948024961,1971,8
1971-08-09,72.64370642504718,1971,8
1971-08-10,72.63377247884405,1971,8
1971-08-11,73.09057700565536,1971,8
1971-08-12,73.21815150033312,1971,8
1971-08-13,73.13227852675529,1971,8
1971-08-14,73.0855730496323,1971,8
1971-08-15,72.94710121138407,1971,8
1971-08-16,73.14744649547556,1971,8
1971-08-17,73.08728458943695,1971,8
1971-08-18,73.04753699357475,1971,8
1971-08-19,73.29805150525058,1971,8
1971-08-20,73.28576216351823,1971,8
1971-08-21,73.34991169749857,1971,8
1971-08-22,73.26321172940405,1971,8
1971-08-23,73.37908503543257,1971,8
1971-08-24,73.33326021555082,1971,8
1971-08-25,73.1741067010202,1971,8
1971-08-26,73.2130851295137,1971,8
1971-08-27,73.5334852907837,1971,8
1971-08-28,72.72401856874929,1971,8
1971-08-29,72.7838871773798,1971,8
1971-08-30,72.85401807440968,1971,8
1971-08-31,72.7705247604265,1971,8
1971-09-01,72.72577544791132,1971,9
1971-09-02,72.95641995842773,1971,9
1971-09-03,73.09180563503989,1971,9
1971-09-04,73.06601432918552,1971,9
1971-09-05,72.92404763281382,1971,9
1971-09-06,72.82697259860903,1971,9
1971-09-07,72.87507613944585,1971,9
1971-09-08,72.92256546794037,1971,9
1971-09-09,73.1228979583694,1971,9
1971-09-10,73.25511184275305,1971,9
1971-09-11,73.21717606646021,1971,9
1971-09-12,73.15425301886425,1971,9
1971-09-13,73.33786722414746,1971,9
1971-09-14,73.47158640774833,1971,9
1971-09-15,73.70614861300537,1971,9
1971-09-16,73.88194544972258,1971,9
1971-09-17,73.91919345407838,1971,9
1971-09-18,73.9709538748148,1971,9
1971-09-19,74.04679981927369,1971,9
1971-09-20,74.1402507874657,1971,9
1971-09-21,74.14904819445465,1971,9
1971-09-22,74.01558636253081,1971,9
1971-09-23,74.04045773258284,1971,9
1971-09-24,73.97699883450721,1971,9
1971-09-25,73.85451692628817,1971,9
1971-09-26,73.81721089812032,1971,9
1971-09-27,73.62482203012203,1971,9
1971-09-28,73.43657704354158,1971,9
1971-09-29,73.24754720177124,1971,9
1971-09-30,73.2018304794726,1971,9
1971-10-01,73.20186422070738,1971,10
1971-10-02,73.35515609500241,1971,10
1971-10-03,73.354951896176,1971,10
1971-10-04,73.23359652378457,1971,10
1971-10-05,73.37176317102141,1971,10
1971-10-06,73.37505944840284,1971,10
1971-10-07,73.38263734621022,1971,10
1971-10-08,73.4355340832453,1971,10
1971-10-09,73.52530756355215,1971,10
1971-10-10,73.55590045091226,1971,10
1971-10-11,73.64052519542558,1971,10
1971-10-12,73.66305980313659,1971,10
1971-10-13,73.63897926224425,1971,10
1971-10-14,73.41217312218957,1971,10
1971-10-15,72.94464028802683,1971,10
1971-10-16,72.59935115179859,1971,10
1971-10-17,72.60157220521708,1971,10
1971-10-18,72.52000048645978,1971,10
1971-10-19,72.6994011218446,1971,10
1971-10-20,72.8395199829708,1971,10
1971-10-21,72.79737013400023,1971,10
1971-10-22,72.72173711441533,1971,10
1971-10-23,72.775608091882,1971,10
1971-10-24,72.6818510653843,1971,10
1971-10-25,72.64790732962014,1971,10
1971-10-26,72.6914477555438,1971,10
1971-10-27,72.83933858246394,1971,10
1971-10-28,72.8341010197887,1971,10
1971-10-29,72.88096463407487,1971,10
1971-10-30,72.82505983657897,1971,10
1971-10-31,72.7043708562886,1971,10
1971-11-01,72.44930432698142,1971,11
1971-11-02,73.03498986350192,1971,11
1971-11-03,72.69492121476591,1971,11
1971-11-04,72.50066717043552,1971,11
1971-11-05,72.29211048802685,1971,11
1971-11-06,72.14666615141813,1971,11
1971-11-07,71.93732214048654,1971,11
1971-11-08,72.16490106020828,1971,11
1971-11-09,72.20519665734867,1971,11
1971-11-10,72.21567109141216,1971,11
1971-11-11,72.41522392813683,1971,11
1971-11-12,72.10556979173678,1971,11
1971-11-13,72.03926551942253,1971,11
1971-11-14,72.1902009381181,1971,11
1971-11-15,72.21707973537404,1971,11
1971-11-16,72.17393236790625,1971,11
1971-11-17,72.15345131611579,1971,11
1971-11-18,72.12367138022232,1971,11
1971-11-19,72.17139921117743,1971,11
1971-11-20,72.1339510861123,1971,11
1971-11-21,72.11891166022535,1971,11
1971-11-22,72.03998465202804,1971,11
1971-11-23,72.05138835965813,1971,11
1971-11-24,72.04529467625568,1971,11
1971-11-25,72.0305283561232,1971,11
1971-11-26,71.90216443616563,1971,11
1971-11-27,71.84425315938617,1971,11
1971-11-28,71.73834324492495,1971,11
1971-11-29,71.6849678686679,1971,11
1971-11-30,71.62792373309576,1971,11
1971-12-01,71.73044553815419,1971,12
1971-12-02,71.70447583867131,1971,12
1971-12-03,71.7118085892427,1971,12
1971-12-04,71.60349982555283,1971,12
1971-12-05,71.68485919959546,1971,12
1971-12-06,71.6998609707442,1971,12
1971-12-07,71.61162981452378,1971,12
1971-12-08,71.50413433699205,1971,12
1971-12-09,71.43161530004306,1971,12
1971-12-10,71.52153696510732,1971,12
1971-12-11,71.50407318941355,1971,12
1971-12-12,71.53487414870264,1971,12
1971-12-13,71.52811076463429,1971,12
1971-12-14,71.34920488772384,1971,12
1971-12-15,71.23368875530532,1971,12
1971-12-16,71.24432270117266,1971,12
1971-12-17,71.24980555307859,1971,12
1971-12-18,71.26856124557216,1971,12
1971-12-19,71.33625246862388,1971,12
1971-12-20,71.30431574382418,1971,12
1971-12-21,71.09638315580395,1971,12
1971-12-22,71.09403984460387,1971,12
1971-12-23,71.25976691793758,1971,12
1971-12-24,71.31200816173514,1971,12
1971-12-25,71.30252766632684,1971,12
1971-12-26,71.17103637034414,1971,12
1971-12-27,71.04119476588544,1971,12
1971-12-28,70.95821797922272,1971,12
1971-12-29,70.98635149632847,1971,12
1971-12-30,71.04831693160901,1971,12
1971-12-31,71.18044445164105,1971,12
1972-01-01,71.13761615571322,1972,1
1972-01-02,71.10357795682944,1972,1
1972-01-03,71.14884492259651,1972,1
1972-01-04,71.09703658530862,1972,1
1972-01-05,71.06908196057442,1972,1
1972-01-06,71.01444577359906,1972,1
1972-01-07,70.92762773894101,1972,1
1972-01-08,70.75771821091308,1972,1
1972-01-09,70.68607825501657,1972,1
1972-01-10,70.88459151232959,1972,1
1972-01-11,71.01059535896648,1972,1
1972-01-12,71.02609466942633,1972,1
1972-01-13,70.90161638538322,1972,1
1972-01-14,70.77229344592902,1972,1
1972-01-15,70.81035388888998,1972,1
1972-01-16,70.81596794841661,1972,1
1972-01-17,70.84608043842047,1972,1
1972-01-18,70.97474631492452,1972,1
1972-01-19,71.0085377969426,1972,1
1972-01-20,70.99400351099757,1972,1
1972-01-21,70.75585225708782,1972,1
1972-01-22,71.03546245563926,1972,1
1972-01-23,71.01133340914858,1972,1
1972-01-24,70.91460306609451,1972,1
1972-01-25,70.97598661495579,1972,1
1972-01-26,71.11078166445313,1972,1
1972-01-27,71.2203013434279,1972,1
1972-01-28,71.37228746963626,1972,1
1972-01-29,71.08110112140949,1972,1
1972-01-30,70.8908327044937,1972,1
1972-01-31,71.32927917952493,1972,1
1972-02-01,71.35962276176195,1972,2
1972-02-02,71.58895897096866,1972,2
1972-02-03,71.37695107648116,1972,2
1972-02-04,71.0049940537962,1972,2
1972-02-05,70.51278925646832,1972,2
1972-02-06,69.96271224859836,1972,2
1972-02-07,70.09152450262705,1972,2
1972-02-08,70.02535091518472,1972,2
1972-02-09,70.25710353615416,1972,2
1972-02-10,70.6515316818651,1972,2
1972-02-11,71.12200017715865,1972,2
1972-02-12,71.13498231848057,1972,2
1972-02-13,70.72167972826108,1972,2
1972-02-14,69.90951004558832,1972,2
1972-02-15,70.1069774207962,1972,2
1972-02-16,70.33404608985487,1972,2
1972-02-17,70.74267551767005,1972,2
1972-02-18,70.68741838868311,1972,2
1972-02-19,70.768721845328,1972,2
1972-02-20,71.1207818057583,1972,2
1972-02-21,71.53590176880388,1972,2
1972-02-22,71.97284623978932,1972,2
1972-02-23,72.26570238286094,1972,2
1972-02-24,72.27728264880687,1972,2
1972-02-25,72.32332174669972,1972,2
1972-02-26,72.0847871827298,1972,2
1972-02-27,71.89552011444124,1972,2
1972-02-28,71.93280888520137,1972,2
1972-02-29,72.1400959992524,1972,2
1972-03-01,72.13484166640872,1972,3
1972-03-02,72.29731718313431,1972,3
1972-03-03,72.69536064801662,1972,3
1972-03-04,73.05589373760033,1972,3
1972-03-05,72.44658465005696,1972,3
1972-03-06,72.2812054495455,1972,3
1972-03-07,72.30332061859797,1972,3
1972-03-08,72.61453883997146,1972,3
1972-03-09,72.79034245103072,1972,3
1972-03-10,73.02540809745639,1972,3
1972-03-11,73.23463226114269,1972,3
1972-03-12,73.50139275892464,1972,3
1972-03-13,73.52741938947395,1972,3
1972-03-14,73.68182132607579,1972,3
1972-03-15,73.61439644301761,1972,3
1972-03-16,73.48145295612319,1972,3
1972-03-17,73.57388621280775,1972,3
1972-03-18,73.74639031069039,1972,3
1972-03-19,73.96888397305493,1972,3
1972-03-20,74.41626162241856,1972,3
1972-03-21,74.2752853928841,1972,3
1972-03-22,74.19772989824021,1972,3
1972-03-23,74.20968178414903,1972,3
1972-03-24,74.35632480623688,1972,3
1972-03-25,74.61667935119785,1972,3
1972-03-26,74.82842797071717,1972,3
1972-03-27,74.97328314581429,1972,3
1972-03-28,74.83827719764284,1972,3
1972-03-29,74.7860326067514,1972,3
1972-03-30,75.07699399007949,1972,3
1972-03-31,74.69302336442045,1972,3
1972-04-01,74.3760014116392,1972,4
1972-04-02,74.3620574011714,1972,4
1972-04-03,74.37976470172616,1972,4
1972-04-04,74.43673406488521,1972,4
1972-04-05,74.20827335785583,1972,4
1972-04-06,74.0913734956774,1972,4
1972-04-07,74.27057138295251,1972,4
1972-04-08,74.29027981022048,1972,4
1972-04-09,74.32904730113857,1972,4
1972-04-10,73.91697391785425,1972,4
1972-04-11,73.62613639983941,1972,4
1972-04-12,74.09781152414821,1972,4
1972-04-13,74.26729066823458,1972,4
1972-04-14,74.51255034085273,1972,4
1972-04-15,74.60903504542554,1972,4
1972-04-16,74.52503307765862,1972,4
1972-04-17,74.38019536491139,1972,4
1972-04-18,74.13244099136826,1972,4
1972-04-19,73.93069445705324,1972,4
1972-04-20,74.1252531561901,1972,4
1972-04-21,74.45205104100799,1972,4
1972-04-22,74.74270963135825,1972,4
1972-04-23,74.82315746372085,1972,4
1972-04-24,74.94728163028759,1972,4
1972-04-25,75.02480828308862,1972,4
1972-04-26,74.8820458899102,1972,4
1972-04-27,75.07517832020432,1972,4
1972-04-28,75.0521378630363,1972,4
1972-04-29,75.09671536034446,1972,4
1972-04-30,75.01647271758073,1972,4
1972-05-01,75.10062270619213,1972,5
1972-05-02,75.03290460044731,1972,5
1972-05-03,74.4178044981128,1972,5
1972-05-04,74.60301974673064,1972,5
1972-05-05,74.87884199435702,1972,5
1972-05-06,75.19139591626822,1972,5
1972-05-07,75.28119134579912,1972,5
1972-05-08,75.1962637969648,1972,5
1972-05-09,75.47584038059355,1972,5
1972-05-10,75.69325685196897,1972,5
1972-05-11,75.76859963839867,1972,5
1972-05-12,75.83417414980981,1972,5
1972-05-13,75.87430028264815,1972,5
1972-05-14,75.57674944461522,1972,5
1972-05-15,75.4718501192964,1972,5
1972-05-16,75.68996070809153,1972,5
1972-05-17,75.82281064192907,1972,5
1972-05-18,76.08295029430683,1972,5
1972-05-19,76.0494209552666,1972,5
1972-05-20,75.9057437277352,1972,5
1972-05-21,75.88061267965212,1972,5
1972-05-22,75.9712316763157,1972,5
1972-05-23,75.72853918033307,1972,5
1972-05-24,75.55337056958228,1972,5
1972-05-25,75.57453095002032,1972,5
1972-05-26,75.69108959204695,1972,5
1972-05-27,75.56244132162108,1972,5
1972-05-28,75.66759832481216,1972,5
1972-05-29,75.73558615200103,1972,5
1972-05-30,75.82460128755842,1972,5
1972-05-31,75.97632306008698,1972,5
1972-06-01,75.9770117563977,1972,6
1972-06-02,76.1288152434711,1972,6
1972-06-03,76.10115498881395,1972,6
1972-06-04,75.66896884881277,1972,6
1972-06-05,75.55351516603771,1972,6
1972-06-06,75.57344197173691,1972,6
1972-06-07,75.58528373216738,1972,6
1972-06-08,75.75490206357419,1972,6
1972-06-09,75.6673333559589,1972,6
1972-06-10,75.79059779637112,1972,6
1972-06-11,75.94425024440618,1972,6
1972-06-12,76.18181677916769,1972,6
1972-06-13,76.2498365249946,1972,6
1972-06-14,76.04554209253725,1972,6
1972-06-15,75.96962604434339,1972,6
1972-06-16,75.79435821843241,1972,6
1972-06-17,75.86997474424186,1972,6
1972-06-18,75.79081244712262,1972,6
1972-06-19,75.6601902898188,1972,6
1972-06-20,75.1811476906994,1972,6
1972-06-21,75.16398981667805,1972,6
1972-06-22,75.14512117358129,1972,6
1972-06-23,74.63958497416293,1972,6
1972-06-24,74.48280264299889,1972,6
1972-06-25,74.09071059165679,1972,6
1972-06-26,74.08983890601516,1972,6
1972-06-27,73.94841986763409,1972,6
1972-06-28,73.73188830432812,1972,6
1972-06-29,73.94926385240453,1972,6
1972-06-30,74.16613786085647,1972,6
1972-07-01,73.88709818217826,1972,7
1972-07-02,73.87975033883771,1972,7
1972-07-03,74.0338275613565,1972,7
1972-07-04,73.86120209303171,1972,7
1972-07-05,73.42839679172202,1972,7
1972-07-06,73.15159889778725,1972,7
1972-07-07,72.98470139017178,1972,7
1972-07-08,72.88221147395026,1972,7
1972-07-09,73.02218155997616,1972,7
1972-07-10,73.27724066294509,1972,7
1972-07-11,73.49913534465111,1972,7
1972-07-12,73.39336319418571,1972,7
1972-07-13,73.5340402946708,1972,7
1972-07-14,73.9522000304743,1972,7
1972-07-15,74.07713957216616,1972,7
1972-07-16,73.80531790820378,1972,7
1972-07-17,73.83868078800734,1972,7
1972-07-18,73.50879761965975,1972,7
1972-07-19,73.4607654861425,1972,7
1972-07-20,73.51940595275333,1972,7
1972-07-21,73.92730260182444,1972,7
1972-07-22,74.17280136709263,1972,7
1972-07-23,74.20296163684387,1972,7
1972-07-24,74.28557772186727,1972,7
1972-07-25,74.19950654275843,1972,7
1972-07-26,74.16326018116779,1972,7
1972-07-27,74.0917349718998,1972,7
1972-07-28,74.06670921081576,1972,7
1972-07-29,74.23662837036922,1972,7
1972-07-30,74.2341463873141,1972,7
1972-07-31,74.11176616928945,1972,7
1972-08-01,74.31975553016866,1972,8
1972-08-02,74.48652285552653,1972,8
1972-08-03,74.70403434650355,1972,8
1972-08-04,74.5056390491496,1972,8
1972-08-05,74.02675768945903,1972,8
1972-08-06,73.65406482203441,1972,8
1972-08-07,73.26611385871084,1972,8
1972-08-08,73.3429271361433,1972,8
1972-08-09,73.37041512145585,1972,8
1972-08-10,73.2777290586952,1972,8
1972-08-11,73.33803133466444,1972,8
1972-08-12,73.29007340661694,1972,8
1972-08-13,73.19146305900097,1972,8
1972-08-14,73.2195449793596,1972,8
1972-08-15,73.16098767169514,1972,8
1972-08-16,73.21548766279652,1972,8
1972-08-17,73.07950608854155,1972,8
1972-08-18,72.8780472109024,1972,8
1972-08-19,73.03819503430493,1972,8
1972-08-20,73.10285822130044,1972,8
1972-08-21,73.25370172675488,1972,8
1972-08-22,73.14784929668248,1972,8
1972-08-23,73.10309501120402,1972,8
1972-08-24,73.06414624858856,1972,8
1972-08-25,73.01827953111399,1972,8
1972-08-26,72.9399849218497,1972,8
1972-08-27,73.00305182593559,1972,8
1972-08-28,72.83376274036307,1972,8
1972-08-29,72.89482302938892,1972,8
1972-08-30,73.0671344443697,1972,8
1972-08-31,73.32149873828304,1972,8
1972-09-01,73.28392114268584,1972,9
1972-09-02,73.43601144433224,1972,9
1972-09-03,73.56590586652152,1972,9
1972-09-04,73.5481996522791,1972,9
1972-09-05,73.64107712095768,1972,9
1972-09-06,73.66531359778033,1972,9
1972-09-07,73.59787541617611,1972,9
1972-09-08,73.47424744329753,1972,9
1972-09-09,73.57836563851247,1972,9
1972-09-10,73.52814041898043,1972,9
1972-09-11,73.42037202163709,1972,9
1972-09-12,73.10541522714868,1972,9
1972-09-13,73.02798833080288,1972,9
1972-09-14,73.08243354160325,1972,9
1972-09-15,73.24186324963442,1972,9
1972-09-16,73.59784254808251,1972,9
1972-09-17,73.77140216341613,1972,9
1972-09-18,73.75253259541331,1972,9
1972-09-19,73.79993597012707,1972,9
1972-09-20,74.29144384754993,1972,9
1972-09-21,73.90244107921868,1972,9
1972-09-22,73.87391581192782,1972,9
1972-09-23,73.72373860182176,1972,9
1972-09-24,73.50409576748244,1972,9
1972-09-25,73.53865181657888,1972,9
1972-09-26,73.62554942397686,1972,9
1972-09-27,73.763816370503,1972,9
1972-09-28,73.83134292587789,1972,9
1972-09-29,73.83649141120614,1972,9
1972-09-30,73.71551271978826,1972,9
1972-10-01,73.72927349127791,1972,10
1972-10-02,73.94597387173523,1972,10
1972-10-03,74.00982079411202,1972,10
1972-10-04,73.89306550737133,1972,10
1972-10-05,73.63746875210964,1972,10
1972-10-06,73.5445254732715,1972,10
1972-10-07,73.10830848864147,1972,10
1972-10-08,72.9012875425091,1972,10
1972-10-09,73.2060423045828,1972,10
1972-10-10,73.54380041765303,1972,10
1972-10-11,73.76621389165842,1972,10
1972-10-12,73.86317076274749,1972,10
1972-10-13,74.08181776299546,1972,10
1972-10-14,74.07364481785952,1972,10
1972-10-15,74.01914917998998,1972,10
1972-10-16,73.97165620796446,1972,10
1972-10-17,73.84871207777063,1972,10
1972-10-18,73.85945214782537,1972,10
1972-10-19,73.98915722275156,1972,10
1972-10-20,73.63085958100568,1972,10
1972-10-21,73.74977256182913,1972,10
1972-10-22,73.7117110061301,1972,10
1972-10-23,73.46224237590367,1972,10
1972-10-24,73.2265949827039,1972,10
1972-10-25,73.13337974678481,1972,10
1972-10-26,72.85535365406072,1972,10
1972-10-27,72.49786382753621,1972,10
1972-10-28,72.23934261332991,1972,10
1972-10-29,72.02956958356174,1972,10
1972-10-30,72.00674265062769,1972,10
1972-10-31,72.47315736988593,1972,10
1972-11-01,72.3935988772717,1972,11
1972-11-02,72.54336796453558,1972,11
1972-11-03,72.57781293615334,1972,11
1972-11-04,72.72984401743926,1972,11
1972-11-05,72.76960996228387,1972,11
1972-11-06,72.83568698007808,1972,11
1972-11-07,72.85802959526369,1972,11
1972-11-08,72.79510911047545,1972,11
1972-11-09,72.83201255706409,1972,11
1972-11-10,72.92541586432257,1972,11
1972-11-11,72.9169662681862,1972,11
1972-11-12,72.73746277137151,1972,11
1972-11-13,72.66313556986636,1972,11
1972-11-14,72.6456018160934,1972,11
1972-11-15,72.57494609066417,1972,11
1972-11-16,72.62429413908826,1972,11
1972-11-17,72.62989513906506,1972,11
1972-11-18,72.61614496091966,1972,11
1972-11-19,72.56315317966421,1972,11
1972-11-20,72.5859594122861,1972,11
1972-11-21,72.53462848654486,1972,11
1972-11-22,72.43493826334952,1972,11
1972-11-23,72.15898772379326,1972,11
1972-11-24,71.94455100611262,1972,11
1972-11-25,71.68131040246182,1972,11
1972-11-26,71.4941520582021,1972,11
1972-11-27,71.0795717212542,1972,11
1972-11-28,71.17553908848008,1972,11
1972-11-29,71.36558111104158,1972,11
1972-11-30,71.52109956815903,1972,11
1972-12-01,71.51527977311991,1972,12
1972-12-02,71.44293279723438,1972,12
1972-12-03,71.47975276156447,1972,12
1972-12-04,71.61000354543425,1972,12
1972-12-05,71.71834083678306,1972,12
1972-12-06,71.53293299697657,1972,12
1972-12-07,71.37325573508839,1972,12
1972-12-08,71.27842125790487,1972,12
1972-12-09,71.19699945017771,1972,12
1972-12-10,70.8686151711394,1972,12
1972-12-11,71.11685240088283,1972,12
1972-12-12,71.18781007639606,1972,12
1972-12-13,70.98712031118542,1972,12
1972-12-14,70.94728750435824,1972,12
1972-12-15,71.05444334662575,1972,12
1972-12-16,71.11403330586586,1972,12
1972-12-17,71.31720550192824,1972,12
1972-12-18,71.25362484051593,1972,12
1972-12-19,71.25003800947181,1972,12
1972-12-20,71.26123938637492,1972,12
1972-12-21,71.23197959248073,1972,12
1972-12-22,71.17228776664642,1972,12
1972-12-23,71.00749867052295,1972,12
1972-12-24,70.85320237077856,1972,12
1972-12-25,70.81152495832197,1972,12
1972-12-26,70.90653706164682,1972,12
1972-12-27,71.03822426368627,1972,12
1972-12-28,71.00140355653663,1972,12
1972-12-29,70.96196930375058,1972,12
1972-12-30,70.89596527576457,1972,12
1972-12-31,70.70948057667432,1972,12
1973-01-01,70.88726221036099,1973,1
1973-01-02,70.9618012540422,1973,1
1973-01-03,70.94879573330799,1973,1
1973-01-04,70.96194732185043,1973,1
1973-01-05,71.13970143549882,1973,1
1973-01-06,71.5737897171421,1973,1
1973-01-07,71.60656100447736,1973,1
1973-01-08,71.2402809969054,1973,1
1973-01-09,71.18284749426937,1973,1
1973-01-10,71.15642554033116,1973,1
1973-01-11,71.4025381570707,1973,1
1973-01-12,71.22518954355978,1973,1
1973-01-13,70.95557003541842,1973,1
1973-01-14,70.86455137832324,1973,1
1973-01-15,70.85284031265456,1973,1
1973-01-16,70.82141527889286,1973,1
1973-01-17,70.87992625576334,1973,1
1973-01-18,71.05676391089894,1973,1
1973-01-19,71.22649602786927,1973,1
1973-01-20,71.19946457440794,1973,1
1973-01-21,70.92917084041045,1973,1
1973-01-22,70.33063726060024,1973,1
1973-01-23,70.14289062729496,1973,1
1973-01-24,70.46876544245411,1973,1
1973-01-25,70.84452213949727,1973,1
1973-01-26,71.05409177424586,1973,1
1973-01-27,70.73898199183779,1973,1
1973-01-28,70.4596887352087,1973,1
1973-01-29,70.22762865165969,1973,1
1973-01-30,70.3062547226124,1973,1
1973-01-31,70.57390930310558,1973,1
1973-02-01,70.76504808711081,1973,2
1973-02-02,70.77435242190467,1973,2
1973-02-03,71.05328549718647,1973,2
1973-02-04,71.2070690150954,1973,2
1973-02-05,71.2308871541069,1973,2
1973-02-06,71.24678385676121,1973,2
1973-02-07,71.25924887972579,1973,2
1973-02-08,71.53746432978943,1973,2
1973-02-09,71.36025300846153,1973,2
1973-02-10,71.74206544972124,1973,2
1973-02-11,72.08830616567728,1973,2
1973-02-12,72.2914269074664,1973,2
1973-02-13,72.43522801000921,1973,2
1973-02-14,72.6610158325755,1973,2
1973-02-15,72.69919735907055,1973,2
1973-02-16,72.73307093300986,1973,2
1973-02-17,72.58468337189939,1973,2
1973-02-18,72.60059070380964,1973,2
1973-02-19,72.73742183509742,1973,2
1973-02-20,72.67138210939848,1973,2
1973-02-21,72.5780908379251,1973,2
1973-02-22,72.74020164669766,1973,2
1973-02-23,72.59014567506638,1973,2
1973-02-24,72.75021631368644,1973,2
1973-02-25,72.81257222877662,1973,2
1973-02-26,72.82847076586093,1973,2
1973-02-27,72.52243761903868,1973,2
1973-02-28,72.34277699355985,1973,2
1973-03-01,72.18243395491777,1973,3
1973-03-02,72.28559637535078,1973,3
1973-03-03,72.36643904340421,1973,3
1973-03-04,72.32402612238006,1973,3
1973-03-05,72.44723438968897,1973,3
1973-03-06,72.68525894917029,1973,3
1973-03-07,72.74883675643694,1973,3
1973-03-08,72.55691365954486,1973,3
1973-03-09,72.54409714329526,1973,3
1973-03-10,73.06913270483808,1973,3
1973-03-11,73.35189940780037,1973,3
1973-03-12,72.78518773139756,1973,3
1973-03-13,72.5339443556967,1973,3
1973-03-14,72.57699671531735,1973,3
1973-03-15,72.84297475617696,1973,3
1973-03-16,73.02408560115964,1973,3
1973-03-17,73.38084017471714,1973,3
1973-03-18,73.54166573700586,1973,3
1973-03-19,73.843430449846,1973,3
1973-03-20,74.07222167475202,1973,3
1973-03-21,74.26998158743721,1973,3
1973-03-22,74.01617058315072,1973,3
1973-03-23,74.07953686852512,1973,3
1973-03-24,74.23510635444357,1973,3
1973-03-25,74.48431557725412,1973,3
1973-03-26,74.81565709863894,1973,3
1973-03-27,74.99700731537047,1973,3
1973-03-28,74.94213273054154,1973,3
1973-03-29,74.93808787085263,1973,3
1973-03-30,74.93567232367761,1973,3
1973-03-31,74.88367136877802,1973,3
1973-04-01,74.69623625094094,1973,4
1973-04-02,74.87306981962645,1973,4
1973-04-03,74.89847602601986,1973,4
1973-04-04,75.09450455313173,1973,4
1973-04-05,75.16355043737451,1973,4
1973-04-06,75.09718319799262,1973,4
1973-04-07,75.04577363337573,1973,4
1973-04-08,74.92995746576135,1973,4
1973-04-09,75.11679421389097,1973,4
1973-04-10,75.03614596096912,1973,4
1973-04-11,75.35167002333316,1973,4
1973-04-12,75.62793129869027,1973,4
1973-04-13,75.63737650992937,1973,4
1973-04-14,75.57882580329125,1973,4
1973-04-15,75.17166702680156,1973,4
1973-04-16,74.97737518835598,1973,4
1973-04-17,74.9880360518064,1973,4
1973-04-18,75.17531029282212,1973,4
1973-04-19,75.44539994668455,1973,4
1973-04-20,75.77896948439223,1973,4
1973-04-21,75.90870056123073,1973,4
1973-04-22,75.87659752124382,1973,4
1973-04-23,75.82047989524955,1973,4
1973-04-24,75.72037696484611,1973,4
1973-04-25,75.83100738844622,1973,4
1973-04-26,75.95202883909263,1973,4
1973-04-27,76.04907956489984,1973,4
1973-04-28,76.15616167324256,1973,4
1973-04-29,76.0290477870143,1973,4
1973-04-30,76.1302269123373,1973,4
1973-05-01,76.19583707455394,1973,5
1973-05-02,76.06204469011654,1973,5
1973-05-03,75.85153661004811,1973,5
1973-05-04,75.96077400941526,1973,5
1973-05-05,75.86018754444545,1973,5
1973-05-06,75.91586741684657,1973,5
1973-05-07,75.9915515790639,1973,5
1973-05-08,76.27173812743608,1973,5
1973-05-09,76.33354226345335,1973,5
1973-05-10,75.99413938015505,1973,5
1973-05-11,76.24262456583756,1973,5
1973-05-12,75.4219770039325,1973,5
1973-05-13,75.64825308094633,1973,5
1973-05-14,75.68690356098988,1973,5
1973-05-15,75.61092307106662,1973,5
1973-05-16,75.30772283757008,1973,5
1973-05-17,74.97089299613143,1973,5
1973-05-18,74.60617504563353,1973,5
1973-05-19,74.78613028376515,1973,5
1973-05-20,74.86776076136937,1973,5
1973-05-21,75.25153266779567,1973,5
1973-05-22,75.53370317244436,1973,5
1973-05-23,75.63272934566227,1973,5
1973-05-24,75.78034858950397,1973,5
1973-05-25,75.8723449460903,1973,5
1973-05-26,76.03675738823769,1973,5
1973-05-27,76.09898252992598,1973,5
1973-05-28,76.07838813608916,1973,5
1973-05-29,76.01083633842552,1973,5
1973-05-30,75.50044471925924,1973,5
1973-05-31,75.18695165330142,1973,5
1973-06-01,75.21405481277584,1973,6
1973-06-02,75.31130692609095,1973,6
1973-06-03,75.5950591968506,1973,6
1973-06-04,75.50126135901436,1973,6
1973-06-05,75.64164065409842,1973,6
1973-06-06,75.62317364925046,1973,6
1973-06-07,75.7297173257513,1973,6
1973-06-08,75.33916565878779,1973,6
1973-06-09,75.18571572976585,1973,6
1973-06-10,74.94957778549372,1973,6
1973-06-11,74.77005543641536,1973,6
1973-06-12,74.43347171951382,1973,6
1973-06-13,74.36881846826908,1973,6
1973-06-14,74.0736693888703,1973,6
1973-06-15,74.07677794935778,1973,6
1973-06-16,74.03747316998268,1973,6
1973-06-17,74.26309650722253,1973,6
1973-06-18,74.25681909442518,1973,6
1973-06-19,74.27813408788093,1973,6
1973-06-20,74.3047790723562,1973,6
1973-06-21,74.34714400846796,1973,6
1973-06-22,74.34016855706972,1973,6
1973-06-23,74.47411350564266,1973,6
1973-06-24,74.69005502452345,1973,6
1973-06-25,74.7952040179878,1973,6
1973-06-26,74.77179800806793,1973,6
1973-06-27,74.57121677770247,1973,6
1973-06-28,74.18117848213541,1973,6
1973-06-29,74.04828444212356,1973,6
1973-06-30,74.25488162941357,1973,6
1973-07-01,74.3263585977622,1973,7
1973-07-02,74.17285964786073,1973,7
1973-07-03,73.8812344113355,1973,7
1973-07-04,73.94620063401686,1973,7
1973-07-05,73.89400497404455,1973,7
1973-07-06,73.48418445154356,1973,7
1973-07-07,73.62226219026499,1973,7
1973-07-08,73.67170770124177,1973,7
1973-07-09,73.64392944964264,1973,7
1973-07-10,73.65038388114723,1973,7
1973-07-11,73.83387962645268,1973,7
1973-07-12,73.84204413106846,1973,7
1973-07-13,73.68154437535422,1973,7
1973-07-14,73.12105229516835,1973,7
1973-07-15,73.12941585361916,1973,7
1973-07-16,73.09748243909948,1973,7
1973-07-17,73.42564931960045,1973,7
1973-07-18,73.53091725248976,1973,7
1973-07-19,73.6370579813659,1973,7
1973-07-20,73.62361456748455,1973,7
1973-07-21,73.5137242022557,1973,7
1973-07-22,73.32357907878215,1973,7
1973-07-23,73.456180938961,1973,7
1973-07-24,73.39971478918756,1973,7
1973-07-25,73.36521830856617,1973,7
1973-07-26,73.47413079804498,1973,7
1973-07-27,73.36655687889872,1973,7
1973-07-28,73.3972147870628,1973,7
1973-07-29,73.45929213665694,1973,7
1973-07-30,73.49942914957957,1973,7
1973-07-31,73.49601614838387,1973,7
1973-08-01,73.54583739276487,1973,8
1973-08-02,73.50180574324308,1973,8
1973-08-03,73.33381594016123,1973,8
1973-08-04,73.20565290091902,1973,8
1973-08-05,73.2335688586174,1973,8
1973-08-06,73.04678398966819,1973,8
1973-08-07,73.227997527293,1973,8
1973-08-08,72.88699492302396,1973,8
1973-08-09,72.62907211198336,1973,8
1973-08-10,72.6047133328923,1973,8
1973-08-11,73.0343321672109,1973,8
1973-08-12,73.03147073396553,1973,8
1973-08-13,72.75095534582518,1973,8
1973-08-14,72.53224819446972,1973,8
1973-08-15,72.78640741989356,1973,8
1973-08-16,72.94675923718619,1973,8
1973-08-17,73.06537320114437,1973,8
1973-08-18,72.9210488279927,1973,8
1973-08-19,72.92460109365084,1973,8
1973-08-20,72.97472679965097,1973,8
1973-08-21,73.25544729028407,1973,8
1973-08-22,73.26348167383155,1973,8
1973-08-23,73.03264285302423,1973,8
1973-08-24,73.28561060331315,1973,8
1973-08-25,73.69934241649392,1973,8
1973-08-26,73.66835410732467,1973,8
1973-08-27,73.26536660002273,1973,8
1973-08-28,73.08472511470511,1973,8
1973-08-29,72.90547073467336,1973,8
1973-08-30,73.13005347457113,1973,8
1973-08-31,73.09893975973903,1973,8
1973-09-01,72.70337994497032,1973,9
1973-09-02,72.81598107614711,1973,9
1973-09-03,73.04138178594019,1973,9
1973-09-04,72.96275876512043,1973,9
1973-09-05,73.05841760114816,1973,9
1973-09-06,73.05517916478378,1973,9
1973-09-07,73.22420151277333,1973,9
1973-09-08,73.18356710883889,1973,9
1973-09-09,73.17288359292444,1973,9
1973-09-10,73.28662311234962,1973,9
1973-09-11,73.32595500134964,1973,9
1973-09-12,73.24000163352456,1973,9
1973-09-13,73.14049099441482,1973,9
1973-09-14,73.15731834416674,1973,9
1973-09-15,73.18235505788648,1973,9
1973-09-16,73.23106486475452,1973,9
1973-09-17,73.24348971368659,1973,9
1973-09-18,73.26447376722906,1973,9
1973-09-19,73.36170242957762,1973,9
1973-09-20,73.38754872381246,1973,9
1973-09-21,73.46294032830164,1973,9
1973-09-22,73.39912289804056,1973,9
1973-09-23,73.3043383895329,1973,9
1973-09-24,73.21292923669641,1973,9
1973-09-25,73.13809719230363,1973,9
1973-09-26,72.9656844747557,1973,9
1973-09-27,73.19040333557088,1973,9
1973-09-28,73.34028608410256,1973,9
1973-09-29,73.64475422914151,1973,9
1973-09-30,73.77658079830682,1973,9
1973-10-01,73.37606923366074,1973,10
1973-10-02,73.07965010405093,1973,10
1973-10-03,72.9291109027421,1973,10
1973-10-04,72.85536924002193,1973,10
1973-10-05,72.86802610873026,1973,10
1973-10-06,73.03150908337217,1973,10
1973-10-07,73.09130604314156,1973,10
1973-10-08,73.22747488261649,1973,10
1973-10-09,73.24422439643331,1973,10
1973-10-10,73.35662910229284,1973,10
1973-10-11,73.44875364280261,1973,10
1973-10-12,73.27331875553122,1973,10
1973-10-13,73.22437198420175,1973,10
1973-10-14,73.51648113308411,1973,10
1973-10-15,73.47916793060737,1973,10
1973-10-16,73.59305185813305,1973,10
1973-10-17,73.57985548550954,1973,10
1973-10-18,73.56268624643889,1973,10
1973-10-19,73.5778598827312,1973,10
1973-10-20,73.52334433554722,1973,10
1973-10-21,73.46094156443844,1973,10
1973-10-22,73.31493102722686,1973,10
1973-10-23,73.10696582084768,1973,10
1973-10-24,72.7744891797108,1973,10
1973-10-25,72.48417381989037,1973,10
1973-10-26,72.50534498845276,1973,10
1973-10-27,72.58177618533443,1973,10
1973-10-28,72.55025988438842,1973,10
1973-10-29,72.46253040335446,1973,10
1973-10-30,72.56392492312268,1973,10
1973-10-31,72.68487676615835,1973,10
1973-11-01,72.62975801935886,1973,11
1973-11-02,72.66489824211365,1973,11
1973-11-03,72.59251700573273,1973,11
1973-11-04,72.48306656854098,1973,11
1973-11-05,72.43315918808575,1973,11
1973-11-06,72.32657996458802,1973,11
1973-11-07,72.0884932921837,1973,11
1973-11-08,72.1776145359933,1973,11
1973-11-09,72.0997810171285,1973,11
1973-11-10,72.23459009171818,1973,11
1973-11-11,72.36461610991725,1973,11
1973-11-12,72.42412580208276,1973,11
1973-11-13,72.43637599336586,1973,11
1973-11-14,72.38200511635247,1973,11
1973-11-15,72.35424967866678,1973,11
1973-11-16,72.2675503833941,1973,11
1973-11-17,72.14680156791505,1973,11
1973-11-18,71.80149337155484,1973,11
1973-11-19,72.01781586817143,1973,11
1973-11-20,72.12456563296465,1973,11
1973-11-21,72.18809291478144,1973,11
1973-11-22,72.16772996715595,1973,11
1973-11-23,72.0674462043853,1973,11
1973-11-24,72.03122768078234,1973,11
1973-11-25,72.03035210948549,1973,11
1973-11-26,71.9537047513945,1973,11
1973-11-27,71.85376189277395,1973,11
1973-11-28,71.83328165120928,1973,11
1973-11-29,71.75542765664885,1973,11
1973-11-30,71.62033957404472,1973,11
1973-12-01,71.57593262161488,1973,12
1973-12-02,71.51761775080003,1973,12
1973-12-03,71.35889103944531,1973,12
1973-12-04,70.94822667526196,1973,12
1973-12-05,71.0504561733949,1973,12
1973-12-06,71.08494200767505,1973,12
1973-12-07,71.06296590419194,1973,12
1973-12-08,70.97514013741073,1973,12
1973-12-09,70.7503033723387,1973,12
1973-12-10,70.6046204851677,1973,12
1973-12-11,70.84102557933765,1973,12
1973-12-12,70.98340972478297,1973,12
1973-12-13,71.05891219263292,1973,12
1973-12-14,71.10312407046625,1973,12
1973-12-15,70.95585310044738,1973,12
1973-12-16,70.76507965757372,1973,12
1973-12-17,70.49203436167423,1973,12
1973-12-18,70.36932066928536,1973,12
1973-12-19,70.30376741313087,1973,12
1973-12-20,70.39667291454137,1973,12
1973-12-21,70.4945603234966,1973,12
1973-12-22,70.66281967990058,1973,12
1973-12-23,70.63073653771991,1973,12
1973-12-24,70.52247571995323,1973,12
1973-12-25,70.4379160942541,1973,12
1973-12-26,70.33569886754393,1973,12
1973-12-27,70.20446863842184,1973,12
1973-12-28,70.2173365353494,1973,12
1973-12-29,70.12232382342054,1973,12
1973-12-30,70.28575959424687,1973,12
1973-12-31,70.49420212227976,1973,12
1974-01-01,70.64751206894766,1974,1
1974-01-02,70.81875470472916,1974,1
1974-01-03,70.89556169879158,1974,1
1974-01-04,71.02311358082997,1974,1
1974-01-05,71.0435720648031,1974,1
1974-01-06,70.92257672533991,1974,1
1974-01-07,70.86765007136026,1974,1
1974-01-08,70.90682486725368,1974,1
1974-01-09,70.87161533178754,1974,1
1974-01-10,70.91796759159186,1974,1
1974-01-11,70.88829361718538,1974,1
1974-01-12,70.91381290998504,1974,1
1974-01-13,70.94349467269785,1974,1
1974-01-14,70.70974887894278,1974,1
1974-01-15,70.18635765275195,1974,1
1974-01-16,69.7727135587549,1974,1
1974-01-17,70.03565189270338,1974,1
1974-01-18,70.36882961079242,1974,1
1974-01-19,70.6581245560204,1974,1
1974-01-20,70.77222798712546,1974,1
1974-01-21,70.87140343976948,1974,1
1974-01-22,70.67468509012278,1974,1
1974-01-23,70.54072303001904,1974,1
1974-01-24,70.83589296120063,1974,1
1974-01-25,70.99672205181754,1974,1
1974-01-26,71.2569941615299,1974,1
1974-01-27,71.28922063127747,1974,1
1974-01-28,70.98405630707043,1974,1
1974-01-29,70.64421098194349,1974,1
1974-01-30,70.90921911380127,1974,1
1974-01-31,71.06169347062811,1974,1
1974-02-01,71.04606365227346,1974,2
1974-02-02,71.19632665184028,1974,2
1974-02-03,71.47472565645036,1974,2
1974-02-04,71.19514971050894,1974,2
1974-02-05,70.85890101378413,1974,2
1974-02-06,70.59538913845648,1974,2
1974-02-07,70.22032273237969,1974,2
1974-02-08,70.22335484591069,1974,2
1974-02-09,70.20566540021302,1974,2
1974-02-10,70.30201689865156,1974,2
1974-02-11,70.69318501324254,1974,2
1974-02-12,70.64263227291943,1974,2
1974-02-13,70.62461207417799,1974,2
1974-02-14,71.0553705008154,1974,2
1974-02-15,71.36598280966331,1974,2
1974-02-16,71.67909179744736,1974,2
1974-02-17,71.80335211256347,1974,2
1974-02-18,72.1335546702149,1974,2
1974-02-19,72.34146428479926,1974,2
1974-02-20,72.60754648994958,1974,2
1974-02-21,72.7990480033952,1974,2
1974-02-22,73.01740374835715,1974,2
1974-02-23,72.96165220346133,1974,2
1974-02-24,72.85349670290653,1974,2
1974-02-25,72.93068577574046,1974,2
1974-02-26,72.85466976185792,1974,2
1974-02-27,72.69047651602011,1974,2
1974-02-28,72.66379347159982,1974,2
1974-03-01,72.85371775587845,1974,3
1974-03-02,73.05971784936789,1974,3
1974-03-03,73.31889737567558,1974,3
1974-03-04,73.52711141129915,1974,3
1974-03-05,73.95863139457956,1974,3
1974-03-06,73.44696963577798,1974,3
1974-03-07,73.60586498972711,1974,3
1974-03-08,73.74125545866912,1974,3
1974-03-09,73.8484752346614,1974,3
1974-03-10,73.76118036090621,1974,3
1974-03-11,73.74182709434237,1974,3
1974-03-12,73.69833314935416,1974,3
1974-03-13,73.60369794553428,1974,3
1974-03-14,73.70089597861447,1974,3
1974-03-15,73.75414082593254,1974,3
1974-03-16,74.0104533415769,1974,3
1974-03-17,74.00811257228872,1974,3
1974-03-18,73.81544666821766,1974,3
1974-03-19,73.92526811151512,1974,3
1974-03-20,74.21913684891058,1974,3
1974-03-21,74.46688155637491,1974,3
1974-03-22,74.48849792619355,1974,3
1974-03-23,74.5064399769139,1974,3
1974-03-24,74.45124343966016,1974,3
1974-03-25,73.95001613486751,1974,3
1974-03-26,73.79412149210182,1974,3
1974-03-27,73.85155225266982,1974,3
1974-03-28,73.95145708602885,1974,3
1974-03-29,73.88427249294782,1974,3
1974-03-30,74.03973213781768,1974,3
1974-03-31,74.22243004929248,1974,3
1974-04-01,74.42862656187104,1974,4
1974-04-02,74.63168933959989,1974,4
1974-04-03,74.88371907956233,1974,4
1974-04-04,74.7797615858385,1974,4
1974-04-05,74.27946617309345,1974,4
1974-04-06,74.36679953933938,1974,4
1974-04-07,74.46572270856868,1974,4
1974-04-08,74.56639955937054,1974,4
1974-04-09,74.36865327656692,1974,4
1974-04-10,74.30787490421953,1974,4
1974-04-11,74.47707001422071,1974,4
1974-04-12,74.81036401140958,1974,4
1974-04-13,75.04448163599983,1974,4
1974-04-14,75.21735071073843,1974,4
1974-04-15,75.30655460077521,1974,4
1974-04-16,75.44842525829755,1974,4
1974-04-17,75.50366287682957,1974,4
1974-04-18,75.16817738858599,1974,4
1974-04-19,75.02442651305738,1974,4
1974-04-20,75.27484328795965,1974,4
1974-04-21,75.37261304852704,1974,4
1974-04-22,75.12563950270209,1974,4
1974-04-23,75.1866690023582,1974,4
1974-04-24,75.12899916388112,1974,4
1974-04-25,75.45071012100586,1974,4
1974-04-26,75.64263921763713,1974,4
1974-04-27,75.69737943777946,1974,4
1974-04-28,75.727310033563,1974,4
1974-04-29,75.63082689383663,1974,4
1974-04-30,75.38568994902987,1974,4
1974-05-01,75.4306685215489,1974,5
1974-05-02,75.59301892106419,1974,5
1974-05-03,75.70370053199728,1974,5
1974-05-04,75.80015643044452,1974,5
1974-05-05,75.80262576592932,1974,5
1974-05-06,75.73396864222485,1974,5
1974-05-07,75.78899542441238,1974,5
1974-05-08,75.94121317634936,1974,5
1974-05-09,75.99703308100221,1974,5
1974-05-10,75.82956371263322,1974,5
1974-05-11,75.36728998586173,1974,5
1974-05-12,75.29599529362704,1974,5
1974-05-13,75.54383694237167,1974,5
1974-05-14,75.18615408733191,1974,5
1974-05-15,75.00254967848197,1974,5
1974-05-16,74.72637965224388,1974,5
1974-05-17,74.58387802462872,1974,5
1974-05-18,74.59723868889104,1974,5
1974-05-19,74.98947758962251,1974,5
1974-05-20,74.96633894540525,1974,5
1974-05-21,75.045925198134,1974,5
1974-05-22,75.18558588798591,1974,5
1974-05-23,75.23518479535257,1974,5
1974-05-24,75.26626767487903,1974,5
1974-05-25,75.12275921636805,1974,5
1974-05-26,75.10264037639173,1974,5
1974-05-27,74.74916833933347,1974,5
1974-05-28,74.60926613884912,1974,5
1974-05-29,74.90645819446173,1974,5
1974-05-30,75.10070856731205,1974,5
1974-05-31,75.27639609124185,1974,5
1974-06-01,75.27617147657655,1974,6
1974-06-02,75.1746759531248,1974,6
1974-06-03,75.01423469565819,1974,6
1974-06-04,75.08611555120454,1974,6
1974-06-05,75.19840600362454,1974,6
1974-06-06,75.2108720419943,1974,6
1974-06-07,75.16015715604323,1974,6
1974-06-08,74.68924369039247,1974,6
1974-06-09,74.53564945058335,1974,6
1974-06-10,74.69326671337629,1974,6
1974-06-11,75.01447156710347,1974,6
1974-06-12,75.13890515420289,1974,6
1974-06-13,75.33132553283741,1974,6
1974-06-14,75.47057663582794,1974,6
1974-06-15,75.46438475369649,1974,6
1974-06-16,75.4474543454161,1974,6
1974-06-17,75.01223567653915,1974,6
1974-06-18,74.37140500268913,1974,6
1974-06-19,74.17579047413919,1974,6
1974-06-20,74.26281432793385,1974,6
1974-06-21,74.46759169899754,1974,6
1974-06-22,74.56313811345976,1974,6
1974-06-23,74.48070940881742,1974,6
1974-06-24,74.60741073480848,1974,6
1974-06-25,73.90908397284646,1974,6
1974-06-26,73.97435125559872,1974,6
1974-06-27,74.37280852992366,1974,6
1974-06-28,74.48598322821994,1974,6
1974-06-29,74.55622816124442,1974,6
1974-06-30,74.52741642173041,1974,6
1974-07-01,74.54349955514301,1974,7
1974-07-02,74.4059765152233,1974,7
1974-07-03,73.94367735149247,1974,7
1974-07-04,73.81816939830512,1974,7
1974-07-05,73.6727765013182,1974,7
1974-07-06,74.11671767956702,1974,7
1974-07-07,74.40638886480646,1974,7
1974-07-08,74.47437953254376,1974,7
1974-07-09,74.13897670745821,1974,7
1974-07-10,73.99643171593279,1974,7
1974-07-11,73.53531910720001,1974,7
1974-07-12,73.45436435822272,1974,7
1974-07-13,73.3626384706405,1974,7
1974-07-14,73.40300738292845,1974,7
1974-07-15,73.33896121635206,1974,7
1974-07-16,73.09001558698192,1974,7
1974-07-17,72.96694366043039,1974,7
1974-07-18,73.15448531609952,1974,7
1974-07-19,73.27708455548391,1974,7
1974-07-20,73.25572376316191,1974,7
1974-07-21,73.20479126545045,1974,7
1974-07-22,73.50309813952238,1974,7
1974-07-23,73.58291239775579,1974,7
1974-07-24,73.50245495401188,1974,7
1974-07-25,73.12212983650639,1974,7
1974-07-26,73.00307174455448,1974,7
1974-07-27,73.35533318228975,1974,7
1974-07-28,73.59214403281209,1974,7
1974-07-29,73.70669597558275,1974,7
1974-07-30,73.41429738407771,1974,7
1974-07-31,73.325924102418,1974,7
1974-08-01,73.31219376994976,1974,8
1974-08-02,73.28517524863088,1974,8
1974-08-03,73.24595008865042,1974,8
1974-08-04,73.08498800538948,1974,8
1974-08-05,73.11445662189738,1974,8
1974-08-06,73.03210639983304,1974,8
1974-08-07,72.9282404131072,1974,8
1974-08-08,72.96792895806176,1974,8
1974-08-09,73.26417983652352,1974,8
1974-08-10,73.528822974166,1974,8
1974-08-11,73.54361488204907,1974,8
1974-08-12,73.54143895273822,1974,8
1974-08-13,73.47981639932574,1974,8
1974-08-14,73.4392050327179,1974,8
1974-08-15,73.3649635997272,1974,8
1974-08-16,73.43244197241214,1974,8
1974-08-17,73.5577305983977,1974,8
1974-08-18,73.70102875321973,1974,8
1974-08-19,73.72306442346287,1974,8
1974-08-20,73.46737084630493,1974,8
1974-08-21,73.25942341359847,1974,8
1974-08-22,73.32182917832793,1974,8
1974-08-23,73.45832603308847,1974,8
1974-08-24,73.60173286431672,1974,8
1974-08-25,73.66956900071321,1974,8
1974-08-26,73.60116051093175,1974,8
1974-08-27,73.51673941248427,1974,8
1974-08-28,73.50890055422568,1974,8
1974-08-29,73.53942653716771,1974,8
1974-08-30,73.63113850696743,1974,8
1974-08-31,73.60136787083296,1974,8
1974-09-01,73.46139449056287,1974,9
1974-09-02,73.65338949765447,1974,9
1974-09-03,73.69395001827493,1974,9
1974-09-04,73.72002385115425,1974,9
1974-09-05,73.91887750062406,1974,9
1974-09-06,74.01923624134835,1974,9
1974-09-07,74.14642227354476,1974,9
1974-09-08,74.14817627546329,1974,9
1974-09-09,74.14588582295151,1974,9
1974-09-10,73.7914042137061,1974,9
1974-09-11,73.72674776934082,1974,9
1974-09-12,73.51702016151282,1974,9
1974-09-13,73.80411031683559,1974,9
1974-09-14,73.96231548273487,1974,9
1974-09-15,74.08913104952795,1974,9
1974-09-16,74.02863311622743,1974,9
1974-09-17,74.00667289576003,1974,9
1974-09-18,73.91930442064012,1974,9
1974-09-19,73.79546892063632,1974,9
1974-09-20,73.76486328378199,1974,9
1974-09-21,73.69344802641639,1974,9
1974-09-22,73.82719822480918,1974,9
1974-09-23,73.79649402387595,1974,9
1974-09-24,73.57338844591276,1974,9
1974-09-25,73.37502520636022,1974,9
1974-09-26,73.36046418141096,1974,9
1974-09-27,73.38790824393259,1974,9
1974-09-28,73.55928501600292,1974,9
1974-09-29,73.26634380244185,1974,9
1974-09-30,73.30972898979506,1974,9
1974-10-01,73.59146903183026,1974,10
1974-10-02,73.27727856606423,1974,10
1974-10-03,73.53030159885216,1974,10
1974-10-04,73.515391917954,1974,10
1974-10-05,73.57486155310737,1974,10
1974-10-06,73.65626792335017,1974,10
1974-10-07,73.73790957060679,1974,10
1974-10-08,73.7617988789956,1974,10
1974-10-09,73.66824831944159,1974,10
1974-10-10,73.59259947791263,1974,10
1974-10-11,73.44514166475277,1974,10
1974-10-12,73.3358905766324,1974,10
1974-10-13,73.33356052576349,1974,10
1974-10-14,73.42458271433351,1974,10
1974-10-15,73.51200815910154,1974,10
1974-10-16,73.50905378656431,1974,10
1974-10-17,73.52239714333966,1974,10
1974-10-18,73.50451877786438,1974,10
1974-10-19,73.5644567003629,1974,10
1974-10-20,73.60587662515687,1974,10
1974-10-21,73.44508652091211,1974,10
1974-10-22,73.3608866732328,1974,10
1974-10-23,73.33157799517853,1974,10
1974-10-24,73.13359299283181,1974,10
1974-10-25,72.86195119723581,1974,10
1974-10-26,72.99251143406963,1974,10
1974-10-27,73.07716826836037,1974,10
1974-10-28,73.1298488180778,1974,10
1974-10-29,73.07810327196188,1974,10
1974-10-30,73.04665430229392,1974,10
1974-10-31,72.96826722521628,1974,10
1974-11-01,72.93026277424867,1974,11
1974-11-02,72.89901278032752,1974,11
1974-11-03,72.89574554977602,1974,11
1974-11-04,72.90342513256508,1974,11
1974-11-05,72.80506254246222,1974,11
1974-11-06,72.6977781613414,1974,11
1974-11-07,72.70392599673711,1974,11
1974-11-08,72.780226889085,1974,11
1974-11-09,72.85580207876671,1974,11
1974-11-10,72.876304899071,1974,11
1974-11-11,72.86712870643404,1974,11
1974-11-12,72.74050300339034,1974,11
1974-11-13,72.66448136613563,1974,11
1974-11-14,72.51844280324578,1974,11
1974-11-15,72.45401487397616,1974,11
1974-11-16,72.30878786627214,1974,11
1974-11-17,72.20027805912508,1974,11
1974-11-18,72.11637293076735,1974,11
1974-11-19,72.10825731788627,1974,11
1974-11-20,72.10238772981495,1974,11
1974-11-21,72.01040392827619,1974,11
1974-11-22,71.86000029870215,1974,11
1974-11-23,71.9545222694693,1974,11
1974-11-24,71.95280400072664,1974,11
1974-11-25,72.02820152498418,1974,11
1974-11-26,71.9555689652662,1974,11
1974-11-27,71.90413267287788,1974,11
1974-11-28,71.77543287911902,1974,11
1974-11-29,71.53493570570207,1974,11
1974-11-30,71.41445003703339,1974,11
1974-12-01,71.38756720393987,1974,12
1974-12-02,71.32018798377429,1974,12
1974-12-03,70.96636030117479,1974,12
1974-12-04,70.77307051003689,1974,12
1974-12-05,70.8256328868521,1974,12
1974-12-06,70.86311721243766,1974,12
1974-12-07,70.77900356523398,1974,12
1974-12-08,70.7217775302983,1974,12
1974-12-09,70.83112303455339,1974,12
1974-12-10,70.94582259736758,1974,12
1974-12-11,70.90150917140515,1974,12
1974-12-12,70.79251649302483,1974,12
1974-12-13,70.75716385215834,1974,12
1974-12-14,70.98192088328882,1974,12
1974-12-15,70.88876875335141,1974,12
1974-12-16,70.72234597741411,1974,12
1974-12-17,70.66278762907531,1974,12
1974-12-18,70.37112239795698,1974,12
1974-12-19,70.23130660264756,1974,12
1974-12-20,70.15553550031825,1974,12
1974-12-21,70.06248697493868,1974,12
1974-12-22,70.11493268109888,1974,12
1974-12-23,70.30059888467966,1974,12
1974-12-24,70.30591117704014,1974,12
1974-12-25,70.39458579182362,1974,12
1974-12-26,70.443807365429,1974,12
1974-12-27,70.66609241758613,1974,12
1974-12-28,70.87538546405592,1974,12
1974-12-29,70.99567313466275,1974,12
1974-12-30,71.0685709519067,1974,12
1974-12-31,70.98667533344262,1974,12
1975-01-01,70.92078191322624,1975,1
1975-01-02,70.17564185688171,1975,1
1975-01-03,69.9440269649344,1975,1
1975-01-04,70.09712248604488,1975,1
1975-01-05,70.14886190093046,1975,1
1975-01-06,70.36263181691388,1975,1
1975-01-07,70.52063913573221,1975,1
1975-01-08,70.77283606943818,1975,1
1975-01-09,70.44418784654047,1975,1
1975-01-10,70.33669573132093,1975,1
1975-01-11,70.44131757724304,1975,1
1975-01-12,70.43607166251424,1975,1
1975-01-13,70.50810610566305,1975,1
1975-01-14,70.43514603918435,1975,1
1975-01-15,70.49465361027083,1975,1
1975-01-16,70.47291819462255,1975,1
1975-01-17,70.4654355272552,1975,1
1975-01-18,70.42894735650677,1975,1
1975-01-19,70.42335357982428,1975,1
1975-01-20,70.52457628290502,1975,1
1975-01-21,70.74840143737306,1975,1
1975-01-22,70.5644439296055,1975,1
1975-01-23,70.20211201988847,1975,1
1975-01-24,70.24147275443697,1975,1
1975-01-25,70.09574697434815,1975,1
1975-01-26,70.28905309654493,1975,1
1975-01-27,70.49608467082564,1975,1
1975-01-28,70.7932115723638,1975,1
1975-01-29,71.00927435391698,1975,1
1975-01-30,71.04086978909606,1975,1
1975-01-31,70.83709955572112,1975,1
1975-02-01,70.81731116734902,1975,2
1975-02-02,70.66684871799409,1975,2
1975-02-03,70.6286177173014,1975,2
1975-02-04,70.82070818183139,1975,2
1975-02-05,70.92689144305957,1975,2
1975-02-06,71.10887340140026,1975,2
1975-02-07,71.38676525263006,1975,2
1975-02-08,71.66063873590026,1975,2
1975-02-09,71.66821715987588,1975,2
1975-02-10,71.70935928428254,1975,2
1975-02-11,71.62620230434857,1975,2
1975-02-12,71.6421768733629,1975,2
1975-02-13,71.685934387813,1975,2
1975-02-14,71.6057071349542,1975,2
1975-02-15,71.10556307207663,1975,2
1975-02-16,71.171120016823,1975,2
1975-02-17,71.04692094614983,1975,2
1975-02-18,71.02581061163146,1975,2
1975-02-19,71.29161306774147,1975,2
1975-02-20,71.40273903359054,1975,2
1975-02-21,71.2396408227382,1975,2
1975-02-22,71.38773124498152,1975,2
1975-02-23,71.52934950592064,1975,2
1975-02-24,71.59761031420567,1975,2
1975-02-25,72.15250439707488,1975,2
1975-02-26,72.47172119180571,1975,2
1975-02-27,72.67863453883491,1975,2
1975-02-28,72.93064727135068,1975,2
1975-03-01,72.97669425545055,1975,3
1975-03-02,73.00949732494796,1975,3
1975-03-03,72.95695650676163,1975,3
1975-03-04,73.21013163172198,1975,3
1975-03-05,73.42834283617266,1975,3
1975-03-06,73.36344383203308,1975,3
1975-03-07,72.93000881068818,1975,3
1975-03-08,72.66843717343667,1975,3
1975-03-09,72.91830213122341,1975,3
1975-03-10,72.93312710788074,1975,3
1975-03-11,73.53249490742432,1975,3
1975-03-12,72.18143461331049,1975,3
1975-03-13,72.41631301609831,1975,3
1975-03-14,72.6081277038849,1975,3
1975-03-15,72.98064414722725,1975,3
1975-03-16,73.2802797997637,1975,3
1975-03-17,73.44688319507549,1975,3
1975-03-18,73.61151559253044,1975,3
1975-03-19,73.72374333902745,1975,3
1975-03-20,73.86131446425587,1975,3
1975-03-21,74.02279684185395,1975,3
1975-03-22,74.02656339298035,1975,3
1975-03-23,73.81442348913428,1975,3
1975-03-24,73.31291909614946,1975,3
1975-03-25,73.25777651716926,1975,3
1975-03-26,72.75372317588203,1975,3
1975-03-27,72.8197804083451,1975,3
1975-03-28,73.32622057766613,1975,3
1975-03-29,73.82546778101859,1975,3
1975-03-30,74.12879466776772,1975,3
1975-03-31,74.41612102509099,1975,3
1975-04-01,74.69327291296986,1975,4
1975-04-02,74.92259734127364,1975,4
1975-04-03,75.16968044507306,1975,4
1975-04-04,75.32593358465441,1975,4
1975-04-05,75.26054599972929,1975,4
1975-04-06,75.11516848256068,1975,4
1975-04-07,74.93985073273049,1975,4
1975-04-08,74.70482546681235,1975,4
1975-04-09,74.3611430308849,1975,4
1975-04-10,74.32121428404615,1975,4
1975-04-11,74.5673750738029,1975,4
1975-04-12,74.7973744602589,1975,4
1975-04-13,75.04485986140463,1975,4
1975-04-14,75.28909099941625,1975,4
1975-04-15,74.7426176012746,1975,4
1975-04-16,74.57017175014059,1975,4
1975-04-17,74.78238718186819,1975,4
1975-04-18,75.21773585169107,1975,4
1975-04-19,75.45410138559176,1975,4
1975-04-20,75.48108168503789,1975,4
1975-04-21,75.43475112262631,1975,4
1975-04-22,75.33419265155283,1975,4
1975-04-23,75.21659255711883,1975,4
1975-04-24,75.22360155288078,1975,4
1975-04-25,75.3092867014369,1975,4
1975-04-26,75.27085912287224,1975,4
1975-04-27,75.15942969134998,1975,4
1975-04-28,75.21390931415002,1975,4
1975-04-29,75.24811685294051,1975,4
1975-04-30,75.45074904842116,1975,4
1975-05-01,75.49469202322767,1975,5
1975-05-02,75.64127626719522,1975,5
1975-05-03,75.7912563141993,1975,5
1975-05-04,75.13072802147359,1975,5
1975-05-05,75.04764325664821,1975,5
1975-05-06,75.22092832966487,1975,5
1975-05-07,75.44680072814936,1975,5
1975-05-08,75.59817754890311,1975,5
1975-05-09,75.81808883097588,1975,5
1975-05-10,75.93937855153914,1975,5
1975-05-11,75.91471136071559,1975,5
1975-05-12,75.9825154232533,1975,5
1975-05-13,75.92297693778484,1975,5
1975-05-14,75.91644888745806,1975,5
1975-05-15,75.74778918893202,1975,5
1975-05-16,75.7276594143987,1975,5
1975-05-17,75.88495781156149,1975,5
1975-05-18,75.33979944742424,1975,5
1975-05-19,75.31111070195115,1975,5
1975-05-20,75.57876238319102,1975,5
1975-05-21,75.71757161271809,1975,5
1975-05-22,75.41701161596583,1975,5
1975-05-23,75.29974824804073,1975,5
1975-05-24,75.43375468980378,1975,5
1975-05-25,75.47740650838357,1975,5
1975-05-26,75.51195119256931,1975,5
1975-05-27,75.58867459867658,1975,5
1975-05-28,75.75378118875858,1975,5
1975-05-29,75.90059739763835,1975,5
1975-05-30,75.69810915452118,1975,5
1975-05-31,75.44420327478505,1975,5
1975-06-01,74.93773765163577,1975,6
1975-06-02,74.51240308124652,1975,6
1975-06-03,74.36776881714529,1975,6
1975-06-04,74.58080855514748,1975,6
1975-06-05,74.90128455327977,1975,6
1975-06-06,75.22681369218768,1975,6
1975-06-07,75.46584760616301,1975,6
1975-06-08,75.19579682412714,1975,6
1975-06-09,74.85956635325974,1975,6
1975-06-10,75.04986433839603,1975,6
1975-06-11,75.06593873069292,1975,6
1975-06-12,75.18967428428789,1975,6
1975-06-13,75.42518336024672,1975,6
1975-06-14,75.5312869291229,1975,6
1975-06-15,75.64676658191311,1975,6
1975-06-16,75.44404441277776,1975,6
1975-06-17,75.28068698144521,1975,6
1975-06-18,74.91445855357516,1975,6
1975-06-19,74.25544599913462,1975,6
1975-06-20,73.86676530546238,1975,6
1975-06-21,73.61054892037302,1975,6
1975-06-22,73.61654438868244,1975,6
1975-06-23,73.89334227601236,1975,6
1975-06-24,73.81300753025967,1975,6
1975-06-25,74.1407685016205,1975,6
1975-06-26,74.19984661328814,1975,6
1975-06-27,74.10290329277564,1975,6
1975-06-28,73.86829399134659,1975,6
1975-06-29,73.4469142136543,1975,6
1975-06-30,73.17025869311756,1975,6
1975-07-01,73.41136053549005,1975,7
1975-07-02,73.47066327304401,1975,7
1975-07-03,73.53867738445813,1975,7
1975-07-04,73.58350440072523,1975,7
1975-07-05,73.54828988414191,1975,7
1975-07-06,73.6091261101349,1975,7
1975-07-07,74.05720009068804,1975,7
1975-07-08,73.9826343208581,1975,7
1975-07-09,73.4445337036558,1975,7
1975-07-10,73.556389308508,1975,7
1975-07-11,73.69104765698391,1975,7
1975-07-12,73.84597929846409,1975,7
1975-07-13,73.53274602064441,1975,7
1975-07-14,73.08488974097972,1975,7
1975-07-15,73.28042774529767,1975,7
1975-07-16,72.83734224225535,1975,7
1975-07-17,72.66518075315854,1975,7
1975-07-18,72.81827632166578,1975,7
1975-07-19,72.92766354892647,1975,7
1975-07-20,72.86618875732535,1975,7
1975-07-21,72.87800958012728,1975,7
1975-07-22,72.59089703483158,1975,7
1975-07-23,72.54419474157011,1975,7
1975-07-24,72.84495245842292,1975,7
1975-07-25,73.20621066080176,1975,7
1975-07-26,73.42682506394642,1975,7
1975-07-27,73.43789235633596,1975,7
1975-07-28,73.43422493695257,1975,7
1975-07-29,73.07386438319004,1975,7
1975-07-30,73.13898400317824,1975,7
1975-07-31,73.17269515850145,1975,7
1975-08-01,73.36109586600826,1975,8
1975-08-02,73.4521946486,1975,8
1975-08-03,73.3506577018198,1975,8
1975-08-04,73.18558428404364,1975,8
1975-08-05,73.00140985923017,1975,8
1975-08-06,72.9912753344342,1975,8
1975-08-07,73.31393168065834,1975,8
1975-08-08,73.21270618853826,1975,8
1975-08-09,73.14073449768303,1975,8
1975-08-10,73.36750029037077,1975,8
1975-08-11,73.50316710338572,1975,8
1975-08-12,73.45435593872415,1975,8
1975-08-13,73.25433543498494,1975,8
1975-08-14,73.06884305381489,1975,8
1975-08-15,73.29860994328132,1975,8
1975-08-16,73.22702367039692,1975,8
1975-08-17,73.3388114447611,1975,8
1975-08-18,73.38574043234217,1975,8
1975-08-19,73.1760015680268,1975,8
1975-08-20,72.94980415426764,1975,8
1975-08-21,72.83767083668356,1975,8
1975-08-22,72.7710672220697,1975,8
1975-08-23,72.53323942345973,1975,8
1975-08-24,72.72404841765831,1975,8
1975-08-25,73.10039078749884,1975,8
1975-08-26,73.47448795225115,1975,8
1975-08-27,73.6801231493447,1975,8
1975-08-28,73.25307990012482,1975,8
1975-08-29,73.47127702908502,1975,8
1975-08-30,72.85729819169359,1975,8
1975-08-31,73.04777313429265,1975,8
1975-09-01,73.05048460292498,1975,9
1975-09-02,72.91901840562441,1975,9
1975-09-03,72.84730275522709,1975,9
1975-09-04,72.94233718409012,1975,9
1975-09-05,72.69806364834902,1975,9
1975-09-06,72.59836835348155,1975,9
1975-09-07,72.47747569173028,1975,9
1975-09-08,72.33347933040227,1975,9
1975-09-09,72.40348366402213,1975,9
1975-09-10,72.43903363234121,1975,9
1975-09-11,72.37450413719716,1975,9
1975-09-12,72.70603229861955,1975,9
1975-09-13,72.7867896409743,1975,9
1975-09-14,72.970550438853,1975,9
1975-09-15,72.90159128372665,1975,9
1975-09-16,72.84422123064073,1975,9
1975-09-17,72.92357010275029,1975,9
1975-09-18,73.11852977057978,1975,9
1975-09-19,73.31739573717746,1975,9
1975-09-20,73.39133610120109,1975,9
1975-09-21,73.42858676144718,1975,9
1975-09-22,73.52529556986696,1975,9
1975-09-23,73.63411357182251,1975,9
1975-09-24,73.64838639184433,1975,9
1975-09-25,73.48245089672612,1975,9
1975-09-26,73.33634049275662,1975,9
1975-09-27,73.0745007720763,1975,9
1975-09-28,73.08730583859668,1975,9
1975-09-29,73.11540720037117,1975,9
1975-09-30,73.21192019897043,1975,9
1975-10-01,73.2419305199045,1975,10
1975-10-02,73.0957654098859,1975,10
1975-10-03,73.12774224121401,1975,10
1975-10-04,73.12388395076762,1975,10
1975-10-05,73.06711845371298,1975,10
1975-10-06,73.20022297266146,1975,10
1975-10-07,73.37574587816134,1975,10
1975-10-08,73.37325733492665,1975,10
1975-10-09,73.32630873892509,1975,10
1975-10-10,73.2949027607683,1975,10
1975-10-11,73.17000306492177,1975,10
1975-10-12,73.31813961488768,1975,10
1975-10-13,73.40946690156909,1975,10
1975-10-14,73.38024382561063,1975,10
1975-10-15,73.42743792338018,1975,10
1975-10-16,73.5127577314673,1975,10
1975-10-17,73.51403763547755,1975,10
1975-10-18,73.36192659184502,1975,10
1975-10-19,73.21899048996873,1975,10
1975-10-20,73.23634627181181,1975,10
1975-10-21,73.21092848078922,1975,10
1975-10-22,73.27194823432464,1975,10
1975-10-23,73.20406520546807,1975,10
1975-10-24,72.87919210886139,1975,10
1975-10-25,72.61168418224678,1975,10
1975-10-26,72.51816045754487,1975,10
1975-10-27,72.54976653137625,1975,10
1975-10-28,72.4819820267614,1975,10
1975-10-29,72.74726924706738,1975,10
1975-10-30,72.86546092065583,1975,10
1975-10-31,72.73733329350863,1975,10
1975-11-01,72.73110235862079,1975,11
1975-11-02,72.6082889092098,1975,11
1975-11-03,72.28533108103777,1975,11
1975-11-04,72.2100300646889,1975,11
1975-11-05,72.41494216297279,1975,11
1975-11-06,72.5440376559749,1975,11
1975-11-07,72.5247778530205,1975,11
1975-11-08,72.39996258147664,1975,11
1975-11-09,72.1668736056421,1975,11
1975-11-10,72.07423315310842,1975,11
1975-11-11,72.0174617229404,1975,11
1975-11-12,71.99124526723685,1975,11
1975-11-13,72.03474156700752,1975,11
1975-11-14,72.08576871776094,1975,11
1975-11-15,72.07965234691608,1975,11
1975-11-16,72.07289593265028,1975,11
1975-11-17,72.08993796789704,1975,11
1975-11-18,72.02044627848116,1975,11
1975-11-19,71.97431519516002,1975,11
1975-11-20,71.81759377609198,1975,11
1975-11-21,71.7123394142966,1975,11
1975-11-22,71.63906476928659,1975,11
1975-11-23,71.48578456922004,1975,11
1975-11-24,71.44594402445483,1975,11
1975-11-25,71.27476506826319,1975,11
1975-11-26,71.23420969251139,1975,11
1975-11-27,71.17147130000158,1975,11
1975-11-28,71.13315323670226,1975,11
1975-11-29,71.08162510343989,1975,11
1975-11-30,71.13323017110345,1975,11
1975-12-01,71.18568682207665,1975,12
1975-12-02,71.32006550815696,1975,12
1975-12-03,71.2853956250673,1975,12
1975-12-04,71.41606650582584,1975,12
1975-12-05,71.56362583237379,1975,12
1975-12-06,71.5333909441505,1975,12
1975-12-07,71.44391043774417,1975,12
1975-12-08,71.10943420607602,1975,12
1975-12-09,70.99285888890917,1975,12
1975-12-10,71.07308544614736,1975,12
1975-12-11,70.98540808940102,1975,12
1975-12-12,71.01453206344405,1975,12
1975-12-13,71.18912815570411,1975,12
1975-12-14,71.29334475172082,1975,12
1975-12-15,71.15969159906182,1975,12
1975-12-16,71.1375006064792,1975,12
1975-12-17,70.92024001304502,1975,12
1975-12-18,71.00489693211337,1975,12
1975-12-19,71.02323932986525,1975,12
1975-12-20,70.99473200219923,1975,12
1975-12-21,70.8881774325782,1975,12
1975-12-22,70.82715851398433,1975,12
1975-12-23,70.96667742799038,1975,12
1975-12-24,71.06337462599708,1975,12
1975-12-25,71.03339383081601,1975,12
1975-12-26,70.94058824781548,1975,12
1975-12-27,70.98764938904633,1975,12
1975-12-28,71.05722885734693,1975,12
1975-12-29,70.93417785246324,1975,12
1975-12-30,70.77074342334215,1975,12
1975-12-31,70.79724362761156,1975,12
1976-01-01,71.00169768814031,1976,1
1976-01-02,70.98577713648693,1976,1
1976-01-03,70.97835819175214,1976,1
1976-01-04,70.99419973567554,1976,1
1976-01-05,71.02022432534223,1976,1
1976-01-06,70.87316241471719,1976,1
1976-01-07,70.69753627835027,1976,1
1976-01-08,70.68272196632877,1976,1
1976-01-09,70.71821119024108,1976,1
1976-01-10,70.8821886416558,1976,1
1976-01-11,70.9425661675818,1976,1
1976-01-12,70.96231127585993,1976,1
1976-01-13,70.83200067180456,1976,1
1976-01-14,70.83878392618242,1976,1
1976-01-15,71.04715421808777,1976,1
1976-01-16,70.87809457927075,1976,1
1976-01-17,70.71575182676834,1976,1
1976-01-18,70.37757513224199,1976,1
1976-01-19,70.28355832874112,1976,1
1976-01-20,70.39173823930562,1976,1
1976-01-21,70.45185502478591,1976,1
1976-01-22,70.48585618428308,1976,1
1976-01-23,70.66383376340316,1976,1
1976-01-24,70.8517692980461,1976,1
1976-01-25,70.83164859487252,1976,1
1976-01-26,71.06872574796033,1976,1
1976-01-27,71.08761739121277,1976,1
1976-01-28,71.077911118528,1976,1
1976-01-29,71.22050536417011,1976,1
1976-01-30,71.22022527469382,1976,1
1976-01-31,70.81334555406114,1976,1
1976-02-01,70.62054923209026,1976,2
1976-02-02,70.87066821203123,1976,2
1976-02-03,70.91794828206352,1976,2
1976-02-04,71.03027170021535,1976,2
1976-02-05,71.01030789701008,1976,2
1976-02-06,70.63939638394821,1976,2
1976-02-07,70.78814730080182,1976,2
1976-02-08,71.27659444317356,1976,2
1976-02-09,71.47826539186879,1976,2
1976-02-10,71.5148523247207,1976,2
1976-02-11,71.62277187257017,1976,2
1976-02-12,71.69737489334268,1976,2
1976-02-13,71.80171907837884,1976,2
1976-02-14,71.95939626319019,1976,2
1976-02-15,72.28982418604221,1976,2
1976-02-16,71.91988122762615,1976,2
1976-02-17,71.87101792361854,1976,2
1976-02-18,71.85803545843717,1976,2
1976-02-19,71.99630803940005,1976,2
1976-02-20,72.19977814367176,1976,2
1976-02-21,72.23182784851768,1976,2
1976-02-22,72.16769205392282,1976,2
1976-02-23,72.23972427532368,1976,2
1976-02-24,72.4489001048774,1976,2
1976-02-25,72.35313521869894,1976,2
1976-02-26,72.1464103194055,1976,2
1976-02-27,71.89151615863553,1976,2
1976-02-28,71.84652265300895,1976,2
1976-02-29,71.84561605703833,1976,2
1976-03-01,72.01918871867035,1976,3
1976-03-02,72.65329011992546,1976,3
1976-03-03,73.05716295226183,1976,3
1976-03-04,73.3882552511918,1976,3
1976-03-05,73.27359139380673,1976,3
1976-03-06,73.27305134018786,1976,3
1976-03-07,73.16353502530188,1976,3
1976-03-08,73.1404517118137,1976,3
1976-03-09,73.0338588345209,1976,3
1976-03-10,73.05471244603014,1976,3
1976-03-11,72.91300243420781,1976,3
1976-03-12,72.80894524345506,1976,3
1976-03-13,73.32979956870898,1976,3
1976-03-14,72.91651827697504,1976,3
1976-03-15,72.96273782995999,1976,3
1976-03-16,72.91741734839998,1976,3
1976-03-17,73.5789391912754,1976,3
1976-03-18,73.45619484833439,1976,3
1976-03-19,73.57879436532717,1976,3
1976-03-20,73.44884859819484,1976,3
1976-03-21,73.42766772325247,1976,3
1976-03-22,73.54233011028619,1976,3
1976-03-23,73.57519916305112,1976,3
1976-03-24,73.64410294775888,1976,3
1976-03-25,73.97621033441705,1976,3
1976-03-26,74.09991908888347,1976,3
1976-03-27,74.1007736501238,1976,3
1976-03-28,74.17343035639368,1976,3
1976-03-29,73.97494070216925,1976,3
1976-03-30,73.9179917708167,1976,3
1976-03-31,73.84388796875685,1976,3
1976-04-01,73.46494317989892,1976,4
1976-04-02,73.33468240924276,1976,4
1976-04-03,73.59810223472712,1976,4
1976-04-04,73.71541105994356,1976,4
1976-04-05,73.75547703242091,1976,4
1976-04-06,74.0192293988753,1976,4
1976-04-07,73.9912586685294,1976,4
1976-04-08,74.24156844590092,1976,4
1976-04-09,74.46766543747307,1976,4
1976-04-10,74.36238945283735,1976,4
1976-04-11,74.34717351715787,1976,4
1976-04-12,74.42069771104022,1976,4
1976-04-13,74.6275931772501,1976,4
1976-04-14,74.80079000471716,1976,4
1976-04-15,74.50269552934847,1976,4
1976-04-16,74.48898367990608,1976,4
1976-04-17,74.92282500919282,1976,4
1976-04-18,75.19228605946991,1976,4
1976-04-19,75.257175227681,1976,4
1976-04-20,75.35497285072462,1976,4
1976-04-21,75.62776422306698,1976,4
1976-04-22,75.6342673717985,1976,4
1976-04-23,75.15601522776356,1976,4
1976-04-24,75.0335634156292,1976,4
1976-04-25,74.82804484986093,1976,4
1976-04-26,74.62434752214202,1976,4
1976-04-27,74.81354100101711,1976,4
1976-04-28,74.9676995548216,1976,4
1976-04-29,74.91535545655813,1976,4
1976-04-30,75.14802703874247,1976,4
1976-05-01,75.2365365068623,1976,5
1976-05-02,75.27534751293281,1976,5
1976-05-03,75.38568742074561,1976,5
1976-05-04,75.6099880013103,1976,5
1976-05-05,75.50321932496009,1976,5
1976-05-06,75.48928090884397,1976,5
1976-05-07,75.28887718882154,1976,5
1976-05-08,75.31549919915092,1976,5
1976-05-09,74.88840863689256,1976,5
1976-05-10,75.28428316374,1976,5
1976-05-11,75.52725781072569,1976,5
1976-05-12,75.31363987406912,1976,5
1976-05-13,74.91458023058392,1976,5
1976-05-14,74.92615156016689,1976,5
1976-05-15,74.83310857048146,1976,5
1976-05-16,75.06962615694154,1976,5
1976-05-17,75.08250163562016,1976,5
1976-05-18,75.11649937017451,1976,5
1976-05-19,75.32323928566866,1976,5
1976-05-20,75.1313923253031,1976,5
1976-05-21,75.5160079527602,1976,5
1976-05-22,75.67197549287395,1976,5
1976-05-23,75.71711275280562,1976,5
1976-05-24,75.7448842966885,1976,5
1976-05-25,75.3831017895154,1976,5
1976-05-26,75.29174923448207,1976,5
1976-05-27,75.43616231770297,1976,5
1976-05-28,75.5800775556867,1976,5
1976-05-29,75.716427062151,1976,5
1976-05-30,75.83333199054533,1976,5
1976-05-31,75.93132348336103,1976,5
1976-06-01,75.83986487669125,1976,6
1976-06-02,75.79540193661681,1976,6
1976-06-03,75.61761321753617,1976,6
1976-06-04,75.43981683194392,1976,6
1976-06-05,75.03731957117866,1976,6
1976-06-06,74.31950146037605,1976,6
1976-06-07,74.04027108101127,1976,6
1976-06-08,74.13609077771511,1976,6
1976-06-09,74.17432956164099,1976,6
1976-06-10,74.30141335536008,1976,6
1976-06-11,74.28494021319594,1976,6
1976-06-12,74.41121592837106,1976,6
1976-06-13,74.65186601465524,1976,6
1976-06-14,74.3096382802429,1976,6
1976-06-15,73.96071501809405,1976,6
1976-06-16,73.9425734867789,1976,6
1976-06-17,73.91953701955173,1976,6
1976-06-18,73.87247315986066,1976,6
1976-06-19,74.08500614980184,1976,6
1976-06-20,74.17509458201971,1976,6
1976-06-21,74.56465688566128,1976,6
1976-06-22,74.57256918543528,1976,6
1976-06-23,74.47975404708514,1976,6
1976-06-24,74.69202761452287,1976,6
1976-06-25,74.7987709113731,1976,6
1976-06-26,74.65511412110574,1976,6
1976-06-27,74.80666943449059,1976,6
1976-06-28,74.87784493073154,1976,6
1976-06-29,75.00156557345301,1976,6
1976-06-30,74.77858365342865,1976,6
1976-07-01,74.65516568806582,1976,7
1976-07-02,74.59232088051735,1976,7
1976-07-03,74.5608111851952,1976,7
1976-07-04,74.5160184966436,1976,7
1976-07-05,74.31420752515652,1976,7
1976-07-06,74.38103802899595,1976,7
1976-07-07,74.49558450656694,1976,7
1976-07-08,74.23598391186648,1976,7
1976-07-09,73.99272282458278,1976,7
1976-07-10,73.88406481279364,1976,7
1976-07-11,73.57134188389982,1976,7
1976-07-12,73.39985770944094,1976,7
1976-07-13,73.50065824068719,1976,7
1976-07-14,73.3558617896645,1976,7
1976-07-15,73.10970890107255,1976,7
1976-07-16,73.09136296006267,1976,7
1976-07-17,73.0228804366643,1976,7
1976-07-18,73.07377280974153,1976,7
1976-07-19,73.14581360202405,1976,7
1976-07-20,73.23452935370655,1976,7
1976-07-21,73.28853162817421,1976,7
1976-07-22,73.54670379634888,1976,7
1976-07-23,73.62515841117926,1976,7
1976-07-24,73.81811366456786,1976,7
1976-07-25,73.7487339167363,1976,7
1976-07-26,73.41025961594032,1976,7
1976-07-27,73.13356286626694,1976,7
1976-07-28,73.33632431946968,1976,7
1976-07-29,73.48056187808064,1976,7
1976-07-30,73.20471042707409,1976,7
1976-07-31,72.96155884174553,1976,7
1976-08-01,72.88755874452832,1976,8
1976-08-02,72.92269825421582,1976,8
1976-08-03,73.13398859407785,1976,8
1976-08-04,73.13690134891762,1976,8
1976-08-05,73.18958028083863,1976,8
1976-08-06,72.55350426448173,1976,8
1976-08-07,72.808743170037,1976,8
1976-08-08,72.86936195971289,1976,8
1976-08-09,72.9884161027434,1976,8
1976-08-10,73.05892390626583,1976,8
1976-08-11,73.16761053283943,1976,8
1976-08-12,73.24573739214023,1976,8
1976-08-13,73.14690603827869,1976,8
1976-08-14,73.15723800313837,1976,8
1976-08-15,72.93572402314358,1976,8
1976-08-16,73.0286246273699,1976,8
1976-08-17,72.82985152394433,1976,8
1976-08-18,72.67951481740022,1976,8
1976-08-19,72.82380864578047,1976,8
1976-08-20,72.8813256301846,1976,8
1976-08-21,72.97202835319887,1976,8
1976-08-22,73.27847467892704,1976,8
1976-08-23,73.41975983112876,1976,8
1976-08-24,73.27587480671255,1976,8
1976-08-25,73.23176131651836,1976,8
1976-08-26,73.10025679632936,1976,8
1976-08-27,73.1973045322863,1976,8
1976-08-28,73.29258042930076,1976,8
1976-08-29,73.29009892896174,1976,8
1976-08-30,73.13298981263695,1976,8
1976-08-31,72.8203732515382,1976,8
1976-09-01,72.87577705705687,1976,9
1976-09-02,72.79458040905605,1976,9
1976-09-03,72.6690352345293,1976,9
1976-09-04,72.7393254695062,1976,9
1976-09-05,73.09155047631914,1976,9
1976-09-06,73.13936078018229,1976,9
1976-09-07,73.0655745178416,1976,9
1976-09-08,72.88998701721654,1976,9
1976-09-09,72.9099867853201,1976,9
1976-09-10,73.19589989133382,1976,9
1976-09-11,73.45083494082637,1976,9
1976-09-12,73.41407136496319,1976,9
1976-09-13,73.30436322872113,1976,9
1976-09-14,73.21278754249252,1976,9
1976-09-15,73.23282178611873,1976,9
1976-09-16,73.33105114829213,1976,9
1976-09-17,73.34124490098125,1976,9
1976-09-18,73.3626430323985,1976,9
1976-09-19,73.38575869980038,1976,9
1976-09-20,73.6231675330465,1976,9
1976-09-21,73.76921112864736,1976,9
1976-09-22,73.84687671817203,1976,9
1976-09-23,73.79023780858856,1976,9
1976-09-24,73.79791278152925,1976,9
1976-09-25,74.02203340642123,1976,9
1976-09-26,73.96139555497605,1976,9
1976-09-27,73.86567213091772,1976,9
1976-09-28,73.5531739821454,1976,9
1976-09-29,73.52103938944848,1976,9
1976-09-30,73.68299581002458,1976,9
1976-10-01,73.73443926674658,1976,10
1976-10-02,73.85187737937834,1976,10
1976-10-03,73.99308575238351,1976,10
1976-10-04,74.02892737158653,1976,10
1976-10-05,74.08799948935788,1976,10
1976-10-06,74.12800034340789,1976,10
1976-10-07,74.20132446618214,1976,10
1976-10-08,73.9781858993424,1976,10
1976-10-09,74.03099849143518,1976,10
1976-10-10,74.03911278659344,1976,10
1976-10-11,73.98163284819091,1976,10
1976-10-12,73.91041949390333,1976,10
1976-10-13,73.93251254181132,1976,10
1976-10-14,73.9715437322285,1976,10
1976-10-15,73.91407184499457,1976,10
1976-10-16,73.59943485863683,1976,10
1976-10-17,73.44935462043767,1976,10
1976-10-18,73.19945869209693,1976,10
1976-10-19,73.24850652519328,1976,10
1976-10-20,73.39279460374536,1976,10
1976-10-21,73.45160813240992,1976,10
1976-10-22,73.74741021801071,1976,10
1976-10-23,73.76800150220416,1976,10
1976-10-24,73.58574359131475,1976,10
1976-10-25,73.48914551590755,1976,10
1976-10-26,73.30468802090984,1976,10
1976-10-27,73.3936559278836,1976,10
1976-10-28,73.49475807676913,1976,10
1976-10-29,73.48885860459944,1976,10
1976-10-30,73.43140855047447,1976,10
1976-10-31,73.38392323719926,1976,10
1976-11-01,73.36189647335385,1976,11
1976-11-02,73.34138690412362,1976,11
1976-11-03,73.28225107705153,1976,11
1976-11-04,73.30248464461013,1976,11
1976-11-05,73.21906462979166,1976,11
1976-11-06,73.13581924990875,1976,11
1976-11-07,73.19459329498346,1976,11
1976-11-08,73.17943449085027,1976,11
1976-11-09,72.95003020665388,1976,11
1976-11-10,72.89190742665347,1976,11
1976-11-11,73.00461700832096,1976,11
1976-11-12,73.07579314351399,1976,11
1976-11-13,73.0930590186637,1976,11
1976-11-14,73.038574012667,1976,11
1976-11-15,72.8415352568888,1976,11
1976-11-16,72.76722006529488,1976,11
1976-11-17,72.62132076779872,1976,11
1976-11-18,71.93754929974084,1976,11
1976-11-19,72.03204173738611,1976,11
1976-11-20,72.20796217575143,1976,11
1976-11-21,71.96521758456701,1976,11
1976-11-22,71.66195445736852,1976,11
1976-11-23,71.7688132142368,1976,11
1976-11-24,72.10085090814587,1976,11
1976-11-25,72.12959864250855,1976,11
1976-11-26,72.04777789792882,1976,11
1976-11-27,71.94689373492803,1976,11
1976-11-28,72.01552083982217,1976,11
1976-11-29,71.9580349793957,1976,11
1976-11-30,71.97028303630812,1976,11
1976-12-01,72.06002375950317,1976,12
1976-12-02,72.02937888967968,1976,12
1976-12-03,72.1603630628853,1976,12
1976-12-04,71.75957768906933,1976,12
1976-12-05,71.76475505139743,1976,12
1976-12-06,71.56185019117193,1976,12
1976-12-07,71.51447653119067,1976,12
1976-12-08,71.55715447952299,1976,12
1976-12-09,71.34636550675518,1976,12
1976-12-10,71.16763120012962,1976,12
1976-12-11,71.0822053513899,1976,12
1976-12-12,71.08442187917161,1976,12
1976-12-13,71.25837222699509,1976,12
1976-12-14,71.31151764159115,1976,12
1976-12-15,71.22277467517405,1976,12
1976-12-16,71.14446548939388,1976,12
1976-12-17,71.05171861369104,1976,12
1976-12-18,70.91404136674184,1976,12
1976-12-19,70.95066901012368,1976,12
1976-12-20,71.0462942305104,1976,12
1976-12-21,71.24302013429649,1976,12
1976-12-22,71.25314278004875,1976,12
1976-12-23,71.31513378079536,1976,12
1976-12-24,71.53454413287594,1976,12
1976-12-25,71.6576808387903,1976,12
1976-12-26,71.61975835734724,1976,12
1976-12-27,71.44146273076292,1976,12
1976-12-28,71.38072702484666,1976,12
1976-12-29,71.11551731669422,1976,12
1976-12-30,70.95381803503051,1976,12
1976-12-31,70.7246985574348,1976,12
1977-01-01,70.70420122116452,1977,1
1977-01-02,70.84548226188097,1977,1
1977-01-03,71.01395791815673,1977,1
1977-01-04,71.1743883552017,1977,1
1977-01-05,71.40488604558902,1977,1
1977-01-06,71.43598854810452,1977,1
1977-01-07,71.55448478448174,1977,1
1977-01-08,71.30753711650465,1977,1
1977-01-09,71.4726643813107,1977,1
1977-01-10,71.61184238773544,1977,1
1977-01-11,71.54424178292652,1977,1
1977-01-12,71.16173169355025,1977,1
1977-01-13,70.88675255752008,1977,1
1977-01-14,70.84930572576594,1977,1
1977-01-15,71.06207668100546,1977,1
1977-01-16,71.11887179267654,1977,1
1977-01-17,70.92938079472638,1977,1
1977-01-18,70.91626087755671,1977,1
1977-01-19,71.00479624253768,1977,1
1977-01-20,70.76947411659746,1977,1
1977-01-21,70.42520229055667,1977,1
1977-01-22,70.70108966761985,1977,1
1977-01-23,70.87098808388522,1977,1
1977-01-24,70.62630616595445,1977,1
1977-01-25,70.68047736413297,1977,1
1977-01-26,70.79911481810684,1977,1
1977-01-27,70.80848754257153,1977,1
1977-01-28,70.294512595822,1977,1
1977-01-29,69.87869609678513,1977,1
1977-01-30,70.11875135404263,1977,1
1977-01-31,70.71392698064892,1977,1
1977-02-01,71.12554327548729,1977,2
1977-02-02,71.36310102737977,1977,2
1977-02-03,71.40189581602581,1977,2
1977-02-04,71.43530469476572,1977,2
1977-02-05,71.13807059887262,1977,2
1977-02-06,70.93559616206142,1977,2
1977-02-07,70.95487864490381,1977,2
1977-02-08,70.94252759559096,1977,2
1977-02-09,71.38785213598948,1977,2
1977-02-10,71.68604649890904,1977,2
1977-02-11,71.90723793499114,1977,2
1977-02-12,72.04813357430298,1977,2
1977-02-13,72.10878366683426,1977,2
1977-02-14,72.08635305592568,1977,2
1977-02-15,72.26172443789343,1977,2
1977-02-16,72.39013382623666,1977,2
1977-02-17,72.48814254290458,1977,2
1977-02-18,72.5358941027647,1977,2
1977-02-19,72.7083225533575,1977,2
1977-02-20,72.7166991595645,1977,2
1977-02-21,72.8076089009464,1977,2
1977-02-22,72.90506989363512,1977,2
1977-02-23,72.66653675529008,1977,2
1977-02-24,72.32430935718513,1977,2
1977-02-25,72.20621157952236,1977,2
1977-02-26,72.43902925709025,1977,2
1977-02-27,72.55563872140125,1977,2
1977-02-28,72.82561543158555,1977,2
1977-03-01,72.88915856189257,1977,3
1977-03-02,72.94744701384145,1977,3
1977-03-03,73.0797106346527,1977,3
1977-03-04,73.05808977918612,1977,3
1977-03-05,73.1572693381929,1977,3
1977-03-06,73.295258220897,1977,3
1977-03-07,73.49156015008627,1977,3
1977-03-08,73.73500776197913,1977,3
1977-03-09,73.86836812982588,1977,3
1977-03-10,74.0097575513186,1977,3
1977-03-11,74.0951427094592,1977,3
1977-03-12,73.98237739725553,1977,3
1977-03-13,74.11130696087332,1977,3
1977-03-14,74.16364767936278,1977,3
1977-03-15,74.22504083897557,1977,3
1977-03-16,74.20578419131901,1977,3
1977-03-17,74.12470484188026,1977,3
1977-03-18,74.1577809542471,1977,3
1977-03-19,74.2709936464925,1977,3
1977-03-20,74.26856600897082,1977,3
1977-03-21,74.41801592315488,1977,3
1977-03-22,74.57587035559281,1977,3
1977-03-23,74.82870035343993,1977,3
1977-03-24,74.97091044219137,1977,3
1977-03-25,74.90112319963225,1977,3
1977-03-26,74.79182601636596,1977,3
1977-03-27,74.40635014386697,1977,3
1977-03-28,74.51538044774271,1977,3
1977-03-29,74.67640823029544,1977,3
1977-03-30,74.97684029354413,1977,3
1977-03-31,75.36815223663527,1977,3
1977-04-01,74.84533062626811,1977,4
1977-04-02,74.91386880322291,1977,4
1977-04-03,74.87279550375787,1977,4
1977-04-04,75.11552611089687,1977,4
1977-04-05,74.93570311392014,1977,4
1977-04-06,74.17788399772374,1977,4
1977-04-07,74.15219120906252,1977,4
1977-04-08,73.69213178386823,1977,4
1977-04-09,74.0202759520307,1977,4
1977-04-10,74.08070023403263,1977,4
1977-04-11,74.02789943225191,1977,4
1977-04-12,74.05143125676209,1977,4
1977-04-13,74.32003722769406,1977,4
1977-04-14,74.56762529194467,1977,4
1977-04-15,74.12417530203187,1977,4
1977-04-16,73.8438529558019,1977,4
1977-04-17,73.9381907194522,1977,4
1977-04-18,73.91649185275236,1977,4
1977-04-19,73.99172075824588,1977,4
1977-04-20,74.2114498858541,1977,4
1977-04-21,74.41103143023898,1977,4
1977-04-22,74.56436309797765,1977,4
1977-04-23,74.85208861923633,1977,4
1977-04-24,74.8278215924759,1977,4
1977-04-25,74.42694792519323,1977,4
1977-04-26,74.65042213103045,1977,4
1977-04-27,75.03229523111754,1977,4
1977-04-28,75.15735948946724,1977,4
1977-04-29,74.95984312056798,1977,4
1977-04-30,74.64347101279076,1977,4
1977-05-01,74.42067064544558,1977,5
1977-05-02,74.10104594437311,1977,5
1977-05-03,73.97580849292025,1977,5
1977-05-04,74.24208355310745,1977,5
1977-05-05,73.83713612858571,1977,5
1977-05-06,74.00126043762803,1977,5
1977-05-07,74.07664996009836,1977,5
1977-05-08,74.23290935371331,1977,5
1977-05-09,74.478270380415,1977,5
1977-05-10,74.24806933458737,1977,5
1977-05-11,74.31142919075307,1977,5
1977-05-12,74.47723403937148,1977,5
1977-05-13,74.7707920207257,1977,5
1977-05-14,74.91535933522626,1977,5
1977-05-15,75.06130853246239,1977,5
1977-05-16,74.9942217018737,1977,5
1977-05-17,74.76748911266442,1977,5
1977-05-18,75.23421065354961,1977,5
1977-05-19,75.45288920733203,1977,5
1977-05-20,75.85221186892197,1977,5
1977-05-21,75.54816639916758,1977,5
1977-05-22,75.60944495925757,1977,5
1977-05-23,75.55781660180776,1977,5
1977-05-24,75.51637054621494,1977,5
1977-05-25,75.23421184062657,1977,5
1977-05-26,75.10665472122274,1977,5
1977-05-27,74.73347885548895,1977,5
1977-05-28,74.86970900098261,1977,5
1977-05-29,74.77431954357596,1977,5
1977-05-30,74.92989718217787,1977,5
1977-05-31,75.2399317141139,1977,5
1977-06-01,75.52188897795243,1977,6
1977-06-02,75.76906312262153,1977,6
1977-06-03,75.64202022940175,1977,6
1977-06-04,75.77147555809282,1977,6
1977-06-05,75.82929442476342,1977,6
1977-06-06,75.63129799365564,1977,6
1977-06-07,75.09022416924113,1977,6
1977-06-08,75.06390958193583,1977,6
1977-06-09,74.92069206645637,1977,6
1977-06-10,74.76655718301359,1977,6
1977-06-11,74.90131826434623,1977,6
1977-06-12,74.40351683652649,1977,6
1977-06-13,74.18356176437666,1977,6
1977-06-14,74.22922913964815,1977,6
1977-06-15,74.18617761962723,1977,6
1977-06-16,73.96512956294191,1977,6
1977-06-17,74.26355863134587,1977,6
1977-06-18,74.61550695252721,1977,6
1977-06-19,74.50739307177346,1977,6
1977-06-20,74.7615641707801,1977,6
1977-06-21,74.73264319248564,1977,6
1977-06-22,74.64554387122814,1977,6
1977-06-23,74.55460946834266,1977,6
1977-06-24,73.8536040947971,1977,6
1977-06-25,73.93693959662417,1977,6
1977-06-26,73.61666771209363,1977,6
1977-06-27,73.25835367611943,1977,6
1977-06-28,73.42603449937786,1977,6
1977-06-29,73.51441832202364,1977,6
1977-06-30,73.40512490328229,1977,6
1977-07-01,73.53661896897277,1977,7
1977-07-02,73.5807615112126,1977,7
1977-07-03,73.47855143066216,1977,7
1977-07-04,73.52924204640576,1977,7
1977-07-05,73.39004685288492,1977,7
1977-07-06,73.1624458049657,1977,7
1977-07-07,73.12425720796702,1977,7
1977-07-08,73.21912003335107,1977,7
1977-07-09,73.2704823537168,1977,7
1977-07-10,73.22164563592962,1977,7
1977-07-11,73.07030077003598,1977,7
1977-07-12,73.20490588399252,1977,7
1977-07-13,73.52564241775316,1977,7
1977-07-14,73.66773228784376,1977,7
1977-07-15,73.22944005800022,1977,7
1977-07-16,72.9923786524291,1977,7
1977-07-17,72.79973061481188,1977,7
1977-07-18,73.09773005093012,1977,7
1977-07-19,73.47325687284095,1977,7
1977-07-20,73.649336109447,1977,7
1977-07-21,73.6552422015727,1977,7
1977-07-22,73.92616088931726,1977,7
1977-07-23,73.86933764147297,1977,7
1977-07-24,73.48055499551285,1977,7
1977-07-25,73.1231305211595,1977,7
1977-07-26,72.73685778131664,1977,7
1977-07-27,72.98857179117022,1977,7
1977-07-28,73.15902355549817,1977,7
1977-07-29,73.19403005598481,1977,7
1977-07-30,72.93590256562403,1977,7
1977-07-31,72.94265412588871,1977,7
1977-08-01,73.13460680014619,1977,8
1977-08-02,73.00892036718984,1977,8
1977-08-03,73.1950211928562,1977,8
1977-08-04,73.09562280015685,1977,8
1977-08-05,72.80990653434397,1977,8
1977-08-06,72.95659396209162,1977,8
1977-08-07,73.06265880614234,1977,8
1977-08-08,73.02663175941191,1977,8
1977-08-09,73.0978691712593,1977,8
1977-08-10,73.07012479272524,1977,8
1977-08-11,73.06804198479792,1977,8
1977-08-12,73.47530152029033,1977,8
1977-08-13,73.51687237668982,1977,8
1977-08-14,73.40549058015844,1977,8
1977-08-15,73.1862913664783,1977,8
1977-08-16,73.2552377613339,1977,8
1977-08-17,73.24005069655594,1977,8
1977-08-18,73.49530291779826,1977,8
1977-08-19,73.59280394935156,1977,8
1977-08-20,73.68422899290415,1977,8
1977-08-21,73.61348886066601,1977,8
1977-08-22,73.49882884847267,1977,8
1977-08-23,73.38996050259684,1977,8
1977-08-24,73.28939388155256,1977,8
1977-08-25,73.07675844607878,1977,8
1977-08-26,73.16664803830444,1977,8
1977-08-27,73.1284374309442,1977,8
1977-08-28,73.1831951068546,1977,8
1977-08-29,73.15657152239802,1977,8
1977-08-30,73.02458054232724,1977,8
1977-08-31,72.89560667544637,1977,8
1977-09-01,72.87533531426025,1977,9
1977-09-02,72.94546342459616,1977,9
1977-09-03,72.84489654758679,1977,9
1977-09-04,73.00238065018692,1977,9
1977-09-05,73.25028608992675,1977,9
1977-09-06,73.34738912662237,1977,9
1977-09-07,73.33746324479617,1977,9
1977-09-08,73.10292893482706,1977,9
1977-09-09,73.13185472831034,1977,9
1977-09-10,73.12765280069037,1977,9
1977-09-11,73.24510735433107,1977,9
1977-09-12,73.275302116825,1977,9
1977-09-13,72.95140110613036,1977,9
1977-09-14,72.74634980100852,1977,9
1977-09-15,72.88818483332993,1977,9
1977-09-16,73.0317114319314,1977,9
1977-09-17,73.20869036799685,1977,9
1977-09-18,73.22082370327831,1977,9
1977-09-19,73.21313877419367,1977,9
1977-09-20,73.26876824224203,1977,9
1977-09-21,73.3214195654576,1977,9
1977-09-22,73.43247206100513,1977,9
1977-09-23,73.55867257892056,1977,9
1977-09-24,73.63899079011274,1977,9
1977-09-25,73.94137766267343,1977,9
1977-09-26,73.83416134750225,1977,9
1977-09-27,73.89129867631962,1977,9
1977-09-28,73.8043018761043,1977,9
1977-09-29,73.772610431525,1977,9
1977-09-30,73.77414694516033,1977,9
1977-10-01,73.83974460353448,1977,10
1977-10-02,73.46687116498705,1977,10
1977-10-03,73.26169360036727,1977,10
1977-10-04,73.17477888938257,1977,10
1977-10-05,73.22059773428072,1977,10
1977-10-06,73.37049542373298,1977,10
1977-10-07,73.6823398141778,1977,10
1977-10-08,73.74440727008204,1977,10
1977-10-09,73.82440563302384,1977,10
1977-10-10,73.88704895368684,1977,10
1977-10-11,73.9074209153442,1977,10
1977-10-12,73.93881271136182,1977,10
1977-10-13,73.90093129180865,1977,10
1977-10-14,73.84370229567169,1977,10
1977-10-15,73.79143115359228,1977,10
1977-10-16,73.62393968052018,1977,10
1977-10-17,73.78189047716232,1977,10
1977-10-18,73.38679685228466,1977,10
1977-10-19,73.45187051018706,1977,10
1977-10-20,73.4283938957487,1977,10
1977-10-21,73.44088857946181,1977,10
1977-10-22,73.35954545917289,1977,10
1977-10-23,73.3319356693691,1977,10
1977-10-24,73.23171590660783,1977,10
1977-10-25,73.18549379759625,1977,10
1977-10-26,73.75424231722427,1977,10
1977-10-27,73.32780492050783,1977,10
1977-10-28,73.26761184240713,1977,10
1977-10-29,73.35487992583053,1977,10
1977-10-30,73.43010813208471,1977,10
1977-10-31,73.32263177886398,1977,10
1977-11-01,73.1933876625935,1977,11
1977-11-02,73.2421162503902,1977,11
1977-11-03,73.36186523880937,1977,11
1977-11-04,73.64312029197393,1977,11
1977-11-05,73.31038885187466,1977,11
1977-11-06,73.16460487757371,1977,11
1977-11-07,73.1002668453431,1977,11
1977-11-08,73.14760791558541,1977,11
1977-11-09,73.08274022903926,1977,11
1977-11-10,73.05531539925032,1977,11
1977-11-11,72.97341250201754,1977,11
1977-11-12,72.72699698044987,1977,11
1977-11-13,72.52243444132856,1977,11
1977-11-14,72.48280353371581,1977,11
1977-11-15,72.5271064083241,1977,11
1977-11-16,72.46644022031337,1977,11
1977-11-17,72.24602729308161,1977,11
1977-11-18,72.21257643873061,1977,11
1977-11-19,72.09251656810144,1977,11
1977-11-20,71.97913323043397,1977,11
1977-11-21,71.92547773128403,1977,11
1977-11-22,71.80915633663741,1977,11
1977-11-23,71.6062762479017,1977,11
1977-11-24,71.72383318711451,1977,11
1977-11-25,71.83365316537439,1977,11
1977-11-26,71.93803713024732,1977,11
1977-11-27,71.97726313938121,1977,11
1977-11-28,71.73635602633378,1977,11
1977-11-29,71.64875564256904,1977,11
1977-11-30,71.66178605761012,1977,11
1977-12-01,71.6383809338235,1977,12
1977-12-02,71.62392723928917,1977,12
1977-12-03,71.67625533818486,1977,12
1977-12-04,71.6284316014718,1977,12
1977-12-05,71.5378420006829,1977,12
1977-12-06,71.41686813564891,1977,12
1977-12-07,71.38895372911,1977,12
1977-12-08,71.3569168654031,1977,12
1977-12-09,71.33633947063846,1977,12
1977-12-10,71.37404713105784,1977,12
1977-12-11,71.41465815002114,1977,12
1977-12-12,71.52370234047784,1977,12
1977-12-13,71.65236686706766,1977,12
1977-12-14,71.51291593484248,1977,12
1977-12-15,71.42696838660692,1977,12
1977-12-16,71.25457486956458,1977,12
1977-12-17,71.35676274548904,1977,12
1977-12-18,71.38820357354943,1977,12
1977-12-19,71.32496326867738,1977,12
1977-12-20,71.27643588511658,1977,12
1977-12-21,71.24056911674262,1977,12
1977-12-22,71.30975911385731,1977,12
1977-12-23,71.24611730106405,1977,12
1977-12-24,71.14405766626572,1977,12
1977-12-25,71.14079843460735,1977,12
1977-12-26,70.91073321866186,1977,12
1977-12-27,70.59429298700145,1977,12
1977-12-28,70.04628592623432,1977,12
1977-12-29,69.67713307674087,1977,12
1977-12-30,69.59922243897958,1977,12
1977-12-31,69.8441282132935,1977,12
1978-01-01,70.08071925216456,1978,1
1978-01-02,70.25765406093763,1978,1
1978-01-03,70.08808331760775,1978,1
1978-01-04,70.19547547738505,1978,1
1978-01-05,70.2813289361416,1978,1
1978-01-06,70.3794818500418,1978,1
1978-01-07,70.50490625362241,1978,1
1978-01-08,70.62154987025943,1978,1
1978-01-09,70.5590740688448,1978,1
1978-01-10,70.24831999450839,1978,1
1978-01-11,70.22334965272296,1978,1
1978-01-12,70.2748368934998,1978,1
1978-01-13,70.36094587519042,1978,1
1978-01-14,70.51451329062981,1978,1
1978-01-15,70.84405480186264,1978,1
1978-01-16,70.98417285531715,1978,1
1978-01-17,71.13239036283638,1978,1
1978-01-18,70.90835421182219,1978,1
1978-01-19,70.64691760221564,1978,1
1978-01-20,70.68373795650311,1978,1
1978-01-21,70.76861871232217,1978,1
1978-01-22,70.33461014286891,1978,1
1978-01-23,70.45895302594643,1978,1
1978-01-24,70.78406644317967,1978,1
1978-01-25,70.8742875323926,1978,1
1978-01-26,70.8917951887358,1978,1
1978-01-27,70.99636771955005,1978,1
1978-01-28,71.1566585224539,1978,1
1978-01-29,71.0359314437753,1978,1
1978-01-30,71.05822937055846,1978,1
1978-01-31,70.94958531097902,1978,1
1978-02-01,70.81967148357016,1978,2
1978-02-02,70.81855295539471,1978,2
1978-02-03,70.91100818019018,1978,2
1978-02-04,70.90702697057904,1978,2
1978-02-05,71.04837935331375,1978,2
1978-02-06,71.21503896006682,1978,2
1978-02-07,71.00634150972158,1978,2
1978-02-08,70.87540496204676,1978,2
1978-02-09,70.62697319371598,1978,2
1978-02-10,70.64262804722158,1978,2
1978-02-11,70.84191855921823,1978,2
1978-02-12,71.24153012073026,1978,2
1978-02-13,70.97373123097552,1978,2
1978-02-14,71.35315328319841,1978,2
1978-02-15,71.4888781138305,1978,2
1978-02-16,71.17578943160099,1978,2
1978-02-17,71.12317836492534,1978,2
1978-02-18,70.64058074217998,1978,2
1978-02-19,70.953570650033,1978,2
1978-02-20,71.09053171642877,1978,2
1978-02-21,71.32300142870709,1978,2
1978-02-22,71.45789769933518,1978,2
1978-02-23,71.80603096782161,1978,2
1978-02-24,71.97932908642127,1978,2
1978-02-25,72.29801118326235,1978,2
1978-02-26,72.63196754196495,1978,2
1978-02-27,72.63927827046831,1978,2
1978-02-28,72.71141143827508,1978,2
1978-03-01,72.62827176245239,1978,3
1978-03-02,72.42711484094487,1978,3
1978-03-03,72.4334557349824,1978,3
1978-03-04,72.45457042902379,1978,3
1978-03-05,72.34352750950958,1978,3
1978-03-06,72.36413699282022,1978,3
1978-03-07,72.35436140547503,1978,3
1978-03-08,72.43880956362439,1978,3
1978-03-09,72.84124691860448,1978,3
1978-03-10,73.07079418328381,1978,3
1978-03-11,72.34727118025546,1978,3
1978-03-12,71.54570023511555,1978,3
1978-03-13,71.74911257593007,1978,3
1978-03-14,72.13293568514356,1978,3
1978-03-15,72.42001397040731,1978,3
1978-03-16,73.11177096953709,1978,3
1978-03-17,73.05589217982394,1978,3
1978-03-18,72.82360233379674,1978,3
1978-03-19,72.50404809661165,1978,3
1978-03-20,72.66959440009664,1978,3
1978-03-21,72.889103397343,1978,3
1978-03-22,72.90904165349556,1978,3
1978-03-23,73.01505407061667,1978,3
1978-03-24,73.1314056819735,1978,3
1978-03-25,73.22064003512132,1978,3
1978-03-26,73.2737716032983,1978,3
1978-03-27,73.50685450062615,1978,3
1978-03-28,73.83677794238893,1978,3
1978-03-29,73.85308622247676,1978,3
1978-03-30,73.61762245130383,1978,3
1978-03-31,73.32708628149223,1978,3
1978-04-01,73.67277211699341,1978,4
1978-04-02,73.95130711522674,1978,4
1978-04-03,73.9274935300717,1978,4
1978-04-04,73.78770147105016,1978,4
1978-04-05,73.90729006154278,1978,4
1978-04-06,74.0205911753059,1978,4
1978-04-07,74.34165914291414,1978,4
1978-04-08,74.51720110444863,1978,4
1978-04-09,74.71830766217481,1978,4
1978-04-10,74.88965356929845,1978,4
1978-04-11,75.07432411077399,1978,4
1978-04-12,75.23755365784861,1978,4
1978-04-13,75.27248908572132,1978,4
1978-04-14,75.43978711681876,1978,4
1978-04-15,75.418654582625,1978,4
1978-04-16,75.58430563882521,1978,4
1978-04-17,75.64988683096178,1978,4
1978-04-18,75.42013467079865,1978,4
1978-04-19,74.54299458521895,1978,4
1978-04-20,74.64935971466267,1978,4
1978-04-21,74.72011482369668,1978,4
1978-04-22,74.648428358013,1978,4
1978-04-23,74.85450703506605,1978,4
1978-04-24,74.63928483973517,1978,4
1978-04-25,74.33491601646787,1978,4
1978-04-26,74.42684054941087,1978,4
1978-04-27,74.88398004289027,1978,4
1978-04-28,75.21315723314576,1978,4
1978-04-29,75.29138085389467,1978,4
1978-04-30,75.2531045478773,1978,4
1978-05-01,75.40202098231114,1978,5
1978-05-02,75.65182054591926,1978,5
1978-05-03,75.75055786870162,1978,5
1978-05-04,75.85008037991432,1978,5
1978-05-05,75.86599582952556,1978,5
1978-05-06,75.78349114146465,1978,5
1978-05-07,75.75937315014735,1978,5
1978-05-08,75.69961364941196,1978,5
1978-05-09,75.67714089025435,1978,5
1978-05-10,75.88059138773251,1978,5
1978-05-11,76.02349013643945,1978,5
1978-05-12,75.71776364374192,1978,5
1978-05-13,75.69406042394718,1978,5
1978-05-14,75.77203150828973,1978,5
1978-05-15,75.86128775497919,1978,5
1978-05-16,75.8384543670469,1978,5
1978-05-17,76.00730671148541,1978,5
1978-05-18,76.23514388798436,1978,5
1978-05-19,76.30572193698141,1978,5
1978-05-20,76.24105748730419,1978,5
1978-05-21,76.17400886148779,1978,5
1978-05-22,76.18575958690884,1978,5
1978-05-23,76.10411675582975,1978,5
1978-05-24,75.84693341857948,1978,5
1978-05-25,75.61225763057014,1978,5
1978-05-26,75.23146508412857,1978,5
1978-05-27,75.40410772986368,1978,5
1978-05-28,75.3244608398477,1978,5
1978-05-29,75.53725970424391,1978,5
1978-05-30,75.61312772372831,1978,5
1978-05-31,75.600584215388,1978,5
1978-06-01,75.74522391493068,1978,6
1978-06-02,75.80527110824609,1978,6
1978-06-03,75.71551352257437,1978,6
1978-06-04,75.87317156298808,1978,6
1978-06-05,75.80068052886212,1978,6
1978-06-06,75.86931534591264,1978,6
1978-06-07,75.65418532276207,1978,6
1978-06-08,75.73324718701846,1978,6
1978-06-09,75.55777924609788,1978,6
1978-06-10,75.0963228478775,1978,6
1978-06-11,74.57384860458329,1978,6
1978-06-12,74.4742909772783,1978,6
1978-06-13,74.61680351527717,1978,6
1978-06-14,74.990742751735,1978,6
1978-06-15,74.51223721264614,1978,6
1978-06-16,74.36806933636177,1978,6
1978-06-17,74.50370018890581,1978,6
1978-06-18,74.19105311116462,1978,6
1978-06-19,74.29999596772006,1978,6
1978-06-20,74.3093111655076,1978,6
1978-06-21,73.92519428274682,1978,6
1978-06-22,73.61528028552416,1978,6
1978-06-23,73.64948838892496,1978,6
1978-06-24,73.61342839594332,1978,6
1978-06-25,73.59523449151945,1978,6
1978-06-26,73.44905246655811,1978,6
1978-06-27,73.42457611016849,1978,6
1978-06-28,73.45581025132675,1978,6
1978-06-29,73.59811711185276,1978,6
1978-06-30,73.51021392302178,1978,6
1978-07-01,73.16593907083313,1978,7
1978-07-02,73.11923501361396,1978,7
1978-07-03,73.24202032385409,1978,7
1978-07-04,73.38018453453734,1978,7
1978-07-05,73.47553910011985,1978,7
1978-07-06,73.26062419169092,1978,7
1978-07-07,73.197797848078,1978,7
1978-07-08,73.27923119400135,1978,7
1978-07-09,73.29474816237038,1978,7
1978-07-10,73.06147236515883,1978,7
1978-07-11,73.27166222905745,1978,7
1978-07-12,73.33625501222735,1978,7
1978-07-13,73.22147277698818,1978,7
1978-07-14,73.23677507547612,1978,7
1978-07-15,73.43007497587541,1978,7
1978-07-16,73.47722186257644,1978,7
1978-07-17,73.27082182142853,1978,7
1978-07-18,72.87810614705863,1978,7
1978-07-19,73.01385662852992,1978,7
1978-07-20,73.1997588774592,1978,7
1978-07-21,73.2512373113883,1978,7
1978-07-22,73.14277101832207,1978,7
1978-07-23,73.39926042328946,1978,7
1978-07-24,73.23055340405328,1978,7
1978-07-25,73.17483625086773,1978,7
1978-07-26,73.06950398910179,1978,7
1978-07-27,73.27059498429257,1978,7
1978-07-28,73.2012003945915,1978,7
1978-07-29,73.1936316904644,1978,7
1978-07-30,73.11090713085045,1978,7
1978-07-31,73.15787006956413,1978,7
1978-08-01,73.11374737892481,1978,8
1978-08-02,73.17948549917274,1978,8
1978-08-03,73.04895380305042,1978,8
1978-08-04,72.96282921791322,1978,8
1978-08-05,72.99320557097815,1978,8
1978-08-06,72.85873477007891,1978,8
1978-08-07,73.19105010625879,1978,8
1978-08-08,73.28097861539536,1978,8
1978-08-09,73.21248666119675,1978,8
1978-08-10,72.85652805966583,1978,8
1978-08-11,72.82445021037724,1978,8
1978-08-12,72.65382579502845,1978,8
1978-08-13,72.81839981901079,1978,8
1978-08-14,73.02670194555,1978,8
1978-08-15,73.12196843794315,1978,8
1978-08-16,73.03021119228053,1978,8
1978-08-17,72.9841153955216,1978,8
1978-08-18,73.1513939113804,1978,8
1978-08-19,73.1165896111092,1978,8
1978-08-20,73.03412866049366,1978,8
1978-08-21,73.11476197192938,1978,8
1978-08-22,73.09507479707756,1978,8
1978-08-23,73.24983731969773,1978,8
1978-08-24,73.14024314443115,1978,8
1978-08-25,73.09373413752493,1978,8
1978-08-26,73.1610856316171,1978,8
1978-08-27,73.36919349326763,1978,8
1978-08-28,73.38226762627932,1978,8
1978-08-29,73.14625248523137,1978,8
1978-08-30,73.31135835763563,1978,8
1978-08-31,73.26670076294052,1978,8
1978-09-01,72.96949436854416,1978,9
1978-09-02,72.90062665003707,1978,9
1978-09-03,72.92597951844162,1978,9
1978-09-04,72.94246202445085,1978,9
1978-09-05,73.07577163709982,1978,9
1978-09-06,73.13319146001488,1978,9
1978-09-07,73.14838135033256,1978,9
1978-09-08,73.25916988016972,1978,9
1978-09-09,73.40054004988832,1978,9
1978-09-10,73.48959509093041,1978,9
1978-09-11,73.36840835579527,1978,9
1978-09-12,73.39969831434315,1978,9
1978-09-13,73.4529558815373,1978,9
1978-09-14,73.33217826189255,1978,9
1978-09-15,73.15447851199363,1978,9
1978-09-16,73.3778338386917,1978,9
1978-09-17,73.31573285910409,1978,9
1978-09-18,73.51055882744825,1978,9
1978-09-19,73.5217547028712,1978,9
1978-09-20,73.40523451675986,1978,9
1978-09-21,73.4838203585037,1978,9
1978-09-22,73.47952946284144,1978,9
1978-09-23,73.45124504833636,1978,9
1978-09-24,73.47083575510592,1978,9
1978-09-25,73.57267525242479,1978,9
1978-09-26,73.52224498468198,1978,9
1978-09-27,73.3798876327887,1978,9
1978-09-28,73.3275245933996,1978,9
1978-09-29,73.12573442528989,1978,9
1978-09-30,73.10215664051903,1978,9
1978-10-01,73.09616502703722,1978,10
1978-10-02,73.22044826711371,1978,10
1978-10-03,73.41293561818364,1978,10
1978-10-04,73.4526405888663,1978,10
1978-10-05,73.42390990094553,1978,10
1978-10-06,73.50458059162837,1978,10
1978-10-07,73.58981442777431,1978,10
1978-10-08,73.75242286341455,1978,10
1978-10-09,73.84430067880409,1978,10
1978-10-10,73.79031852770558,1978,10
1978-10-11,73.77752406935564,1978,10
1978-10-12,73.80607658271819,1978,10
1978-10-13,73.76622800249781,1978,10
1978-10-14,73.7403814411147,1978,10
1978-10-15,73.73347418469261,1978,10
1978-10-16,73.69494288255058,1978,10
1978-10-17,73.63101037652658,1978,10
1978-10-18,73.59850559256495,1978,10
1978-10-19,73.53034506937414,1978,10
1978-10-20,73.42205949034864,1978,10
1978-10-21,73.32450396892074,1978,10
1978-10-22,73.33662978668323,1978,10
1978-10-23,73.39753264059163,1978,10
1978-10-24,73.49129634078683,1978,10
1978-10-25,73.48026248579383,1978,10
1978-10-26,73.51657839709821,1978,10
1978-10-27,73.45486255326283,1978,10
1978-10-28,73.34861614784936,1978,10
1978-10-29,73.25551609592067,1978,10
1978-10-30,73.08127130579174,1978,10
1978-10-31,73.06238827562812,1978,10
1978-11-01,72.96667921092495,1978,11
1978-11-02,72.8370165562254,1978,11
1978-11-03,72.77734000902501,1978,11
1978-11-04,72.8284691766831,1978,11
1978-11-05,72.80784636599492,1978,11
1978-11-06,72.84085830957207,1978,11
1978-11-07,72.99200686491504,1978,11
1978-11-08,72.6433997327472,1978,11
1978-11-09,72.51790837152433,1978,11
1978-11-10,72.69076064947653,1978,11
1978-11-11,72.68926414705837,1978,11
1978-11-12,72.32370334610648,1978,11
1978-11-13,72.10622880397887,1978,11
1978-11-14,72.20907099237576,1978,11
1978-11-15,72.37853106166547,1978,11
1978-11-16,72.57165511942223,1978,11
1978-11-17,72.60780573085044,1978,11
1978-11-18,72.53897473161423,1978,11
1978-11-19,72.36601709819385,1978,11
1978-11-20,72.38050041301314,1978,11
1978-11-21,72.4135610985414,1978,11
1978-11-22,72.48428910515642,1978,11
1978-11-23,72.34467731552851,1978,11
1978-11-24,71.9839101401597,1978,11
1978-11-25,71.742089452368,1978,11
1978-11-26,71.59557180797512,1978,11
1978-11-27,71.3944715881241,1978,11
1978-11-28,71.22762985858452,1978,11
1978-11-29,71.04379810753596,1978,11
1978-11-30,70.87402033079367,1978,11
1978-12-01,70.89285505140577,1978,12
1978-12-02,70.67900279269858,1978,12
1978-12-03,70.56094299994099,1978,12
1978-12-04,70.67155928980549,1978,12
1978-12-05,70.90638989322198,1978,12
1978-12-06,71.07286110186412,1978,12
1978-12-07,71.14375694149764,1978,12
1978-12-08,71.29442298558975,1978,12
1978-12-09,71.40878938869578,1978,12
1978-12-10,71.53173132491987,1978,12
1978-12-11,71.4562077698909,1978,12
1978-12-12,71.5099000387963,1978,12
1978-12-13,71.41247065647366,1978,12
1978-12-14,71.46576408568184,1978,12
1978-12-15,71.41736577848661,1978,12
1978-12-16,71.41697144627341,1978,12
1978-12-17,71.4302835556236,1978,12
1978-12-18,71.4104724385397,1978,12
1978-12-19,71.45250384034411,1978,12
1978-12-20,71.33671851853657,1978,12
1978-12-21,71.22567130525047,1978,12
1978-12-22,71.08660660199136,1978,12
1978-12-23,71.08418571607513,1978,12
1978-12-24,71.14576770312503,1978,12
1978-12-25,71.0982917434885,1978,12
1978-12-26,71.00654298132258,1978,12
1978-12-27,70.83893854877584,1978,12
1978-12-28,70.82881547135705,1978,12
1978-12-29,70.70896393797035,1978,12
1978-12-30,70.85644268314861,1978,12
1978-12-31,71.00493112970527,1978,12
1979-01-01,71.1311051848175,1979,1
1979-01-02,71.23422370346374,1979,1
1979-01-03,71.14930045599598,1979,1
1979-01-04,71.18173077666478,1979,1
1979-01-05,71.14862483126805,1979,1
1979-01-06,71.07657640032703,1979,1
1979-01-07,71.07304332592271,1979,1
1979-01-08,70.97710204893531,1979,1
1979-01-09,71.25840800252634,1979,1
1979-01-10,71.39338955575874,1979,1
1979-01-11,71.41013707878255,1979,1
1979-01-12,71.53985223483144,1979,1
1979-01-13,71.47141461445001,1979,1
1979-01-14,71.33944318999497,1979,1
1979-01-15,71.08713689825733,1979,1
1979-01-16,70.86359587341893,1979,1
1979-01-17,70.50304852448784,1979,1
1979-01-18,70.65578090578381,1979,1
1979-01-19,70.68099950220231,1979,1
1979-01-20,70.53938745511715,1979,1
1979-01-21,70.52411648848224,1979,1
1979-01-22,70.70157211875761,1979,1
1979-01-23,70.6607798393543,1979,1
1979-01-24,70.94391019715286,1979,1
1979-01-25,71.32714619866151,1979,1
1979-01-26,71.57576164897725,1979,1
1979-01-27,71.53106829262654,1979,1
1979-01-28,71.39528151805585,1979,1
1979-01-29,71.16427251530519,1979,1
1979-01-30,70.6667955211613,1979,1
1979-01-31,70.5685819173234,1979,1
1979-02-01,70.71377446986546,1979,2
1979-02-02,70.3976988083184,1979,2
1979-02-03,70.39764236594779,1979,2
1979-02-04,70.57001913125426,1979,2
1979-02-05,70.82697169740197,1979,2
1979-02-06,71.14766176242864,1979,2
1979-02-07,71.11021302410695,1979,2
1979-02-08,70.64740461833928,1979,2
1979-02-09,70.74590301231522,1979,2
1979-02-10,71.13211284363656,1979,2
1979-02-11,71.36485718964354,1979,2
1979-02-12,71.66470647461045,1979,2
1979-02-13,71.72718336771658,1979,2
1979-02-14,71.84275104345903,1979,2
1979-02-15,71.87487056732857,1979,2
1979-02-16,71.34921980830424,1979,2
1979-02-17,71.22034932127515,1979,2
1979-02-18,71.94785310934495,1979,2
1979-02-19,72.27396142324883,1979,2
1979-02-20,71.59974900978584,1979,2
1979-02-21,71.32861423436654,1979,2
1979-02-22,71.32806559393153,1979,2
1979-02-23,71.4426604677612,1979,2
1979-02-24,71.74364255029178,1979,2
1979-02-25,71.74447302056619,1979,2
1979-02-26,71.62731100337264,1979,2
1979-02-27,71.92975955294024,1979,2
1979-02-28,71.84873415190148,1979,2
1979-03-01,72.07101713389041,1979,3
1979-03-02,72.01836636091512,1979,3
1979-03-03,72.22164301424299,1979,3
1979-03-04,72.2123503918745,1979,3
1979-03-05,72.41932529580255,1979,3
1979-03-06,72.63746074564997,1979,3
1979-03-07,72.53386359776617,1979,3
1979-03-08,72.17823318040266,1979,3
1979-03-09,71.79295640585708,1979,3
1979-03-10,71.31427952706773,1979,3
1979-03-11,71.6424961722886,1979,3
1979-03-12,72.24687676655445,1979,3
1979-03-13,72.72708720695076,1979,3
1979-03-14,72.85709455547925,1979,3
1979-03-15,73.17359113661261,1979,3
1979-03-16,73.23924571135373,1979,3
1979-03-17,73.3434936571258,1979,3
1979-03-18,73.0507017720835,1979,3
1979-03-19,73.14559994502129,1979,3
1979-03-20,73.43046268546956,1979,3
1979-03-21,73.608546989275,1979,3
1979-03-22,73.64838358558671,1979,3
1979-03-23,73.71065898856202,1979,3
1979-03-24,73.89732033031811,1979,3
1979-03-25,73.98147483415353,1979,3
1979-03-26,74.06897743616447,1979,3
1979-03-27,74.15908996376945,1979,3
1979-03-28,74.37032263584894,1979,3
1979-03-29,74.29355023068207,1979,3
1979-03-30,74.23439918341246,1979,3
1979-03-31,74.14487285142694,1979,3
1979-04-01,74.08363341301977,1979,4
1979-04-02,74.28795362448533,1979,4
1979-04-03,74.60322205027248,1979,4
1979-04-04,74.56936119829854,1979,4
1979-04-05,74.34778392117813,1979,4
1979-04-06,74.12883472591534,1979,4
1979-04-07,74.57539035848771,1979,4
1979-04-08,74.95681014436168,1979,4
1979-04-09,75.22276336517477,1979,4
1979-04-10,75.4229026039107,1979,4
1979-04-11,75.39963177239402,1979,4
1979-04-12,75.3737312556322,1979,4
1979-04-13,75.25964301771543,1979,4
1979-04-14,75.01474350765342,1979,4
1979-04-15,75.03301625836498,1979,4
1979-04-16,74.80890411206065,1979,4
1979-04-17,74.44144423798404,1979,4
1979-04-18,74.65595517253537,1979,4
1979-04-19,75.01265201759874,1979,4
1979-04-20,75.14571806483254,1979,4
1979-04-21,75.32391828799764,1979,4
1979-04-22,75.26307059807097,1979,4
1979-04-23,75.48076478006945,1979,4
1979-04-24,75.7476216367979,1979,4
1979-04-25,75.9765839920872,1979,4
1979-04-26,76.12882685077253,1979,4
1979-04-27,76.24856635904669,1979,4
1979-04-28,76.27499759730998,1979,4
1979-04-29,76.18754450362378,1979,4
1979-04-30,75.94113804391176,1979,4
1979-05-01,75.5675209891228,1979,5
1979-05-02,75.489837674834,1979,5
1979-05-03,75.39269238884665,1979,5
1979-05-04,75.34343903908038,1979,5
1979-05-05,75.37688452414201,1979,5
1979-05-06,75.63425916159854,1979,5
1979-05-07,75.83944164553833,1979,5
1979-05-08,75.9827489724528,1979,5
1979-05-09,75.89259463018715,1979,5
1979-05-10,75.82095763988424,1979,5
1979-05-11,75.75131014574843,1979,5
1979-05-12,75.60792470496563,1979,5
1979-05-13,75.15312535998557,1979,5
1979-05-14,74.98006990303094,1979,5
1979-05-15,74.56644863240916,1979,5
1979-05-16,74.29393947515257,1979,5
1979-05-17,74.80955090930705,1979,5
1979-05-18,75.22192826883307,1979,5
1979-05-19,75.7171003210217,1979,5
1979-05-20,75.94924416449658,1979,5
1979-05-21,75.5827708080449,1979,5
1979-05-22,75.2677253221771,1979,5
1979-05-23,75.05832689838857,1979,5
1979-05-24,75.08346715606307,1979,5
1979-05-25,75.41602450568945,1979,5
1979-05-26,75.30215578005017,1979,5
1979-05-27,75.01163241029344,1979,5
1979-05-28,75.0548388130235,1979,5
1979-05-29,75.05452463821125,1979,5
1979-05-30,75.07169488079327,1979,5
1979-05-31,75.49312759991585,1979,5
1979-06-01,75.68109956267527,1979,6
1979-06-02,75.48596421328233,1979,6
1979-06-03,75.87094347758101,1979,6
1979-06-04,76.07838025321243,1979,6
1979-06-05,76.41337946289136,1979,6
1979-06-06,76.6200539817591,1979,6
1979-06-07,76.6011452958238,1979,6
1979-06-08,76.34280317485597,1979,6
1979-06-09,76.25431961038683,1979,6
1979-06-10,76.09662680730558,1979,6
1979-06-11,75.80349297119598,1979,6
1979-06-12,75.88527530450267,1979,6
1979-06-13,75.1298049630549,1979,6
1979-06-14,74.98563067673732,1979,6
1979-06-15,75.07443438788039,1979,6
1979-06-16,75.24451450833061,1979,6
1979-06-17,75.50338244109135,1979,6
1979-06-18,75.69436541560603,1979,6
1979-06-19,75.66936083809313,1979,6
1979-06-20,75.54360399851178,1979,6
1979-06-21,75.35100878681607,1979,6
1979-06-22,74.8024590384583,1979,6
1979-06-23,74.48228046243617,1979,6
1979-06-24,74.49756186223917,1979,6
1979-06-25,74.1499651621773,1979,6
1979-06-26,74.01921831025845,1979,6
1979-06-27,74.16034981913903,1979,6
1979-06-28,74.44025151550913,1979,6
1979-06-29,74.53288190446263,1979,6
1979-06-30,74.18734585534445,1979,6
1979-07-01,73.72605900522463,1979,7
1979-07-02,73.83812862925477,1979,7
1979-07-03,73.98973191748698,1979,7
1979-07-04,74.3290705071813,1979,7
1979-07-05,74.46949946464507,1979,7
1979-07-06,74.62001134631709,1979,7
1979-07-07,74.81346788701704,1979,7
1979-07-08,74.87235983537306,1979,7
1979-07-09,74.57484047757995,1979,7
1979-07-10,74.19947533460173,1979,7
1979-07-11,73.96212945576852,1979,7
1979-07-12,73.74657134979853,1979,7
1979-07-13,73.5741596927652,1979,7
1979-07-14,73.17322666496499,1979,7
1979-07-15,73.18299056727554,1979,7
1979-07-16,73.3633864926731,1979,7
1979-07-17,73.52728112588737,1979,7
1979-07-18,73.52518675003448,1979,7
1979-07-19,73.52380633553179,1979,7
1979-07-20,73.5476724085629,1979,7
1979-07-21,73.43987903734835,1979,7
1979-07-22,73.55733858643504,1979,7
1979-07-23,73.67435214501558,1979,7
1979-07-24,73.69643312336157,1979,7
1979-07-25,73.51557225311272,1979,7
1979-07-26,73.61973871549145,1979,7
1979-07-27,73.9158897721151,1979,7
1979-07-28,74.00502410297787,1979,7
1979-07-29,73.62675627065771,1979,7
1979-07-30,73.44009774165261,1979,7
1979-07-31,73.62485490943216,1979,7
1979-08-01,73.8955849405461,1979,8
1979-08-02,73.81868452935717,1979,8
1979-08-03,73.37409645208572,1979,8
1979-08-04,73.260615852723,1979,8
1979-08-05,73.17696968030874,1979,8
1979-08-06,73.48386564313721,1979,8
1979-08-07,73.62237465690303,1979,8
1979-08-08,73.38825560249879,1979,8
1979-08-09,72.9599616006302,1979,8
1979-08-10,73.13750368846843,1979,8
1979-08-11,73.24161134356413,1979,8
1979-08-12,73.4484965703779,1979,8
1979-08-13,73.44844496520712,1979,8
1979-08-14,73.47267009994684,1979,8
1979-08-15,73.46533886240495,1979,8
1979-08-16,73.48454599864803,1979,8
1979-08-17,73.46413530092886,1979,8
1979-08-18,73.47750981015942,1979,8
1979-08-19,73.63299395795774,1979,8
1979-08-20,73.57301957714424,1979,8
1979-08-21,73.3959088221344,1979,8
1979-08-22,73.46942633771081,1979,8
1979-08-23,73.53277207031621,1979,8
1979-08-24,73.591638255757,1979,8
1979-08-25,73.81333132994139,1979,8
1979-08-26,73.89433267887115,1979,8
1979-08-27,73.79519686492836,1979,8
1979-08-28,73.83449896868346,1979,8
1979-08-29,73.94367199812966,1979,8
1979-08-30,73.86010724443908,1979,8
1979-08-31,74.05800246490396,1979,8
1979-09-01,74.3419664133976,1979,9
1979-09-02,74.2948690608996,1979,9
1979-09-03,73.83273701299443,1979,9
1979-09-04,73.82719349628302,1979,9
1979-09-05,73.66317885267482,1979,9
1979-09-06,73.51107699216458,1979,9
1979-09-07,73.76482793542938,1979,9
1979-09-08,73.88851863408578,1979,9
1979-09-09,73.87296015973175,1979,9
1979-09-10,73.81869333211024,1979,9
1979-09-11,73.8541134435727,1979,9
1979-09-12,73.77355996490053,1979,9
1979-09-13,73.53689127432848,1979,9
1979-09-14,73.58200230735936,1979,9
1979-09-15,73.64761404511322,1979,9
1979-09-16,73.84725007193236,1979,9
1979-09-17,73.77911121761377,1979,9
1979-09-18,73.68189572620716,1979,9
1979-09-19,73.6924020873305,1979,9
1979-09-20,73.48820620614228,1979,9
1979-09-21,73.62949776060705,1979,9
1979-09-22,73.88555930878609,1979,9
1979-09-23,73.91409352405974,1979,9
1979-09-24,73.90677316563654,1979,9
1979-09-25,73.88490259773172,1979,9
1979-09-26,73.78873267243901,1979,9
1979-09-27,73.66223868177869,1979,9
1979-09-28,73.69256208977829,1979,9
1979-09-29,73.70803175949811,1979,9
1979-09-30,73.71474372216947,1979,9
1979-10-01,73.74155278778566,1979,10
1979-10-02,73.7406768600405,1979,10
1979-10-03,73.73162962986125,1979,10
1979-10-04,73.8211660540441,1979,10
1979-10-05,73.80972105133078,1979,10
1979-10-06,73.80976775741482,1979,10
1979-10-07,73.78702419329687,1979,10
1979-10-08,73.91319434945193,1979,10
1979-10-09,73.91271887235393,1979,10
1979-10-10,73.91993093050624,1979,10
1979-10-11,73.77692804174244,1979,10
1979-10-12,73.72755852135539,1979,10
1979-10-13,73.7946942437625,1979,10
1979-10-14,73.5185004088541,1979,10
1979-10-15,73.63762694350235,1979,10
1979-10-16,73.77547301180299,1979,10
1979-10-17,73.86930111845733,1979,10
1979-10-18,73.85432554681623,1979,10
1979-10-19,73.88113081052546,1979,10
1979-10-20,73.89923441066053,1979,10
1979-10-21,73.82481393982343,1979,10
1979-10-22,73.6600541190598,1979,10
1979-10-23,73.24238989157695,1979,10
1979-10-24,73.09338803993758,1979,10
1979-10-25,73.2975776571889,1979,10
1979-10-26,73.47852258597426,1979,10
1979-10-27,73.49200934940603,1979,10
1979-10-28,73.31920460730531,1979,10
1979-10-29,73.29198587164348,1979,10
1979-10-30,73.45719496269118,1979,10
1979-10-31,73.56704164963845,1979,10
1979-11-01,73.5624990103344,1979,11
1979-11-02,73.47024395366526,1979,11
1979-11-03,73.38634806650921,1979,11
1979-11-04,73.40727194403154,1979,11
1979-11-05,73.25564236652345,1979,11
1979-11-06,73.23888051841911,1979,11
1979-11-07,73.25280199206566,1979,11
1979-11-08,73.16648317522427,1979,11
1979-11-09,73.03716582778624,1979,11
1979-11-10,72.77690256349683,1979,11
1979-11-11,72.85954936625886,1979,11
1979-11-12,72.77700411390009,1979,11
1979-11-13,72.64270936949139,1979,11
1979-11-14,72.65981235721422,1979,11
1979-11-15,72.71528680096363,1979,11
1979-11-16,72.3074588561269,1979,11
1979-11-17,72.15696274455317,1979,11
1979-11-18,72.03778293330137,1979,11
1979-11-19,72.13797649237611,1979,11
1979-11-20,72.35919971772203,1979,11
1979-11-21,72.34666976587079,1979,11
1979-11-22,71.91646475467658,1979,11
1979-11-23,71.95340783260156,1979,11
1979-11-24,72.0616982698309,1979,11
1979-11-25,72.44367648931514,1979,11
1979-11-26,71.8728254695131,1979,11
1979-11-27,71.92962742818052,1979,11
1979-11-28,71.75295310636504,1979,11
1979-11-29,71.50676159869246,1979,11
1979-11-30,71.21371599200923,1979,11
1979-12-01,71.20144706300572,1979,12
1979-12-02,71.30095849754294,1979,12
1979-12-03,71.495640718956,1979,12
1979-12-04,71.58799911505702,1979,12
1979-12-05,71.61793238118213,1979,12
1979-12-06,71.54069790085387,1979,12
1979-12-07,71.48022372499531,1979,12
1979-12-08,71.36588307648313,1979,12
1979-12-09,71.36125001928798,1979,12
1979-12-10,71.41405742515248,1979,12
1979-12-11,71.42164255236469,1979,12
1979-12-12,71.42045817638589,1979,12
1979-12-13,71.44637274791816,1979,12
1979-12-14,71.42509965648156,1979,12
1979-12-15,71.27248868606739,1979,12
1979-12-16,71.06548592623174,1979,12
1979-12-17,70.94855179384692,1979,12
1979-12-18,70.87680103208982,1979,12
1979-12-19,70.964651412028,1979,12
1979-12-20,70.91987880485917,1979,12
1979-12-21,70.86562525521188,1979,12
1979-12-22,70.87011271676464,1979,12
1979-12-23,70.800006675483,1979,12
1979-12-24,70.92727909476986,1979,12
1979-12-25,70.93727114574496,1979,12
1979-12-26,71.0716081112172,1979,12
1979-12-27,71.16666407524423,1979,12
1979-12-28,71.24704138189962,1979,12
1979-12-29,71.33885020023179,1979,12
1979-12-30,70.85952197102284,1979,12
1979-12-31,70.77227240894155,1979,12
1980-01-01,70.60362920375599,1980,1
1980-01-02,70.30900839699437,1980,1
1980-01-03,70.12690128108335,1980,1
1980-01-04,70.08001324176882,1980,1
1980-01-05,70.11873434302635,1980,1
1980-01-06,70.31720091183308,1980,1
1980-01-07,70.23555912348938,1980,1
1980-01-08,70.55417031245447,1980,1
1980-01-09,70.7325101905022,1980,1
1980-01-10,70.86064721935945,1980,1
1980-01-11,70.86674499358945,1980,1
1980-01-12,70.7692471236669,1980,1
1980-01-13,70.66993191088369,1980,1
1980-01-14,70.86263972011963,1980,1
1980-01-15,70.96958024490168,1980,1
1980-01-16,71.014452567407,1980,1
1980-01-17,71.1001294847008,1980,1
1980-01-18,71.21558404735859,1980,1
1980-01-19,71.36453365169929,1980,1
1980-01-20,71.63088061271148,1980,1
1980-01-21,71.31890999922962,1980,1
1980-01-22,71.30117824812517,1980,1
1980-01-23,71.26920782537651,1980,1
1980-01-24,71.15662491647792,1980,1
1980-01-25,71.23042372854432,1980,1
1980-01-26,71.47995684646267,1980,1
1980-01-27,71.5400739539379,1980,1
1980-01-28,71.39407996128602,1980,1
1980-01-29,71.18641871793689,1980,1
1980-01-30,70.91467332055883,1980,1
1980-01-31,71.04129895369805,1980,1
1980-02-01,71.3227669654985,1980,2
1980-02-02,71.52280660946026,1980,2
1980-02-03,70.99072555847232,1980,2
1980-02-04,71.18131077482427,1980,2
1980-02-05,70.87518114624854,1980,2
1980-02-06,70.74930040168258,1980,2
1980-02-07,70.69411825978241,1980,2
1980-02-08,70.92592807634598,1980,2
1980-02-09,71.29375774241906,1980,2
1980-02-10,71.67000281110649,1980,2
1980-02-11,71.54530844175622,1980,2
1980-02-12,71.66154295689891,1980,2
1980-02-13,71.94516713555741,1980,2
1980-02-14,72.2610074508709,1980,2
1980-02-15,72.17492779363027,1980,2
1980-02-16,71.75813144011835,1980,2
1980-02-17,72.04663742583247,1980,2
1980-02-18,72.00795173151273,1980,2
1980-02-19,72.20021089453904,1980,2
1980-02-20,72.27689129740163,1980,2
1980-02-21,72.53807797400958,1980,2
1980-02-22,72.9057186093164,1980,2
1980-02-23,73.06183306630983,1980,2
1980-02-24,73.10242142105271,1980,2
1980-02-25,72.90400622246102,1980,2
1980-02-26,73.0097165373263,1980,2
1980-02-27,73.10693293471016,1980,2
1980-02-28,73.26899141318796,1980,2
1980-02-29,73.02839446452722,1980,2
1980-03-01,72.59849748599724,1980,3
1980-03-02,72.34581526992193,1980,3
1980-03-03,72.24378814794326,1980,3
1980-03-04,72.47090624255209,1980,3
1980-03-05,72.63953627540756,1980,3
1980-03-06,72.71070567679443,1980,3
1980-03-07,72.38295586510607,1980,3
1980-03-08,72.30122574941205,1980,3
1980-03-09,71.89006347277102,1980,3
1980-03-10,72.11950863694888,1980,3
1980-03-11,72.34035581086866,1980,3
1980-03-12,72.6568684331505,1980,3
1980-03-13,72.68449283814502,1980,3
1980-03-14,72.84345271315226,1980,3
1980-03-15,73.23103949090637,1980,3
1980-03-16,73.52577541571718,1980,3
1980-03-17,73.68461452007186,1980,3
1980-03-18,73.6118793313051,1980,3
1980-03-19,73.43398322152153,1980,3
1980-03-20,73.71107830062886,1980,3
1980-03-21,73.93771516526338,1980,3
1980-03-22,74.12110906167642,1980,3
1980-03-23,74.28235942117338,1980,3
1980-03-24,74.08606299858438,1980,3
1980-03-25,74.19346101848502,1980,3
1980-03-26,74.23067051757809,1980,3
1980-03-27,74.06584105722679,1980,3
1980-03-28,74.04618419734791,1980,3
1980-03-29,74.10784018085879,1980,3
1980-03-30,73.70652791045939,1980,3
1980-03-31,73.63877104830847,1980,3
1980-04-01,73.95040608556468,1980,4
1980-04-02,74.3549070015184,1980,4
1980-04-03,74.37750569826267,1980,4
1980-04-04,74.133688387851,1980,4
1980-04-05,74.28801057464597,1980,4
1980-04-06,74.72847517634887,1980,4
1980-04-07,74.84413502806039,1980,4
1980-04-08,75.0570638861199,1980,4
1980-04-09,75.26119139392046,1980,4
1980-04-10,75.29397152405116,1980,4
1980-04-11,75.38148136361335,1980,4
1980-04-12,75.21554511444343,1980,4
1980-04-13,75.1519487998204,1980,4
1980-04-14,75.2986132896485,1980,4
1980-04-15,75.39347201772668,1980,4
1980-04-16,75.47351588340138,1980,4
1980-04-17,75.41198249178471,1980,4
1980-04-18,75.47996948722708,1980,4
1980-04-19,75.48166059622484,1980,4
1980-04-20,75.80989920542855,1980,4
1980-04-21,75.86917638085936,1980,4
1980-04-22,75.87769329023594,1980,4
1980-04-23,76.1919522341784,1980,4
1980-04-24,75.55365664445185,1980,4
1980-04-25,75.77363243767458,1980,4
1980-04-26,75.91361581840924,1980,4
1980-04-27,75.8251895071521,1980,4
1980-04-28,75.67502424855232,1980,4
1980-04-29,75.78981729358969,1980,4
1980-04-30,75.8633023404997,1980,4
1980-05-01,75.91883914990608,1980,5
1980-05-02,75.87001228093247,1980,5
1980-05-03,76.02008290670453,1980,5
1980-05-04,76.00713476045401,1980,5
1980-05-05,75.87954535628347,1980,5
1980-05-06,75.98422504244522,1980,5
1980-05-07,75.9721974460797,1980,5
1980-05-08,75.847273272016,1980,5
1980-05-09,75.50814704935826,1980,5
1980-05-10,75.37119707925507,1980,5
1980-05-11,75.48416189978325,1980,5
1980-05-12,75.7095105116918,1980,5
1980-05-13,75.68228705531756,1980,5
1980-05-14,75.66120225794259,1980,5
1980-05-15,75.76153954186859,1980,5
1980-05-16,75.68971705642396,1980,5
1980-05-17,75.75227470142536,1980,5
1980-05-18,75.88178312846729,1980,5
1980-05-19,75.91921637195485,1980,5
1980-05-20,75.68928711246748,1980,5
1980-05-21,75.6461832601635,1980,5
1980-05-22,75.78573015109265,1980,5
1980-05-23,75.86997557667242,1980,5
1980-05-24,76.10110828906487,1980,5
1980-05-25,76.26148341873858,1980,5
1980-05-26,76.18962603022149,1980,5
1980-05-27,76.19461626124891,1980,5
1980-05-28,75.9058604908558,1980,5
1980-05-29,75.56027198831734,1980,5
1980-05-30,75.2855573057707,1980,5
1980-05-31,75.34378305050942,1980,5
1980-06-01,75.47746329416921,1980,6
1980-06-02,75.24151239756118,1980,6
1980-06-03,74.9909537917432,1980,6
1980-06-04,74.68062588294484,1980,6
1980-06-05,74.91842962129219,1980,6
1980-06-06,74.98996514135372,1980,6
1980-06-07,74.6904191839975,1980,6
1980-06-08,74.42700778837198,1980,6
1980-06-09,74.46639083101674,1980,6
1980-06-10,74.88513290553263,1980,6
1980-06-11,74.93901804149289,1980,6
1980-06-12,75.0771715919525,1980,6
1980-06-13,74.69502508488779,1980,6
1980-06-14,74.90530439081526,1980,6
1980-06-15,74.42852749191695,1980,6
1980-06-16,74.47377579787583,1980,6
1980-06-17,74.58277838988121,1980,6
1980-06-18,74.77592181354893,1980,6
1980-06-19,74.68186308594127,1980,6
1980-06-20,74.68834357002129,1980,6
1980-06-21,74.32813129585669,1980,6
1980-06-22,73.88117837232997,1980,6
1980-06-23,73.9386012918463,1980,6
1980-06-24,73.93731877872833,1980,6
1980-06-25,73.78892772747018,1980,6
1980-06-26,73.84231854163812,1980,6
1980-06-27,73.47075534058519,1980,6
1980-06-28,73.39540636888512,1980,6
1980-06-29,73.6020890153098,1980,6
1980-06-30,73.94375005564726,1980,6
1980-07-01,73.81113227711201,1980,7
1980-07-02,73.72936240896078,1980,7
1980-07-03,73.36249307916346,1980,7
1980-07-04,73.54357331363855,1980,7
1980-07-05,73.60818638220341,1980,7
1980-07-06,73.68380559173274,1980,7
1980-07-07,73.51124357683143,1980,7
1980-07-08,73.34286933593658,1980,7
1980-07-09,73.35004300110492,1980,7
1980-07-10,73.42713453182685,1980,7
1980-07-11,73.530294950534,1980,7
1980-07-12,73.37990530563627,1980,7
1980-07-13,73.369107081825,1980,7
1980-07-14,73.18116146613848,1980,7
1980-07-15,73.18234710321227,1980,7
1980-07-16,73.34304416519518,1980,7
1980-07-17,73.25473186360209,1980,7
1980-07-18,73.48884892760147,1980,7
1980-07-19,73.61193497106807,1980,7
1980-07-20,73.53155301901495,1980,7
1980-07-21,73.59140008921717,1980,7
1980-07-22,73.49721239364517,1980,7
1980-07-23,73.32732217743153,1980,7
1980-07-24,73.51073701910657,1980,7
1980-07-25,73.53610016120825,1980,7
1980-07-26,73.28116141544935,1980,7
1980-07-27,73.08381294666263,1980,7
1980-07-28,72.87674719659829,1980,7
1980-07-29,73.20249349727231,1980,7
1980-07-30,73.16088870857051,1980,7
1980-07-31,72.91554819015361,1980,7
1980-08-01,73.05711084405368,1980,8
1980-08-02,73.09676071521689,1980,8
1980-08-03,72.83887421023896,1980,8
1980-08-04,72.90067316203154,1980,8
1980-08-05,73.18210063142678,1980,8
1980-08-06,73.16068576260632,1980,8
1980-08-07,72.83818716238979,1980,8
1980-08-08,72.77802767611408,1980,8
1980-08-09,72.99105744989836,1980,8
1980-08-10,73.11364965996015,1980,8
1980-08-11,73.1518063395078,1980,8
1980-08-12,73.19434421772894,1980,8
1980-08-13,73.29320457918114,1980,8
1980-08-14,73.4612396355004,1980,8
1980-08-15,73.61035402007309,1980,8
1980-08-16,73.55985594163806,1980,8
1980-08-17,73.44438524947032,1980,8
1980-08-18,73.36717271718386,1980,8
1980-08-19,73.46151556511927,1980,8
1980-08-20,73.6770560756181,1980,8
1980-08-21,73.56635982705615,1980,8
1980-08-22,73.68786025032172,1980,8
1980-08-23,73.51108723686976,1980,8
1980-08-24,73.3401816293802,1980,8
1980-08-25,73.34179671213731,1980,8
1980-08-26,73.45716791027412,1980,8
1980-08-27,73.20323998160228,1980,8
1980-08-28,73.20813756172791,1980,8
1980-08-29,73.26596835240994,1980,8
1980-08-30,73.5111120245194,1980,8
1980-08-31,73.48087499098695,1980,8
1980-09-01,73.40901928092573,1980,9
1980-09-02,73.59929753566217,1980,9
1980-09-03,73.34890068029283,1980,9
1980-09-04,73.32685130373277,1980,9
1980-09-05,73.1917368931222,1980,9
1980-09-06,73.2781489477121,1980,9
1980-09-07,73.20515156847868,1980,9
1980-09-08,73.43833725046746,1980,9
1980-09-09,73.57824255495005,1980,9
1980-09-10,73.49292866583339,1980,9
1980-09-11,73.51714168418808,1980,9
1980-09-12,73.58496309364234,1980,9
1980-09-13,73.49325648195776,1980,9
1980-09-14,73.58487459088376,1980,9
1980-09-15,73.74699352423293,1980,9
1980-09-16,73.91583246904914,1980,9
1980-09-17,73.6898239023526,1980,9
1980-09-18,73.6698078502251,1980,9
1980-09-19,73.6076972518267,1980,9
1980-09-20,73.4841974418254,1980,9
1980-09-21,73.59878062638113,1980,9
1980-09-22,73.68529213783982,1980,9
1980-09-23,73.8085295974902,1980,9
1980-09-24,73.79701635498829,1980,9
1980-09-25,73.85659142171532,1980,9
1980-09-26,73.91266931271251,1980,9
1980-09-27,74.02922811849683,1980,9
1980-09-28,74.09882624968262,1980,9
1980-09-29,74.1588343540095,1980,9
1980-09-30,74.08902838404758,1980,9
1980-10-01,74.05670065149873,1980,10
1980-10-02,73.94702597224301,1980,10
1980-10-03,73.99623953133577,1980,10
1980-10-04,74.05498900145629,1980,10
1980-10-05,73.9826323285771,1980,10
1980-10-06,74.07755968763266,1980,10
1980-10-07,74.0482127644178,1980,10
1980-10-08,73.96078568996607,1980,10
1980-10-09,74.20787161687468,1980,10
1980-10-10,73.78215016570228,1980,10
1980-10-11,73.88954276966979,1980,10
1980-10-12,73.7561894340018,1980,10
1980-10-13,73.8342972560446,1980,10
1980-10-14,73.96492087560527,1980,10
1980-10-15,74.08021852778597,1980,10
1980-10-16,74.04653301697128,1980,10
1980-10-17,73.88143676307999,1980,10
1980-10-18,73.5047413502573,1980,10
1980-10-19,73.20075294953146,1980,10
1980-10-20,73.06529792412572,1980,10
1980-10-21,72.98388022666494,1980,10
1980-10-22,73.29681525571152,1980,10
1980-10-23,73.6058550583604,1980,10
1980-10-24,73.58938969448761,1980,10
1980-10-25,73.49378672597105,1980,10
1980-10-26,73.39724234370051,1980,10
1980-10-27,73.33332844664896,1980,10
1980-10-28,73.12637870032434,1980,10
1980-10-29,73.07371794274583,1980,10
1980-10-30,73.22729258765521,1980,10
1980-10-31,73.50926313360276,1980,10
1980-11-01,73.06334111386917,1980,11
1980-11-02,72.7546088109187,1980,11
1980-11-03,72.77856606939618,1980,11
1980-11-04,72.8195491951011,1980,11
1980-11-05,72.80673877676399,1980,11
1980-11-06,72.8361400429955,1980,11
1980-11-07,72.7991909814137,1980,11
1980-11-08,72.69559158625246,1980,11
1980-11-09,72.6666304759586,1980,11
1980-11-10,72.5500846284315,1980,11
1980-11-11,72.51944854012062,1980,11
1980-11-12,72.46747699467255,1980,11
1980-11-13,72.43410226314235,1980,11
1980-11-14,72.39160329564736,1980,11
1980-11-15,72.4690524884338,1980,11
1980-11-16,72.49155620445201,1980,11
1980-11-17,72.30545624241215,1980,11
1980-11-18,72.31782657442469,1980,11
1980-11-19,72.45513411716934,1980,11
1980-11-20,72.43733228683294,1980,11
1980-11-21,72.52375110304419,1980,11
1980-11-22,72.5266211990652,1980,11
1980-11-23,72.51109316792562,1980,11
1980-11-24,72.37612978330264,1980,11
1980-11-25,72.41181450052972,1980,11
1980-11-26,72.3624431470138,1980,11
1980-11-27,72.29378479073175,1980,11
1980-11-28,73.17472943306895,1980,11
1980-11-29,71.68102828594259,1980,11
1980-11-30,71.77599186570646,1980,11
1980-12-01,71.75811998761999,1980,12
1980-12-02,71.70272861255428,1980,12
1980-12-03,71.62532263725981,1980,12
1980-12-04,71.55228537144457,1980,12
1980-12-05,71.25239251291295,1980,12
1980-12-06,71.27588951155779,1980,12
1980-12-07,71.36262889806784,1980,12
1980-12-08,71.36424087899408,1980,12
1980-12-09,71.35115478320566,1980,12
1980-12-10,71.38350311624025,1980,12
1980-12-11,71.41425549215958,1980,12
1980-12-12,71.38241337031687,1980,12
1980-12-13,71.39449498616263,1980,12
1980-12-14,71.42414308744425,1980,12
1980-12-15,71.50201602353597,1980,12
1980-12-16,71.5205955268325,1980,12
1980-12-17,71.37900614295557,1980,12
1980-12-18,71.25195119307013,1980,12
1980-12-19,71.28217767549013,1980,12
1980-12-20,71.46314500024047,1980,12
1980-12-21,71.62977281933628,1980,12
1980-12-22,71.4975544031739,1980,12
1980-12-23,70.57241582350382,1980,12
1980-12-24,70.16431469075339,1980,12
1980-12-25,70.27954851149181,1980,12
1980-12-26,70.11401654310143,1980,12
1980-12-27,70.48526212452614,1980,12
1980-12-28,70.57663503970088,1980,12
1980-12-29,70.4719780764473,1980,12
1980-12-30,70.61900875088868,1980,12
1980-12-31,70.83582642598967,1980,12
1981-01-01,71.08208634481986,1981,1
1981-01-02,71.17607776884977,1981,1
1981-01-03,71.18667737768594,1981,1
1981-01-04,71.07558080088786,1981,1
1981-01-05,71.06995798129833,1981,1
1981-01-06,70.88399949312979,1981,1
1981-01-07,70.7026525929108,1981,1
1981-01-08,70.23240435800648,1981,1
1981-01-09,70.17153322927896,1981,1
1981-01-10,70.21339473360233,1981,1
1981-01-11,70.21368162455023,1981,1
1981-01-12,69.92869576045322,1981,1
1981-01-13,69.73442087687468,1981,1
1981-01-14,70.12002668786653,1981,1
1981-01-15,70.22073931973286,1981,1
1981-01-16,70.61005484645588,1981,1
1981-01-17,70.6731993200068,1981,1
1981-01-18,70.70263107722725,1981,1
1981-01-19,70.50076480628519,1981,1
1981-01-20,70.79457377361113,1981,1
1981-01-21,71.08276777701259,1981,1
1981-01-22,71.28848302617648,1981,1
1981-01-23,71.16191441106946,1981,1
1981-01-24,71.13441859705145,1981,1
1981-01-25,70.72712286851551,1981,1
1981-01-26,70.60461724360901,1981,1
1981-01-27,70.88621703491582,1981,1
1981-01-28,71.06395884453354,1981,1
1981-01-29,71.25613534772656,1981,1
1981-01-30,71.51329934706949,1981,1
1981-01-31,71.61207753896434,1981,1
1981-02-01,71.32024043489592,1981,2
1981-02-02,71.27478833848173,1981,2
1981-02-03,71.32675899962946,1981,2
1981-02-04,71.3756414105923,1981,2
1981-02-05,71.55889426113886,1981,2
1981-02-06,71.59799840970602,1981,2
1981-02-07,71.60490028392447,1981,2
1981-02-08,71.37630887146634,1981,2
1981-02-09,71.57098509732788,1981,2
1981-02-10,71.34280320294049,1981,2
1981-02-11,71.14789120927885,1981,2
1981-02-12,71.20295436969465,1981,2
1981-02-13,71.81212686173203,1981,2
1981-02-14,71.97953243923179,1981,2
1981-02-15,72.03840131684794,1981,2
1981-02-16,72.3641008965535,1981,2
1981-02-17,72.28750196047632,1981,2
1981-02-18,72.30537349688177,1981,2
1981-02-19,72.35233070636727,1981,2
1981-02-20,72.52673428567839,1981,2
1981-02-21,72.73556976005906,1981,2
1981-02-22,72.74888543738466,1981,2
1981-02-23,72.87960662952872,1981,2
1981-02-24,72.92841968117754,1981,2
1981-02-25,73.03304296763471,1981,2
1981-02-26,73.13278336299764,1981,2
1981-02-27,73.0507659899996,1981,2
1981-02-28,73.2800426217409,1981,2
1981-03-01,72.99585576265783,1981,3
1981-03-02,73.05053001565817,1981,3
1981-03-03,72.7458442306041,1981,3
1981-03-04,72.90347063691537,1981,3
1981-03-05,73.13612856285384,1981,3
1981-03-06,73.37218812876348,1981,3
1981-03-07,73.38685718194908,1981,3
1981-03-08,73.1782526422788,1981,3
1981-03-09,73.19678168157803,1981,3
1981-03-10,73.22020341354397,1981,3
1981-03-11,73.02813416345317,1981,3
1981-03-12,72.69055183068583,1981,3
1981-03-13,72.56857505299108,1981,3
1981-03-14,72.66929317701613,1981,3
1981-03-15,72.25026321044864,1981,3
1981-03-16,71.91749402589619,1981,3
1981-03-17,72.21058201445196,1981,3
1981-03-18,72.79468336511856,1981,3
1981-03-19,73.16174483997257,1981,3
1981-03-20,73.06055972444246,1981,3
1981-03-21,73.08648445694644,1981,3
1981-03-22,72.97298942021274,1981,3
1981-03-23,73.16528618660428,1981,3
1981-03-24,73.08298170538141,1981,3
1981-03-25,73.22361061289082,1981,3
1981-03-26,73.34149076591629,1981,3
1981-03-27,73.63875843346104,1981,3
1981-03-28,73.67386728277754,1981,3
1981-03-29,73.91298909366094,1981,3
1981-03-30,74.50012796611516,1981,3
1981-03-31,74.03195030489026,1981,3
1981-04-01,73.43298216886843,1981,4
1981-04-02,73.54655426206509,1981,4
1981-04-03,73.74828085044481,1981,4
1981-04-04,73.90389956418517,1981,4
1981-04-05,74.10448855553504,1981,4
1981-04-06,73.91645849347121,1981,4
1981-04-07,74.10073858210394,1981,4
1981-04-08,74.30928309846854,1981,4
1981-04-09,74.65201955297518,1981,4
1981-04-10,74.84258068513813,1981,4
1981-04-11,74.91864142652763,1981,4
1981-04-12,75.24076590767493,1981,4
1981-04-13,75.13624698892755,1981,4
1981-04-14,75.2883523124397,1981,4
1981-04-15,75.5408800606606,1981,4
1981-04-16,75.2569320346051,1981,4
1981-04-17,75.1505805061749,1981,4
1981-04-18,74.8823491098736,1981,4
1981-04-19,74.93989416009065,1981,4
1981-04-20,74.90158239262693,1981,4
1981-04-21,74.87766711566064,1981,4
1981-04-22,74.92576593164588,1981,4
1981-04-23,74.8295824890403,1981,4
1981-04-24,74.91565211347108,1981,4
1981-04-25,74.92475260273383,1981,4
1981-04-26,75.18982413727088,1981,4
1981-04-27,75.38108449306361,1981,4
1981-04-28,75.14477424751303,1981,4
1981-04-29,74.77551875963836,1981,4
1981-04-30,74.78168156652357,1981,4
1981-05-01,74.85915011411142,1981,5
1981-05-02,75.21979605590579,1981,5
1981-05-03,75.36761794111935,1981,5
1981-05-04,75.37860059362906,1981,5
1981-05-05,75.09143652807691,1981,5
1981-05-06,75.15343440957665,1981,5
1981-05-07,74.98214823032298,1981,5
1981-05-08,74.4923133059011,1981,5
1981-05-09,74.6880046459592,1981,5
1981-05-10,74.40397445075891,1981,5
1981-05-11,74.4381955086391,1981,5
1981-05-12,74.66318516489991,1981,5
1981-05-13,75.13055652918787,1981,5
1981-05-14,75.60459593931236,1981,5
1981-05-15,75.77599696526148,1981,5
1981-05-16,75.67195767759826,1981,5
1981-05-17,75.68342577862288,1981,5
1981-05-18,75.80909625630072,1981,5
1981-05-19,75.73815465292702,1981,5
1981-05-20,75.86219884355458,1981,5
1981-05-21,75.7707681212027,1981,5
1981-05-22,75.81545825388824,1981,5
1981-05-23,75.6923158951301,1981,5
1981-05-24,75.47392417051037,1981,5
1981-05-25,75.63769507968628,1981,5
1981-05-26,75.68065440094288,1981,5
1981-05-27,75.9504897990107,1981,5
1981-05-28,75.60763861268639,1981,5
1981-05-29,75.4314130345621,1981,5
1981-05-30,75.30115053599286,1981,5
1981-05-31,75.588880521395,1981,5
1981-06-01,75.43725564363808,1981,6
1981-06-02,75.15619992897261,1981,6
1981-06-03,75.4139107206671,1981,6
1981-06-04,75.53173514019451,1981,6
1981-06-05,75.37285436450289,1981,6
1981-06-06,75.13208503171627,1981,6
1981-06-07,75.58293326068416,1981,6
1981-06-08,75.90629995111131,1981,6
1981-06-09,75.60937588418666,1981,6
1981-06-10,75.27050371601621,1981,6
1981-06-11,75.5184335800801,1981,6
1981-06-12,75.70515301102945,1981,6
1981-06-13,75.5752607979684,1981,6
1981-06-14,75.6820043118752,1981,6
1981-06-15,75.86325600409853,1981,6
1981-06-16,76.00907351328425,1981,6
1981-06-17,76.00537916426183,1981,6
1981-06-18,75.52267157485323,1981,6
1981-06-19,75.33494627606187,1981,6
1981-06-20,75.44920909550662,1981,6
1981-06-21,75.37218713793972,1981,6
1981-06-22,74.9002782218197,1981,6
1981-06-23,74.66754825244283,1981,6
1981-06-24,74.55504101247216,1981,6
1981-06-25,74.06482067984753,1981,6
1981-06-26,73.77940107371087,1981,6
1981-06-27,73.76093728984662,1981,6
1981-06-28,73.83560606983399,1981,6
1981-06-29,73.78109570243166,1981,6
1981-06-30,73.59651651795323,1981,6
1981-07-01,73.21555606943262,1981,7
1981-07-02,73.27470924282512,1981,7
1981-07-03,73.56296856397573,1981,7
1981-07-04,73.76920965871989,1981,7
1981-07-05,74.00424521175108,1981,7
1981-07-06,73.73837187131026,1981,7
1981-07-07,73.77837396305368,1981,7
1981-07-08,73.61267636818275,1981,7
1981-07-09,73.48765283613628,1981,7
1981-07-10,73.34967508721074,1981,7
1981-07-11,73.56219127700356,1981,7
1981-07-12,73.74715412386769,1981,7
1981-07-13,73.67933740824542,1981,7
1981-07-14,73.41698316828732,1981,7
1981-07-15,73.15689831179132,1981,7
1981-07-16,73.20219377113858,1981,7
1981-07-17,72.94023298612998,1981,7
1981-07-18,72.89035481018865,1981,7
1981-07-19,73.06792646569828,1981,7
1981-07-20,73.35905879063968,1981,7
1981-07-21,73.51955159611535,1981,7
1981-07-22,73.46537314718243,1981,7
1981-07-23,73.27997314176136,1981,7
1981-07-24,73.06178180015469,1981,7
1981-07-25,73.65263007529978,1981,7
1981-07-26,73.71718328896944,1981,7
1981-07-27,73.35619198775706,1981,7
1981-07-28,72.96024678136506,1981,7
1981-07-29,72.92083457381038,1981,7
1981-07-30,73.14800046577915,1981,7
1981-07-31,73.1902408812956,1981,7
1981-08-01,73.06575860762145,1981,8
1981-08-02,73.07291751207183,1981,8
1981-08-03,73.10095798790324,1981,8
1981-08-04,73.08921140464443,1981,8
1981-08-05,72.90836377769227,1981,8
1981-08-06,73.0316153488383,1981,8
1981-08-07,73.17259845992659,1981,8
1981-08-08,73.33689576697063,1981,8
1981-08-09,73.13694723665624,1981,8
1981-08-10,73.1258339783047,1981,8
1981-08-11,73.18638186729069,1981,8
1981-08-12,73.16370516840135,1981,8
1981-08-13,73.25170484378481,1981,8
1981-08-14,73.35230724514672,1981,8
1981-08-15,73.0157685340561,1981,8
1981-08-16,72.94209983361701,1981,8
1981-08-17,73.12414490743906,1981,8
1981-08-18,73.21468641426941,1981,8
1981-08-19,73.40065216678498,1981,8
1981-08-20,73.58326244963963,1981,8
1981-08-21,73.74942878579391,1981,8
1981-08-22,73.37398886383697,1981,8
1981-08-23,73.24980615106078,1981,8
1981-08-24,73.20558104097398,1981,8
1981-08-25,73.49568571675925,1981,8
1981-08-26,73.6199546050821,1981,8
1981-08-27,73.5301408876709,1981,8
1981-08-28,73.54267805322323,1981,8
1981-08-29,73.5824810602376,1981,8
1981-08-30,73.56470609047756,1981,8
1981-08-31,73.6538516402251,1981,8
1981-09-01,73.87514806742156,1981,9
1981-09-02,73.84220351574518,1981,9
1981-09-03,73.6124372384372,1981,9
1981-09-04,73.53271873052371,1981,9
1981-09-05,73.61330869114728,1981,9
1981-09-06,73.7006477107791,1981,9
1981-09-07,73.65130305903728,1981,9
1981-09-08,73.5466939434983,1981,9
1981-09-09,73.47848640319457,1981,9
1981-09-10,73.49374287502046,1981,9
1981-09-11,73.42312850870633,1981,9
1981-09-12,73.4777623463027,1981,9
1981-09-13,73.70485034787811,1981,9
1981-09-14,73.79488557402186,1981,9
1981-09-15,73.93126399900876,1981,9
1981-09-16,74.03778774883578,1981,9
1981-09-17,73.8127428055923,1981,9
1981-09-18,73.61211985657522,1981,9
1981-09-19,73.80997922132937,1981,9
1981-09-20,73.47754312843713,1981,9
1981-09-21,73.36427755886344,1981,9
1981-09-22,73.43523221918069,1981,9
1981-09-23,73.45281640697097,1981,9
1981-09-24,73.54472778636745,1981,9
1981-09-25,73.54504205177984,1981,9
1981-09-26,73.58850807198353,1981,9
1981-09-27,73.4698392074003,1981,9
1981-09-28,73.152301857381,1981,9
1981-09-29,72.97913894345534,1981,9
1981-09-30,73.23193704005566,1981,9
1981-10-01,73.21298303120926,1981,10
1981-10-02,73.34123131032472,1981,10
1981-10-03,73.31295004421861,1981,10
1981-10-04,73.42911771850646,1981,10
1981-10-05,73.64582467849506,1981,10
1981-10-06,73.43285149942052,1981,10
1981-10-07,73.50776810923165,1981,10
1981-10-08,73.56154225861779,1981,10
1981-10-09,73.62795733427178,1981,10
1981-10-10,73.68591520858256,1981,10
1981-10-11,73.75341331202269,1981,10
1981-10-12,73.65932495211524,1981,10
1981-10-13,73.71033443232184,1981,10
1981-10-14,73.67582302890185,1981,10
1981-10-15,73.66091785237982,1981,10
1981-10-16,73.72598937674975,1981,10
1981-10-17,73.93152573422437,1981,10
1981-10-18,73.75998046659252,1981,10
1981-10-19,73.72478896597856,1981,10
1981-10-20,73.69025061694184,1981,10
1981-10-21,73.67017815701242,1981,10
1981-10-22,73.56738365773396,1981,10
1981-10-23,73.59125090327976,1981,10
1981-10-24,73.42944959604085,1981,10
1981-10-25,73.39787462285257,1981,10
1981-10-26,73.15033945692934,1981,10
1981-10-27,72.83367517568136,1981,10
1981-10-28,72.90008508094513,1981,10
1981-10-29,72.86268978654076,1981,10
1981-10-30,72.92418313618212,1981,10
1981-10-31,72.72371117197225,1981,10
1981-11-01,72.52643931315436,1981,11
1981-11-02,72.38616226465112,1981,11
1981-11-03,72.40098939199952,1981,11
1981-11-04,73.19300239643432,1981,11
1981-11-05,71.89976968763636,1981,11
1981-11-06,72.0474685440111,1981,11
1981-11-07,72.21322719825083,1981,11
1981-11-08,72.35112171684973,1981,11
1981-11-09,72.57419993556863,1981,11
1981-11-10,72.72508557130624,1981,11
1981-11-11,72.60773517371042,1981,11
1981-11-12,72.43539687866966,1981,11
1981-11-13,71.99137398813888,1981,11
1981-11-14,72.00028990499479,1981,11
1981-11-15,71.91820004654357,1981,11
1981-11-16,71.89722840657487,1981,11
1981-11-17,71.98435940092513,1981,11
1981-11-18,71.97687283820444,1981,11
1981-11-19,71.86277518955065,1981,11
1981-11-20,71.76795122177145,1981,11
1981-11-21,71.64532345534319,1981,11
1981-11-22,71.68859094707686,1981,11
1981-11-23,71.76970048789188,1981,11
1981-11-24,71.88868948091809,1981,11
1981-11-25,71.90690381959983,1981,11
1981-11-26,71.83551468875943,1981,11
1981-11-27,71.7779419644857,1981,11
1981-11-28,71.56509991771873,1981,11
1981-11-29,71.4362334451267,1981,11
1981-11-30,71.37932934889956,1981,11
1981-12-01,71.40247799807217,1981,12
1981-12-02,71.33157068454308,1981,12
1981-12-03,71.43515792522273,1981,12
1981-12-04,71.4710142801543,1981,12
1981-12-05,71.43906792977681,1981,12
1981-12-06,71.3528956819178,1981,12
1981-12-07,71.18004607890366,1981,12
1981-12-08,71.01346170557302,1981,12
1981-12-09,70.84346848894539,1981,12
1981-12-10,70.81643083233497,1981,12
1981-12-11,70.6197569330257,1981,12
1981-12-12,70.63948927202618,1981,12
1981-12-13,70.84638388257835,1981,12
1981-12-14,70.99815051047813,1981,12
1981-12-15,71.0205366974544,1981,12
1981-12-16,70.95914615455385,1981,12
1981-12-17,70.92755686947562,1981,12
1981-12-18,70.85766776189591,1981,12
1981-12-19,70.86590063933592,1981,12
1981-12-20,70.82402218655074,1981,12
1981-12-21,70.65005450222452,1981,12
1981-12-22,70.58758680689229,1981,12
1981-12-23,70.70230862368261,1981,12
1981-12-24,70.839603220621,1981,12
1981-12-25,70.91642315640017,1981,12
1981-12-26,70.89247907500985,1981,12
1981-12-27,70.92696721374948,1981,12
1981-12-28,70.92360115157717,1981,12
1981-12-29,71.04230600235842,1981,12
1981-12-30,71.12216361493054,1981,12
1981-12-31,71.15864894324484,1981,12
1982-01-01,71.13794755204543,1982,1
1982-01-02,71.19824609332943,1982,1
1982-01-03,71.28194382087024,1982,1
1982-01-04,71.32617814373089,1982,1
1982-01-05,70.84402410616858,1982,1
1982-01-06,70.91430768046973,1982,1
1982-01-07,70.94089854566928,1982,1
1982-01-08,71.1398041672124,1982,1
1982-01-09,71.18682233573858,1982,1
1982-01-10,70.92854629941445,1982,1
1982-01-11,70.64162331193086,1982,1
1982-01-12,70.53933520847508,1982,1
1982-01-13,70.67923844395244,1982,1
1982-01-14,70.78156744431865,1982,1
1982-01-15,70.72109076031269,1982,1
1982-01-16,70.90258518577616,1982,1
1982-01-17,71.17427401165986,1982,1
1982-01-18,71.16991813728642,1982,1
1982-01-19,71.15879818526317,1982,1
1982-01-20,71.32342362668285,1982,1
1982-01-21,71.34348137305166,1982,1
1982-01-22,71.21841530432273,1982,1
1982-01-23,71.00567519573372,1982,1
1982-01-24,71.00017233823583,1982,1
1982-01-25,70.96106701850333,1982,1
1982-01-26,70.6647211570704,1982,1
1982-01-27,70.45171758879515,1982,1
1982-01-28,70.51572503107806,1982,1
1982-01-29,70.50321395705343,1982,1
1982-01-30,70.63687565565586,1982,1
1982-01-31,70.51516596783023,1982,1
1982-02-01,70.40297972310475,1982,2
1982-02-02,70.54255148811512,1982,2
1982-02-03,70.71427689072564,1982,2
1982-02-04,70.5827028055033,1982,2
1982-02-05,70.65008320464062,1982,2
1982-02-06,70.6811407000839,1982,2
1982-02-07,70.60129610924696,1982,2
1982-02-08,70.76072562772052,1982,2
1982-02-09,71.05335629040883,1982,2
1982-02-10,71.17613666484559,1982,2
1982-02-11,71.24215266866791,1982,2
1982-02-12,71.3762742380671,1982,2
1982-02-13,71.20956104453185,1982,2
1982-02-14,71.3698358235971,1982,2
1982-02-15,71.42187698135497,1982,2
1982-02-16,71.28722465971681,1982,2
1982-02-17,71.45737299797713,1982,2
1982-02-18,71.36986160666793,1982,2
1982-02-19,71.72002698320307,1982,2
1982-02-20,71.79327987604286,1982,2
1982-02-21,71.8682992537968,1982,2
1982-02-22,71.69315308738726,1982,2
1982-02-23,71.50685029143246,1982,2
1982-02-24,71.60312925603661,1982,2
1982-02-25,71.59199772695253,1982,2
1982-02-26,71.85387360728298,1982,2
1982-02-27,72.20457121910108,1982,2
1982-02-28,72.06959501959369,1982,2
1982-03-01,71.8452309351217,1982,3
1982-03-02,71.59417864246025,1982,3
1982-03-03,71.07020114185617,1982,3
1982-03-04,71.54360146633282,1982,3
1982-03-05,71.41425221880078,1982,3
1982-03-06,71.13248289798075,1982,3
1982-03-07,71.19287899303987,1982,3
1982-03-08,71.4917420612626,1982,3
1982-03-09,71.88798350354337,1982,3
1982-03-10,72.14698491621394,1982,3
1982-03-11,71.85718422477161,1982,3
1982-03-12,72.17679936265807,1982,3
1982-03-13,72.28673767119628,1982,3
1982-03-14,72.620081461277,1982,3
1982-03-15,73.02483713790583,1982,3
1982-03-16,73.38102039075453,1982,3
1982-03-17,73.26619829513123,1982,3
1982-03-18,73.19930929470657,1982,3
1982-03-19,73.18896411534688,1982,3
1982-03-20,73.39939143672557,1982,3
1982-03-21,73.61897568903957,1982,3
1982-03-22,73.73868722339571,1982,3
1982-03-23,73.85218591570097,1982,3
1982-03-24,73.47814726385802,1982,3
1982-03-25,73.00171244489746,1982,3
1982-03-26,72.97741655147007,1982,3
1982-03-27,72.94529997097808,1982,3
1982-03-28,73.42260557464132,1982,3
1982-03-29,73.8271172784723,1982,3
1982-03-30,74.17393913646463,1982,3
1982-03-31,74.67487450005171,1982,3
1982-04-01,74.51538141507531,1982,4
1982-04-02,74.44231930786792,1982,4
1982-04-03,74.55841518670562,1982,4
1982-04-04,74.70954407711172,1982,4
1982-04-05,74.48093069384834,1982,4
1982-04-06,74.50925728246762,1982,4
1982-04-07,74.26936923362648,1982,4
1982-04-08,74.07044002317038,1982,4
1982-04-09,74.22123653112858,1982,4
1982-04-10,74.48387347290111,1982,4
1982-04-11,74.7157969259019,1982,4
1982-04-12,74.60528374121286,1982,4
1982-04-13,74.56986869433855,1982,4
1982-04-14,74.65432503498923,1982,4
1982-04-15,74.72138352372798,1982,4
1982-04-16,74.62845783591828,1982,4
1982-04-17,74.25289306371359,1982,4
1982-04-18,73.93669605782021,1982,4
1982-04-19,73.83234089833691,1982,4
1982-04-20,73.98298346868069,1982,4
1982-04-21,74.12129553328735,1982,4
1982-04-22,74.35760568380252,1982,4
1982-04-23,74.5273242950215,1982,4
1982-04-24,74.78178975111703,1982,4
1982-04-25,74.82970220324712,1982,4
1982-04-26,74.22907037313146,1982,4
1982-04-27,73.73427832176691,1982,4
1982-04-28,74.05845617972746,1982,4
1982-04-29,74.26453640176871,1982,4
1982-04-30,74.40141417742896,1982,4
1982-05-01,74.80784791671118,1982,5
1982-05-02,75.0387611617216,1982,5
1982-05-03,75.1509464907761,1982,5
1982-05-04,75.09779235305125,1982,5
1982-05-05,75.07689036366004,1982,5
1982-05-06,75.10688289746552,1982,5
1982-05-07,75.07410419159993,1982,5
1982-05-08,74.84416006903321,1982,5
1982-05-09,74.85886416129537,1982,5
1982-05-10,74.73763100343321,1982,5
1982-05-11,74.45492747180346,1982,5
1982-05-12,74.38619470370976,1982,5
1982-05-13,74.32815034266302,1982,5
1982-05-14,73.92587047371956,1982,5
1982-05-15,73.97936630123286,1982,5
1982-05-16,74.09162008546747,1982,5
1982-05-17,74.13148248187024,1982,5
1982-05-18,74.53821992464904,1982,5
1982-05-19,74.91774309521745,1982,5
1982-05-20,74.92043560015547,1982,5
1982-05-21,74.83653484507973,1982,5
1982-05-22,75.06263267844903,1982,5
1982-05-23,75.23201434997745,1982,5
1982-05-24,75.26686159143463,1982,5
1982-05-25,75.46626327132579,1982,5
1982-05-26,75.7051317081794,1982,5
1982-05-27,75.67936142997559,1982,5
1982-05-28,75.47643032578081,1982,5
1982-05-29,75.47306272969885,1982,5
1982-05-30,75.65265347549573,1982,5
1982-05-31,75.55174560744561,1982,5
1982-06-01,75.33075015963311,1982,6
1982-06-02,75.2919030541298,1982,6
1982-06-03,75.41182180768575,1982,6
1982-06-04,75.24708390239667,1982,6
1982-06-05,75.27412059371433,1982,6
1982-06-06,75.23535188880375,1982,6
1982-06-07,75.26278914488903,1982,6
1982-06-08,75.35063353557756,1982,6
1982-06-09,75.24038133932532,1982,6
1982-06-10,75.15693922187403,1982,6
1982-06-11,75.01263187559518,1982,6
1982-06-12,74.99510937574524,1982,6
1982-06-13,74.74835567562977,1982,6
1982-06-14,74.6742406728359,1982,6
1982-06-15,74.506566207496,1982,6
1982-06-16,74.43573541992978,1982,6
1982-06-17,74.41889214432662,1982,6
1982-06-18,74.28822478036362,1982,6
1982-06-19,74.04907214088004,1982,6
1982-06-20,74.24566240011282,1982,6
1982-06-21,74.33733520950838,1982,6
1982-06-22,74.3974172674767,1982,6
1982-06-23,74.33322841683811,1982,6
1982-06-24,74.30707056854757,1982,6
1982-06-25,74.45382246429345,1982,6
1982-06-26,74.66288734325018,1982,6
1982-06-27,74.83779313681264,1982,6
1982-06-28,74.81290525184843,1982,6
1982-06-29,74.61508329595647,1982,6
1982-06-30,74.8528706239229,1982,6
1982-07-01,74.84889574292646,1982,7
1982-07-02,74.8280295095697,1982,7
1982-07-03,74.99717814334716,1982,7
1982-07-04,75.11355348351384,1982,7
1982-07-05,75.07389233629354,1982,7
1982-07-06,75.07755375224447,1982,7
1982-07-07,74.8689284317146,1982,7
1982-07-08,74.81412175295384,1982,7
1982-07-09,74.97182029399396,1982,7
1982-07-10,74.55903056965084,1982,7
1982-07-11,74.40921011498203,1982,7
1982-07-12,74.14313937566104,1982,7
1982-07-13,73.82106767268759,1982,7
1982-07-14,73.89595561714134,1982,7
1982-07-15,73.94467368442817,1982,7
1982-07-16,73.96131741577416,1982,7
1982-07-17,74.08193149868869,1982,7
1982-07-18,74.30953330867399,1982,7
1982-07-19,74.18812579093154,1982,7
1982-07-20,74.00993694557884,1982,7
1982-07-21,73.54624867177704,1982,7
1982-07-22,73.65006091244169,1982,7
1982-07-23,73.78621985169835,1982,7
1982-07-24,73.37570137002528,1982,7
1982-07-25,72.98816928224186,1982,7
1982-07-26,73.12925027204858,1982,7
1982-07-27,73.29942367136086,1982,7
1982-07-28,73.46691091409815,1982,7
1982-07-29,73.24010142010877,1982,7
1982-07-30,73.35506096868573,1982,7
1982-07-31,73.49040579821046,1982,7
1982-08-01,73.51709208197153,1982,8
1982-08-02,73.41501966507542,1982,8
1982-08-03,73.29229874816906,1982,8
1982-08-04,73.34114133479325,1982,8
1982-08-05,73.51365121309286,1982,8
1982-08-06,73.4743842317031,1982,8
1982-08-07,73.48787777985501,1982,8
1982-08-08,73.34179510709437,1982,8
1982-08-09,73.14033767726539,1982,8
1982-08-10,73.14116190028996,1982,8
1982-08-11,73.13165718220372,1982,8
1982-08-12,73.07044267067447,1982,8
1982-08-13,73.06855568171147,1982,8
1982-08-14,73.34783992484088,1982,8
1982-08-15,73.47747086726876,1982,8
1982-08-16,73.47688441178973,1982,8
1982-08-17,73.20319773490462,1982,8
1982-08-18,73.2230502249052,1982,8
1982-08-19,73.19129985153276,1982,8
1982-08-20,73.27055797874286,1982,8
1982-08-21,73.25737725509862,1982,8
1982-08-22,73.30595931077968,1982,8
1982-08-23,73.21376867135181,1982,8
1982-08-24,73.10794049428344,1982,8
1982-08-25,73.01646942109912,1982,8
1982-08-26,73.10930519542164,1982,8
1982-08-27,73.23841296293149,1982,8
1982-08-28,73.30370658154537,1982,8
1982-08-29,73.40414409133864,1982,8
1982-08-30,73.32707288702656,1982,8
1982-08-31,73.2044749870224,1982,8
1982-09-01,73.40314856270751,1982,9
1982-09-02,73.59486070611264,1982,9
1982-09-03,73.78435026902152,1982,9
1982-09-04,73.78273345665059,1982,9
1982-09-05,73.85392633125852,1982,9
1982-09-06,73.84756050228614,1982,9
1982-09-07,73.72248677161035,1982,9
1982-09-08,73.88569371055065,1982,9
1982-09-09,73.88878924308263,1982,9
1982-09-10,73.74828101434535,1982,9
1982-09-11,73.38328672482048,1982,9
1982-09-12,73.32767660469645,1982,9
1982-09-13,73.4784235864968,1982,9
1982-09-14,73.6717873285696,1982,9
1982-09-15,73.77907352113691,1982,9
1982-09-16,73.71361083247224,1982,9
1982-09-17,73.80425919953461,1982,9
1982-09-18,73.85840701888606,1982,9
1982-09-19,73.9045691060263,1982,9
1982-09-20,73.95820280066252,1982,9
1982-09-21,74.04981694423911,1982,9
1982-09-22,73.84003024372399,1982,9
1982-09-23,74.05893684214763,1982,9
1982-09-24,73.09467541805098,1982,9
1982-09-25,73.2459657402424,1982,9
1982-09-26,73.49771081996428,1982,9
1982-09-27,73.56428016150089,1982,9
1982-09-28,73.71541991546367,1982,9
1982-09-29,73.64004083371674,1982,9
1982-09-30,73.73453697753719,1982,9
1982-10-01,73.92718468420092,1982,10
1982-10-02,73.96406138894115,1982,10
1982-10-03,74.010845045198,1982,10
1982-10-04,73.94703467244781,1982,10
1982-10-05,74.0285006379649,1982,10
1982-10-06,74.01526306843984,1982,10
1982-10-07,74.04342314163108,1982,10
1982-10-08,73.92594229476005,1982,10
1982-10-09,73.98609851396098,1982,10
1982-10-10,74.08294868917066,1982,10
1982-10-11,73.89469513214854,1982,10
1982-10-12,73.96177468408082,1982,10
1982-10-13,73.93504789930851,1982,10
1982-10-14,74.04968650968193,1982,10
1982-10-15,74.02549089314675,1982,10
1982-10-16,73.99260490263147,1982,10
1982-10-17,73.85006890940116,1982,10
1982-10-18,73.5498115457317,1982,10
1982-10-19,73.59026415332428,1982,10
1982-10-20,73.55654927498975,1982,10
1982-10-21,73.41780965174233,1982,10
1982-10-22,73.08059379121647,1982,10
1982-10-23,72.98114520420802,1982,10
1982-10-24,73.0634362794778,1982,10
1982-10-25,73.20002302554258,1982,10
1982-10-26,73.28091666240942,1982,10
1982-10-27,73.20747984376256,1982,10
1982-10-28,73.29170950637368,1982,10
1982-10-29,73.63361484110764,1982,10
1982-10-30,72.80636979517108,1982,10
1982-10-31,72.9761036481309,1982,10
1982-11-01,72.82933945379632,1982,11
1982-11-02,72.81778263126162,1982,11
1982-11-03,72.72846922031941,1982,11
1982-11-04,72.60266690159652,1982,11
1982-11-05,72.59866558424827,1982,11
1982-11-06,72.6390340280688,1982,11
1982-11-07,72.7867067094014,1982,11
1982-11-08,72.37205040951592,1982,11
1982-11-09,72.13091316004467,1982,11
1982-11-10,71.63915464962645,1982,11
1982-11-11,71.44384011032315,1982,11
1982-11-12,71.66691031352596,1982,11
1982-11-13,71.97295853442625,1982,11
1982-11-14,72.2419752967632,1982,11
1982-11-15,72.24124212949988,1982,11
1982-11-16,72.14294126789498,1982,11
1982-11-17,72.29027655640806,1982,11
1982-11-18,72.251682930137,1982,11
1982-11-19,72.29407196512555,1982,11
1982-11-20,72.16480133861805,1982,11
1982-11-21,72.00292966045211,1982,11
1982-11-22,71.8540501618976,1982,11
1982-11-23,71.8072951819685,1982,11
1982-11-24,71.78197161351798,1982,11
1982-11-25,71.7446052789256,1982,11
1982-11-26,71.69399864184267,1982,11
1982-11-27,71.60035560139828,1982,11
1982-11-28,71.44160329135971,1982,11
1982-11-29,71.3147907736226,1982,11
1982-11-30,71.23269082466872,1982,11
1982-12-01,71.48667806317572,1982,12
1982-12-02,71.60722477696814,1982,12
1982-12-03,71.62403447373833,1982,12
1982-12-04,71.51709690702393,1982,12
1982-12-05,71.50302222569063,1982,12
1982-12-06,71.423348127884,1982,12
1982-12-07,71.26174510377543,1982,12
1982-12-08,71.08844801670213,1982,12
1982-12-09,71.16815089306839,1982,12
1982-12-10,71.24866496216968,1982,12
1982-12-11,71.17137688763898,1982,12
1982-12-12,71.06967825731157,1982,12
1982-12-13,70.97603130275424,1982,12
1982-12-14,71.21378502970758,1982,12
1982-12-15,71.42300575657161,1982,12
1982-12-16,71.33416698918838,1982,12
1982-12-17,71.57051377134245,1982,12
1982-12-18,71.4486145216896,1982,12
1982-12-19,71.42868536403451,1982,12
1982-12-20,71.44569426957703,1982,12
1982-12-21,71.35234785883101,1982,12
1982-12-22,71.15496575443673,1982,12
1982-12-23,71.28783612019815,1982,12
1982-12-24,71.23222656000455,1982,12
1982-12-25,70.96507794323442,1982,12
1982-12-26,70.96724043019053,1982,12
1982-12-27,71.03673606505193,1982,12
1982-12-28,70.80098396820947,1982,12
1982-12-29,70.43939076669517,1982,12
1982-12-30,70.38934766674808,1982,12
1982-12-31,70.29695435243582,1982,12
1983-01-01,70.32241362588555,1983,1
1983-01-02,70.54188620431864,1983,1
1983-01-03,70.18873746980755,1983,1
1983-01-04,70.18810412144329,1983,1
1983-01-05,70.27612291603467,1983,1
1983-01-06,70.37155612015194,1983,1
1983-01-07,70.57209412743947,1983,1
1983-01-08,70.68535345104497,1983,1
1983-01-09,70.76205486266811,1983,1
1983-01-10,70.33200432198848,1983,1
1983-01-11,70.06870665700586,1983,1
1983-01-12,70.22652295854937,1983,1
1983-01-13,70.23830053036181,1983,1
1983-01-14,70.15332308043257,1983,1
1983-01-15,70.28892431130352,1983,1
1983-01-16,70.46154700874355,1983,1
1983-01-17,70.55148456857455,1983,1
1983-01-18,70.77701368319894,1983,1
1983-01-19,70.90021993328425,1983,1
1983-01-20,70.90818806352823,1983,1
1983-01-21,70.93286505125718,1983,1
1983-01-22,71.09553627445642,1983,1
1983-01-23,71.35917096446718,1983,1
1983-01-24,71.25902652464526,1983,1
1983-01-25,71.48237775436048,1983,1
1983-01-26,71.49204307191239,1983,1
1983-01-27,71.49410049351,1983,1
1983-01-28,70.97262645251746,1983,1
1983-01-29,70.6604775933095,1983,1
1983-01-30,70.89587349666802,1983,1
1983-01-31,70.66716590014921,1983,1
1983-02-01,70.4546860422626,1983,2
1983-02-02,70.35802379771478,1983,2
1983-02-03,70.41663748589527,1983,2
1983-02-04,70.32225304699122,1983,2
1983-02-05,70.39318853549858,1983,2
1983-02-06,70.54136983231288,1983,2
1983-02-07,70.66348160729817,1983,2
1983-02-08,70.75943602603948,1983,2
1983-02-09,70.72679940229865,1983,2
1983-02-10,70.79072347465053,1983,2
1983-02-11,71.12785529922058,1983,2
1983-02-12,71.39238416533922,1983,2
1983-02-13,71.56317361341117,1983,2
1983-02-14,71.31716697350437,1983,2
1983-02-15,71.66733990377773,1983,2
1983-02-16,71.78261922970587,1983,2
1983-02-17,71.84917929375754,1983,2
1983-02-18,71.96437738364962,1983,2
1983-02-19,71.86905292393611,1983,2
1983-02-20,72.05957432003908,1983,2
1983-02-21,72.07655796778664,1983,2
1983-02-22,72.12656916020595,1983,2
1983-02-23,72.09596705372215,1983,2
1983-02-24,72.0225260865244,1983,2
1983-02-25,71.99800328983957,1983,2
1983-02-26,71.94332996642673,1983,2
1983-02-27,71.88536091029832,1983,2
1983-02-28,72.03136043597671,1983,2
1983-03-01,72.26689779413027,1983,3
1983-03-02,72.45001951546885,1983,3
1983-03-03,72.05487791051866,1983,3
1983-03-04,72.32293969551526,1983,3
1983-03-05,72.40229687966014,1983,3
1983-03-06,72.31738321785767,1983,3
1983-03-07,72.32257773150585,1983,3
1983-03-08,72.65967242157417,1983,3
1983-03-09,73.10100668497472,1983,3
1983-03-10,73.3458034961479,1983,3
1983-03-11,73.6492291100864,1983,3
1983-03-12,73.64105161352005,1983,3
1983-03-13,73.76061827108319,1983,3
1983-03-14,73.6098741286078,1983,3
1983-03-15,73.69680759028991,1983,3
1983-03-16,73.35309491673615,1983,3
1983-03-17,73.2803285502816,1983,3
1983-03-18,73.71751557441902,1983,3
1983-03-19,73.66623301821083,1983,3
1983-03-20,73.39774369788735,1983,3
1983-03-21,72.75122541572394,1983,3
1983-03-22,72.2357072798848,1983,3
1983-03-23,72.43952234949992,1983,3
1983-03-24,72.77384665134606,1983,3
1983-03-25,73.08387388182153,1983,3
1983-03-26,73.39832450210032,1983,3
1983-03-27,73.34893522468069,1983,3
1983-03-28,73.48491484550902,1983,3
1983-03-29,73.4561122176703,1983,3
1983-03-30,73.47099808412258,1983,3
1983-03-31,73.62990331198579,1983,3
1983-04-01,73.85387133645143,1983,4
1983-04-02,74.15788279394306,1983,4
1983-04-03,74.20828083298885,1983,4
1983-04-04,74.2957222524734,1983,4
1983-04-05,74.12806428942949,1983,4
1983-04-06,74.14293298923785,1983,4
1983-04-07,74.32133079878498,1983,4
1983-04-08,74.19612753861634,1983,4
1983-04-09,74.03669033707996,1983,4
1983-04-10,74.20913123511295,1983,4
1983-04-11,73.85068679467823,1983,4
1983-04-12,73.90468873330477,1983,4
1983-04-13,73.6147307455419,1983,4
1983-04-14,73.44588097642512,1983,4
1983-04-15,73.02584352767796,1983,4
1983-04-16,72.65120743679245,1983,4
1983-04-17,72.67615716482405,1983,4
1983-04-18,72.8320332485493,1983,4
1983-04-19,73.3223595093926,1983,4
1983-04-20,73.6273736935298,1983,4
1983-04-21,74.02953537490707,1983,4
1983-04-22,74.34400709659818,1983,4
1983-04-23,74.73880830746594,1983,4
1983-04-24,74.88905715309042,1983,4
1983-04-25,74.79679456388138,1983,4
1983-04-26,74.87189006827192,1983,4
1983-04-27,75.04696203347918,1983,4
1983-04-28,75.13976253459855,1983,4
1983-04-29,75.25027101415932,1983,4
1983-04-30,75.25021894578003,1983,4
1983-05-01,75.1144635633816,1983,5
1983-05-02,74.73506124117596,1983,5
1983-05-03,74.70973884281756,1983,5
1983-05-04,74.95528632600622,1983,5
1983-05-05,75.24020829757845,1983,5
1983-05-06,75.57989853131843,1983,5
1983-05-07,75.35507541808708,1983,5
1983-05-08,75.42957130655283,1983,5
1983-05-09,75.27540297810428,1983,5
1983-05-10,75.38525365749317,1983,5
1983-05-11,74.95996634602713,1983,5
1983-05-12,74.33461404179623,1983,5
1983-05-13,74.57156010661674,1983,5
1983-05-14,74.87028113582753,1983,5
1983-05-15,75.07640936040106,1983,5
1983-05-16,75.2671786079572,1983,5
1983-05-17,75.17982669335217,1983,5
1983-05-18,75.11234802989756,1983,5
1983-05-19,74.69912451367074,1983,5
1983-05-20,74.62714675879872,1983,5
1983-05-21,74.5761771213368,1983,5
1983-05-22,74.55512417657012,1983,5
1983-05-23,74.45242184593283,1983,5
1983-05-24,74.76028965278968,1983,5
1983-05-25,75.01261102534272,1983,5
1983-05-26,75.31951868880371,1983,5
1983-05-27,75.4863526567131,1983,5
1983-05-28,75.7422344741184,1983,5
1983-05-29,75.67341068914327,1983,5
1983-05-30,75.6050617995212,1983,5
1983-05-31,75.90296970151063,1983,5
1983-06-01,76.10305206363026,1983,6
1983-06-02,76.08115638923066,1983,6
1983-06-03,75.96869514337847,1983,6
1983-06-04,75.76994572601771,1983,6
1983-06-05,75.84704751339885,1983,6
1983-06-06,75.81296913667084,1983,6
1983-06-07,75.93560076553477,1983,6
1983-06-08,75.78450891601584,1983,6
1983-06-09,75.4753593403225,1983,6
1983-06-10,75.13794925851826,1983,6
1983-06-11,75.07295788977738,1983,6
1983-06-12,74.9404989336728,1983,6
1983-06-13,74.65612076356814,1983,6
1983-06-14,74.9694394404739,1983,6
1983-06-15,75.21903091787746,1983,6
1983-06-16,75.03815875272043,1983,6
1983-06-17,74.67338508545568,1983,6
1983-06-18,74.91261221700384,1983,6
1983-06-19,74.90169017653432,1983,6
1983-06-20,74.8468841717856,1983,6
1983-06-21,74.81784773201151,1983,6
1983-06-22,75.03506605687805,1983,6
1983-06-23,74.96748932929532,1983,6
1983-06-24,74.89083987399104,1983,6
1983-06-25,74.73180072749126,1983,6
1983-06-26,74.30102664543678,1983,6
1983-06-27,74.0597801720377,1983,6
1983-06-28,73.88640705285813,1983,6
1983-06-29,73.90409036064617,1983,6
1983-06-30,74.09528298913108,1983,6
1983-07-01,74.08645962858505,1983,7
1983-07-02,73.8531605523337,1983,7
1983-07-03,73.43204280028502,1983,7
1983-07-04,73.31333506577168,1983,7
1983-07-05,73.40842256524168,1983,7
1983-07-06,73.66423634192269,1983,7
1983-07-07,73.93387385132573,1983,7
1983-07-08,74.22033087982636,1983,7
1983-07-09,74.42178224404464,1983,7
1983-07-10,74.45350984761996,1983,7
1983-07-11,74.14084063422145,1983,7
1983-07-12,73.89183207277514,1983,7
1983-07-13,73.99023098649307,1983,7
1983-07-14,74.04978490492232,1983,7
1983-07-15,74.28881931091279,1983,7
1983-07-16,74.3165359726211,1983,7
1983-07-17,74.27011617432062,1983,7
1983-07-18,74.07159669028452,1983,7
1983-07-19,73.95983954080016,1983,7
1983-07-20,73.81575854911954,1983,7
1983-07-21,73.6618639494295,1983,7
1983-07-22,73.6756926827251,1983,7
1983-07-23,73.73541166905842,1983,7
1983-07-24,73.7058273120582,1983,7
1983-07-25,73.32546852997997,1983,7
1983-07-26,72.99265996203549,1983,7
1983-07-27,72.89839908578593,1983,7
1983-07-28,72.98985973950545,1983,7
1983-07-29,73.21239666509263,1983,7
1983-07-30,73.35595381046079,1983,7
1983-07-31,73.57778080778758,1983,7
1983-08-01,73.42982756344374,1983,8
1983-08-02,73.49575259047191,1983,8
1983-08-03,73.3314590093044,1983,8
1983-08-04,73.3844286241513,1983,8
1983-08-05,73.34121743694469,1983,8
1983-08-06,73.16011610408468,1983,8
1983-08-07,73.18139550164524,1983,8
1983-08-08,73.23091005858005,1983,8
1983-08-09,73.51291787730803,1983,8
1983-08-10,73.37800092071616,1983,8
1983-08-11,73.4697926704381,1983,8
1983-08-12,73.4450826757096,1983,8
1983-08-13,73.18483341513185,1983,8
1983-08-14,73.33056174468481,1983,8
1983-08-15,73.28160168396263,1983,8
1983-08-16,73.22719026971883,1983,8
1983-08-17,73.40319898440076,1983,8
1983-08-18,73.47267036964166,1983,8
1983-08-19,73.50172547420331,1983,8
1983-08-20,73.17089073002818,1983,8
1983-08-21,73.35614946434424,1983,8
1983-08-22,73.29201659305083,1983,8
1983-08-23,73.26251692540055,1983,8
1983-08-24,73.14783556850642,1983,8
1983-08-25,73.08659911802138,1983,8
1983-08-26,73.04828698155902,1983,8
1983-08-27,73.24792452220889,1983,8
1983-08-28,73.31577208765724,1983,8
1983-08-29,73.21434698630003,1983,8
1983-08-30,73.25243904438604,1983,8
1983-08-31,73.43770656567088,1983,8
1983-09-01,73.45678386649895,1983,9
1983-09-02,73.08229499591305,1983,9
1983-09-03,73.20935194973032,1983,9
1983-09-04,73.16813746649981,1983,9
1983-09-05,73.2352220404823,1983,9
1983-09-06,73.21740947281535,1983,9
1983-09-07,73.1832266520279,1983,9
1983-09-08,73.07294763540298,1983,9
1983-09-09,73.0899091766352,1983,9
1983-09-10,73.10616733618123,1983,9
1983-09-11,73.08885929826629,1983,9
1983-09-12,73.2460639828719,1983,9
1983-09-13,73.343559550007,1983,9
1983-09-14,73.56101433716653,1983,9
1983-09-15,73.4898205999625,1983,9
1983-09-16,73.31773144871225,1983,9
1983-09-17,73.17145466393275,1983,9
1983-09-18,73.34209433439945,1983,9
1983-09-19,73.29744816966665,1983,9
1983-09-20,73.52484974333393,1983,9
1983-09-21,73.50623810694727,1983,9
1983-09-22,73.44737436697231,1983,9
1983-09-23,73.26992674950863,1983,9
1983-09-24,73.13290407070706,1983,9
1983-09-25,73.17336256398056,1983,9
1983-09-26,73.32119861122648,1983,9
1983-09-27,73.42905848711112,1983,9
1983-09-28,73.3475638339438,1983,9
1983-09-29,73.5526273951422,1983,9
1983-09-30,73.6241579887837,1983,9
1983-10-01,73.60940626402675,1983,10
1983-10-02,73.56791392846722,1983,10
1983-10-03,73.59152922219329,1983,10
1983-10-04,73.4411463341173,1983,10
1983-10-05,73.5490585222634,1983,10
1983-10-06,73.71272504270065,1983,10
1983-10-07,73.72815799083449,1983,10
1983-10-08,73.72317790210451,1983,10
1983-10-09,73.64216540444986,1983,10
1983-10-10,73.25591703235811,1983,10
1983-10-11,73.06884889260826,1983,10
1983-10-12,72.84025566321611,1983,10
1983-10-13,73.15586740091646,1983,10
1983-10-14,73.24310172435383,1983,10
1983-10-15,73.63492235220154,1983,10
1983-10-16,72.96056143734407,1983,10
1983-10-17,73.03630353287159,1983,10
1983-10-18,72.84048551118231,1983,10
1983-10-19,72.99080438301034,1983,10
1983-10-20,72.96315967220691,1983,10
1983-10-21,72.88998747318557,1983,10
1983-10-22,72.91679699715817,1983,10
1983-10-23,73.06588991208207,1983,10
1983-10-24,72.7837780645034,1983,10
1983-10-25,72.62842732328808,1983,10
1983-10-26,72.65300294290533,1983,10
1983-10-27,72.62552425700983,1983,10
1983-10-28,72.57056349873523,1983,10
1983-10-29,72.53079490667817,1983,10
1983-10-30,72.66746339496886,1983,10
1983-10-31,72.63994911619896,1983,10
1983-11-01,72.72660455491099,1983,11
1983-11-02,72.80368669610392,1983,11
1983-11-03,72.8651575675196,1983,11
1983-11-04,72.96875701139372,1983,11
1983-11-05,72.81812631874237,1983,11
1983-11-06,72.67544884194461,1983,11
1983-11-07,72.49115521639843,1983,11
1983-11-08,72.30282596046324,1983,11
1983-11-09,72.29373287042809,1983,11
1983-11-10,72.20506419690791,1983,11
1983-11-11,72.13641361524445,1983,11
1983-11-12,72.13975097879273,1983,11
1983-11-13,72.19546204636227,1983,11
1983-11-14,72.14496895002918,1983,11
1983-11-15,72.22927792813962,1983,11
1983-11-16,72.28561125467682,1983,11
1983-11-17,72.33394125418133,1983,11
1983-11-18,72.34127132266717,1983,11
1983-11-19,72.26876790652089,1983,11
1983-11-20,72.26728139241241,1983,11
1983-11-21,72.09948873356734,1983,11
1983-11-22,71.95497684797755,1983,11
1983-11-23,71.90544301330151,1983,11
1983-11-24,71.90160230638578,1983,11
1983-11-25,71.94977377175185,1983,11
1983-11-26,71.84747671509491,1983,11
1983-11-27,71.84714788959963,1983,11
1983-11-28,71.78333067180488,1983,11
1983-11-29,71.77364082908002,1983,11
1983-11-30,71.68352121766705,1983,11
1983-12-01,71.52589930018236,1983,12
1983-12-02,71.44640970216012,1983,12
1983-12-03,71.43583307322739,1983,12
1983-12-04,71.42693523375529,1983,12
1983-12-05,71.34595784282779,1983,12
1983-12-06,71.21161216914014,1983,12
1983-12-07,71.12428980728261,1983,12
1983-12-08,71.0620150905005,1983,12
1983-12-09,70.91416278482436,1983,12
1983-12-10,71.01320027871641,1983,12
1983-12-11,71.08639468223781,1983,12
1983-12-12,71.0345948891702,1983,12
1983-12-13,71.18989163662158,1983,12
1983-12-14,71.08747064493897,1983,12
1983-12-15,71.07812813799698,1983,12
1983-12-16,71.24392985428626,1983,12
1983-12-17,71.25743624988198,1983,12
1983-12-18,71.38737826366913,1983,12
1983-12-19,71.27236999312147,1983,12
1983-12-20,71.22195467042273,1983,12
1983-12-21,71.11163975529257,1983,12
1983-12-22,71.03089289012891,1983,12
1983-12-23,70.88191931629386,1983,12
1983-12-24,70.8124177103496,1983,12
1983-12-25,70.83063630615499,1983,12
1983-12-26,70.14234299377402,1983,12
1983-12-27,69.5138468172171,1983,12
1983-12-28,69.86840882526113,1983,12
1983-12-29,70.19631393593055,1983,12
1983-12-30,70.38380357055537,1983,12
1983-12-31,70.38653223692793,1983,12
1984-01-01,70.80850859213595,1984,1
1984-01-02,70.54869027358652,1984,1
1984-01-03,70.42025254174168,1984,1
1984-01-04,70.49496259497741,1984,1
1984-01-05,70.59920671281753,1984,1
1984-01-06,70.85834413097614,1984,1
1984-01-07,70.31994114638132,1984,1
1984-01-08,70.3497532506292,1984,1
1984-01-09,70.36324274578762,1984,1
1984-01-10,70.40364063624513,1984,1
1984-01-11,70.68462169728393,1984,1
1984-01-12,71.08084172203407,1984,1
1984-01-13,71.3574267596741,1984,1
1984-01-14,71.00607016382453,1984,1
1984-01-15,70.91649841069469,1984,1
1984-01-16,70.81082975090933,1984,1
1984-01-17,70.19430639444043,1984,1
1984-01-18,70.2001593725601,1984,1
1984-01-19,70.54455593457426,1984,1
1984-01-20,70.77524296612303,1984,1
1984-01-21,70.69575555792119,1984,1
1984-01-22,70.76864837012708,1984,1
1984-01-23,70.53224870003274,1984,1
1984-01-24,70.60126360671666,1984,1
1984-01-25,70.7060422483248,1984,1
1984-01-26,70.88753634593259,1984,1
1984-01-27,70.75339688020489,1984,1
1984-01-28,70.76702758215265,1984,1
1984-01-29,70.72642780215052,1984,1
1984-01-30,70.88411590012022,1984,1
1984-01-31,71.1603627510479,1984,1
1984-02-01,71.7102342291269,1984,2
1984-02-02,71.56117157011629,1984,2
1984-02-03,71.61377451675898,1984,2
1984-02-04,71.3684149287317,1984,2
1984-02-05,71.27308544736354,1984,2
1984-02-06,70.96013368309511,1984,2
1984-02-07,71.06338791529139,1984,2
1984-02-08,70.69027879270746,1984,2
1984-02-09,70.68812404157956,1984,2
1984-02-10,71.13486616140297,1984,2
1984-02-11,71.31313406060397,1984,2
1984-02-12,71.15948465659477,1984,2
1984-02-13,71.31840921205168,1984,2
1984-02-14,71.14268043199186,1984,2
1984-02-15,70.88483819736602,1984,2
1984-02-16,71.2878623851907,1984,2
1984-02-17,71.7570731675378,1984,2
1984-02-18,71.80569764872939,1984,2
1984-02-19,71.59031668899189,1984,2
1984-02-20,71.24112652865416,1984,2
1984-02-21,70.98547772017278,1984,2
1984-02-22,71.1610580563345,1984,2
1984-02-23,70.92370809610031,1984,2
1984-02-24,70.95524170436062,1984,2
1984-02-25,70.99416482505515,1984,2
1984-02-26,71.48370361170387,1984,2
1984-02-27,71.74705844264254,1984,2
1984-02-28,72.11293469484546,1984,2
1984-02-29,72.35134304851778,1984,2
1984-03-01,72.58636243949128,1984,3
1984-03-02,72.6916137462303,1984,3
1984-03-03,72.75935619349968,1984,3
1984-03-04,72.89240475602934,1984,3
1984-03-05,72.80842603148723,1984,3
1984-03-06,72.76479250727542,1984,3
1984-03-07,72.91539876283751,1984,3
1984-03-08,73.76593000494056,1984,3
1984-03-09,73.40516102248237,1984,3
1984-03-10,73.60385104168026,1984,3
1984-03-11,73.73319737109935,1984,3
1984-03-12,73.73740023984433,1984,3
1984-03-13,73.8200026066499,1984,3
1984-03-14,73.90169820903053,1984,3
1984-03-15,73.93007551098172,1984,3
1984-03-16,74.08496931490032,1984,3
1984-03-17,74.24919973959308,1984,3
1984-03-18,74.57024243936131,1984,3
1984-03-19,74.26785750848698,1984,3
1984-03-20,73.86347049494266,1984,3
1984-03-21,74.29763781723166,1984,3
1984-03-22,74.35612451724458,1984,3
1984-03-23,74.66870405265817,1984,3
1984-03-24,74.92847754098207,1984,3
1984-03-25,74.97219685603385,1984,3
1984-03-26,75.3016827508332,1984,3
1984-03-27,74.42852154743574,1984,3
1984-03-28,74.54331519630922,1984,3
1984-03-29,74.91284904764532,1984,3
1984-03-30,75.26319384250084,1984,3
1984-03-31,75.66833544950909,1984,3
1984-04-01,75.1883431402009,1984,4
1984-04-02,75.161895157117,1984,4
1984-04-03,75.17580239497258,1984,4
1984-04-04,75.00480972157955,1984,4
1984-04-05,75.02212844613366,1984,4
1984-04-06,74.90055982998294,1984,4
1984-04-07,74.89153721025538,1984,4
1984-04-08,74.7513622070065,1984,4
1984-04-09,74.69414380608583,1984,4
1984-04-10,74.27502497185031,1984,4
1984-04-11,74.18978792994174,1984,4
1984-04-12,74.56674032888345,1984,4
1984-04-13,74.87423388223135,1984,4
1984-04-14,75.4171052374548,1984,4
1984-04-15,75.58634583148499,1984,4
1984-04-16,75.86749961083595,1984,4
1984-04-17,75.81489028714994,1984,4
1984-04-18,75.63196880736739,1984,4
1984-04-19,75.66257629125444,1984,4
1984-04-20,75.67633836811288,1984,4
1984-04-21,75.93965397638954,1984,4
1984-04-22,75.34763162218228,1984,4
1984-04-23,74.81470846160921,1984,4
1984-04-24,74.73447446113079,1984,4
1984-04-25,75.06936784872336,1984,4
1984-04-26,75.35130700963481,1984,4
1984-04-27,75.73644824221469,1984,4
1984-04-28,75.8537834387197,1984,4
1984-04-29,75.42822056194936,1984,4
1984-04-30,75.44132876262293,1984,4
1984-05-01,75.44515476156094,1984,5
1984-05-02,75.45315408911989,1984,5
1984-05-03,75.60995181117573,1984,5
1984-05-04,75.73036455133057,1984,5
1984-05-05,75.84185140509094,1984,5
1984-05-06,75.97021560119543,1984,5
1984-05-07,76.17167091073527,1984,5
1984-05-08,75.7953441006222,1984,5
1984-05-09,75.70781196587119,1984,5
1984-05-10,75.60744382809276,1984,5
1984-05-11,75.49980571552602,1984,5
1984-05-12,75.46215417832826,1984,5
1984-05-13,75.68807827471599,1984,5
1984-05-14,75.88852641023296,1984,5
1984-05-15,75.76580202667279,1984,5
1984-05-16,75.85121539388649,1984,5
1984-05-17,75.8941245425767,1984,5
1984-05-18,76.09843233675241,1984,5
1984-05-19,76.33392701615537,1984,5
1984-05-20,76.22872592952245,1984,5
1984-05-21,76.22923954704359,1984,5
1984-05-22,76.50134265258265,1984,5
1984-05-23,76.32804153530712,1984,5
1984-05-24,76.5565063681384,1984,5
1984-05-25,76.45456106105246,1984,5
1984-05-26,76.47230343167503,1984,5
1984-05-27,76.43293376530518,1984,5
1984-05-28,76.10893455139097,1984,5
1984-05-29,75.90774716188776,1984,5
1984-05-30,75.70611909323223,1984,5
1984-05-31,75.91231263843268,1984,5
1984-06-01,76.04417667408013,1984,6
1984-06-02,76.09162008852469,1984,6
1984-06-03,76.18154094390474,1984,6
1984-06-04,76.03397865800862,1984,6
1984-06-05,75.6332127371151,1984,6
1984-06-06,75.1257148998844,1984,6
1984-06-07,75.2565039402767,1984,6
1984-06-08,75.19133411260752,1984,6
1984-06-09,75.14828692793124,1984,6
1984-06-10,74.78867240873087,1984,6
1984-06-11,74.75868276714202,1984,6
1984-06-12,74.19061880526965,1984,6
1984-06-13,74.22234879873824,1984,6
1984-06-14,74.29865577107108,1984,6
1984-06-15,74.23468321359996,1984,6
1984-06-16,74.23647685563864,1984,6
1984-06-17,74.40567536150618,1984,6
1984-06-18,74.32374000515793,1984,6
1984-06-19,73.77573497177526,1984,6
1984-06-20,73.7899195850223,1984,6
1984-06-21,74.27275268888624,1984,6
1984-06-22,74.84120351168836,1984,6
1984-06-23,74.75083732241939,1984,6
1984-06-24,74.59901851957534,1984,6
1984-06-25,74.54206166407897,1984,6
1984-06-26,74.50626185604807,1984,6
1984-06-27,74.41409528894292,1984,6
1984-06-28,74.31938981371414,1984,6
1984-06-29,73.97473215328156,1984,6
1984-06-30,73.93357413551124,1984,6
1984-07-01,73.93439426368877,1984,7
1984-07-02,73.75167324805383,1984,7
1984-07-03,73.71921024223514,1984,7
1984-07-04,73.93749071175698,1984,7
1984-07-05,73.98396082901057,1984,7
1984-07-06,73.72198643976556,1984,7
1984-07-07,73.6158190347974,1984,7
1984-07-08,73.63091224571879,1984,7
1984-07-09,73.63172337523078,1984,7
1984-07-10,73.32775202458214,1984,7
1984-07-11,73.96546560204814,1984,7
1984-07-12,73.64095374585861,1984,7
1984-07-13,73.52402053882865,1984,7
1984-07-14,73.64455306874554,1984,7
1984-07-15,73.68025493324315,1984,7
1984-07-16,73.56273108021742,1984,7
1984-07-17,73.55581960981992,1984,7
1984-07-18,73.23808661217701,1984,7
1984-07-19,73.32736742569003,1984,7
1984-07-20,73.555115782711,1984,7
1984-07-21,73.46797264465387,1984,7
1984-07-22,73.50001215163277,1984,7
1984-07-23,73.39365720038795,1984,7
1984-07-24,73.33452571073015,1984,7
1984-07-25,73.34044001620356,1984,7
1984-07-26,73.4990072442219,1984,7
1984-07-27,73.4503421388111,1984,7
1984-07-28,73.47246017413175,1984,7
1984-07-29,73.3740409077384,1984,7
1984-07-30,73.66093214432982,1984,7
1984-07-31,73.52403919334881,1984,7
1984-08-01,73.74629051452733,1984,8
1984-08-02,73.23495882053784,1984,8
1984-08-03,73.23517619877684,1984,8
1984-08-04,73.43693722082588,1984,8
1984-08-05,73.46924846528928,1984,8
1984-08-06,73.62660061891286,1984,8
1984-08-07,73.55192351988356,1984,8
1984-08-08,73.5116817319752,1984,8
1984-08-09,73.2140762648556,1984,8
1984-08-10,73.51034399340698,1984,8
1984-08-11,73.48802881712228,1984,8
1984-08-12,73.3442904205559,1984,8
1984-08-13,73.55290302231785,1984,8
1984-08-14,73.66195610118021,1984,8
1984-08-15,73.6333380376878,1984,8
1984-08-16,73.47387134870858,1984,8
1984-08-17,73.28647080285776,1984,8
1984-08-18,73.11196451530108,1984,8
1984-08-19,73.36749463759256,1984,8
1984-08-20,73.15935508289894,1984,8
1984-08-21,73.31964727220979,1984,8
1984-08-22,73.49018430728363,1984,8
1984-08-23,73.69757314155804,1984,8
1984-08-24,73.28906144327257,1984,8
1984-08-25,73.30811457124746,1984,8
1984-08-26,73.1709922633048,1984,8
1984-08-27,73.26534991672389,1984,8
1984-08-28,73.13730534446123,1984,8
1984-08-29,73.28575321577696,1984,8
1984-08-30,73.09758122051863,1984,8
1984-08-31,73.31008264523588,1984,8
1984-09-01,73.15203938418117,1984,9
1984-09-02,72.9535076375098,1984,9
1984-09-03,72.94547763584605,1984,9
1984-09-04,72.87023814679434,1984,9
1984-09-05,72.9204550473173,1984,9
1984-09-06,72.87635502333859,1984,9
1984-09-07,72.9215746549569,1984,9
1984-09-08,72.99298452334467,1984,9
1984-09-09,73.38603224471808,1984,9
1984-09-10,73.42749933286686,1984,9
1984-09-11,73.60631393146902,1984,9
1984-09-12,73.26887078328991,1984,9
1984-09-13,73.16771853239675,1984,9
1984-09-14,73.14448222644803,1984,9
1984-09-15,73.12097675229366,1984,9
1984-09-16,73.19551901728877,1984,9
1984-09-17,73.21214889638821,1984,9
1984-09-18,73.11307146028616,1984,9
1984-09-19,73.03257004683911,1984,9
1984-09-20,73.43097364229317,1984,9
1984-09-21,73.34969066528215,1984,9
1984-09-22,73.67306067759671,1984,9
1984-09-23,73.95624794106635,1984,9
1984-09-24,73.89377838398175,1984,9
1984-09-25,74.00997920148635,1984,9
1984-09-26,73.77876240421637,1984,9
1984-09-27,73.815458125985,1984,9
1984-09-28,73.83543432919096,1984,9
1984-09-29,73.89910398415165,1984,9
1984-09-30,73.72219234785956,1984,9
1984-10-01,73.7912889353825,1984,10
1984-10-02,74.02197021737098,1984,10
1984-10-03,73.77636072561666,1984,10
1984-10-04,73.75239308641639,1984,10
1984-10-05,73.82185237751442,1984,10
1984-10-06,73.82413095142095,1984,10
1984-10-07,73.77132520068976,1984,10
1984-10-08,73.6822978918526,1984,10
1984-10-09,73.63333890018691,1984,10
1984-10-10,73.68434870222818,1984,10
1984-10-11,73.37010900609317,1984,10
1984-10-12,73.28931645500228,1984,10
1984-10-13,73.39819106723759,1984,10
1984-10-14,73.53847851681901,1984,10
1984-10-15,73.13773813030569,1984,10
1984-10-16,73.44928022525141,1984,10
1984-10-17,73.31790122394045,1984,10
1984-10-18,73.48041230265109,1984,10
1984-10-19,73.66437560041349,1984,10
1984-10-20,73.74011582606137,1984,10
1984-10-21,73.85706157990215,1984,10
1984-10-22,73.68826865184745,1984,10
1984-10-23,73.69467495146309,1984,10
1984-10-24,73.67399606085203,1984,10
1984-10-25,73.51596118783883,1984,10
1984-10-26,73.54312188182828,1984,10
1984-10-27,73.6837433352377,1984,10
1984-10-28,73.41612803345957,1984,10
1984-10-29,73.36963483685733,1984,10
1984-10-30,73.26463129256095,1984,10
1984-10-31,73.36989675236744,1984,10
1984-11-01,73.26675520833163,1984,11
1984-11-02,72.92015167480483,1984,11
1984-11-03,72.99450287220215,1984,11
1984-11-04,73.13001388076462,1984,11
1984-11-05,72.9270355524293,1984,11
1984-11-06,72.91665597300937,1984,11
1984-11-07,72.80756499612859,1984,11
1984-11-08,72.80347590078803,1984,11
1984-11-09,72.77296680456291,1984,11
1984-11-10,73.04918494492603,1984,11
1984-11-11,72.68058248423982,1984,11
1984-11-12,72.51588790963898,1984,11
1984-11-13,72.42594306055865,1984,11
1984-11-14,72.48295921195898,1984,11
1984-11-15,72.60993065004364,1984,11
1984-11-16,72.54555487514965,1984,11
1984-11-17,72.59640377792735,1984,11
1984-11-18,72.53784486099212,1984,11
1984-11-19,72.50516257407217,1984,11
1984-11-20,72.39495577983243,1984,11
1984-11-21,72.2948846580328,1984,11
1984-11-22,72.17701537747244,1984,11
1984-11-23,72.03388236064715,1984,11
1984-11-24,71.94369106794585,1984,11
1984-11-25,71.94049035946944,1984,11
1984-11-26,71.67782849218005,1984,11
1984-11-27,71.48565063266763,1984,11
1984-11-28,71.58870025821578,1984,11
1984-11-29,71.6548160670485,1984,11
1984-11-30,71.67257386687609,1984,11
1984-12-01,71.62476210848138,1984,12
1984-12-02,71.49612590077186,1984,12
1984-12-03,71.7913644906808,1984,12
1984-12-04,71.95335715416212,1984,12
1984-12-05,72.06923455304818,1984,12
1984-12-06,72.0056161682004,1984,12
1984-12-07,71.96251582053392,1984,12
1984-12-08,71.85616913049293,1984,12
1984-12-09,71.85544054580514,1984,12
1984-12-10,71.86425741641291,1984,12
1984-12-11,71.93781598172241,1984,12
1984-12-12,72.08443840288082,1984,12
1984-12-13,72.16875956117939,1984,12
1984-12-14,71.78154115713177,1984,12
1984-12-15,71.23861803234784,1984,12
1984-12-16,71.49825236506034,1984,12
1984-12-17,71.51224180700854,1984,12
1984-12-18,71.5535941472734,1984,12
1984-12-19,71.32391339791299,1984,12
1984-12-20,71.16690924335231,1984,12
1984-12-21,71.06101208990731,1984,12
1984-12-22,70.98278220601486,1984,12
1984-12-23,71.06927942973388,1984,12
1984-12-24,71.14099820762198,1984,12
1984-12-25,71.03517082100016,1984,12
1984-12-26,70.94377259970392,1984,12
1984-12-27,70.95416512676745,1984,12
1984-12-28,71.07761534812543,1984,12
1984-12-29,71.17585801306669,1984,12
1984-12-30,71.00203440046732,1984,12
1984-12-31,71.42041599486653,1984,12
1985-01-01,70.85672820089714,1985,1
1985-01-02,70.09708906424125,1985,1
1985-01-03,70.22303898928635,1985,1
1985-01-04,70.45319710074396,1985,1
1985-01-05,70.56697512535537,1985,1
1985-01-06,70.52776002468872,1985,1
1985-01-07,70.60158122907218,1985,1
1985-01-08,70.54938347219488,1985,1
1985-01-09,70.80105382260105,1985,1
1985-01-10,70.95279274159711,1985,1
1985-01-11,71.00210250156725,1985,1
1985-01-12,70.97483194064883,1985,1
1985-01-13,71.0079268338639,1985,1
1985-01-14,71.07318104004447,1985,1
1985-01-15,71.10495828723569,1985,1
1985-01-16,71.05603061412704,1985,1
1985-01-17,71.11069529677177,1985,1
1985-01-18,71.41381644092264,1985,1
1985-01-19,71.39314405226527,1985,1
1985-01-20,71.24738100917865,1985,1
1985-01-21,71.06263418520814,1985,1
1985-01-22,71.19576709488041,1985,1
1985-01-23,71.27120923260073,1985,1
1985-01-24,71.41669988183112,1985,1
1985-01-25,71.48768632141278,1985,1
1985-01-26,71.53625132074032,1985,1
1985-01-27,71.61564066984668,1985,1
1985-01-28,71.70672971270679,1985,1
1985-01-29,71.78044111677283,1985,1
1985-01-30,71.81107167198529,1985,1
1985-01-31,71.93546384600401,1985,1
1985-02-01,71.84301044790202,1985,2
1985-02-02,71.6983186731308,1985,2
1985-02-03,71.83186099602648,1985,2
1985-02-04,72.0916390157615,1985,2
1985-02-05,72.31757873881541,1985,2
1985-02-06,72.11631231628098,1985,2
1985-02-07,71.71002089866413,1985,2
1985-02-08,71.85043591635122,1985,2
1985-02-09,72.05366408650868,1985,2
1985-02-10,72.04687900437796,1985,2
1985-02-11,72.03297687102335,1985,2
1985-02-12,71.9727568574081,1985,2
1985-02-13,72.10195554128686,1985,2
1985-02-14,72.19474383710181,1985,2
1985-02-15,72.09462312135128,1985,2
1985-02-16,72.00117153889296,1985,2
1985-02-17,72.1474245391326,1985,2
1985-02-18,72.47776911360316,1985,2
1985-02-19,72.63798107930575,1985,2
1985-02-20,72.7506723180968,1985,2
1985-02-21,72.81594171264663,1985,2
1985-02-22,72.49277138545064,1985,2
1985-02-23,72.65671848681932,1985,2
1985-02-24,72.99462486354257,1985,2
1985-02-25,73.05666198754825,1985,2
1985-02-26,73.13069344429023,1985,2
1985-02-27,73.30089390899033,1985,2
1985-02-28,73.69669899269083,1985,2
1985-03-01,73.740056283337,1985,3
1985-03-02,73.93223745469282,1985,3
1985-03-03,74.06185744196912,1985,3
1985-03-04,74.02924963548456,1985,3
1985-03-05,74.40757701963803,1985,3
1985-03-06,74.32460384818846,1985,3
1985-03-07,74.37373107274922,1985,3
1985-03-08,74.35334082855589,1985,3
1985-03-09,74.40510979219712,1985,3
1985-03-10,74.51604970803417,1985,3
1985-03-11,74.49922204755207,1985,3
1985-03-12,74.56240895586919,1985,3
1985-03-13,74.6058834769086,1985,3
1985-03-14,74.52907881687922,1985,3
1985-03-15,74.27076751031696,1985,3
1985-03-16,74.47235459314375,1985,3
1985-03-17,74.50144936399118,1985,3
1985-03-18,74.40761571540935,1985,3
1985-03-19,74.1042749523937,1985,3
1985-03-20,74.04510959028401,1985,3
1985-03-21,74.15736105266384,1985,3
1985-03-22,74.49113855987854,1985,3
1985-03-23,74.7154012427463,1985,3
1985-03-24,74.57518336264944,1985,3
1985-03-25,74.36419237734403,1985,3
1985-03-26,74.52662792745163,1985,3
1985-03-27,74.9347420490857,1985,3
1985-03-28,75.01810092342917,1985,3
1985-03-29,74.93938185207936,1985,3
1985-03-30,74.66895605653298,1985,3
1985-03-31,74.48925646582656,1985,3
1985-04-01,74.4774822330198,1985,4
1985-04-02,74.24553511632477,1985,4
1985-04-03,74.32562571987431,1985,4
1985-04-04,74.05751073449882,1985,4
1985-04-05,74.21092724668901,1985,4
1985-04-06,74.55885377429928,1985,4
1985-04-07,74.39584945533626,1985,4
1985-04-08,74.55791866120425,1985,4
1985-04-09,74.61278977104523,1985,4
1985-04-10,74.76767943568967,1985,4
1985-04-11,74.53210554210173,1985,4
1985-04-12,74.95080991541464,1985,4
1985-04-13,75.19327503661111,1985,4
1985-04-14,75.10557766093189,1985,4
1985-04-15,74.95650086867546,1985,4
1985-04-16,75.05385255847628,1985,4
1985-04-17,75.31452950361536,1985,4
1985-04-18,75.40798953324055,1985,4
1985-04-19,75.57979116081428,1985,4
1985-04-20,75.75211997509956,1985,4
1985-04-21,75.87474629084589,1985,4
1985-04-22,76.00726228386559,1985,4
1985-04-23,75.95142429503775,1985,4
1985-04-24,75.88624184933208,1985,4
1985-04-25,75.75015261032544,1985,4
1985-04-26,75.99491845250725,1985,4
1985-04-27,75.99504552904264,1985,4
1985-04-28,76.02000280296447,1985,4
1985-04-29,76.01179384727104,1985,4
1985-04-30,76.06646295264063,1985,4
1985-05-01,75.85999614719923,1985,5
1985-05-02,75.65784689456574,1985,5
1985-05-03,75.37659164268943,1985,5
1985-05-04,75.32300096069055,1985,5
1985-05-05,75.42103822398032,1985,5
1985-05-06,75.67028721749013,1985,5
1985-05-07,75.75845172571881,1985,5
1985-05-08,75.99205257448587,1985,5
1985-05-09,75.95409369130712,1985,5
1985-05-10,75.9583032332954,1985,5
1985-05-11,75.77896732449052,1985,5
1985-05-12,75.72916586459073,1985,5
1985-05-13,75.89624515995004,1985,5
1985-05-14,75.92565521597065,1985,5
1985-05-15,75.99012915243523,1985,5
1985-05-16,75.8724809622654,1985,5
1985-05-17,76.12903131477927,1985,5
1985-05-18,76.34650543103389,1985,5
1985-05-19,76.33507493952983,1985,5
1985-05-20,76.36714830111568,1985,5
1985-05-21,76.26197755841342,1985,5
1985-05-22,75.9972748848862,1985,5
1985-05-23,75.7691639111988,1985,5
1985-05-24,75.91422130840111,1985,5
1985-05-25,75.79693157935222,1985,5
1985-05-26,75.64848954743594,1985,5
1985-05-27,75.93162389500286,1985,5
1985-05-28,76.13623183429766,1985,5
1985-05-29,76.12933180136173,1985,5
1985-05-30,76.0298825384857,1985,5
1985-05-31,75.88710564516654,1985,5
1985-06-01,75.30863987232017,1985,6
1985-06-02,75.2139434687753,1985,6
1985-06-03,74.93765779754423,1985,6
1985-06-04,74.97981220957553,1985,6
1985-06-05,75.30423613158177,1985,6
1985-06-06,75.35848774387861,1985,6
1985-06-07,74.91034406953426,1985,6
1985-06-08,74.69707511344942,1985,6
1985-06-09,74.63964386614724,1985,6
1985-06-10,74.76790068074793,1985,6
1985-06-11,74.90162499489874,1985,6
1985-06-12,74.7278795172781,1985,6
1985-06-13,75.19503393632887,1985,6
1985-06-14,75.53525345037457,1985,6
1985-06-15,75.41936022537189,1985,6
1985-06-16,75.28775871980783,1985,6
1985-06-17,75.30962621687209,1985,6
1985-06-18,75.40665974000197,1985,6
1985-06-19,75.3520582705041,1985,6
1985-06-20,75.34221684417201,1985,6
1985-06-21,75.19683156442274,1985,6
1985-06-22,75.35706311583598,1985,6
1985-06-23,75.41595663618891,1985,6
1985-06-24,75.35886519350915,1985,6
1985-06-25,74.98719352425684,1985,6
1985-06-26,74.64599277919287,1985,6
1985-06-27,74.52339625501982,1985,6
1985-06-28,74.21095831281052,1985,6
1985-06-29,74.11525905541758,1985,6
1985-06-30,74.28886028915089,1985,6
1985-07-01,74.47246659095005,1985,7
1985-07-02,74.61176716614494,1985,7
1985-07-03,74.68091587269305,1985,7
1985-07-04,74.58188680341696,1985,7
1985-07-05,74.5078730133602,1985,7
1985-07-06,74.2884252476307,1985,7
1985-07-07,73.95724900239885,1985,7
1985-07-08,74.13584904379005,1985,7
1985-07-09,74.1297731545697,1985,7
1985-07-10,73.90593095172274,1985,7
1985-07-11,73.86237104290544,1985,7
1985-07-12,73.92497295602611,1985,7
1985-07-13,73.70345098076987,1985,7
1985-07-14,73.67386057584875,1985,7
1985-07-15,73.68551252981159,1985,7
1985-07-16,73.1849903376,1985,7
1985-07-17,72.91925858713405,1985,7
1985-07-18,73.14372151500018,1985,7
1985-07-19,73.27936790594578,1985,7
1985-07-20,73.36140355520425,1985,7
1985-07-21,73.41925234738525,1985,7
1985-07-22,73.40980329066639,1985,7
1985-07-23,73.57047057115446,1985,7
1985-07-24,73.61774746214198,1985,7
1985-07-25,73.21485552967675,1985,7
1985-07-26,73.05194932715916,1985,7
1985-07-27,73.12256634191745,1985,7
1985-07-28,73.29179763293371,1985,7
1985-07-29,73.54709353502152,1985,7
1985-07-30,73.34371937297061,1985,7
1985-07-31,73.11558366342524,1985,7
1985-08-01,73.40658350696869,1985,8
1985-08-02,73.55431388271283,1985,8
1985-08-03,73.40069718536577,1985,8
1985-08-04,73.51062385058641,1985,8
1985-08-05,73.38541552727207,1985,8
1985-08-06,73.11281276387956,1985,8
1985-08-07,72.81987022860694,1985,8
1985-08-08,73.15054384938932,1985,8
1985-08-09,73.23752716132756,1985,8
1985-08-10,73.52501638568488,1985,8
1985-08-11,73.44773709972867,1985,8
1985-08-12,73.57092046353708,1985,8
1985-08-13,73.76042185868536,1985,8
1985-08-14,73.89895385916974,1985,8
1985-08-15,73.58333506430348,1985,8
1985-08-16,73.58023226124722,1985,8
1985-08-17,73.70343854310441,1985,8
1985-08-18,73.64584266571951,1985,8
1985-08-19,73.54998210143857,1985,8
1985-08-20,73.42500178891743,1985,8
1985-08-21,73.42243858728273,1985,8
1985-08-22,73.53249710951229,1985,8
1985-08-23,73.53920825010735,1985,8
1985-08-24,73.48563333779263,1985,8
1985-08-25,73.62976440046313,1985,8
1985-08-26,73.68387107272332,1985,8
1985-08-27,73.60289162826007,1985,8
1985-08-28,73.78627657029357,1985,8
1985-08-29,73.74348990588803,1985,8
1985-08-30,73.86624580534188,1985,8
1985-08-31,73.67409320012808,1985,8
1985-09-01,73.58552377597553,1985,9
1985-09-02,73.68020427608474,1985,9
1985-09-03,73.8466455582717,1985,9
1985-09-04,73.78016064743078,1985,9
1985-09-05,73.50939972023791,1985,9
1985-09-06,73.61365384385975,1985,9
1985-09-07,73.69838469095825,1985,9
1985-09-08,73.83857532054441,1985,9
1985-09-09,74.01536872633883,1985,9
1985-09-10,74.05584316121828,1985,9
1985-09-11,73.93925515953852,1985,9
1985-09-12,73.70437679107357,1985,9
1985-09-13,73.61018673160726,1985,9
1985-09-14,73.55020800394396,1985,9
1985-09-15,73.46519859803053,1985,9
1985-09-16,73.55281624905653,1985,9
1985-09-17,73.70844426706762,1985,9
1985-09-18,73.73754638429904,1985,9
1985-09-19,73.84960505090645,1985,9
1985-09-20,74.02217425429887,1985,9
1985-09-21,73.84082309373956,1985,9
1985-09-22,73.72230758982104,1985,9
1985-09-23,73.74115488699923,1985,9
1985-09-24,73.63534918110444,1985,9
1985-09-25,73.38878764572985,1985,9
1985-09-26,73.51430038223391,1985,9
1985-09-27,73.86392571212288,1985,9
1985-09-28,74.083045916419,1985,9
1985-09-29,74.21218574053471,1985,9
1985-09-30,74.19638333619945,1985,9
1985-10-01,74.12972012503133,1985,10
1985-10-02,74.07310592211233,1985,10
1985-10-03,74.00039481462801,1985,10
1985-10-04,73.75411821765827,1985,10
1985-10-05,73.65256638616133,1985,10
1985-10-06,73.4845162622726,1985,10
1985-10-07,72.91703754519048,1985,10
1985-10-08,72.76431066101755,1985,10
1985-10-09,72.68987474070353,1985,10
1985-10-10,73.45751647464428,1985,10
1985-10-11,72.87943318466085,1985,10
1985-10-12,73.05212168936227,1985,10
1985-10-13,73.06112722599433,1985,10
1985-10-14,73.38740846838712,1985,10
1985-10-15,73.51367306854964,1985,10
1985-10-16,73.29410203043064,1985,10
1985-10-17,73.16524213602396,1985,10
1985-10-18,73.22660584167403,1985,10
1985-10-19,73.2738793291198,1985,10
1985-10-20,73.22259002971381,1985,10
1985-10-21,73.31656947458886,1985,10
1985-10-22,73.3197581036519,1985,10
1985-10-23,73.30553733570564,1985,10
1985-10-24,73.29408553154941,1985,10
1985-10-25,73.28419372134015,1985,10
1985-10-26,73.22930222908487,1985,10
1985-10-27,73.39602562754926,1985,10
1985-10-28,73.25012137275814,1985,10
1985-10-29,73.4077551172789,1985,10
1985-10-30,73.20007845633494,1985,10
1985-10-31,73.25116465092405,1985,10
1985-11-01,73.28270713743298,1985,11
1985-11-02,73.24085095600286,1985,11
1985-11-03,73.34558396228346,1985,11
1985-11-04,73.03565541874688,1985,11
1985-11-05,72.83681895310863,1985,11
1985-11-06,72.8315629026852,1985,11
1985-11-07,72.88797553742283,1985,11
1985-11-08,72.8150081701525,1985,11
1985-11-09,72.91014284845086,1985,11
1985-11-10,72.76423802086477,1985,11
1985-11-11,72.62796031634805,1985,11
1985-11-12,72.93893703000154,1985,11
1985-11-13,72.5469556898047,1985,11
1985-11-14,72.49491397920863,1985,11
1985-11-15,72.54567057354639,1985,11
1985-11-16,72.65685761041199,1985,11
1985-11-17,72.69828511782397,1985,11
1985-11-18,72.64847944522694,1985,11
1985-11-19,72.65734113711906,1985,11
1985-11-20,72.57427616430888,1985,11
1985-11-21,72.59154073107084,1985,11
1985-11-22,72.58421225530432,1985,11
1985-11-23,72.70701364134443,1985,11
1985-11-24,72.40085087082514,1985,11
1985-11-25,72.41907307558988,1985,11
1985-11-26,72.33572671968888,1985,11
1985-11-27,72.21623542947418,1985,11
1985-11-28,72.14632851223982,1985,11
1985-11-29,72.05781782755442,1985,11
1985-11-30,72.0505535062903,1985,11
1985-12-01,72.3055970342311,1985,12
1985-12-02,72.12401188526813,1985,12
1985-12-03,72.12234125747113,1985,12
1985-12-04,72.05145237132503,1985,12
1985-12-05,71.98958862380722,1985,12
1985-12-06,72.04384903466789,1985,12
1985-12-07,72.08791476014041,1985,12
1985-12-08,72.23079933711796,1985,12
1985-12-09,71.72768791853701,1985,12
1985-12-10,71.39357171031591,1985,12
1985-12-11,71.3117756346168,1985,12
1985-12-12,71.42608647526329,1985,12
1985-12-13,71.53551325449475,1985,12
1985-12-14,71.75938193540695,1985,12
1985-12-15,71.94920393321236,1985,12
1985-12-16,72.13744691789755,1985,12
1985-12-17,71.93552858302921,1985,12
1985-12-18,71.82649702017308,1985,12
1985-12-19,71.89083347997969,1985,12
1985-12-20,71.7001081552615,1985,12
1985-12-21,71.76125391736709,1985,12
1985-12-22,71.77873914426782,1985,12
1985-12-23,72.02813689519134,1985,12
1985-12-24,71.70641392392668,1985,12
1985-12-25,71.7314521752371,1985,12
1985-12-26,71.5140923515547,1985,12
1985-12-27,71.23605771978927,1985,12
1985-12-28,71.51901083593285,1985,12
1985-12-29,70.99147751539601,1985,12
1985-12-30,70.98061664486467,1985,12
1985-12-31,70.97489674046962,1985,12
1986-01-01,70.41034027968614,1986,1
1986-01-02,70.37590213039915,1986,1
1986-01-03,70.14516686693763,1986,1
1986-01-04,70.41832595472943,1986,1
1986-01-05,70.62126731786569,1986,1
1986-01-06,70.45839743494129,1986,1
1986-01-07,70.70728697924324,1986,1
1986-01-08,70.76933050951045,1986,1
1986-01-09,70.85169292888285,1986,1
1986-01-10,71.13092961039106,1986,1
1986-01-11,71.16029395055591,1986,1
1986-01-12,70.8357714781378,1986,1
1986-01-13,70.85991730744948,1986,1
1986-01-14,70.97568837170707,1986,1
1986-01-15,70.79814840247002,1986,1
1986-01-16,70.31286043846809,1986,1
1986-01-17,70.92801782630129,1986,1
1986-01-18,70.62272227991647,1986,1
1986-01-19,70.72388639215878,1986,1
1986-01-20,70.72717336282395,1986,1
1986-01-21,70.76393753656642,1986,1
1986-01-22,71.18332304116517,1986,1
1986-01-23,71.39509460373291,1986,1
1986-01-24,71.3979581319913,1986,1
1986-01-25,71.35454980944482,1986,1
1986-01-26,71.34564490564645,1986,1
1986-01-27,71.11001746831168,1986,1
1986-01-28,71.29459290706515,1986,1
1986-01-29,71.17433214360916,1986,1
1986-01-30,71.16025210260649,1986,1
1986-01-31,71.1499603887563,1986,1
1986-02-01,71.35569042190743,1986,2
1986-02-02,71.45824950599176,1986,2
1986-02-03,71.6435843110402,1986,2
1986-02-04,71.80552732046517,1986,2
1986-02-05,71.62364978742895,1986,2
1986-02-06,71.76524656070642,1986,2
1986-02-07,71.57964816401964,1986,2
1986-02-08,71.4838048785817,1986,2
1986-02-09,71.61581537298684,1986,2
1986-02-10,71.30543493406151,1986,2
1986-02-11,70.85551687827711,1986,2
1986-02-12,71.23084841274475,1986,2
1986-02-13,71.21076576217652,1986,2
1986-02-14,71.50127411403349,1986,2
1986-02-15,71.23865644262176,1986,2
1986-02-16,71.16776004781399,1986,2
1986-02-17,71.26829600763293,1986,2
1986-02-18,71.5017685253479,1986,2
1986-02-19,71.67042890595475,1986,2
1986-02-20,71.8678738612034,1986,2
1986-02-21,71.81471769354665,1986,2
1986-02-22,71.76180052693456,1986,2
1986-02-23,71.90742516050793,1986,2
1986-02-24,71.80553754966562,1986,2
1986-02-25,72.00191227497305,1986,2
1986-02-26,72.00369054951159,1986,2
1986-02-27,72.24722193535364,1986,2
1986-02-28,72.25114706747726,1986,2
1986-03-01,72.30105218949758,1986,3
1986-03-02,72.39627962205483,1986,3
1986-03-03,72.5207826525049,1986,3
1986-03-04,72.68021313505602,1986,3
1986-03-05,73.17519098662815,1986,3
1986-03-06,73.069377654865,1986,3
1986-03-07,73.212183702305,1986,3
1986-03-08,73.25608155935682,1986,3
1986-03-09,73.42826203723642,1986,3
1986-03-10,73.63776440876542,1986,3
1986-03-11,73.76958151258886,1986,3
1986-03-12,73.63924628314754,1986,3
1986-03-13,73.66990324849301,1986,3
1986-03-14,73.74941325136041,1986,3
1986-03-15,73.43790578152309,1986,3
1986-03-16,73.20670970165041,1986,3
1986-03-17,73.1099663700769,1986,3
1986-03-18,73.20450870776737,1986,3
1986-03-19,73.44965154485041,1986,3
1986-03-20,73.40447213777233,1986,3
1986-03-21,73.26616346169199,1986,3
1986-03-22,73.13991499623116,1986,3
1986-03-23,73.4438933317864,1986,3
1986-03-24,73.46498722584715,1986,3
1986-03-25,73.62075731753892,1986,3
1986-03-26,73.91202311695139,1986,3
1986-03-27,73.96959205456297,1986,3
1986-03-28,74.37565869401426,1986,3
1986-03-29,74.66091062501113,1986,3
1986-03-30,74.76558160632597,1986,3
1986-03-31,74.58967298708255,1986,3
1986-04-01,74.19498855754831,1986,4
1986-04-02,74.17626966322042,1986,4
1986-04-03,74.34400457915505,1986,4
1986-04-04,74.12895945096977,1986,4
1986-04-05,74.04829451472234,1986,4
1986-04-06,74.23847826480859,1986,4
1986-04-07,74.3992422113192,1986,4
1986-04-08,74.78538714093665,1986,4
1986-04-09,74.89282755416559,1986,4
1986-04-10,74.87625994691658,1986,4
1986-04-11,74.96659351949806,1986,4
1986-04-12,75.16190999774695,1986,4
1986-04-13,75.06492077980758,1986,4
1986-04-14,75.16062317544547,1986,4
1986-04-15,75.20851790454377,1986,4
1986-04-16,75.20914476910242,1986,4
1986-04-17,75.62455159719136,1986,4
1986-04-18,75.3436366783598,1986,4
1986-04-19,75.37548768252564,1986,4
1986-04-20,75.74588302000127,1986,4
1986-04-21,75.82633582480204,1986,4
1986-04-22,75.95175689411563,1986,4
1986-04-23,75.63814450934646,1986,4
1986-04-24,75.77425108582314,1986,4
1986-04-25,75.46530522960387,1986,4
1986-04-26,74.6290696153769,1986,4
1986-04-27,74.54996175136327,1986,4
1986-04-28,74.58291832415534,1986,4
1986-04-29,74.6758224779876,1986,4
1986-04-30,74.62714375518408,1986,4
1986-05-01,74.92823833208931,1986,5
1986-05-02,75.07153382051143,1986,5
1986-05-03,75.2218425680325,1986,5
1986-05-04,75.15815288911165,1986,5
1986-05-05,75.19646142552274,1986,5
1986-05-06,75.50697193432285,1986,5
1986-05-07,75.64821325772199,1986,5
1986-05-08,75.55165049894345,1986,5
1986-05-09,75.39924353964338,1986,5
1986-05-10,75.32130829733569,1986,5
1986-05-11,75.40980354821353,1986,5
1986-05-12,75.46127757615928,1986,5
1986-05-13,75.67993236763196,1986,5
1986-05-14,75.68782974578394,1986,5
1986-05-15,75.69376636279557,1986,5
1986-05-16,75.62302456851752,1986,5
1986-05-17,75.39242614348673,1986,5
1986-05-18,75.38092094992976,1986,5
1986-05-19,75.42932651943518,1986,5
1986-05-20,74.8740039336169,1986,5
1986-05-21,74.97739441292853,1986,5
1986-05-22,74.9930767372085,1986,5
1986-05-23,75.25413642185741,1986,5
1986-05-24,75.52471096557719,1986,5
1986-05-25,75.67288607166725,1986,5
1986-05-26,76.04746055246689,1986,5
1986-05-27,75.80247983672196,1986,5
1986-05-28,75.14288908865043,1986,5
1986-05-29,75.22173724955104,1986,5
1986-05-30,74.8067408888664,1986,5
1986-05-31,74.87494187350642,1986,5
1986-06-01,74.57123036736837,1986,6
1986-06-02,74.96709797020338,1986,6
1986-06-03,75.28867595195338,1986,6
1986-06-04,75.3759707504283,1986,6
1986-06-05,75.4716691477736,1986,6
1986-06-06,75.58363698259936,1986,6
1986-06-07,75.80982185672119,1986,6
1986-06-08,76.29481759894992,1986,6
1986-06-09,76.13967411596624,1986,6
1986-06-10,76.20897128679785,1986,6
1986-06-11,76.05547225734449,1986,6
1986-06-12,76.01462056491101,1986,6
1986-06-13,75.83319505402882,1986,6
1986-06-14,75.73085068801369,1986,6
1986-06-15,75.24801870789501,1986,6
1986-06-16,75.3491259907868,1986,6
1986-06-17,74.97479650917612,1986,6
1986-06-18,74.88305321978112,1986,6
1986-06-19,74.93348740461934,1986,6
1986-06-20,74.67821145432492,1986,6
1986-06-21,74.16239447811886,1986,6
1986-06-22,74.21521823696033,1986,6
1986-06-23,74.37316550782857,1986,6
1986-06-24,74.21250666632699,1986,6
1986-06-25,73.7741491371379,1986,6
1986-06-26,73.56123294133644,1986,6
1986-06-27,73.41066862766286,1986,6
1986-06-28,73.27589441108715,1986,6
1986-06-29,73.45288267981792,1986,6
1986-06-30,73.54237741275814,1986,6
1986-07-01,73.72577272284191,1986,7
1986-07-02,73.8526625562198,1986,7
1986-07-03,74.17275847571717,1986,7
1986-07-04,74.47435238619484,1986,7
1986-07-05,74.52401223957777,1986,7
1986-07-06,74.30726210170624,1986,7
1986-07-07,74.28302188335891,1986,7
1986-07-08,73.68683755007956,1986,7
1986-07-09,73.83443109638556,1986,7
1986-07-10,73.58243563064036,1986,7
1986-07-11,73.79563535177265,1986,7
1986-07-12,74.01269409444556,1986,7
1986-07-13,74.39705959942651,1986,7
1986-07-14,74.13959335886584,1986,7
1986-07-15,73.97192112395197,1986,7
1986-07-16,73.72571069849869,1986,7
1986-07-17,73.76564816723531,1986,7
1986-07-18,73.4170556187912,1986,7
1986-07-19,73.2652380394288,1986,7
1986-07-20,73.42358321123251,1986,7
1986-07-21,73.60086161234418,1986,7
1986-07-22,73.29859209541317,1986,7
1986-07-23,73.40033834237414,1986,7
1986-07-24,73.01989698313311,1986,7
1986-07-25,73.13352121272459,1986,7
1986-07-26,73.16148812965979,1986,7
1986-07-27,73.05184565271021,1986,7
1986-07-28,72.85899361552889,1986,7
1986-07-29,73.08527650731448,1986,7
1986-07-30,73.31223057484294,1986,7
1986-07-31,73.22470158178433,1986,7
1986-08-01,73.12675154026381,1986,8
1986-08-02,73.04122651255935,1986,8
1986-08-03,73.43722736374451,1986,8
1986-08-04,73.4364321752967,1986,8
1986-08-05,73.19949384054357,1986,8
1986-08-06,73.55825980436165,1986,8
1986-08-07,73.36862794857107,1986,8
1986-08-08,73.26137831884476,1986,8
1986-08-09,73.48475255275223,1986,8
1986-08-10,73.54888365976035,1986,8
1986-08-11,73.57805880274299,1986,8
1986-08-12,73.65443014709373,1986,8
1986-08-13,73.28791701932396,1986,8
1986-08-14,73.29451673190728,1986,8
1986-08-15,73.02159876023863,1986,8
1986-08-16,73.30590929558856,1986,8
1986-08-17,73.34538049790913,1986,8
1986-08-18,73.32368627561168,1986,8
1986-08-19,73.18135987526638,1986,8
1986-08-20,73.12674785065393,1986,8
1986-08-21,73.18590948633658,1986,8
1986-08-22,73.15299145598728,1986,8
1986-08-23,73.5532748216619,1986,8
1986-08-24,73.42983501140768,1986,8
1986-08-25,73.57695559363856,1986,8
1986-08-26,73.65285231484917,1986,8
1986-08-27,73.6800282387367,1986,8
1986-08-28,73.77781511039215,1986,8
1986-08-29,74.1564759483343,1986,8
1986-08-30,74.2719039323467,1986,8
1986-08-31,74.00867620919921,1986,8
1986-09-01,73.99882940423866,1986,9
1986-09-02,74.08929900879264,1986,9
1986-09-03,74.16966003193828,1986,9
1986-09-04,74.01629670708091,1986,9
1986-09-05,74.0202623995022,1986,9
1986-09-06,74.12373915337344,1986,9
1986-09-07,74.19690734984486,1986,9
1986-09-08,74.34284518404326,1986,9
1986-09-09,74.01656531692366,1986,9
1986-09-10,73.78062091115375,1986,9
1986-09-11,73.60064659116702,1986,9
1986-09-12,73.43739619140624,1986,9
1986-09-13,73.38540236657349,1986,9
1986-09-14,73.28008227274039,1986,9
1986-09-15,73.36468516132939,1986,9
1986-09-16,73.55485385573523,1986,9
1986-09-17,73.86934636887014,1986,9
1986-09-18,74.04855587491801,1986,9
1986-09-19,74.21874767735935,1986,9
1986-09-20,74.28022565746285,1986,9
1986-09-21,74.21739464228885,1986,9
1986-09-22,74.24714891891702,1986,9
1986-09-23,74.05527953948543,1986,9
1986-09-24,73.86511173421505,1986,9
1986-09-25,73.89887505234488,1986,9
1986-09-26,73.54566661257704,1986,9
1986-09-27,73.27639643221734,1986,9
1986-09-28,73.10752961161239,1986,9
1986-09-29,73.00601485860788,1986,9
1986-09-30,73.22291438631534,1986,9
1986-10-01,73.36162897624659,1986,10
1986-10-02,73.42579475731073,1986,10
1986-10-03,73.63410176365969,1986,10
1986-10-04,73.60796829333081,1986,10
1986-10-05,73.54885251718864,1986,10
1986-10-06,73.48698466811568,1986,10
1986-10-07,73.52328361181091,1986,10
1986-10-08,73.4026226321352,1986,10
1986-10-09,73.53905803394684,1986,10
1986-10-10,73.79284083914582,1986,10
1986-10-11,73.9493048753849,1986,10
1986-10-12,73.97066700180959,1986,10
1986-10-13,73.89627039784648,1986,10
1986-10-14,74.01025524539112,1986,10
1986-10-15,74.02312860783552,1986,10
1986-10-16,73.79814828516048,1986,10
1986-10-17,73.4773112114977,1986,10
1986-10-18,73.22787209174072,1986,10
1986-10-19,73.37638361714863,1986,10
1986-10-20,73.47521720315513,1986,10
1986-10-21,73.44746437427766,1986,10
1986-10-22,73.43355428716448,1986,10
1986-10-23,73.36524233485542,1986,10
1986-10-24,73.34316756330274,1986,10
1986-10-25,73.44693634728694,1986,10
1986-10-26,73.32439347362946,1986,10
1986-10-27,73.53533498645615,1986,10
1986-10-28,73.297470331039,1986,10
1986-10-29,73.53701666644245,1986,10
1986-10-30,73.26753610536497,1986,10
1986-10-31,73.21086118692614,1986,10
1986-11-01,73.1747127486936,1986,11
1986-11-02,73.19756073494304,1986,11
1986-11-03,73.03610326172921,1986,11
1986-11-04,72.97354975907697,1986,11
1986-11-05,72.98784322843156,1986,11
1986-11-06,72.78217205077951,1986,11
1986-11-07,72.71387616681051,1986,11
1986-11-08,72.7237089394544,1986,11
1986-11-09,72.74806404551548,1986,11
1986-11-10,72.56286936696169,1986,11
1986-11-11,72.8863640423401,1986,11
1986-11-12,73.276395748063,1986,11
1986-11-13,72.99139453792112,1986,11
1986-11-14,72.96835823936762,1986,11
1986-11-15,72.93724494597534,1986,11
1986-11-16,72.7675224631618,1986,11
1986-11-17,72.72711065581099,1986,11
1986-11-18,72.52988665790953,1986,11
1986-11-19,72.343462423792,1986,11
1986-11-20,72.30457510953457,1986,11
1986-11-21,72.26595987159087,1986,11
1986-11-22,72.30852313501723,1986,11
1986-11-23,72.42481413761394,1986,11
1986-11-24,72.42318663175799,1986,11
1986-11-25,72.31807595357337,1986,11
1986-11-26,72.1803902851722,1986,11
1986-11-27,71.97899471601278,1986,11
1986-11-28,71.77803869808801,1986,11
1986-11-29,72.06758531551138,1986,11
1986-11-30,71.72555405164667,1986,11
1986-12-01,71.60620964542669,1986,12
1986-12-02,71.57242538992352,1986,12
1986-12-03,71.57859504555599,1986,12
1986-12-04,71.99706743478835,1986,12
1986-12-05,71.87285450967225,1986,12
1986-12-06,71.90568659265583,1986,12
1986-12-07,71.98864774031367,1986,12
1986-12-08,71.78393935896528,1986,12
1986-12-09,71.76770100092499,1986,12
1986-12-10,71.78447407886566,1986,12
1986-12-11,71.76245189617428,1986,12
1986-12-12,71.59797306409567,1986,12
1986-12-13,71.35990554550708,1986,12
1986-12-14,70.99580041450417,1986,12
1986-12-15,70.53355643454465,1986,12
1986-12-16,70.46344719377173,1986,12
1986-12-17,70.38562738029404,1986,12
1986-12-18,70.42214325836102,1986,12
1986-12-19,70.40904866061243,1986,12
1986-12-20,70.5028415041565,1986,12
1986-12-21,70.51685082733196,1986,12
1986-12-22,70.69287692648979,1986,12
1986-12-23,70.8341389291774,1986,12
1986-12-24,70.71220674292722,1986,12
1986-12-25,70.61673610074547,1986,12
1986-12-26,70.45202341684299,1986,12
1986-12-27,70.58238755449615,1986,12
1986-12-28,70.44580576815258,1986,12
1986-12-29,70.33159827141996,1986,12
1986-12-30,70.54026415056387,1986,12
1986-12-31,70.64409202390482,1986,12
1987-01-01,70.55977818833748,1987,1
1987-01-02,71.02309440318703,1987,1
1987-01-03,71.06871024740568,1987,1
1987-01-04,70.80401236247816,1987,1
1987-01-05,71.24132113632932,1987,1
1987-01-06,71.11769719113697,1987,1
1987-01-07,71.30753187576363,1987,1
1987-01-08,71.3027990931556,1987,1
1987-01-09,71.3028394302929,1987,1
1987-01-10,71.09197384649883,1987,1
1987-01-11,71.07509751348994,1987,1
1987-01-12,71.04922140649076,1987,1
1987-01-13,71.25437965637788,1987,1
1987-01-14,70.89650946226287,1987,1
1987-01-15,71.0309556603655,1987,1
1987-01-16,71.17771447579554,1987,1
1987-01-17,70.97575438118653,1987,1
1987-01-18,70.8746904232858,1987,1
1987-01-19,70.69355754886635,1987,1
1987-01-20,71.08580457825944,1987,1
1987-01-21,71.07763723776564,1987,1
1987-01-22,71.11442133753326,1987,1
1987-01-23,71.27995273539386,1987,1
1987-01-24,71.53349505937246,1987,1
1987-01-25,71.56566887676343,1987,1
1987-01-26,71.43244584957029,1987,1
1987-01-27,71.90284376774356,1987,1
1987-01-28,72.0491515949715,1987,1
1987-01-29,72.11977713137043,1987,1
1987-01-30,71.84808544811146,1987,1
1987-01-31,72.22926182656211,1987,1
1987-02-01,72.2877253671891,1987,2
1987-02-02,72.29334050792696,1987,2
1987-02-03,72.21251781325445,1987,2
1987-02-04,72.0343377842865,1987,2
1987-02-05,71.65595282574326,1987,2
1987-02-06,71.97752677507599,1987,2
1987-02-07,71.91406433786513,1987,2
1987-02-08,72.2600363981948,1987,2
1987-02-09,72.18045015272905,1987,2
1987-02-10,72.25760099615432,1987,2
1987-02-11,72.26702626230471,1987,2
1987-02-12,72.40235508935645,1987,2
1987-02-13,72.51417849922134,1987,2
1987-02-14,72.6722889924022,1987,2
1987-02-15,72.60458805583167,1987,2
1987-02-16,72.2331613878309,1987,2
1987-02-17,72.22067797976436,1987,2
1987-02-18,72.28528105627773,1987,2
1987-02-19,72.32702519752898,1987,2
1987-02-20,72.61262343369022,1987,2
1987-02-21,72.62553425980546,1987,2
1987-02-22,72.78569398426075,1987,2
1987-02-23,72.7838146726252,1987,2
1987-02-24,73.02146435427204,1987,2
1987-02-25,72.72341345137616,1987,2
1987-02-26,72.30602601217412,1987,2
1987-02-27,72.6211100523493,1987,2
1987-02-28,72.32744270462224,1987,2
1987-03-01,72.382793242324,1987,3
1987-03-02,72.50722716027276,1987,3
1987-03-03,72.65340600829559,1987,3
1987-03-04,72.8238571831065,1987,3
1987-03-05,73.05054976493942,1987,3
1987-03-06,72.97883259566655,1987,3
1987-03-07,73.2320333267438,1987,3
1987-03-08,73.03941141940219,1987,3
1987-03-09,73.11248504150261,1987,3
1987-03-10,73.13850560809541,1987,3
1987-03-11,72.99605700281451,1987,3
1987-03-12,72.41395810276084,1987,3
1987-03-13,72.37505805593145,1987,3
1987-03-14,72.50863412394035,1987,3
1987-03-15,73.27828338467064,1987,3
1987-03-16,73.32002794819135,1987,3
1987-03-17,73.51386090932229,1987,3
1987-03-18,73.51509311452699,1987,3
1987-03-19,73.69177293054929,1987,3
1987-03-20,73.5062804930774,1987,3
1987-03-21,73.60761583405974,1987,3
1987-03-22,73.56207098816837,1987,3
1987-03-23,73.6987204514913,1987,3
1987-03-24,73.994709727124,1987,3
1987-03-25,74.3798587445517,1987,3
1987-03-26,74.30743041675035,1987,3
1987-03-27,74.01786228511143,1987,3
1987-03-28,74.11000458057914,1987,3
1987-03-29,74.44001544369138,1987,3
1987-03-30,74.31044580460623,1987,3
1987-03-31,74.60333388458845,1987,3
1987-04-01,74.63754704821888,1987,4
1987-04-02,74.73938406196432,1987,4
1987-04-03,74.58702707517277,1987,4
1987-04-04,74.53517702308368,1987,4
1987-04-05,74.74833105593872,1987,4
1987-04-06,74.93286512529404,1987,4
1987-04-07,75.25122682854463,1987,4
1987-04-08,75.10103086712942,1987,4
1987-04-09,74.83607931551138,1987,4
1987-04-10,74.27708511790475,1987,4
1987-04-11,74.25368266265565,1987,4
1987-04-12,74.41102381152078,1987,4
1987-04-13,74.49567220860119,1987,4
1987-04-14,74.72761478746267,1987,4
1987-04-15,74.94594521764353,1987,4
1987-04-16,75.2289413153764,1987,4
1987-04-17,75.3900315943836,1987,4
1987-04-18,75.55344895897338,1987,4
1987-04-19,75.60536151120162,1987,4
1987-04-20,75.57324571186925,1987,4
1987-04-21,75.76971671005604,1987,4
1987-04-22,75.94791381350039,1987,4
1987-04-23,75.97022372314596,1987,4
1987-04-24,75.44671035223237,1987,4
1987-04-25,74.67736501632291,1987,4
1987-04-26,74.78986382661786,1987,4
1987-04-27,74.93767429954856,1987,4
1987-04-28,74.98823501151752,1987,4
1987-04-29,75.1135704727446,1987,4
1987-04-30,75.02361438602001,1987,4
1987-05-01,74.80576248478016,1987,5
1987-05-02,74.15948692640616,1987,5
1987-05-03,73.79095046729547,1987,5
1987-05-04,73.86526797499918,1987,5
1987-05-05,74.26554463328674,1987,5
1987-05-06,74.66264354497231,1987,5
1987-05-07,74.53903573072087,1987,5
1987-05-08,74.44943165833143,1987,5
1987-05-09,74.37533316142175,1987,5
1987-05-10,74.08629452328594,1987,5
1987-05-11,74.41417252249533,1987,5
1987-05-12,74.86353495117224,1987,5
1987-05-13,74.55641274372516,1987,5
1987-05-14,74.76023702698734,1987,5
1987-05-15,74.81917777033988,1987,5
1987-05-16,75.013023152467,1987,5
1987-05-17,75.27368836151064,1987,5
1987-05-18,75.48422073432286,1987,5
1987-05-19,75.67601479334759,1987,5
1987-05-20,75.93688420268289,1987,5
1987-05-21,75.74390978999791,1987,5
1987-05-22,75.96243047322592,1987,5
1987-05-23,75.59390115728564,1987,5
1987-05-24,75.3777880958749,1987,5
1987-05-25,75.57849998800336,1987,5
1987-05-26,75.93241425723811,1987,5
1987-05-27,76.03710412627878,1987,5
1987-05-28,75.84196853772072,1987,5
1987-05-29,75.87912443455596,1987,5
1987-05-30,75.99141112763976,1987,5
1987-05-31,75.98018628763344,1987,5
1987-06-01,76.16103430095905,1987,6
1987-06-02,76.06036898824152,1987,6
1987-06-03,75.95328700028547,1987,6
1987-06-04,75.66490264428852,1987,6
1987-06-05,75.88892451535233,1987,6
1987-06-06,76.0656178629878,1987,6
1987-06-07,76.04119045393914,1987,6
1987-06-08,75.92677438894786,1987,6
1987-06-09,75.43599542341192,1987,6
1987-06-10,74.54233775750166,1987,6
1987-06-11,74.77302989703692,1987,6
1987-06-12,74.83564419839733,1987,6
1987-06-13,74.86692514832633,1987,6
1987-06-14,74.8557696772051,1987,6
1987-06-15,75.21656504256522,1987,6
1987-06-16,75.23203050876663,1987,6
1987-06-17,74.92537495495898,1987,6
1987-06-18,75.17490606778824,1987,6
1987-06-19,75.29268936235376,1987,6
1987-06-20,75.52665949611922,1987,6
1987-06-21,75.47196586090054,1987,6
1987-06-22,75.59269541583856,1987,6
1987-06-23,75.19127747678633,1987,6
1987-06-24,75.27577300941213,1987,6
1987-06-25,75.49710645678431,1987,6
1987-06-26,75.56965468554255,1987,6
1987-06-27,75.58196724412058,1987,6
1987-06-28,75.5442119993577,1987,6
1987-06-29,75.62879107000808,1987,6
1987-06-30,75.26123571454548,1987,6
1987-07-01,75.05445083724422,1987,7
1987-07-02,74.9802251506031,1987,7
1987-07-03,74.72442790846148,1987,7
1987-07-04,74.5851087538142,1987,7
1987-07-05,74.58879188169587,1987,7
1987-07-06,74.26706931916769,1987,7
1987-07-07,74.00871394201995,1987,7
1987-07-08,73.99912109919462,1987,7
1987-07-09,74.2051261530002,1987,7
1987-07-10,74.15934425205182,1987,7
1987-07-11,74.11938866228998,1987,7
1987-07-12,74.17149649353436,1987,7
1987-07-13,73.89505883014593,1987,7
1987-07-14,73.89538098841969,1987,7
1987-07-15,74.05168885744875,1987,7
1987-07-16,74.29608234583475,1987,7
1987-07-17,74.43571204848863,1987,7
1987-07-18,74.52229225271019,1987,7
1987-07-19,74.52375604210958,1987,7
1987-07-20,74.42129767767207,1987,7
1987-07-21,74.46711888351149,1987,7
1987-07-22,74.55461456988834,1987,7
1987-07-23,74.35210814245625,1987,7
1987-07-24,74.47032070171264,1987,7
1987-07-25,74.23027622781116,1987,7
1987-07-26,73.9872777135311,1987,7
1987-07-27,73.74001967051554,1987,7
1987-07-28,74.03152721309233,1987,7
1987-07-29,74.16719518642805,1987,7
1987-07-30,74.37947363971118,1987,7
1987-07-31,74.51191063633026,1987,7
1987-08-01,74.40455480475497,1987,8
1987-08-02,74.51503729490608,1987,8
1987-08-03,74.50142299733402,1987,8
1987-08-04,74.34328806310361,1987,8
1987-08-05,74.18652150670393,1987,8
1987-08-06,73.93673196703725,1987,8
1987-08-07,73.78229724862302,1987,8
1987-08-08,73.63429715236909,1987,8
1987-08-09,74.02457796023339,1987,8
1987-08-10,74.22980897448834,1987,8
1987-08-11,74.24913473316155,1987,8
1987-08-12,73.95595902063943,1987,8
1987-08-13,73.70386223075724,1987,8
1987-08-14,73.59766389153005,1987,8
1987-08-15,73.61880395885994,1987,8
1987-08-16,73.94296438514604,1987,8
1987-08-17,74.14068253081416,1987,8
1987-08-18,74.34240663474502,1987,8
1987-08-19,74.36135065524275,1987,8
1987-08-20,74.1305912641919,1987,8
1987-08-21,73.81152487256345,1987,8
1987-08-22,73.64413371748995,1987,8
1987-08-23,73.93113520515789,1987,8
1987-08-24,73.9561365963325,1987,8
1987-08-25,73.7098605236489,1987,8
1987-08-26,73.53724301050997,1987,8
1987-08-27,73.55143109230471,1987,8
1987-08-28,73.41255127032493,1987,8
1987-08-29,73.15093014511253,1987,8
1987-08-30,73.31569435893371,1987,8
1987-08-31,73.47161176539574,1987,8
1987-09-01,73.55867084271142,1987,9
1987-09-02,73.64712270465009,1987,9
1987-09-03,73.78475015883505,1987,9
1987-09-04,73.75818540958916,1987,9
1987-09-05,73.57189097737208,1987,9
1987-09-06,73.72722769709125,1987,9
1987-09-07,73.77427349751231,1987,9
1987-09-08,73.8017032446807,1987,9
1987-09-09,73.73784828558179,1987,9
1987-09-10,73.64741953870237,1987,9
1987-09-11,73.67911413224127,1987,9
1987-09-12,73.82330902061906,1987,9
1987-09-13,73.94632782120266,1987,9
1987-09-14,74.16665719440094,1987,9
1987-09-15,74.10350558405757,1987,9
1987-09-16,74.0960581740909,1987,9
1987-09-17,74.12556528147458,1987,9
1987-09-18,74.25923818509527,1987,9
1987-09-19,74.41091101074365,1987,9
1987-09-20,74.4868908394216,1987,9
1987-09-21,74.43154519689551,1987,9
1987-09-22,74.20230031938748,1987,9
1987-09-23,74.04112099011827,1987,9
1987-09-24,74.11360715403542,1987,9
1987-09-25,74.23011009741883,1987,9
1987-09-26,74.44645045943106,1987,9
1987-09-27,74.45638207472197,1987,9
1987-09-28,74.40322863119188,1987,9
1987-09-29,74.3102572612356,1987,9
1987-09-30,74.34617757137644,1987,9
1987-10-01,74.39289630451034,1987,10
1987-10-02,74.36850617373621,1987,10
1987-10-03,74.1671039954704,1987,10
1987-10-04,73.89550882663293,1987,10
1987-10-05,73.7790239119035,1987,10
1987-10-06,73.79165527930415,1987,10
1987-10-07,73.88069067035667,1987,10
1987-10-08,73.98497562881043,1987,10
1987-10-09,73.93814491756935,1987,10
1987-10-10,73.98942442322704,1987,10
1987-10-11,73.96901202503408,1987,10
1987-10-12,74.05627224466102,1987,10
1987-10-13,74.13354656646185,1987,10
1987-10-14,74.17533954802718,1987,10
1987-10-15,74.19323766648745,1987,10
1987-10-16,73.99118093105196,1987,10
1987-10-17,73.7686796346754,1987,10
1987-10-18,73.32162925511832,1987,10
1987-10-19,72.94988979394536,1987,10
1987-10-20,72.78910617619383,1987,10
1987-10-21,72.857848313969,1987,10
1987-10-22,73.10747603559301,1987,10
1987-10-23,73.20228034082825,1987,10
1987-10-24,73.33277259070712,1987,10
1987-10-25,73.45237286505116,1987,10
1987-10-26,73.46450378227091,1987,10
1987-10-27,73.4854129453144,1987,10
1987-10-28,73.50266042618175,1987,10
1987-10-29,73.52996178721978,1987,10
1987-10-30,73.59119107594061,1987,10
1987-10-31,73.45844792989483,1987,10
1987-11-01,73.43717867831437,1987,11
1987-11-02,73.27133894040317,1987,11
1987-11-03,73.04497795879442,1987,11
1987-11-04,72.82661314922217,1987,11
1987-11-05,72.50692169415113,1987,11
1987-11-06,72.80342853130198,1987,11
1987-11-07,72.96071570893415,1987,11
1987-11-08,73.14572432190249,1987,11
1987-11-09,73.00251750530866,1987,11
1987-11-10,72.90394040621183,1987,11
1987-11-11,72.91467444201622,1987,11
1987-11-12,72.90647886003828,1987,11
1987-11-13,72.71224899285446,1987,11
1987-11-14,72.3317109361634,1987,11
1987-11-15,72.35791419830073,1987,11
1987-11-16,72.47115751703654,1987,11
1987-11-17,72.67458344986207,1987,11
1987-11-18,72.70104585988113,1987,11
1987-11-19,72.51482742499148,1987,11
1987-11-20,72.34816206408266,1987,11
1987-11-21,72.43194130887423,1987,11
1987-11-22,72.37393682903857,1987,11
1987-11-23,72.44739864635963,1987,11
1987-11-24,72.43086688804246,1987,11
1987-11-25,72.38858953499125,1987,11
1987-11-26,72.33825645690341,1987,11
1987-11-27,72.45950609806476,1987,11
1987-11-28,72.35971876034095,1987,11
1987-11-29,72.2239059455216,1987,11
1987-11-30,72.25514170717362,1987,11
1987-12-01,72.23139333324929,1987,12
1987-12-02,72.17613707326265,1987,12
1987-12-03,71.98691658356522,1987,12
1987-12-04,71.87229797756153,1987,12
1987-12-05,71.69133745887419,1987,12
1987-12-06,71.56243376620789,1987,12
1987-12-07,71.58565007427455,1987,12
1987-12-08,71.58267385041013,1987,12
1987-12-09,71.51558813987539,1987,12
1987-12-10,71.56080088782645,1987,12
1987-12-11,71.60058603062222,1987,12
1987-12-12,71.04314643487038,1987,12
1987-12-13,70.81588686594228,1987,12
1987-12-14,70.65726902181108,1987,12
1987-12-15,70.9427587898627,1987,12
1987-12-16,71.17791898708094,1987,12
1987-12-17,71.19080570674802,1987,12
1987-12-18,71.15466132065868,1987,12
1987-12-19,71.26540666389577,1987,12
1987-12-20,71.34466821045312,1987,12
1987-12-21,71.22030335196601,1987,12
1987-12-22,71.34638882672314,1987,12
1987-12-23,71.3926369956811,1987,12
1987-12-24,71.34691240683438,1987,12
1987-12-25,71.4433817800656,1987,12
1987-12-26,71.46281867079618,1987,12
1987-12-27,71.46154303461566,1987,12
1987-12-28,71.25358923888452,1987,12
1987-12-29,71.1362889736577,1987,12
1987-12-30,71.05292844154876,1987,12
1987-12-31,71.01677096095196,1987,12
1988-01-01,70.9799149832268,1988,1
1988-01-02,71.12872664595123,1988,1
1988-01-03,71.03394672265317,1988,1
1988-01-04,71.21720689561513,1988,1
1988-01-05,71.22164758038073,1988,1
1988-01-06,71.07015332472511,1988,1
1988-01-07,71.20902274068882,1988,1
1988-01-08,71.19797391818776,1988,1
1988-01-09,71.1334754727939,1988,1
1988-01-10,71.2301948611953,1988,1
1988-01-11,71.20887896862116,1988,1
1988-01-12,71.0628107121423,1988,1
1988-01-13,71.07480462535813,1988,1
1988-01-14,71.14951115301923,1988,1
1988-01-15,71.1472815894672,1988,1
1988-01-16,71.20372279495365,1988,1
1988-01-17,71.25379565314496,1988,1
1988-01-18,71.36525432342836,1988,1
1988-01-19,71.45347419321641,1988,1
1988-01-20,71.52956778880386,1988,1
1988-01-21,71.63781463552904,1988,1
1988-01-22,71.37580470814474,1988,1
1988-01-23,71.34807149871186,1988,1
1988-01-24,71.33824100905912,1988,1
1988-01-25,71.40004870037181,1988,1
1988-01-26,71.15924035888784,1988,1
1988-01-27,71.21606701761004,1988,1
1988-01-28,71.37585971355865,1988,1
1988-01-29,71.5114606388586,1988,1
1988-01-30,71.67169186943859,1988,1
1988-01-31,71.85118540989701,1988,1
1988-02-01,71.88669573036356,1988,2
1988-02-02,71.84025673503328,1988,2
1988-02-03,71.92699079548007,1988,2
1988-02-04,72.13996972304432,1988,2
1988-02-05,72.42828421062218,1988,2
1988-02-06,72.44523601039221,1988,2
1988-02-07,72.55688406671044,1988,2
1988-02-08,72.48342405364278,1988,2
1988-02-09,72.23682147633951,1988,2
1988-02-10,72.18676199589194,1988,2
1988-02-11,72.35357649759898,1988,2
1988-02-12,72.22139467820777,1988,2
1988-02-13,72.09729139299723,1988,2
1988-02-14,72.20972327413229,1988,2
1988-02-15,71.76419272882653,1988,2
1988-02-16,71.86736999444689,1988,2
1988-02-17,71.96742805580963,1988,2
1988-02-18,72.16394353127998,1988,2
1988-02-19,72.2998851055518,1988,2
1988-02-20,72.51536201447382,1988,2
1988-02-21,72.68152786739981,1988,2
1988-02-22,72.62106822616843,1988,2
1988-02-23,72.53526177667437,1988,2
1988-02-24,72.31982032272187,1988,2
1988-02-25,72.220591070007,1988,2
1988-02-26,72.5321388603282,1988,2
1988-02-27,72.63496884756157,1988,2
1988-02-28,72.47242199904281,1988,2
1988-02-29,72.41515378412801,1988,2
1988-03-01,72.46875307417959,1988,3
1988-03-02,72.31418498000224,1988,3
1988-03-03,72.58377117593945,1988,3
1988-03-04,72.87620217028694,1988,3
1988-03-05,72.97528308784325,1988,3
1988-03-06,73.31326569985649,1988,3
1988-03-07,73.33422913387935,1988,3
1988-03-08,73.10450117301252,1988,3
1988-03-09,73.10095925304483,1988,3
1988-03-10,73.09173356960088,1988,3
1988-03-11,73.11897672362544,1988,3
1988-03-12,73.1127917663702,1988,3
1988-03-13,72.91136572668286,1988,3
1988-03-14,73.10660717979518,1988,3
1988-03-15,73.12859548012601,1988,3
1988-03-16,73.455027745829,1988,3
1988-03-17,73.60484280208235,1988,3
1988-03-18,73.7011658946971,1988,3
1988-03-19,73.6139248895125,1988,3
1988-03-20,73.07096211092164,1988,3
1988-03-21,73.26987276733874,1988,3
1988-03-22,73.54722306699138,1988,3
1988-03-23,73.8575451663026,1988,3
1988-03-24,74.15892483386433,1988,3
1988-03-25,74.29015515762923,1988,3
1988-03-26,74.05776864690966,1988,3
1988-03-27,73.75744038812326,1988,3
1988-03-28,73.4228197319491,1988,3
1988-03-29,73.8607710666778,1988,3
1988-03-30,74.2489261701594,1988,3
1988-03-31,74.36159811401848,1988,3
1988-04-01,74.42092347228966,1988,4
1988-04-02,74.66457115926643,1988,4
1988-04-03,74.77235048365716,1988,4
1988-04-04,75.03586618732713,1988,4
1988-04-05,75.09049778909551,1988,4
1988-04-06,75.06145806834722,1988,4
1988-04-07,75.16406122842963,1988,4
1988-04-08,75.25880426231141,1988,4
1988-04-09,75.33493446607265,1988,4
1988-04-10,75.41596063313504,1988,4
1988-04-11,75.53273577833399,1988,4
1988-04-12,75.56665979084401,1988,4
1988-04-13,75.70214092196744,1988,4
1988-04-14,75.67627913748424,1988,4
1988-04-15,75.53977002647832,1988,4
1988-04-16,75.59010426188665,1988,4
1988-04-17,75.37136476439359,1988,4
1988-04-18,74.94344973423125,1988,4
1988-04-19,74.50778456069338,1988,4
1988-04-20,74.42235041708717,1988,4
1988-04-21,74.46892012808203,1988,4
1988-04-22,75.02596347838517,1988,4
1988-04-23,74.89877393851903,1988,4
1988-04-24,74.93022921298808,1988,4
1988-04-25,74.60585045354176,1988,4
1988-04-26,74.73370917134082,1988,4
1988-04-27,75.1161936798248,1988,4
1988-04-28,75.33222175916842,1988,4
1988-04-29,75.42732569190794,1988,4
1988-04-30,75.35792834235589,1988,4
1988-05-01,75.36925109763419,1988,5
1988-05-02,75.03402259919312,1988,5
1988-05-03,75.07834378208884,1988,5
1988-05-04,75.15866165919596,1988,5
1988-05-05,75.31430458003433,1988,5
1988-05-06,75.67674803646908,1988,5
1988-05-07,75.92343783542243,1988,5
1988-05-08,76.09018570268009,1988,5
1988-05-09,76.4470493808256,1988,5
1988-05-10,76.17326838792812,1988,5
1988-05-11,76.3843626806013,1988,5
1988-05-12,76.40162412587634,1988,5
1988-05-13,76.37358033166927,1988,5
1988-05-14,76.16017718585712,1988,5
1988-05-15,75.94994095705577,1988,5
1988-05-16,75.77652454604912,1988,5
1988-05-17,75.75635544039396,1988,5
1988-05-18,75.64455661040172,1988,5
1988-05-19,75.56740918147966,1988,5
1988-05-20,75.37503926596943,1988,5
1988-05-21,75.48993074742148,1988,5
1988-05-22,75.53276331651324,1988,5
1988-05-23,75.66827114690261,1988,5
1988-05-24,75.7964700234515,1988,5
1988-05-25,75.96291188222212,1988,5
1988-05-26,76.1975164963285,1988,5
1988-05-27,76.3894647657857,1988,5
1988-05-28,76.53408521294769,1988,5
1988-05-29,76.37774156305723,1988,5
1988-05-30,76.29949810968152,1988,5
1988-05-31,76.29788389089572,1988,5
1988-06-01,75.94292041570665,1988,6
1988-06-02,75.84831752509653,1988,6
1988-06-03,75.81277326141505,1988,6
1988-06-04,76.03796411856614,1988,6
1988-06-05,75.73319066086138,1988,6
1988-06-06,75.42824046609314,1988,6
1988-06-07,75.32385487489182,1988,6
1988-06-08,75.54453396119203,1988,6
1988-06-09,75.59854524445261,1988,6
1988-06-10,75.32768846460058,1988,6
1988-06-11,75.42659631327227,1988,6
1988-06-12,75.5025230625241,1988,6
1988-06-13,75.48874715808685,1988,6
1988-06-14,75.13815255520173,1988,6
1988-06-15,74.95048787166066,1988,6
1988-06-16,74.79540966726414,1988,6
1988-06-17,74.57876113148964,1988,6
1988-06-18,74.66254283715828,1988,6
1988-06-19,74.39261641669917,1988,6
1988-06-20,74.65065757382742,1988,6
1988-06-21,74.68576981778888,1988,6
1988-06-22,74.4245521270248,1988,6
1988-06-23,74.06256395248678,1988,6
1988-06-24,74.12039162691445,1988,6
1988-06-25,74.21098539754728,1988,6
1988-06-26,74.45851387873056,1988,6
1988-06-27,74.44689490960434,1988,6
1988-06-28,74.29726042590181,1988,6
1988-06-29,74.1696550889323,1988,6
1988-06-30,73.97290715020792,1988,6
1988-07-01,74.13442280943728,1988,7
1988-07-02,74.04905700032182,1988,7
1988-07-03,73.89926334988112,1988,7
1988-07-04,73.69321444844931,1988,7
1988-07-05,73.53206323847093,1988,7
1988-07-06,73.47126007063493,1988,7
1988-07-07,73.43833135226087,1988,7
1988-07-08,73.44296648884165,1988,7
1988-07-09,73.76044923532228,1988,7
1988-07-10,73.8219565425012,1988,7
1988-07-11,73.87374191959252,1988,7
1988-07-12,73.65090867608082,1988,7
1988-07-13,73.65381331687911,1988,7
1988-07-14,73.06724017655797,1988,7
1988-07-15,73.02721292529627,1988,7
1988-07-16,73.00614300970102,1988,7
1988-07-17,73.13637258753239,1988,7
1988-07-18,73.30303744701675,1988,7
1988-07-19,73.32914286099908,1988,7
1988-07-20,73.49066699324304,1988,7
1988-07-21,73.62943784956067,1988,7
1988-07-22,73.22724770397122,1988,7
1988-07-23,72.98754401619115,1988,7
1988-07-24,73.21453381883724,1988,7
1988-07-25,73.18683569355153,1988,7
1988-07-26,73.21904497337836,1988,7
1988-07-27,73.14793812232288,1988,7
1988-07-28,72.94125904412758,1988,7
1988-07-29,73.14726630900657,1988,7
1988-07-30,73.32002525633385,1988,7
1988-07-31,73.41717064209948,1988,7
1988-08-01,73.10209510363133,1988,8
1988-08-02,72.94936145871536,1988,8
1988-08-03,73.00663548117161,1988,8
1988-08-04,73.201500674727,1988,8
1988-08-05,73.38578757075769,1988,8
1988-08-06,73.4363352677337,1988,8
1988-08-07,73.45926834064032,1988,8
1988-08-08,73.38330748605779,1988,8
1988-08-09,73.18032242669824,1988,8
1988-08-10,73.08519408356617,1988,8
1988-08-11,73.12048036360181,1988,8
1988-08-12,73.1023193923826,1988,8
1988-08-13,73.1837575249745,1988,8
1988-08-14,73.46589320592633,1988,8
1988-08-15,73.5197987144864,1988,8
1988-08-16,73.52975968844927,1988,8
1988-08-17,73.4459128453194,1988,8
1988-08-18,73.41579530368763,1988,8
1988-08-19,73.28043979578048,1988,8
1988-08-20,73.31108176459693,1988,8
1988-08-21,73.44133131938466,1988,8
1988-08-22,73.47365310153454,1988,8
1988-08-23,73.34849547916801,1988,8
1988-08-24,73.08530660509656,1988,8
1988-08-25,73.20422280711335,1988,8
1988-08-26,73.11089257812085,1988,8
1988-08-27,73.208153671798,1988,8
1988-08-28,73.35438185934117,1988,8
1988-08-29,73.39559147482858,1988,8
1988-08-30,73.41731219121475,1988,8
1988-08-31,73.51739296465078,1988,8
1988-09-01,73.68036921563579,1988,9
1988-09-02,73.78863221974665,1988,9
1988-09-03,73.78771569304968,1988,9
1988-09-04,73.81059154813201,1988,9
1988-09-05,73.98171611533014,1988,9
1988-09-06,73.99411616181816,1988,9
1988-09-07,73.83885357683462,1988,9
1988-09-08,73.79875993496302,1988,9
1988-09-09,73.62800325353165,1988,9
1988-09-10,73.36592429359325,1988,9
1988-09-11,73.56781764755439,1988,9
1988-09-12,73.79237553686897,1988,9
1988-09-13,73.98267564684716,1988,9
1988-09-14,74.22700875812244,1988,9
1988-09-15,74.31117353579302,1988,9
1988-09-16,74.11328165573848,1988,9
1988-09-17,73.32489072627111,1988,9
1988-09-18,73.30747601413778,1988,9
1988-09-19,73.49053227756505,1988,9
1988-09-20,73.44399489933161,1988,9
1988-09-21,73.53750944838274,1988,9
1988-09-22,73.4293752996352,1988,9
1988-09-23,73.25677113124405,1988,9
1988-09-24,73.00654790145016,1988,9
1988-09-25,73.00070154204562,1988,9
1988-09-26,73.21246538722824,1988,9
1988-09-27,73.3726661953875,1988,9
1988-09-28,73.48680368537718,1988,9
1988-09-29,73.41614529050818,1988,9
1988-09-30,73.50542495606311,1988,9
1988-10-01,73.36860121086855,1988,10
1988-10-02,73.40260041603369,1988,10
1988-10-03,73.41758756551607,1988,10
1988-10-04,73.34819355449578,1988,10
1988-10-05,73.27403404483174,1988,10
1988-10-06,73.39676980642511,1988,10
1988-10-07,73.27623662490049,1988,10
1988-10-08,73.27625149324459,1988,10
1988-10-09,73.22324794193031,1988,10
1988-10-10,73.13891880852627,1988,10
1988-10-11,73.34890516122545,1988,10
1988-10-12,73.50127026288234,1988,10
1988-10-13,73.6661259762187,1988,10
1988-10-14,73.6716915899851,1988,10
1988-10-15,73.69540820615127,1988,10
1988-10-16,73.79595356061043,1988,10
1988-10-17,73.83114383459015,1988,10
1988-10-18,73.72401828989875,1988,10
1988-10-19,73.59843300945279,1988,10
1988-10-20,73.47413574848207,1988,10
1988-10-21,73.51805995680644,1988,10
1988-10-22,73.62333926508612,1988,10
1988-10-23,73.67727108184133,1988,10
1988-10-24,73.73289027757289,1988,10
1988-10-25,73.81180013207158,1988,10
1988-10-26,73.69197881994039,1988,10
1988-10-27,73.64797999801573,1988,10
1988-10-28,73.5722244566966,1988,10
1988-10-29,73.53689070604366,1988,10
1988-10-30,73.38975777790739,1988,10
1988-10-31,73.33112575274713,1988,10
1988-11-01,73.27074773480506,1988,11
1988-11-02,73.2627305234928,1988,11
1988-11-03,73.1577159281933,1988,11
1988-11-04,73.06236452286456,1988,11
1988-11-05,72.94927982531854,1988,11
1988-11-06,72.91031581541641,1988,11
1988-11-07,72.88044754559917,1988,11
1988-11-08,72.73271392054598,1988,11
1988-11-09,72.80922169664497,1988,11
1988-11-10,72.93966746069188,1988,11
1988-11-11,72.97093795545385,1988,11
1988-11-12,72.88183020381305,1988,11
1988-11-13,72.77277938704329,1988,11
1988-11-14,72.76890120425784,1988,11
1988-11-15,72.75720380585068,1988,11
1988-11-16,72.76379624294357,1988,11
1988-11-17,72.71279227661434,1988,11
1988-11-18,72.72492865662828,1988,11
1988-11-19,72.63697181095968,1988,11
1988-11-20,72.57264112383525,1988,11
1988-11-21,72.48025052170716,1988,11
1988-11-22,72.41702897930517,1988,11
1988-11-23,72.34592244318316,1988,11
1988-11-24,72.18706952747424,1988,11
1988-11-25,72.28496429002902,1988,11
1988-11-26,72.03775477860988,1988,11
1988-11-27,71.8496139835547,1988,11
1988-11-28,71.60059847735049,1988,11
1988-11-29,71.30705238486122,1988,11
1988-11-30,71.1718640497624,1988,11
1988-12-01,71.76431902643334,1988,12
1988-12-02,71.73985179905615,1988,12
1988-12-03,71.88163934155513,1988,12
1988-12-04,71.90923756678914,1988,12
1988-12-05,71.83178286889724,1988,12
1988-12-06,71.83167602275792,1988,12
1988-12-07,71.61499015324202,1988,12
1988-12-08,71.51722824681113,1988,12
1988-12-09,71.703102694923,1988,12
1988-12-10,71.80794629730634,1988,12
1988-12-11,71.86514227755882,1988,12
1988-12-12,71.73348453688727,1988,12
1988-12-13,71.56060283155686,1988,12
1988-12-14,71.37751343611131,1988,12
1988-12-15,71.57669197698462,1988,12
1988-12-16,71.72177936920734,1988,12
1988-12-17,71.69172178252093,1988,12
1988-12-18,71.48077386905325,1988,12
1988-12-19,71.37394688394431,1988,12
1988-12-20,71.12882951671416,1988,12
1988-12-21,71.31363322798168,1988,12
1988-12-22,71.31201851169186,1988,12
1988-12-23,71.14942820871505,1988,12
1988-12-24,71.35161253278689,1988,12
1988-12-25,71.2578824978923,1988,12
1988-12-26,70.8541824154221,1988,12
1988-12-27,70.71611602352978,1988,12
1988-12-28,70.49614160545104,1988,12
1988-12-29,70.7248339930463,1988,12
1988-12-30,71.02788403783366,1988,12
1988-12-31,71.22449012660401,1988,12
1989-01-01,71.25057590337829,1989,1
1989-01-02,71.18430648378428,1989,1
1989-01-03,70.89999264281596,1989,1
1989-01-04,70.8296295722241,1989,1
1989-01-05,70.64505981813953,1989,1
1989-01-06,70.82456659239448,1989,1
1989-01-07,70.78456600574867,1989,1
1989-01-08,70.45261187657194,1989,1
1989-01-09,70.30317468715252,1989,1
1989-01-10,70.48854521055932,1989,1
1989-01-11,69.99604886764533,1989,1
1989-01-12,70.02002710288762,1989,1
1989-01-13,70.16095515769885,1989,1
1989-01-14,70.37019515283608,1989,1
1989-01-15,70.53023801476287,1989,1
1989-01-16,70.63507381193487,1989,1
1989-01-17,70.69144772907907,1989,1
1989-01-18,70.73077589564309,1989,1
1989-01-19,70.68565566334581,1989,1
1989-01-20,70.67467720624485,1989,1
1989-01-21,70.71440903507226,1989,1
1989-01-22,70.74357650101868,1989,1
1989-01-23,70.7933480210654,1989,1
1989-01-24,70.83860650006116,1989,1
1989-01-25,71.13871022539647,1989,1
1989-01-26,71.30052648199818,1989,1
1989-01-27,71.3526771484586,1989,1
1989-01-28,71.3966968595143,1989,1
1989-01-29,71.33141293231144,1989,1
1989-01-30,71.43920302720832,1989,1
1989-01-31,71.79514133773887,1989,1
1989-02-01,71.89488711059755,1989,2
1989-02-02,71.98886290715092,1989,2
1989-02-03,72.00044111126569,1989,2
1989-02-04,72.07047259591576,1989,2
1989-02-05,72.21509218191636,1989,2
1989-02-06,72.01286609789626,1989,2
1989-02-07,71.72231312578985,1989,2
1989-02-08,71.63758774353686,1989,2
1989-02-09,71.46859800264559,1989,2
1989-02-10,71.43317854518239,1989,2
1989-02-11,71.47159053048578,1989,2
1989-02-12,71.4702482182602,1989,2
1989-02-13,71.62690340099383,1989,2
1989-02-14,71.70723840770044,1989,2
1989-02-15,71.76261719128021,1989,2
1989-02-16,71.8406450816941,1989,2
1989-02-17,71.86810237376463,1989,2
1989-02-18,71.68801421941342,1989,2
1989-02-19,71.4001770898775,1989,2
1989-02-20,70.98139278014735,1989,2
1989-02-21,71.37374052042155,1989,2
1989-02-22,71.73241998040825,1989,2
1989-02-23,71.88195169167594,1989,2
1989-02-24,72.04159291156944,1989,2
1989-02-25,72.3995823073468,1989,2
1989-02-26,72.95095561574483,1989,2
1989-02-27,73.2519056429063,1989,2
1989-02-28,73.27683143233482,1989,2
1989-03-01,73.14198094490001,1989,3
1989-03-02,73.07359599636266,1989,3
1989-03-03,72.9154798498991,1989,3
1989-03-04,72.96032377124776,1989,3
1989-03-05,73.04601039448856,1989,3
1989-03-06,73.20597974882564,1989,3
1989-03-07,73.33868037295466,1989,3
1989-03-08,73.33955991300267,1989,3
1989-03-09,73.22418727213598,1989,3
1989-03-10,73.05991540619361,1989,3
1989-03-11,72.92942975017176,1989,3
1989-03-12,72.63848901603164,1989,3
1989-03-13,73.14651033648148,1989,3
1989-03-14,72.91738684390548,1989,3
1989-03-15,72.72251913272694,1989,3
1989-03-16,73.11470035169685,1989,3
1989-03-17,73.25282786206668,1989,3
1989-03-18,73.42312873430811,1989,3
1989-03-19,73.66114816320129,1989,3
1989-03-20,73.71256051984096,1989,3
1989-03-21,73.97355733457378,1989,3
1989-03-22,73.98496843964773,1989,3
1989-03-23,73.78680899191029,1989,3
1989-03-24,73.81193647670305,1989,3
1989-03-25,73.72110945213699,1989,3
1989-03-26,73.56139870962947,1989,3
1989-03-27,73.17735227709588,1989,3
1989-03-28,72.61043221493163,1989,3
1989-03-29,72.74648645909187,1989,3
1989-03-30,72.86474944945911,1989,3
1989-03-31,73.2431084271696,1989,3
1989-04-01,73.67344033930274,1989,4
1989-04-02,73.73210700435189,1989,4
1989-04-03,73.94499655887847,1989,4
1989-04-04,73.92739985414337,1989,4
1989-04-05,73.85438453827012,1989,4
1989-04-06,73.96098501095807,1989,4
1989-04-07,74.42047778954424,1989,4
1989-04-08,74.72166319145599,1989,4
1989-04-09,74.90950664918793,1989,4
1989-04-10,74.66676240954115,1989,4
1989-04-11,74.54745997236849,1989,4
1989-04-12,74.54839932113644,1989,4
1989-04-13,74.75633224578795,1989,4
1989-04-14,74.93568912808486,1989,4
1989-04-15,75.16942119151874,1989,4
1989-04-16,75.3655077226418,1989,4
1989-04-17,75.3387408423853,1989,4
1989-04-18,75.23809000200745,1989,4
1989-04-19,75.3994432293773,1989,4
1989-04-20,75.2747105232099,1989,4
1989-04-21,75.4026762360889,1989,4
1989-04-22,75.75535273385498,1989,4
1989-04-23,75.5707657343293,1989,4
1989-04-24,75.36061595994943,1989,4
1989-04-25,75.01983199181632,1989,4
1989-04-26,75.00971265919247,1989,4
1989-04-27,75.04628515830744,1989,4
1989-04-28,75.1014948608706,1989,4
1989-04-29,75.14327514016067,1989,4
1989-04-30,75.24480917401361,1989,4
1989-05-01,75.18690133453408,1989,5
1989-05-02,75.20221809269285,1989,5
1989-05-03,75.02724910476252,1989,5
1989-05-04,75.05439991509554,1989,5
1989-05-05,75.18451312512694,1989,5
1989-05-06,75.28902341069212,1989,5
1989-05-07,75.46106487078187,1989,5
1989-05-08,75.54079366189848,1989,5
1989-05-09,75.60360570787623,1989,5
1989-05-10,75.93045582128144,1989,5
1989-05-11,76.06776479203742,1989,5
1989-05-12,75.97375465297844,1989,5
1989-05-13,75.94228819447092,1989,5
1989-05-14,75.87206547720105,1989,5
1989-05-15,75.92003240173193,1989,5
1989-05-16,76.15600873117315,1989,5
1989-05-17,76.17629243262456,1989,5
1989-05-18,75.9170509910259,1989,5
1989-05-19,75.8077307080429,1989,5
1989-05-20,76.06431500423746,1989,5
1989-05-21,76.19360827681129,1989,5
1989-05-22,76.18051076369017,1989,5
1989-05-23,76.1014502390766,1989,5
1989-05-24,75.93180086784355,1989,5
1989-05-25,75.50172718166583,1989,5
1989-05-26,75.2080690958043,1989,5
1989-05-27,75.32537082231407,1989,5
1989-05-28,75.42936945133803,1989,5
1989-05-29,75.50843102587551,1989,5
1989-05-30,75.4976333165886,1989,5
1989-05-31,75.37700506615697,1989,5
1989-06-01,75.12511728251977,1989,6
1989-06-02,75.38276653090918,1989,6
1989-06-03,75.37124735244166,1989,6
1989-06-04,75.44553139422332,1989,6
1989-06-05,75.22384544126102,1989,6
1989-06-06,74.77131113373497,1989,6
1989-06-07,74.72538963005806,1989,6
1989-06-08,74.63368649053245,1989,6
1989-06-09,75.1341655922116,1989,6
1989-06-10,74.934209348033,1989,6
1989-06-11,74.53381172006833,1989,6
1989-06-12,74.70748940916708,1989,6
1989-06-13,74.81865311323394,1989,6
1989-06-14,74.27759241738568,1989,6
1989-06-15,73.87415546918,1989,6
1989-06-16,73.88692802728778,1989,6
1989-06-17,73.84319913246429,1989,6
1989-06-18,74.03333704134316,1989,6
1989-06-19,73.90468018932587,1989,6
1989-06-20,74.22379567897896,1989,6
1989-06-21,74.22331236132497,1989,6
1989-06-22,74.09283552406659,1989,6
1989-06-23,74.13569593638165,1989,6
1989-06-24,74.22014455353617,1989,6
1989-06-25,74.352392134745,1989,6
1989-06-26,74.46935022217025,1989,6
1989-06-27,74.25807613065756,1989,6
1989-06-28,73.9356909760897,1989,6
1989-06-29,73.74173342080607,1989,6
1989-06-30,73.86194318429102,1989,6
1989-07-01,73.94829934858089,1989,7
1989-07-02,73.60946416331916,1989,7
1989-07-03,73.21682557525396,1989,7
1989-07-04,73.46314394541336,1989,7
1989-07-05,73.85766272445557,1989,7
1989-07-06,73.6957834607123,1989,7
1989-07-07,73.67688767286883,1989,7
1989-07-08,73.89317123342558,1989,7
1989-07-09,74.04049042833608,1989,7
1989-07-10,74.10123764454072,1989,7
1989-07-11,74.24399054938343,1989,7
1989-07-12,74.20906132671051,1989,7
1989-07-13,73.83138323215934,1989,7
1989-07-14,73.36340197959564,1989,7
1989-07-15,73.30543945156391,1989,7
1989-07-16,73.18593028005581,1989,7
1989-07-17,73.36408219153799,1989,7
1989-07-18,73.74007543861136,1989,7
1989-07-19,73.96764459960572,1989,7
1989-07-20,74.10653806990494,1989,7
1989-07-21,73.90506063578505,1989,7
1989-07-22,73.34519246310276,1989,7
1989-07-23,73.26998677387643,1989,7
1989-07-24,73.40346653256024,1989,7
1989-07-25,73.31204120094532,1989,7
1989-07-26,73.50655523143718,1989,7
1989-07-27,73.56781744722545,1989,7
1989-07-28,73.15331373279918,1989,7
1989-07-29,72.73432400564741,1989,7
1989-07-30,72.58432516876327,1989,7
1989-07-31,72.63287142139282,1989,7
1989-08-01,72.854470682962,1989,8
1989-08-02,72.99835760233277,1989,8
1989-08-03,73.36552852097832,1989,8
1989-08-04,73.55691899365327,1989,8
1989-08-05,73.5361610605476,1989,8
1989-08-06,73.35550542240628,1989,8
1989-08-07,73.43516428286472,1989,8
1989-08-08,73.5410670061359,1989,8
1989-08-09,73.59664175493174,1989,8
1989-08-10,73.53557257046285,1989,8
1989-08-11,73.51214097616534,1989,8
1989-08-12,73.35166918115978,1989,8
1989-08-13,73.27772792452066,1989,8
1989-08-14,73.3239054303303,1989,8
1989-08-15,73.35988938073197,1989,8
1989-08-16,73.27905764488757,1989,8
1989-08-17,73.10580556369393,1989,8
1989-08-18,73.13742195046201,1989,8
1989-08-19,73.41530193887097,1989,8
1989-08-20,73.51191563432941,1989,8
1989-08-21,73.39340799844788,1989,8
1989-08-22,73.47017423625937,1989,8
1989-08-23,73.13366679861464,1989,8
1989-08-24,73.1569913407419,1989,8
1989-08-25,73.20492665659457,1989,8
1989-08-26,73.28042380273874,1989,8
1989-08-27,73.31770609401673,1989,8
1989-08-28,72.87464261826851,1989,8
1989-08-29,73.21730550041424,1989,8
1989-08-30,73.44256796586617,1989,8
1989-08-31,73.33998409208928,1989,8
1989-09-01,73.14683747062595,1989,9
1989-09-02,73.18737558462975,1989,9
1989-09-03,73.40157306095986,1989,9
1989-09-04,73.5398571301234,1989,9
1989-09-05,73.5649494228371,1989,9
1989-09-06,73.52987119782141,1989,9
1989-09-07,73.62653617307203,1989,9
1989-09-08,73.67253580996545,1989,9
1989-09-09,73.78196782852052,1989,9
1989-09-10,73.95443520467228,1989,9
1989-09-11,73.85341622788867,1989,9
1989-09-12,73.62962882814405,1989,9
1989-09-13,73.48856989109268,1989,9
1989-09-14,73.550659264995,1989,9
1989-09-15,73.61750315623435,1989,9
1989-09-16,73.8687339319155,1989,9
1989-09-17,73.91189350259297,1989,9
1989-09-18,73.89957572354628,1989,9
1989-09-19,73.77955114596922,1989,9
1989-09-20,73.56100057036797,1989,9
1989-09-21,73.61968510096841,1989,9
1989-09-22,73.82523289576504,1989,9
1989-09-23,73.83593569583667,1989,9
1989-09-24,73.6801830509471,1989,9
1989-09-25,73.50006495481409,1989,9
1989-09-26,73.43785780706216,1989,9
1989-09-27,73.39482895988395,1989,9
1989-09-28,73.19896754202169,1989,9
1989-09-29,73.25183539587066,1989,9
1989-09-30,73.38985954422489,1989,9
1989-10-01,73.47559937676736,1989,10
1989-10-02,73.64977040890716,1989,10
1989-10-03,73.8630764429146,1989,10
1989-10-04,74.01260723594484,1989,10
1989-10-05,74.1341520390078,1989,10
1989-10-06,74.04710326696592,1989,10
1989-10-07,74.00171946611574,1989,10
1989-10-08,74.03557515506347,1989,10
1989-10-09,74.02370188852015,1989,10
1989-10-10,73.94879900772875,1989,10
1989-10-11,73.91442191839603,1989,10
1989-10-12,73.87842703892505,1989,10
1989-10-13,73.66512116983967,1989,10
1989-10-14,73.76915725613401,1989,10
1989-10-15,73.81499960576609,1989,10
1989-10-16,73.88328906913172,1989,10
1989-10-17,73.83628153611248,1989,10
1989-10-18,73.51029116138768,1989,10
1989-10-19,73.62397521299783,1989,10
1989-10-20,73.5848935561603,1989,10
1989-10-21,73.53035300222528,1989,10
1989-10-22,73.52051919967876,1989,10
1989-10-23,73.46749782602188,1989,10
1989-10-24,73.44179982454067,1989,10
1989-10-25,73.44931009797565,1989,10
1989-10-26,73.49347740860676,1989,10
1989-10-27,73.58941411615052,1989,10
1989-10-28,73.52429267857832,1989,10
1989-10-29,73.47981289467845,1989,10
1989-10-30,73.35418585912122,1989,10
1989-10-31,73.23036191918207,1989,10
1989-11-01,73.14159546600673,1989,11
1989-11-02,73.15720733224154,1989,11
1989-11-03,73.10860679440874,1989,11
1989-11-04,72.94261284356584,1989,11
1989-11-05,72.78556149637406,1989,11
1989-11-06,72.54848270660885,1989,11
1989-11-07,72.57730942706105,1989,11
1989-11-08,72.518449607065,1989,11
1989-11-09,72.51123444094826,1989,11
1989-11-10,72.43212380481742,1989,11
1989-11-11,72.53100942638653,1989,11
1989-11-12,72.70120564649696,1989,11
1989-11-13,72.68708740190067,1989,11
1989-11-14,72.62019427751436,1989,11
1989-11-15,72.70581600745183,1989,11
1989-11-16,72.76873100213187,1989,11
1989-11-17,72.72932493778777,1989,11
1989-11-18,72.75507470844506,1989,11
1989-11-19,72.58627671567758,1989,11
1989-11-20,72.6690834175961,1989,11
1989-11-21,72.73417522396207,1989,11
1989-11-22,72.64100187833883,1989,11
1989-11-23,72.52482896701355,1989,11
1989-11-24,72.22206658131172,1989,11
1989-11-25,71.9124767734279,1989,11
1989-11-26,72.0102027283829,1989,11
1989-11-27,72.01861108053697,1989,11
1989-11-28,71.9290639108863,1989,11
1989-11-29,71.7528335619587,1989,11
1989-11-30,71.69802303987217,1989,11
1989-12-01,71.65599877066268,1989,12
1989-12-02,71.69698038821424,1989,12
1989-12-03,71.61380477793351,1989,12
1989-12-04,71.53940950307319,1989,12
1989-12-05,71.47851955138717,1989,12
1989-12-06,71.46037870307003,1989,12
1989-12-07,71.37291976298646,1989,12
1989-12-08,71.46164589017206,1989,12
1989-12-09,71.50986471010133,1989,12
1989-12-10,71.5330550659988,1989,12
1989-12-11,71.39152558867367,1989,12
1989-12-12,71.4596274044276,1989,12
1989-12-13,71.3254843679606,1989,12
1989-12-14,71.34274130711216,1989,12
1989-12-15,71.26366996033495,1989,12
1989-12-16,71.1915206668215,1989,12
1989-12-17,71.05387045938609,1989,12
1989-12-18,71.22391352177912,1989,12
1989-12-19,71.10447667763873,1989,12
1989-12-20,71.16670043584782,1989,12
1989-12-21,70.89604128654445,1989,12
1989-12-22,70.8921125709248,1989,12
1989-12-23,70.72786820504176,1989,12
1989-12-24,70.37549493383175,1989,12
1989-12-25,70.33705997486946,1989,12
1989-12-26,70.1851018229347,1989,12
1989-12-27,69.74624330437395,1989,12
1989-12-28,70.00287600770092,1989,12
1989-12-29,70.07046908484821,1989,12
1989-12-30,70.35439045800976,1989,12
1989-12-31,70.08021084025418,1989,12
1990-01-01,70.96544064428669,1990,1
1990-01-02,71.05522088203743,1990,1
1990-01-03,71.11203753584326,1990,1
1990-01-04,71.26960467345341,1990,1
1990-01-05,71.79253679519016,1990,1
1990-01-06,71.95532264395244,1990,1
1990-01-07,71.94068216065767,1990,1
1990-01-08,71.80877731889785,1990,1
1990-01-09,71.81591843881478,1990,1
1990-01-10,72.0905590710585,1990,1
1990-01-11,72.22512102846919,1990,1
1990-01-12,72.5113671175697,1990,1
1990-01-13,72.73601288085513,1990,1
1990-01-14,72.86757551980872,1990,1
1990-01-15,72.74432918099622,1990,1
1990-01-16,72.65920342477636,1990,1
1990-01-17,72.73479336375324,1990,1
1990-01-18,72.93835468845373,1990,1
1990-01-19,73.14693408547453,1990,1
1990-01-20,73.21639648129192,1990,1
1990-01-21,73.28433143900189,1990,1
1990-01-22,73.34902238635729,1990,1
1990-01-23,73.20994772401338,1990,1
1990-01-24,73.12781015661808,1990,1
1990-01-25,73.22407973374396,1990,1
1990-01-26,73.30640559371064,1990,1
1990-01-27,73.3094350612472,1990,1
1990-01-28,73.1017708041338,1990,1
1990-01-29,72.79458470697594,1990,1
1990-01-30,72.740744060761,1990,1
1990-01-31,72.93327051823579,1990,1
1990-02-01,72.99704341777965,1990,2
1990-02-02,72.72511522526185,1990,2
1990-02-03,72.4106369627563,1990,2
1990-02-04,72.47884019232842,1990,2
1990-02-05,72.71106280980632,1990,2
1990-02-06,72.83415781624511,1990,2
1990-02-07,73.03998287819499,1990,2
1990-02-08,72.92313228840307,1990,2
1990-02-09,73.60737665039198,1990,2
1990-02-10,72.95986529191532,1990,2
1990-02-11,72.7476248322865,1990,2
1990-02-12,72.87092000057854,1990,2
1990-02-13,72.81861461983492,1990,2
1990-02-14,72.45596108018103,1990,2
1990-02-15,72.17347013683504,1990,2
1990-02-16,72.27003892843875,1990,2
1990-02-17,72.448111383299,1990,2
1990-02-18,72.45186044217495,1990,2
1990-02-19,71.86043364829061,1990,2
1990-02-20,72.03726614600087,1990,2
1990-02-21,72.27780847874048,1990,2
1990-02-22,72.3414180169148,1990,2
1990-02-23,72.6082066623176,1990,2
1990-02-24,73.01637786730959,1990,2
1990-02-25,72.27840602981512,1990,2
1990-02-26,72.66862847263091,1990,2
1990-02-27,72.66169173416628,1990,2
1990-02-28,72.57819007237636,1990,2
1990-03-01,72.31584172064547,1990,3
1990-03-02,72.34110011713133,1990,3
1990-03-03,72.38505862461993,1990,3
1990-03-04,72.46251524192982,1990,3
1990-03-05,72.64254801845361,1990,3
1990-03-06,72.82540221210667,1990,3
1990-03-07,72.86572305630916,1990,3
1990-03-08,73.22962157860756,1990,3
1990-03-09,73.46796188680393,1990,3
1990-03-10,73.61159891140751,1990,3
1990-03-11,73.49317145144775,1990,3
1990-03-12,73.18539632132438,1990,3
1990-03-13,73.23932867075604,1990,3
1990-03-14,73.53138217176591,1990,3
1990-03-15,73.93232021779919,1990,3
1990-03-16,74.21979163562885,1990,3
1990-03-17,74.3889325229213,1990,3
1990-03-18,74.62735645612374,1990,3
1990-03-19,74.68863686741902,1990,3
1990-03-20,74.55977460664312,1990,3
1990-03-21,74.42979545582455,1990,3
1990-03-22,74.17961540332742,1990,3
1990-03-23,73.96648368692564,1990,3
1990-03-24,73.62701491238495,1990,3
1990-03-25,73.45422065932297,1990,3
1990-03-26,73.5223923900652,1990,3
1990-03-27,73.55760807195689,1990,3
1990-03-28,73.44429718169688,1990,3
1990-03-29,73.54300030251537,1990,3
1990-03-30,73.94057835339592,1990,3
1990-03-31,74.74943697778278,1990,3
1990-04-01,74.14407591382789,1990,4
1990-04-02,74.16263008398016,1990,4
1990-04-03,74.19008302416484,1990,4
1990-04-04,74.36407099594223,1990,4
1990-04-05,74.3427799863571,1990,4
1990-04-06,74.53847457555585,1990,4
1990-04-07,75.10046437717911,1990,4
1990-04-08,74.90976292007325,1990,4
1990-04-09,75.1241917998799,1990,4
1990-04-10,74.89777141276659,1990,4
1990-04-11,75.28261132945313,1990,4
1990-04-12,75.67195511454999,1990,4
1990-04-13,75.52078209037536,1990,4
1990-04-14,75.35935320831612,1990,4
1990-04-15,75.55661162094187,1990,4
1990-04-16,75.71372729670945,1990,4
1990-04-17,75.81963041782105,1990,4
1990-04-18,75.86275281481514,1990,4
1990-04-19,75.96076146916232,1990,4
1990-04-20,75.98919828580269,1990,4
1990-04-21,75.99861543838112,1990,4
1990-04-22,76.02922543380615,1990,4
1990-04-23,76.16214160980203,1990,4
1990-04-24,76.23970507967609,1990,4
1990-04-25,76.38753812574639,1990,4
1990-04-26,76.43676819870203,1990,4
1990-04-27,76.73674189290188,1990,4
1990-04-28,76.29524245990159,1990,4
1990-04-29,76.36560065872176,1990,4
1990-04-30,76.36450920193926,1990,4
1990-05-01,75.69153532703821,1990,5
1990-05-02,75.43993172668864,1990,5
1990-05-03,75.59737101789506,1990,5
1990-05-04,75.53409984903996,1990,5
1990-05-05,75.31522826957988,1990,5
1990-05-06,75.2300141563983,1990,5
1990-05-07,75.4562356367995,1990,5
1990-05-08,75.48377796569471,1990,5
1990-05-09,75.63339834000728,1990,5
1990-05-10,75.6685870665841,1990,5
1990-05-11,75.50044558173572,1990,5
1990-05-12,75.33813920690591,1990,5
1990-05-13,75.11532822279061,1990,5
1990-05-14,75.13023384598883,1990,5
1990-05-15,75.3155252849321,1990,5
1990-05-16,75.51615655934165,1990,5
1990-05-17,75.69291778090894,1990,5
1990-05-18,75.7036623563541,1990,5
1990-05-19,75.72753430734167,1990,5
1990-05-20,75.63604298351346,1990,5
1990-05-21,75.43801392748632,1990,5
1990-05-22,75.9049192428797,1990,5
1990-05-23,76.07276736376365,1990,5
1990-05-24,76.06572851293411,1990,5
1990-05-25,75.95623880172536,1990,5
1990-05-26,75.81161008264166,1990,5
1990-05-27,75.77004902938404,1990,5
1990-05-28,75.77859067583852,1990,5
1990-05-29,75.73462203520549,1990,5
1990-05-30,75.68345444797296,1990,5
1990-05-31,75.30158675831773,1990,5
1990-06-01,75.22608700527806,1990,6
1990-06-02,75.39073016460632,1990,6
1990-06-03,75.58195611279699,1990,6
1990-06-04,75.77504832789867,1990,6
1990-06-05,75.68715998648425,1990,6
1990-06-06,75.69331825054388,1990,6
1990-06-07,75.6042277193345,1990,6
1990-06-08,75.85672811966566,1990,6
1990-06-09,75.77547476803318,1990,6
1990-06-10,75.39732006041638,1990,6
1990-06-11,75.48133872197896,1990,6
1990-06-12,75.372624559383,1990,6
1990-06-13,75.14749937361518,1990,6
1990-06-14,75.18943095392208,1990,6
1990-06-15,75.26333653071778,1990,6
1990-06-16,75.28370844741251,1990,6
1990-06-17,75.26218958155327,1990,6
1990-06-18,75.17050302590368,1990,6
1990-06-19,75.13169418295769,1990,6
1990-06-20,74.98295204698601,1990,6
1990-06-21,74.7431230232086,1990,6
1990-06-22,74.71188660906148,1990,6
1990-06-23,74.53900009142156,1990,6
1990-06-24,74.6611788662092,1990,6
1990-06-25,74.6677777009191,1990,6
1990-06-26,74.7453570943723,1990,6
1990-06-27,74.96387072800296,1990,6
1990-06-28,74.73893470818348,1990,6
1990-06-29,74.53939005381964,1990,6
1990-06-30,74.5107609443806,1990,6
1990-07-01,74.35761588247252,1990,7
1990-07-02,74.89153794686352,1990,7
1990-07-03,73.92836978632364,1990,7
1990-07-04,73.58343631301398,1990,7
1990-07-05,73.63882146206093,1990,7
1990-07-06,73.83977311896074,1990,7
1990-07-07,74.09986693455754,1990,7
1990-07-08,73.88767574239989,1990,7
1990-07-09,73.85563902694105,1990,7
1990-07-10,73.98565450426896,1990,7
1990-07-11,74.49983678552354,1990,7
1990-07-12,74.08484696523534,1990,7
1990-07-13,73.96754318713266,1990,7
1990-07-14,74.13268857539158,1990,7
1990-07-15,74.14367013795733,1990,7
1990-07-16,73.87884399997407,1990,7
1990-07-17,73.74676951169506,1990,7
1990-07-18,73.95149218838748,1990,7
1990-07-19,73.94849060904158,1990,7
1990-07-20,73.95835422891197,1990,7
1990-07-21,73.81006428771997,1990,7
1990-07-22,73.78601726915903,1990,7
1990-07-23,73.96496027988464,1990,7
1990-07-24,74.04459007220544,1990,7
1990-07-25,74.004168123451,1990,7
1990-07-26,73.98573813986167,1990,7
1990-07-27,73.97466581357939,1990,7
1990-07-28,73.8589980997723,1990,7
1990-07-29,73.97540146877039,1990,7
1990-07-30,74.1894658228922,1990,7
1990-07-31,74.25808892761316,1990,7
1990-08-01,74.13424313095054,1990,8
1990-08-02,74.1322588946515,1990,8
1990-08-03,73.8505810764514,1990,8
1990-08-04,74.06565320674537,1990,8
1990-08-05,74.0913045746954,1990,8
1990-08-06,74.14862643955553,1990,8
1990-08-07,74.082934709771,1990,8
1990-08-08,73.90937825540433,1990,8
1990-08-09,73.8478856263599,1990,8
1990-08-10,73.79299967492506,1990,8
1990-08-11,74.1150591608398,1990,8
1990-08-12,74.17658136027681,1990,8
1990-08-13,73.75139096515814,1990,8
1990-08-14,73.51735917521263,1990,8
1990-08-15,73.61880774363483,1990,8
1990-08-16,73.85676503500899,1990,8
1990-08-17,73.93044911482922,1990,8
1990-08-18,73.94607367860816,1990,8
1990-08-19,74.12619980311854,1990,8
1990-08-20,74.2758786440545,1990,8
1990-08-21,74.32114091568947,1990,8
1990-08-22,74.18660591916263,1990,8
1990-08-23,74.02323629869672,1990,8
1990-08-24,74.06555548603691,1990,8
1990-08-25,74.17559839486798,1990,8
1990-08-26,74.10846372659138,1990,8
1990-08-27,74.07415349444663,1990,8
1990-08-28,73.95810669491024,1990,8
1990-08-29,73.7590111477632,1990,8
1990-08-30,73.80931341312599,1990,8
1990-08-31,73.9741199355442,1990,8
1990-09-01,74.37794589405489,1990,9
1990-09-02,74.51206349761443,1990,9
1990-09-03,74.15733404540292,1990,9
1990-09-04,73.86881119435635,1990,9
1990-09-05,73.62026771985695,1990,9
1990-09-06,73.7061243477646,1990,9
1990-09-07,73.74960485258428,1990,9
1990-09-08,74.38021000002767,1990,9
1990-09-09,73.89069262012688,1990,9
1990-09-10,73.89411716547782,1990,9
1990-09-11,74.11560067315861,1990,9
1990-09-12,74.09632341615068,1990,9
1990-09-13,74.13460959981529,1990,9
1990-09-14,74.08890258040513,1990,9
1990-09-15,74.14842947323015,1990,9
1990-09-16,74.13247871050393,1990,9
1990-09-17,74.07733216571293,1990,9
1990-09-18,73.88208538238095,1990,9
1990-09-19,73.94242750835568,1990,9
1990-09-20,73.89711581788421,1990,9
1990-09-21,74.09258506579368,1990,9
1990-09-22,74.22605141888039,1990,9
1990-09-23,74.32335612453458,1990,9
1990-09-24,74.17564968466948,1990,9
1990-09-25,73.89962171002223,1990,9
1990-09-26,73.77997591273838,1990,9
1990-09-27,73.92041659814016,1990,9
1990-09-28,74.0314585215669,1990,9
1990-09-29,73.9882942456898,1990,9
1990-09-30,74.0310823725866,1990,9
1990-10-01,73.76421022996371,1990,10
1990-10-02,73.77569306972032,1990,10
1990-10-03,73.81721717791709,1990,10
1990-10-04,73.91924485931101,1990,10
1990-10-05,73.92010898317186,1990,10
1990-10-06,74.18673193387788,1990,10
1990-10-07,74.29403066472878,1990,10
1990-10-08,74.52760114702707,1990,10
1990-10-09,74.07051687259266,1990,10
1990-10-10,74.00300661518229,1990,10
1990-10-11,74.05073875974477,1990,10
1990-10-12,74.11278557009925,1990,10
1990-10-13,74.09504595284618,1990,10
1990-10-14,73.86482068111222,1990,10
1990-10-15,74.037474775343,1990,10
1990-10-16,74.0378651182412,1990,10
1990-10-17,74.12850160833969,1990,10
1990-10-18,74.14150613755515,1990,10
1990-10-19,74.0944527615165,1990,10
1990-10-20,74.00097082904853,1990,10
1990-10-21,73.92938739265355,1990,10
1990-10-22,73.95010230617996,1990,10
1990-10-23,73.7992835390506,1990,10
1990-10-24,73.64503416660442,1990,10
1990-10-25,73.60787438751885,1990,10
1990-10-26,73.48663055527983,1990,10
1990-10-27,73.32100017141617,1990,10
1990-10-28,73.39472926239974,1990,10
1990-10-29,73.57592527407354,1990,10
1990-10-30,73.65348975642705,1990,10
1990-10-31,73.63569429949965,1990,10
1990-11-01,73.85335927400331,1990,11
1990-11-02,73.42519555245954,1990,11
1990-11-03,73.37206234428,1990,11
1990-11-04,73.22008990111927,1990,11
1990-11-05,73.30238650531422,1990,11
1990-11-06,73.55055020347582,1990,11
1990-11-07,73.56005560905969,1990,11
1990-11-08,73.49900914772748,1990,11
1990-11-09,73.52373671659986,1990,11
1990-11-10,73.54252588794921,1990,11
1990-11-11,73.4356062920276,1990,11
1990-11-12,73.46059742280569,1990,11
1990-11-13,73.50680434279212,1990,11
1990-11-14,73.63411935234588,1990,11
1990-11-15,73.59967064568231,1990,11
1990-11-16,73.530242451143,1990,11
1990-11-17,73.5424307923459,1990,11
1990-11-18,73.510119567243,1990,11
1990-11-19,73.4079646831553,1990,11
1990-11-20,73.14249170839464,1990,11
1990-11-21,72.90471090921561,1990,11
1990-11-22,72.75769100834499,1990,11
1990-11-23,72.68353943680485,1990,11
1990-11-24,72.75370086478684,1990,11
1990-11-25,72.75394642135876,1990,11
1990-11-26,72.75000665228721,1990,11
1990-11-27,72.64256798682632,1990,11
1990-11-28,72.71060375694961,1990,11
1990-11-29,72.77923833461676,1990,11
1990-11-30,72.84216726393733,1990,11
1990-12-01,73.03717231721818,1990,12
1990-12-02,72.86100612072191,1990,12
1990-12-03,72.70056756365544,1990,12
1990-12-04,72.64228297076899,1990,12
1990-12-05,72.46266766580266,1990,12
1990-12-06,72.35790498883071,1990,12
1990-12-07,72.42707676046444,1990,12
1990-12-08,72.6503885971215,1990,12
1990-12-09,72.56471601290674,1990,12
1990-12-10,71.95131839394368,1990,12
1990-12-11,72.02823871136208,1990,12
1990-12-12,72.18311121654482,1990,12
1990-12-13,72.14627928137944,1990,12
1990-12-14,72.31321995607709,1990,12
1990-12-15,71.96812236348872,1990,12
1990-12-16,71.94799600536567,1990,12
1990-12-17,72.14548235196472,1990,12
1990-12-18,71.91064131406867,1990,12
1990-12-19,71.80770688050747,1990,12
1990-12-20,71.88062946806483,1990,12
1990-12-21,71.91251531549337,1990,12
1990-12-22,71.8924319216349,1990,12
1990-12-23,72.22458085267577,1990,12
1990-12-24,72.28769426122814,1990,12
1990-12-25,72.19570445662477,1990,12
1990-12-26,72.24051677598052,1990,12
1990-12-27,72.08281270000923,1990,12
1990-12-28,72.26156612285567,1990,12
1990-12-29,72.01085786655435,1990,12
1990-12-30,71.36498431871946,1990,12
1990-12-31,71.05399433946182,1990,12
1991-01-01,70.16002709226814,1991,1
1991-01-02,69.81626974935546,1991,1
1991-01-03,69.68702586544417,1991,1
1991-01-04,69.54357775537171,1991,1
1991-01-05,70.00163259782883,1991,1
1991-01-06,70.46056459617606,1991,1
1991-01-07,70.68403295963165,1991,1
1991-01-08,70.4788669421438,1991,1
1991-01-09,70.60604793515841,1991,1
1991-01-10,70.73539356099143,1991,1
1991-01-11,70.73947059378236,1991,1
1991-01-12,70.66774721266415,1991,1
1991-01-13,70.5968270298338,1991,1
1991-01-14,70.4355342599377,1991,1
1991-01-15,70.4443889403044,1991,1
1991-01-16,70.36254675704495,1991,1
1991-01-17,70.47777210247925,1991,1
1991-01-18,70.6648053712803,1991,1
1991-01-19,70.6161144643511,1991,1
1991-01-20,70.68979470979141,1991,1
1991-01-21,70.99764698241965,1991,1
1991-01-22,71.23487870925473,1991,1
1991-01-23,71.40204582691383,1991,1
1991-01-24,71.5301507285058,1991,1
1991-01-25,71.66033724238241,1991,1
1991-01-26,71.86376221076063,1991,1
1991-01-27,72.06200560173376,1991,1
1991-01-28,72.4972612539159,1991,1
1991-01-29,72.58359212583458,1991,1
1991-01-30,72.37866245240872,1991,1
1991-01-31,72.16224454000255,1991,1
1991-02-01,72.05922648711443,1991,2
1991-02-02,72.12956109186794,1991,2
1991-02-03,71.74637425380094,1991,2
1991-02-04,71.73022318358412,1991,2
1991-02-05,71.71011770319305,1991,2
1991-02-06,71.84582633280482,1991,2
1991-02-07,71.95377475645283,1991,2
1991-02-08,72.18763541154487,1991,2
1991-02-09,72.41923856975434,1991,2
1991-02-10,72.56306126798107,1991,2
1991-02-11,72.4587368292589,1991,2
1991-02-12,72.23996431274965,1991,2
1991-02-13,72.08243612457566,1991,2
1991-02-14,72.0942707386576,1991,2
1991-02-15,72.20143959815951,1991,2
1991-02-16,72.08786200234086,1991,2
1991-02-17,71.95968433713988,1991,2
1991-02-18,71.90306564866438,1991,2
1991-02-19,71.86597514092324,1991,2
1991-02-20,72.19698533301143,1991,2
1991-02-21,72.689291424823,1991,2
1991-02-22,73.18163882780853,1991,2
1991-02-23,73.26167646080962,1991,2
1991-02-24,73.01704095787343,1991,2
1991-02-25,73.0375616345611,1991,2
1991-02-26,72.881618112815,1991,2
1991-02-27,72.45294363113061,1991,2
1991-02-28,72.29263045189602,1991,2
1991-03-01,72.48954114673924,1991,3
1991-03-02,72.57369560862534,1991,3
1991-03-03,72.77432971975375,1991,3
1991-03-04,72.79949973001435,1991,3
1991-03-05,72.69548374358752,1991,3
1991-03-06,72.63421783900051,1991,3
1991-03-07,72.75840603659613,1991,3
1991-03-08,72.93709299887306,1991,3
1991-03-09,73.09699201259578,1991,3
1991-03-10,73.51518009882349,1991,3
1991-03-11,73.71274449102494,1991,3
1991-03-12,73.76395479222863,1991,3
1991-03-13,73.86281108946649,1991,3
1991-03-14,73.69085175712596,1991,3
1991-03-15,73.68274028653948,1991,3
1991-03-16,73.80561701607174,1991,3
1991-03-17,74.12296753953424,1991,3
1991-03-18,74.48869968996357,1991,3
1991-03-19,74.38614832879018,1991,3
1991-03-20,74.32608157765245,1991,3
1991-03-21,74.25944040588425,1991,3
1991-03-22,74.13118639908855,1991,3
1991-03-23,73.71981765432278,1991,3
1991-03-24,73.6005833721483,1991,3
1991-03-25,73.4359420205758,1991,3
1991-03-26,73.76713866328083,1991,3
1991-03-27,74.31931138458549,1991,3
1991-03-28,74.65344568588004,1991,3
1991-03-29,75.02060767304401,1991,3
1991-03-30,75.27312260652805,1991,3
1991-03-31,75.52137125381476,1991,3
1991-04-01,75.24105888658995,1991,4
1991-04-02,75.19984357500445,1991,4
1991-04-03,74.56108531366078,1991,4
1991-04-04,74.31275317272797,1991,4
1991-04-05,74.38334550000488,1991,4
1991-04-06,74.32350812515082,1991,4
1991-04-07,73.91607142440719,1991,4
1991-04-08,73.91711396351982,1991,4
1991-04-09,73.8034100014504,1991,4
1991-04-10,73.75886003438703,1991,4
1991-04-11,74.09823258203703,1991,4
1991-04-12,74.3387864840479,1991,4
1991-04-13,74.32600396927404,1991,4
1991-04-14,74.5330997851501,1991,4
1991-04-15,74.52453333870795,1991,4
1991-04-16,74.65281069696849,1991,4
1991-04-17,74.64564171391332,1991,4
1991-04-18,74.67625729550323,1991,4
1991-04-19,74.93974590113118,1991,4
1991-04-20,75.23878527251351,1991,4
1991-04-21,75.41967972568807,1991,4
1991-04-22,75.54498279357888,1991,4
1991-04-23,75.1723172124062,1991,4
1991-04-24,75.07572115450324,1991,4
1991-04-25,75.258058683807,1991,4
1991-04-26,75.44224052153467,1991,4
1991-04-27,75.63684517263096,1991,4
1991-04-28,75.59683049790726,1991,4
1991-04-29,75.63947336190233,1991,4
1991-04-30,75.76187382241423,1991,4
1991-05-01,75.8666485317025,1991,5
1991-05-02,75.67031879099156,1991,5
1991-05-03,75.43357733189991,1991,5
1991-05-04,75.43811691944356,1991,5
1991-05-05,75.57582486349763,1991,5
1991-05-06,75.38464971719053,1991,5
1991-05-07,75.40196003166758,1991,5
1991-05-08,75.61908056974214,1991,5
1991-05-09,75.55326827124654,1991,5
1991-05-10,75.28989279233929,1991,5
1991-05-11,75.18823561050486,1991,5
1991-05-12,75.24088096954449,1991,5
1991-05-13,75.66641378362283,1991,5
1991-05-14,75.95550975752778,1991,5
1991-05-15,75.98102892561626,1991,5
1991-05-16,75.99098452724985,1991,5
1991-05-17,76.00663972812295,1991,5
1991-05-18,75.96464813885522,1991,5
1991-05-19,75.76645704027325,1991,5
1991-05-20,75.77620854212773,1991,5
1991-05-21,75.50023087480461,1991,5
1991-05-22,75.49291932538155,1991,5
1991-05-23,75.48080905786772,1991,5
1991-05-24,75.92117263735095,1991,5
1991-05-25,75.68641302354115,1991,5
1991-05-26,75.9819026849237,1991,5
1991-05-27,75.95436359246011,1991,5
1991-05-28,75.68710229360124,1991,5
1991-05-29,75.97529263155172,1991,5
1991-05-30,75.86899862259222,1991,5
1991-05-31,75.80763848852553,1991,5
1991-06-01,76.04188039772774,1991,6
1991-06-02,76.0565578291762,1991,6
1991-06-03,75.85010854735988,1991,6
1991-06-04,75.7688422554424,1991,6
1991-06-05,75.68851873181288,1991,6
1991-06-06,75.36459171314459,1991,6
1991-06-07,75.05290673179357,1991,6
1991-06-08,74.7156829280384,1991,6
1991-06-09,74.49691417941777,1991,6
1991-06-10,74.49761074640281,1991,6
1991-06-11,74.16866746472157,1991,6
1991-06-12,73.98948166224052,1991,6
1991-06-13,74.3308048404696,1991,6
1991-06-14,74.5792403010971,1991,6
1991-06-15,74.83192039591702,1991,6
1991-06-16,74.83261581472726,1991,6
1991-06-17,74.84143718447329,1991,6
1991-06-18,74.70219049818495,1991,6
1991-06-19,74.44820232907306,1991,6
1991-06-20,74.23987165062948,1991,6
1991-06-21,74.43059136714385,1991,6
1991-06-22,74.66728462858283,1991,6
1991-06-23,74.94196020350834,1991,6
1991-06-24,74.91668255774461,1991,6
1991-06-25,75.0622702941317,1991,6
1991-06-26,75.02624982272299,1991,6
1991-06-27,75.10386100599874,1991,6
1991-06-28,75.05906168383555,1991,6
1991-06-29,75.03234991099562,1991,6
1991-06-30,74.98387887119134,1991,6
1991-07-01,74.73486454278788,1991,7
1991-07-02,74.61426247757575,1991,7
1991-07-03,74.84007770030325,1991,7
1991-07-04,74.693617964878,1991,7
1991-07-05,74.39042363675256,1991,7
1991-07-06,74.4443884726681,1991,7
1991-07-07,74.32684491473526,1991,7
1991-07-08,74.40221387621165,1991,7
1991-07-09,74.52744660422552,1991,7
1991-07-10,74.61207244706486,1991,7
1991-07-11,74.31052313397592,1991,7
1991-07-12,74.28807041708997,1991,7
1991-07-13,74.22490586261634,1991,7
1991-07-14,74.05406709201529,1991,7
1991-07-15,74.11576730476764,1991,7
1991-07-16,74.29705959624822,1991,7
1991-07-17,73.99642852668762,1991,7
1991-07-18,73.80712790948819,1991,7
1991-07-19,73.66969979094527,1991,7
1991-07-20,73.84026779906307,1991,7
1991-07-21,73.6238157028971,1991,7
1991-07-22,73.45429839429816,1991,7
1991-07-23,73.31302015343195,1991,7
1991-07-24,73.60590186207776,1991,7
1991-07-25,73.68089966895668,1991,7
1991-07-26,73.69418757445413,1991,7
1991-07-27,73.82863257079059,1991,7
1991-07-28,73.85254103918271,1991,7
1991-07-29,74.01192155919962,1991,7
1991-07-30,73.67080024377181,1991,7
1991-07-31,73.56288152115147,1991,7
1991-08-01,73.56138985177968,1991,8
1991-08-02,73.49379087422598,1991,8
1991-08-03,73.65019956649863,1991,8
1991-08-04,73.47035390059546,1991,8
1991-08-05,73.20591557492683,1991,8
1991-08-06,73.17164748731025,1991,8
1991-08-07,73.44353751942872,1991,8
1991-08-08,73.42665324784622,1991,8
1991-08-09,73.51710583867055,1991,8
1991-08-10,73.51062463563231,1991,8
1991-08-11,73.34418968119698,1991,8
1991-08-12,73.60586251462097,1991,8
1991-08-13,73.72706567894376,1991,8
1991-08-14,73.66201150461126,1991,8
1991-08-15,73.76562409047702,1991,8
1991-08-16,73.57631062623084,1991,8
1991-08-17,73.3939924709764,1991,8
1991-08-18,73.540814573593,1991,8
1991-08-19,73.54365447146894,1991,8
1991-08-20,73.65759557781136,1991,8
1991-08-21,73.7080254168299,1991,8
1991-08-22,73.53570836411792,1991,8
1991-08-23,73.44580430536618,1991,8
1991-08-24,73.27232000851822,1991,8
1991-08-25,73.38019515177868,1991,8
1991-08-26,73.36856188535273,1991,8
1991-08-27,73.41720454469711,1991,8
1991-08-28,73.31849601787769,1991,8
1991-08-29,73.16358434982938,1991,8
1991-08-30,73.21469524726297,1991,8
1991-08-31,73.37808240276797,1991,8
1991-09-01,73.47712203507659,1991,9
1991-09-02,73.4722372922037,1991,9
1991-09-03,73.49746816969494,1991,9
1991-09-04,73.56360635363852,1991,9
1991-09-05,73.58271968766776,1991,9
1991-09-06,73.44921151765148,1991,9
1991-09-07,73.33755756002104,1991,9
1991-09-08,73.46351129739601,1991,9
1991-09-09,73.62039638293531,1991,9
1991-09-10,73.67994432250843,1991,9
1991-09-11,73.78753888643949,1991,9
1991-09-12,73.89862265195056,1991,9
1991-09-13,73.9158389430116,1991,9
1991-09-14,73.89274170780581,1991,9
1991-09-15,73.70774723419031,1991,9
1991-09-16,73.73465145542865,1991,9
1991-09-17,73.76229578765066,1991,9
1991-09-18,73.8280617498494,1991,9
1991-09-19,73.9588941640001,1991,9
1991-09-20,73.87656071792424,1991,9
1991-09-21,73.96703535674402,1991,9
1991-09-22,74.06828491137406,1991,9
1991-09-23,74.09262811765419,1991,9
1991-09-24,74.02540992275249,1991,9
1991-09-25,74.10248584517896,1991,9
1991-09-26,74.07227357108177,1991,9
1991-09-27,74.045998508461,1991,9
1991-09-28,74.10792367107092,1991,9
1991-09-29,74.23713324736327,1991,9
1991-09-30,74.16262786101355,1991,9
1991-10-01,74.11068197293893,1991,10
1991-10-02,74.03334701753877,1991,10
1991-10-03,74.0371528695995,1991,10
1991-10-04,73.88275355565649,1991,10
1991-10-05,73.93268166930397,1991,10
1991-10-06,74.00476822071353,1991,10
1991-10-07,74.08913537615236,1991,10
1991-10-08,74.09540808126577,1991,10
1991-10-09,74.0917819035734,1991,10
1991-10-10,74.19344956012937,1991,10
1991-10-11,74.11255939370878,1991,10
1991-10-12,74.16484172373762,1991,10
1991-10-13,74.05906552724693,1991,10
1991-10-14,73.7496417287032,1991,10
1991-10-15,73.83909380581588,1991,10
1991-10-16,73.65403462475042,1991,10
1991-10-17,73.51141435827817,1991,10
1991-10-18,73.65262778233787,1991,10
1991-10-19,73.77695343408874,1991,10
1991-10-20,73.8419463807419,1991,10
1991-10-21,73.83086341063947,1991,10
1991-10-22,73.86902533587927,1991,10
1991-10-23,73.78181750525981,1991,10
1991-10-24,73.73823288799306,1991,10
1991-10-25,73.68025360330257,1991,10
1991-10-26,73.60624180247379,1991,10
1991-10-27,73.62570911980065,1991,10
1991-10-28,73.71841927393405,1991,10
1991-10-29,73.40251566419191,1991,10
1991-10-30,73.18708149199077,1991,10
1991-10-31,73.22599302598691,1991,10
1991-11-01,73.17870379928151,1991,11
1991-11-02,73.02784062141379,1991,11
1991-11-03,72.92684415894763,1991,11
1991-11-04,72.94069234577563,1991,11
1991-11-05,73.05755226119076,1991,11
1991-11-06,73.07693075261395,1991,11
1991-11-07,73.04358841661897,1991,11
1991-11-08,72.90747319121344,1991,11
1991-11-09,72.62729411003899,1991,11
1991-11-10,72.60238845673602,1991,11
1991-11-11,72.39991056340477,1991,11
1991-11-12,72.20109230912654,1991,11
1991-11-13,72.29657934108086,1991,11
1991-11-14,72.43720320074965,1991,11
1991-11-15,72.14758941161465,1991,11
1991-11-16,71.87141426661665,1991,11
1991-11-17,71.85589155467868,1991,11
1991-11-18,71.79993452370456,1991,11
1991-11-19,71.84822564822086,1991,11
1991-11-20,72.11810747573122,1991,11
1991-11-21,72.2257779010824,1991,11
1991-11-22,72.2545434802102,1991,11
1991-11-23,72.19845200381259,1991,11
1991-11-24,72.11967972979448,1991,11
1991-11-25,71.9902471403656,1991,11
1991-11-26,71.95591018858053,1991,11
1991-11-27,71.90485878623085,1991,11
1991-11-28,72.14122924240044,1991,11
1991-11-29,72.12001650835239,1991,11
1991-11-30,72.0779695015144,1991,11
1991-12-01,72.06297798557864,1991,12
1991-12-02,71.8747197613906,1991,12
1991-12-03,71.88896912405117,1991,12
1991-12-04,71.92451893623641,1991,12
1991-12-05,71.9865727453111,1991,12
1991-12-06,72.01856720322468,1991,12
1991-12-07,72.20090947581531,1991,12
1991-12-08,72.0843167635134,1991,12
1991-12-09,71.99273845702052,1991,12
1991-12-10,72.04380107544615,1991,12
1991-12-11,71.94757696828371,1991,12
1991-12-12,71.88182095292834,1991,12
1991-12-13,71.89980498384232,1991,12
1991-12-14,71.91947611671495,1991,12
1991-12-15,71.9525601616479,1991,12
1991-12-16,71.95402416572627,1991,12
1991-12-17,71.85364162365755,1991,12
1991-12-18,71.76653635532216,1991,12
1991-12-19,71.81415511586547,1991,12
1991-12-20,71.8164852666103,1991,12
1991-12-21,71.72966830322,1991,12
1991-12-22,71.41177689982113,1991,12
1991-12-23,71.25765665334468,1991,12
1991-12-24,71.09125169519494,1991,12
1991-12-25,70.6318005784644,1991,12
1991-12-26,70.21296309493539,1991,12
1991-12-27,70.24892762157118,1991,12
1991-12-28,70.31564357380825,1991,12
1991-12-29,70.56593355927286,1991,12
1991-12-30,70.57342198055835,1991,12
1991-12-31,70.38735500570401,1991,12
1992-01-01,69.94424843302424,1992,1
1992-01-02,69.825663426767,1992,1
1992-01-03,69.95586324043941,1992,1
1992-01-04,70.20452745820593,1992,1
1992-01-05,70.54757529312874,1992,1
1992-01-06,70.92510186319541,1992,1
1992-01-07,71.16709455387274,1992,1
1992-01-08,71.06783127483776,1992,1
1992-01-09,71.09122756962434,1992,1
1992-01-10,71.06294705266764,1992,1
1992-01-11,70.88244259452324,1992,1
1992-01-12,70.46040350230417,1992,1
1992-01-13,70.35274407409356,1992,1
1992-01-14,70.40919543605533,1992,1
1992-01-15,70.81464919955626,1992,1
1992-01-16,71.01748567616949,1992,1
1992-01-17,71.02988152158863,1992,1
1992-01-18,71.26864022044704,1992,1
1992-01-19,71.14747428131753,1992,1
1992-01-20,71.29785994601617,1992,1
1992-01-21,71.32363055928748,1992,1
1992-01-22,71.43943528575451,1992,1
1992-01-23,71.39018506043203,1992,1
1992-01-24,71.68242850336154,1992,1
1992-01-25,71.63901370413518,1992,1
1992-01-26,71.88390159858363,1992,1
1992-01-27,71.74042027270558,1992,1
1992-01-28,71.57312398049942,1992,1
1992-01-29,71.42739597578196,1992,1
1992-01-30,71.31775639360607,1992,1
1992-01-31,71.04567250850629,1992,1
1992-02-01,71.0217633363755,1992,2
1992-02-02,70.99512116817306,1992,2
1992-02-03,71.0564250612308,1992,2
1992-02-04,71.35928139275143,1992,2
1992-02-05,71.37554583430007,1992,2
1992-02-06,71.48366875845181,1992,2
1992-02-07,71.28176761335244,1992,2
1992-02-08,71.09706012188066,1992,2
1992-02-09,71.01765167059591,1992,2
1992-02-10,71.05282882111476,1992,2
1992-02-11,70.94050396067946,1992,2
1992-02-12,71.18829419477349,1992,2
1992-02-13,71.50641149310297,1992,2
1992-02-14,71.45205740786238,1992,2
1992-02-15,71.26417435207729,1992,2
1992-02-16,71.49152861363997,1992,2
1992-02-17,71.48230989245675,1992,2
1992-02-18,71.47949131988513,1992,2
1992-02-19,71.49825552518801,1992,2
1992-02-20,71.63162879034618,1992,2
1992-02-21,71.59353547702108,1992,2
1992-02-22,71.72756751858324,1992,2
1992-02-23,71.78941277311667,1992,2
1992-02-24,71.80568986500434,1992,2
1992-02-25,71.8938863561898,1992,2
1992-02-26,71.97702566252852,1992,2
1992-02-27,72.27221629323253,1992,2
1992-02-28,72.69327353827275,1992,2
1992-02-29,72.78070459924162,1992,2
1992-03-01,72.89132403562263,1992,3
1992-03-02,72.93355356034547,1992,3
1992-03-03,73.2455501605267,1992,3
1992-03-04,73.0543172107863,1992,3
1992-03-05,73.25549612118668,1992,3
1992-03-06,73.13129502435322,1992,3
1992-03-07,73.07843751935508,1992,3
1992-03-08,73.15751133333872,1992,3
1992-03-09,73.16234071656817,1992,3
1992-03-10,73.28078458587777,1992,3
1992-03-11,73.40929525599785,1992,3
1992-03-12,73.42639792006884,1992,3
1992-03-13,73.48476142657461,1992,3
1992-03-14,73.59211072463528,1992,3
1992-03-15,73.47122231913207,1992,3
1992-03-16,73.33086537395322,1992,3
1992-03-17,73.50086374268218,1992,3
1992-03-18,73.83621930065212,1992,3
1992-03-19,74.11859991748571,1992,3
1992-03-20,74.00705306631414,1992,3
1992-03-21,73.96280734390798,1992,3
1992-03-22,74.03621410943722,1992,3
1992-03-23,73.84243204850767,1992,3
1992-03-24,73.78428340023699,1992,3
1992-03-25,73.95293369233279,1992,3
1992-03-26,73.73049731297293,1992,3
1992-03-27,74.09802987495273,1992,3
1992-03-28,74.29397950943675,1992,3
1992-03-29,74.23086093684968,1992,3
1992-03-30,74.23647835986719,1992,3
1992-03-31,74.25861879301638,1992,3
1992-04-01,74.03759738107544,1992,4
1992-04-02,74.16687662001127,1992,4
1992-04-03,74.52501846501907,1992,4
1992-04-04,74.73897774130637,1992,4
1992-04-05,74.7725705864144,1992,4
1992-04-06,74.71658569009178,1992,4
1992-04-07,74.45321118266038,1992,4
1992-04-08,74.58268177446514,1992,4
1992-04-09,74.75708949038123,1992,4
1992-04-10,74.90939322793194,1992,4
1992-04-11,74.80387272121492,1992,4
1992-04-12,74.94015737164867,1992,4
1992-04-13,75.13686138123143,1992,4
1992-04-14,75.24074424860856,1992,4
1992-04-15,75.19736067198167,1992,4
1992-04-16,75.1830661586824,1992,4
1992-04-17,75.22322832031679,1992,4
1992-04-18,75.16981936706814,1992,4
1992-04-19,75.07786438442382,1992,4
1992-04-20,75.03791688491135,1992,4
1992-04-21,75.16386283256803,1992,4
1992-04-22,74.8641748117269,1992,4
1992-04-23,74.73008938162002,1992,4
1992-04-24,74.61073843548967,1992,4
1992-04-25,75.14965718747197,1992,4
1992-04-26,75.21993292725243,1992,4
1992-04-27,75.37054310215512,1992,4
1992-04-28,75.49582167214376,1992,4
1992-04-29,75.71849682580948,1992,4
1992-04-30,75.5338039387603,1992,4
1992-05-01,75.17619322762559,1992,5
1992-05-02,75.16152704914383,1992,5
1992-05-03,75.02081483114719,1992,5
1992-05-04,74.66585396004709,1992,5
1992-05-05,74.6925676805014,1992,5
1992-05-06,74.76369334404384,1992,5
1992-05-07,75.23419445231187,1992,5
1992-05-08,75.5595246628416,1992,5
1992-05-09,75.69726043342176,1992,5
1992-05-10,75.7723365905422,1992,5
1992-05-11,75.97118916350354,1992,5
1992-05-12,76.0154095755441,1992,5
1992-05-13,76.17739483523384,1992,5
1992-05-14,76.06797923161001,1992,5
1992-05-15,76.04592724058969,1992,5
1992-05-16,75.88370124160403,1992,5
1992-05-17,75.41309793176552,1992,5
1992-05-18,75.45893731046228,1992,5
1992-05-19,75.51469003798994,1992,5
1992-05-20,75.38495329012225,1992,5
1992-05-21,75.50351093054051,1992,5
1992-05-22,75.51790617798055,1992,5
1992-05-23,75.50746560021345,1992,5
1992-05-24,75.64955953687965,1992,5
1992-05-25,75.70815402538852,1992,5
1992-05-26,75.37302469676423,1992,5
1992-05-27,75.00949543631661,1992,5
1992-05-28,75.08313559415295,1992,5
1992-05-29,75.22161494846489,1992,5
1992-05-30,75.45725748774146,1992,5
1992-05-31,75.25488410412036,1992,5
1992-06-01,75.51279748269171,1992,6
1992-06-02,75.83591458066287,1992,6
1992-06-03,76.08186185638941,1992,6
1992-06-04,76.04992591290929,1992,6
1992-06-05,76.28445955787294,1992,6
1992-06-06,76.25568347777163,1992,6
1992-06-07,76.27053308570815,1992,6
1992-06-08,75.94521889894081,1992,6
1992-06-09,75.41903158998271,1992,6
1992-06-10,75.56136217554891,1992,6
1992-06-11,75.71811265017887,1992,6
1992-06-12,75.6474232523184,1992,6
1992-06-13,75.64080510792769,1992,6
1992-06-14,75.7962030805276,1992,6
1992-06-15,75.79295546982158,1992,6
1992-06-16,75.80768400627468,1992,6
1992-06-17,75.72136496683778,1992,6
1992-06-18,75.61891510607813,1992,6
1992-06-19,75.3512764426942,1992,6
1992-06-20,74.9261987717981,1992,6
1992-06-21,74.77328565543442,1992,6
1992-06-22,74.57816584395205,1992,6
1992-06-23,74.3953621594871,1992,6
1992-06-24,74.39656041621875,1992,6
1992-06-25,74.32307025480823,1992,6
1992-06-26,74.4891961901908,1992,6
1992-06-27,74.53995805309921,1992,6
1992-06-28,74.64399851021082,1992,6
1992-06-29,74.68563892902434,1992,6
1992-06-30,74.78804301787268,1992,6
1992-07-01,74.97181670731075,1992,7
1992-07-02,74.7038864482611,1992,7
1992-07-03,74.44823909957839,1992,7
1992-07-04,74.3857364312908,1992,7
1992-07-05,75.01079111973688,1992,7
1992-07-06,75.19166606461462,1992,7
1992-07-07,74.97114070106778,1992,7
1992-07-08,74.72497878035225,1992,7
1992-07-09,74.64275092231368,1992,7
1992-07-10,74.58407277624171,1992,7
1992-07-11,74.49703309570258,1992,7
1992-07-12,74.37304471608753,1992,7
1992-07-13,74.1325618066731,1992,7
1992-07-14,74.00019619125491,1992,7
1992-07-15,74.08255866501433,1992,7
1992-07-16,74.14652999191914,1992,7
1992-07-17,73.79066453845994,1992,7
1992-07-18,73.35741366820554,1992,7
1992-07-19,73.47036887410961,1992,7
1992-07-20,73.5754965856128,1992,7
1992-07-21,73.50420478301996,1992,7
1992-07-22,73.1682044590142,1992,7
1992-07-23,73.58356674429926,1992,7
1992-07-24,73.61553486058668,1992,7
1992-07-25,73.69012014401729,1992,7
1992-07-26,73.41962705914592,1992,7
1992-07-27,73.32043097414093,1992,7
1992-07-28,73.40624232374113,1992,7
1992-07-29,73.20934700209891,1992,7
1992-07-30,73.41349932043187,1992,7
1992-07-31,73.52687546215567,1992,7
1992-08-01,73.57420717986334,1992,8
1992-08-02,73.51386183358835,1992,8
1992-08-03,73.24597765751564,1992,8
1992-08-04,73.19886154411971,1992,8
1992-08-05,73.4357199226886,1992,8
1992-08-06,73.45569847271132,1992,8
1992-08-07,73.55605895383226,1992,8
1992-08-08,73.44401494127365,1992,8
1992-08-09,73.10949311515647,1992,8
1992-08-10,72.87031757336648,1992,8
1992-08-11,73.14375354104683,1992,8
1992-08-12,73.37798185815748,1992,8
1992-08-13,73.85432279913105,1992,8
1992-08-14,73.56879680424038,1992,8
1992-08-15,73.39776243237836,1992,8
1992-08-16,73.39835844677619,1992,8
1992-08-17,73.31925174039857,1992,8
1992-08-18,73.15600227295859,1992,8
1992-08-19,73.01020751072865,1992,8
1992-08-20,73.09158630661793,1992,8
1992-08-21,73.0591928111208,1992,8
1992-08-22,73.20655892875881,1992,8
1992-08-23,73.45217215689881,1992,8
1992-08-24,73.60458221214098,1992,8
1992-08-25,73.58883002032852,1992,8
1992-08-26,73.43831723467532,1992,8
1992-08-27,73.51066972831121,1992,8
1992-08-28,73.45423742864973,1992,8
1992-08-29,73.46254999730775,1992,8
1992-08-30,73.73558788754131,1992,8
1992-08-31,73.7268644045754,1992,8
1992-09-01,73.84381160965472,1992,9
1992-09-02,73.92040177894995,1992,9
1992-09-03,73.81348469799873,1992,9
1992-09-04,73.4712212181677,1992,9
1992-09-05,73.24639156864656,1992,9
1992-09-06,73.36974791851183,1992,9
1992-09-07,73.21875897015973,1992,9
1992-09-08,73.14696135053418,1992,9
1992-09-09,73.04741078660606,1992,9
1992-09-10,72.92937539252627,1992,9
1992-09-11,73.1535672089147,1992,9
1992-09-12,73.14373330936593,1992,9
1992-09-13,72.99821215643315,1992,9
1992-09-14,73.11031819882837,1992,9
1992-09-15,73.39944868198418,1992,9
1992-09-16,73.49181860496363,1992,9
1992-09-17,73.40666615877821,1992,9
1992-09-18,73.36964835174965,1992,9
1992-09-19,73.55921831855859,1992,9
1992-09-20,73.78960492523106,1992,9
1992-09-21,73.93720571174505,1992,9
1992-09-22,74.07433690072845,1992,9
1992-09-23,74.145489772369,1992,9
1992-09-24,74.14376177470821,1992,9
1992-09-25,74.02527912853418,1992,9
1992-09-26,73.9797417929154,1992,9
1992-09-27,73.91684296177176,1992,9
1992-09-28,73.8555449112112,1992,9
1992-09-29,73.81677707308624,1992,9
1992-09-30,73.89989247077831,1992,9
1992-10-01,73.96648838483252,1992,10
1992-10-02,74.15663384050511,1992,10
1992-10-03,74.08314393706954,1992,10
1992-10-04,73.97108255282286,1992,10
1992-10-05,73.98615253792866,1992,10
1992-10-06,73.76315467260847,1992,10
1992-10-07,73.55621027602092,1992,10
1992-10-08,73.67652739666329,1992,10
1992-10-09,73.56524424725723,1992,10
1992-10-10,73.44211417730212,1992,10
1992-10-11,73.22373604479627,1992,10
1992-10-12,73.17831583757523,1992,10
1992-10-13,73.15313399945401,1992,10
1992-10-14,73.3430208408,1992,10
1992-10-15,73.55999103827736,1992,10
1992-10-16,73.5331597484514,1992,10
1992-10-17,73.4230181244371,1992,10
1992-10-18,73.40849588765607,1992,10
1992-10-19,73.42684449123477,1992,10
1992-10-20,73.30660933157198,1992,10
1992-10-21,73.44137214322711,1992,10
1992-10-22,73.40967623399466,1992,10
1992-10-23,73.44077492265649,1992,10
1992-10-24,73.43289326455991,1992,10
1992-10-25,73.41925621338822,1992,10
1992-10-26,73.27179864521683,1992,10
1992-10-27,73.19105778820263,1992,10
1992-10-28,73.18088746542855,1992,10
1992-10-29,73.22325783757336,1992,10
1992-10-30,73.26233906353492,1992,10
1992-10-31,73.24437626801404,1992,10
1992-11-01,73.50033189392447,1992,11
1992-11-02,73.33537164150947,1992,11
1992-11-03,73.3357452353317,1992,11
1992-11-04,73.23892192131333,1992,11
1992-11-05,73.10963758883943,1992,11
1992-11-06,72.9796951276937,1992,11
1992-11-07,72.88497769196871,1992,11
1992-11-08,72.79133137983268,1992,11
1992-11-09,72.75590652178101,1992,11
1992-11-10,72.91403425868717,1992,11
1992-11-11,72.80545104746284,1992,11
1992-11-12,72.84106921022733,1992,11
1992-11-13,72.74214886835257,1992,11
1992-11-14,72.63480689717879,1992,11
1992-11-15,72.5331801005466,1992,11
1992-11-16,72.4690290660994,1992,11
1992-11-17,72.42891521813704,1992,11
1992-11-18,72.25777591856014,1992,11
1992-11-19,72.0876187280208,1992,11
1992-11-20,71.87731492388534,1992,11
1992-11-21,71.93183421213111,1992,11
1992-11-22,72.02560224338991,1992,11
1992-11-23,71.89917929353612,1992,11
1992-11-24,71.78659300745352,1992,11
1992-11-25,71.72258225379333,1992,11
1992-11-26,71.72760761393398,1992,11
1992-11-27,71.8416120030061,1992,11
1992-11-28,71.87772715683938,1992,11
1992-11-29,71.92758243373065,1992,11
1992-11-30,71.94119846029679,1992,11
1992-12-01,71.72591433555078,1992,12
1992-12-02,71.71120038816599,1992,12
1992-12-03,71.69984990962585,1992,12
1992-12-04,71.71257119630465,1992,12
1992-12-05,71.68269731208008,1992,12
1992-12-06,71.67995408183216,1992,12
1992-12-07,71.6466946310336,1992,12
1992-12-08,71.8010174897083,1992,12
1992-12-09,71.5096008874908,1992,12
1992-12-10,71.59114163633637,1992,12
1992-12-11,71.48944153049385,1992,12
1992-12-12,71.41171682590354,1992,12
1992-12-13,71.49926961651606,1992,12
1992-12-14,71.27735867906854,1992,12
1992-12-15,71.20995662590607,1992,12
1992-12-16,71.2815186668873,1992,12
1992-12-17,71.3248132873258,1992,12
1992-12-18,71.44229923297448,1992,12
1992-12-19,71.44374628558595,1992,12
1992-12-20,71.43509945575093,1992,12
1992-12-21,71.43852807427747,1992,12
1992-12-22,71.55241430441508,1992,12
1992-12-23,71.55060672852922,1992,12
1992-12-24,71.4897018541552,1992,12
1992-12-25,71.5316560492961,1992,12
1992-12-26,71.50648056371804,1992,12
1992-12-27,71.48839247995942,1992,12
1992-12-28,71.40587390182051,1992,12
1992-12-29,71.33628901585853,1992,12
1992-12-30,71.31250959724912,1992,12
1992-12-31,71.33720731593102,1992,12
1993-01-01,71.95500418714863,1993,1
1993-01-02,72.03610989582279,1993,1
1993-01-03,72.22165828232578,1993,1
1993-01-04,72.05155439022325,1993,1
1993-01-05,71.93339732850467,1993,1
1993-01-06,71.77507871215933,1993,1
1993-01-07,71.56935828604924,1993,1
1993-01-08,71.26631001957405,1993,1
1993-01-09,71.30885329687345,1993,1
1993-01-10,71.21155615184702,1993,1
1993-01-11,71.23927035653035,1993,1
1993-01-12,71.31423311891842,1993,1
1993-01-13,71.40352647711578,1993,1
1993-01-14,71.50669824900277,1993,1
1993-01-15,71.58447702563409,1993,1
1993-01-16,71.59369060169332,1993,1
1993-01-17,71.44889233266939,1993,1
1993-01-18,71.33180532543024,1993,1
1993-01-19,71.30174609404985,1993,1
1993-01-20,71.23420919410692,1993,1
1993-01-21,71.13751616004629,1993,1
1993-01-22,71.09504081912222,1993,1
1993-01-23,71.2203977645844,1993,1
1993-01-24,71.40314825227169,1993,1
1993-01-25,71.61068616960563,1993,1
1993-01-26,71.76924204186315,1993,1
1993-01-27,71.86917052105447,1993,1
1993-01-28,72.05473859579917,1993,1
1993-01-29,72.18960183174474,1993,1
1993-01-30,72.31446064771544,1993,1
1993-01-31,72.386653788066,1993,1
1993-02-01,72.18708891117342,1993,2
1993-02-02,72.1148574052561,1993,2
1993-02-03,72.26928398946424,1993,2
1993-02-04,72.42862378365407,1993,2
1993-02-05,72.52110159456967,1993,2
1993-02-06,72.58287623827509,1993,2
1993-02-07,72.83049606878656,1993,2
1993-02-08,73.05763444350693,1993,2
1993-02-09,73.26993013434624,1993,2
1993-02-10,73.37068248310325,1993,2
1993-02-11,73.38072900313453,1993,2
1993-02-12,73.482636587653,1993,2
1993-02-13,73.62566305018662,1993,2
1993-02-14,73.75886959978118,1993,2
1993-02-15,73.8994313372624,1993,2
1993-02-16,74.02831976824861,1993,2
1993-02-17,73.77264136901825,1993,2
1993-02-18,73.43507052334266,1993,2
1993-02-19,73.18955897783461,1993,2
1993-02-20,72.61296525572419,1993,2
1993-02-21,72.1590030389405,1993,2
1993-02-22,71.88880615606558,1993,2
1993-02-23,72.06432135455887,1993,2
1993-02-24,72.46746891545432,1993,2
1993-02-25,72.30357576993377,1993,2
1993-02-26,72.15874548030608,1993,2
1993-02-27,72.13621702587957,1993,2
1993-02-28,72.02172491578655,1993,2
1993-03-01,71.93761080209694,1993,3
1993-03-02,72.06333067506851,1993,3
1993-03-03,72.44628418274354,1993,3
1993-03-04,72.74996207985852,1993,3
1993-03-05,72.94095261182868,1993,3
1993-03-06,73.12041697216101,1993,3
1993-03-07,73.35524407035906,1993,3
1993-03-08,73.59338960684937,1993,3
1993-03-09,73.81681640398834,1993,3
1993-03-10,73.96992220013489,1993,3
1993-03-11,73.99119557584042,1993,3
1993-03-12,73.68960185294756,1993,3
1993-03-13,73.64997530646,1993,3
1993-03-14,73.82327686782635,1993,3
1993-03-15,73.52306551342171,1993,3
1993-03-16,73.61560778400623,1993,3
1993-03-17,73.6563133375159,1993,3
1993-03-18,73.75932318519317,1993,3
1993-03-19,73.77850187653013,1993,3
1993-03-20,73.67736598819985,1993,3
1993-03-21,73.8021450288687,1993,3
1993-03-22,73.79953285638427,1993,3
1993-03-23,73.65830105862379,1993,3
1993-03-24,73.81997871319349,1993,3
1993-03-25,73.33221407832917,1993,3
1993-03-26,72.94969151692396,1993,3
1993-03-27,72.92746377933733,1993,3
1993-03-28,73.24723102157117,1993,3
1993-03-29,73.56660657219709,1993,3
1993-03-30,73.9450311216077,1993,3
1993-03-31,74.16643080733483,1993,3
1993-04-01,74.18314362967942,1993,4
1993-04-02,74.24426411588993,1993,4
1993-04-03,74.294963722929,1993,4
1993-04-04,74.5718442196117,1993,4
1993-04-05,74.74046188144403,1993,4
1993-04-06,74.97463866836786,1993,4
1993-04-07,75.14267708369135,1993,4
1993-04-08,75.07703511219209,1993,4
1993-04-09,74.91550587359123,1993,4
1993-04-10,75.03834916470373,1993,4
1993-04-11,75.00364548127074,1993,4
1993-04-12,74.63396309522903,1993,4
1993-04-13,74.4082236792953,1993,4
1993-04-14,74.43719313599266,1993,4
1993-04-15,74.39289146874667,1993,4
1993-04-16,74.762036733673,1993,4
1993-04-17,75.03695349147351,1993,4
1993-04-18,75.28532309493826,1993,4
1993-04-19,75.54562974427645,1993,4
1993-04-20,75.68699262222154,1993,4
1993-04-21,75.85372194868468,1993,4
1993-04-22,75.89733196355706,1993,4
1993-04-23,76.12465870986144,1993,4
1993-04-24,76.14704399493718,1993,4
1993-04-25,76.13733974709686,1993,4
1993-04-26,76.00721189480188,1993,4
1993-04-27,76.08295506056731,1993,4
1993-04-28,76.27446679988473,1993,4
1993-04-29,76.31555054536325,1993,4
1993-04-30,76.29154038994548,1993,4
1993-05-01,76.2809849184312,1993,5
1993-05-02,76.49185759068443,1993,5
1993-05-03,76.55712960026938,1993,5
1993-05-04,76.59121420775598,1993,5
1993-05-05,76.61913319638245,1993,5
1993-05-06,76.67646414094983,1993,5
1993-05-07,76.55528045747118,1993,5
1993-05-08,76.49133065389758,1993,5
1993-05-09,76.25580500968843,1993,5
1993-05-10,75.86330096846109,1993,5
1993-05-11,75.68625965876245,1993,5
1993-05-12,75.88073649745048,1993,5
1993-05-13,76.11077283742756,1993,5
1993-05-14,76.25494156053024,1993,5
1993-05-15,76.30740927662329,1993,5
1993-05-16,75.92342638254084,1993,5
1993-05-17,75.72228087671854,1993,5
1993-05-18,75.37704779331658,1993,5
1993-05-19,75.39516107476112,1993,5
1993-05-20,75.68288762426003,1993,5
1993-05-21,75.69864094531547,1993,5
1993-05-22,76.0475121888607,1993,5
1993-05-23,76.17851506552502,1993,5
1993-05-24,76.46270400339831,1993,5
1993-05-25,76.4868382890633,1993,5
1993-05-26,76.53177625470481,1993,5
1993-05-27,76.44574283509513,1993,5
1993-05-28,76.04861119587014,1993,5
1993-05-29,75.79204202861457,1993,5
1993-05-30,75.63689574646418,1993,5
1993-05-31,75.73524033217723,1993,5
1993-06-01,75.6047360492318,1993,6
1993-06-02,75.64539615958326,1993,6
1993-06-03,75.95593223126814,1993,6
1993-06-04,76.12904626465206,1993,6
1993-06-05,76.12062987621468,1993,6
1993-06-06,76.26914743542223,1993,6
1993-06-07,76.1098793397649,1993,6
1993-06-08,76.27006033837893,1993,6
1993-06-09,76.21287740514101,1993,6
1993-06-10,76.155097094386,1993,6
1993-06-11,76.26873299885474,1993,6
1993-06-12,76.19529629761448,1993,6
1993-06-13,75.98141623336294,1993,6
1993-06-14,75.47686244438555,1993,6
1993-06-15,75.11418304003739,1993,6
1993-06-16,74.68488474395971,1993,6
1993-06-17,74.72019623454605,1993,6
1993-06-18,74.76981237821977,1993,6
1993-06-19,74.52946996919349,1993,6
1993-06-20,74.78330247375872,1993,6
1993-06-21,75.19891026099626,1993,6
1993-06-22,75.30046758489425,1993,6
1993-06-23,75.36296993883415,1993,6
1993-06-24,75.19389047104052,1993,6
1993-06-25,74.61754967467559,1993,6
1993-06-26,74.271511745648,1993,6
1993-06-27,74.45230639266823,1993,6
1993-06-28,74.69614209181374,1993,6
1993-06-29,75.06675571202699,1993,6
1993-06-30,75.2334994837776,1993,6
1993-07-01,75.16279689780448,1993,7
1993-07-02,74.81729222733757,1993,7
1993-07-03,74.96729395875717,1993,7
1993-07-04,74.70768228638401,1993,7
1993-07-05,74.56833034298413,1993,7
1993-07-06,74.7310579267114,1993,7
1993-07-07,74.73358808389096,1993,7
1993-07-08,74.18681800836755,1993,7
1993-07-09,73.71098407999831,1993,7
1993-07-10,73.59359687949767,1993,7
1993-07-11,73.45543921984776,1993,7
1993-07-12,73.64165585965007,1993,7
1993-07-13,73.94638068212846,1993,7
1993-07-14,74.13998468565937,1993,7
1993-07-15,74.01674539862933,1993,7
1993-07-16,73.64231968954273,1993,7
1993-07-17,73.45841920218302,1993,7
1993-07-18,73.6200804452314,1993,7
1993-07-19,73.97358759556637,1993,7
1993-07-20,74.1388320949738,1993,7
1993-07-21,74.15720581237613,1993,7
1993-07-22,74.01530477353487,1993,7
1993-07-23,73.91666977112519,1993,7
1993-07-24,73.81777523339301,1993,7
1993-07-25,73.98677880980586,1993,7
1993-07-26,73.88624641210696,1993,7
1993-07-27,73.99488080043766,1993,7
1993-07-28,74.18879387548006,1993,7
1993-07-29,74.30076020522152,1993,7
1993-07-30,74.34201447955539,1993,7
1993-07-31,74.31223418060786,1993,7
1993-08-01,74.31266888299595,1993,8
1993-08-02,74.17250589687859,1993,8
1993-08-03,74.15221127468469,1993,8
1993-08-04,73.97407659702547,1993,8
1993-08-05,73.93625543148453,1993,8
1993-08-06,73.57793571634416,1993,8
1993-08-07,73.50824237230847,1993,8
1993-08-08,73.83828937393972,1993,8
1993-08-09,73.92414912119072,1993,8
1993-08-10,73.95257243247818,1993,8
1993-08-11,73.87404204895333,1993,8
1993-08-12,74.01061202188045,1993,8
1993-08-13,74.23520101112518,1993,8
1993-08-14,74.45086961558667,1993,8
1993-08-15,74.3176649436752,1993,8
1993-08-16,74.08787365038457,1993,8
1993-08-17,74.0202390756181,1993,8
1993-08-18,74.11413860457829,1993,8
1993-08-19,74.21607218703552,1993,8
1993-08-20,74.08913136005373,1993,8
1993-08-21,73.90317757392083,1993,8
1993-08-22,74.17336545978327,1993,8
1993-08-23,74.17513286571412,1993,8
1993-08-24,74.4137204522439,1993,8
1993-08-25,74.14843654842977,1993,8
1993-08-26,74.16118143807192,1993,8
1993-08-27,74.35926495041302,1993,8
1993-08-28,74.46370528439745,1993,8
1993-08-29,74.33590183787693,1993,8
1993-08-30,74.24891898118632,1993,8
1993-08-31,74.0462207155008,1993,8
1993-09-01,73.60954419064268,1993,9
1993-09-02,73.52468868633184,1993,9
1993-09-03,73.3048730785205,1993,9
1993-09-04,73.42382882255862,1993,9
1993-09-05,73.39598900196685,1993,9
1993-09-06,73.39381585653318,1993,9
1993-09-07,73.6031635860406,1993,9
1993-09-08,73.56257988310058,1993,9
1993-09-09,73.52061889891715,1993,9
1993-09-10,73.64372741314988,1993,9
1993-09-11,73.64246574701825,1993,9
1993-09-12,73.74253619378857,1993,9
1993-09-13,73.71614648663655,1993,9
1993-09-14,73.56994634608455,1993,9
1993-09-15,73.88620537639582,1993,9
1993-09-16,73.9272127219632,1993,9
1993-09-17,74.01739210903727,1993,9
1993-09-18,74.07863006305935,1993,9
1993-09-19,74.40452650836366,1993,9
1993-09-20,74.38627183615743,1993,9
1993-09-21,74.3041703779974,1993,9
1993-09-22,74.0525446876025,1993,9
1993-09-23,74.03297676264837,1993,9
1993-09-24,73.71529006782367,1993,9
1993-09-25,73.60893662323305,1993,9
1993-09-26,73.47941871477789,1993,9
1993-09-27,73.6411268421496,1993,9
1993-09-28,73.79651846117468,1993,9
1993-09-29,73.72972061081286,1993,9
1993-09-30,73.94903065349774,1993,9
1993-10-01,74.20092989009017,1993,10
1993-10-02,74.33214027063562,1993,10
1993-10-03,74.23803708139317,1993,10
1993-10-04,74.257388195532,1993,10
1993-10-05,74.29848382746611,1993,10
1993-10-06,74.41246292080797,1993,10
1993-10-07,74.40211865403377,1993,10
1993-10-08,74.35430896957055,1993,10
1993-10-09,74.28173522250889,1993,10
1993-10-10,74.1212399611052,1993,10
1993-10-11,74.20056352774931,1993,10
1993-10-12,74.16808647389684,1993,10
1993-10-13,74.2058269941304,1993,10
1993-10-14,74.00161671577915,1993,10
1993-10-15,73.95023438219998,1993,10
1993-10-16,73.96836446342614,1993,10
1993-10-17,73.92068366711072,1993,10
1993-10-18,73.99358253008123,1993,10
1993-10-19,73.88828121381825,1993,10
1993-10-20,73.84929593419058,1993,10
1993-10-21,73.73907237849882,1993,10
1993-10-22,73.70184788512498,1993,10
1993-10-23,73.70618112156315,1993,10
1993-10-24,73.66628252262718,1993,10
1993-10-25,73.67972586496995,1993,10
1993-10-26,73.52112524815988,1993,10
1993-10-27,73.65574019316195,1993,10
1993-10-28,73.7180404038616,1993,10
1993-10-29,73.6669087496838,1993,10
1993-10-30,73.75260481297344,1993,10
1993-10-31,73.60359852681297,1993,10
1993-11-01,73.40754532800412,1993,11
1993-11-02,73.29550775946659,1993,11
1993-11-03,73.24287395844006,1993,11
1993-11-04,73.25753051685058,1993,11
1993-11-05,73.42086346250875,1993,11
1993-11-06,73.50692175281138,1993,11
1993-11-07,73.36049575972493,1993,11
1993-11-08,73.32764137699402,1993,11
1993-11-09,73.15876917994393,1993,11
1993-11-10,73.03146775776405,1993,11
1993-11-11,73.0036946164762,1993,11
1993-11-12,72.93689362901965,1993,11
1993-11-13,72.89240405830301,1993,11
1993-11-14,73.16655201261581,1993,11
1993-11-15,73.0018623082189,1993,11
1993-11-16,72.84502049185896,1993,11
1993-11-17,72.92300617191175,1993,11
1993-11-18,72.97456246041484,1993,11
1993-11-19,72.94169998189004,1993,11
1993-11-20,72.97523342939718,1993,11
1993-11-21,72.90795824873523,1993,11
1993-11-22,72.86531011356864,1993,11
1993-11-23,72.73453554084864,1993,11
1993-11-24,72.63922041815495,1993,11
1993-11-25,72.47413638214742,1993,11
1993-11-26,72.45046813169205,1993,11
1993-11-27,72.45884214218601,1993,11
1993-11-28,72.46261880917122,1993,11
1993-11-29,72.53169030226745,1993,11
1993-11-30,72.63136541910772,1993,11
1993-12-01,72.56879213227829,1993,12
1993-12-02,72.67333672199628,1993,12
1993-12-03,72.5717905112339,1993,12
1993-12-04,72.39087512511483,1993,12
1993-12-05,72.23485797954703,1993,12
1993-12-06,72.07129816781311,1993,12
1993-12-07,71.97520121822946,1993,12
1993-12-08,72.0686977579327,1993,12
1993-12-09,72.26156670885345,1993,12
1993-12-10,72.34183774626665,1993,12
1993-12-11,72.34784591122995,1993,12
1993-12-12,72.19741296955577,1993,12
1993-12-13,72.04344980979953,1993,12
1993-12-14,71.90381220410048,1993,12
1993-12-15,71.73227616974113,1993,12
1993-12-16,71.65470594761146,1993,12
1993-12-17,71.72551821721528,1993,12
1993-12-18,71.6870049092385,1993,12
1993-12-19,71.57133367310296,1993,12
1993-12-20,71.52104081689976,1993,12
1993-12-21,71.4805347478631,1993,12
1993-12-22,71.58078550532248,1993,12
1993-12-23,71.49951262993366,1993,12
1993-12-24,71.49336473686276,1993,12
1993-12-25,71.49493554656712,1993,12
1993-12-26,71.51485938500166,1993,12
1993-12-27,71.52321787436354,1993,12
1993-12-28,71.45936623907046,1993,12
1993-12-29,71.28074245169732,1993,12
1993-12-30,71.55189111701722,1993,12
1993-12-31,71.76073906334783,1993,12
1994-01-01,71.82069325257625,1994,1
1994-01-02,71.87823832986096,1994,1
1994-01-03,71.89770746525834,1994,1
1994-01-04,71.91639734392724,1994,1
1994-01-05,71.8295475893383,1994,1
1994-01-06,71.87764496270545,1994,1
1994-01-07,72.04735066076881,1994,1
1994-01-08,72.1312880491255,1994,1
1994-01-09,72.18603494418619,1994,1
1994-01-10,71.96155299083374,1994,1
1994-01-11,71.44727136991901,1994,1
1994-01-12,71.25818800683071,1994,1
1994-01-13,70.95726026792934,1994,1
1994-01-14,71.23708372844715,1994,1
1994-01-15,70.9487957138218,1994,1
1994-01-16,70.74796184471228,1994,1
1994-01-17,70.61306368190986,1994,1
1994-01-18,70.68286207248691,1994,1
1994-01-19,70.92396223823992,1994,1
1994-01-20,71.15633271473503,1994,1
1994-01-21,71.25590725233852,1994,1
1994-01-22,71.37138349310986,1994,1
1994-01-23,71.60930469879577,1994,1
1994-01-24,71.7490863402187,1994,1
1994-01-25,72.09210213148785,1994,1
1994-01-26,72.2218415059595,1994,1
1994-01-27,72.4067629592482,1994,1
1994-01-28,72.4453140449316,1994,1
1994-01-29,72.30848765539824,1994,1
1994-01-30,71.95480731927105,1994,1
1994-01-31,71.63566270505333,1994,1
1994-02-01,71.30037969422474,1994,2
1994-02-02,71.47509570776423,1994,2
1994-02-03,71.34222746492665,1994,2
1994-02-04,71.60888858158737,1994,2
1994-02-05,71.83679655389076,1994,2
1994-02-06,72.007343598698,1994,2
1994-02-07,72.29483775994659,1994,2
1994-02-08,72.02276807124765,1994,2
1994-02-09,71.66705832117322,1994,2
1994-02-10,71.368049214073,1994,2
1994-02-11,71.54248636917171,1994,2
1994-02-12,71.69345726251865,1994,2
1994-02-13,71.81282896184084,1994,2
1994-02-14,71.89154317982609,1994,2
1994-02-15,72.07997794103017,1994,2
1994-02-16,71.98754200280665,1994,2
1994-02-17,72.1078769485709,1994,2
1994-02-18,72.33795535625858,1994,2
1994-02-19,72.56045546109202,1994,2
1994-02-20,72.63921965567484,1994,2
1994-02-21,72.45427488003249,1994,2
1994-02-22,71.83887849236841,1994,2
1994-02-23,71.57023443728244,1994,2
1994-02-24,71.92958914593336,1994,2
1994-02-25,72.31838093464539,1994,2
1994-02-26,72.58858559299355,1994,2
1994-02-27,72.9705414197314,1994,2
1994-02-28,72.98660380896702,1994,2
1994-03-01,72.79721612859592,1994,3
1994-03-02,72.77715390920021,1994,3
1994-03-03,73.23687294884303,1994,3
1994-03-04,73.32587520276765,1994,3
1994-03-05,73.63478250971508,1994,3
1994-03-06,73.69358768641573,1994,3
1994-03-07,73.56832511155652,1994,3
1994-03-08,73.69402499248545,1994,3
1994-03-09,73.82408027820942,1994,3
1994-03-10,73.91082236963373,1994,3
1994-03-11,74.07637996825986,1994,3
1994-03-12,74.11072228782913,1994,3
1994-03-13,74.34979050919404,1994,3
1994-03-14,74.50318874646896,1994,3
1994-03-15,74.62012885246553,1994,3
1994-03-16,74.69656559476094,1994,3
1994-03-17,74.81440082859919,1994,3
1994-03-18,74.95340536788865,1994,3
1994-03-19,75.2443937836582,1994,3
1994-03-20,75.17580501194482,1994,3
1994-03-21,75.03778365864927,1994,3
1994-03-22,74.5296813124756,1994,3
1994-03-23,74.6621391482996,1994,3
1994-03-24,74.95031009329637,1994,3
1994-03-25,75.08307109903073,1994,3
1994-03-26,74.95523135844557,1994,3
1994-03-27,75.51050819213631,1994,3
1994-03-28,74.8602175066403,1994,3
1994-03-29,74.96106307734007,1994,3
1994-03-30,75.15322600211414,1994,3
1994-03-31,75.11061698942402,1994,3
1994-04-01,74.92592292662286,1994,4
1994-04-02,74.78394206481279,1994,4
1994-04-03,74.69350284238902,1994,4
1994-04-04,74.6092684218933,1994,4
1994-04-05,74.3935259800498,1994,4
1994-04-06,74.44800260206995,1994,4
1994-04-07,74.43480263347469,1994,4
1994-04-08,74.09937338560165,1994,4
1994-04-09,74.2753955298845,1994,4
1994-04-10,74.4786117759375,1994,4
1994-04-11,74.61454806256359,1994,4
1994-04-12,74.52641417831003,1994,4
1994-04-13,74.75804119184527,1994,4
1994-04-14,75.21634009879782,1994,4
1994-04-15,74.8719779844734,1994,4
1994-04-16,74.98483697342805,1994,4
1994-04-17,74.70801774867708,1994,4
1994-04-18,74.86782030227394,1994,4
1994-04-19,74.92539950900849,1994,4
1994-04-20,75.13393599805121,1994,4
1994-04-21,75.29811538748662,1994,4
1994-04-22,75.03853420273875,1994,4
1994-04-23,74.8856822991787,1994,4
1994-04-24,75.0317765437378,1994,4
1994-04-25,75.33068486329991,1994,4
1994-04-26,75.57895258558786,1994,4
1994-04-27,75.76043980454736,1994,4
1994-04-28,75.73814361053415,1994,4
1994-04-29,75.77748271004968,1994,4
1994-04-30,75.6165507234958,1994,4
1994-05-01,75.44216433357431,1994,5
1994-05-02,75.64458780692655,1994,5
1994-05-03,76.1159307680873,1994,5
1994-05-04,76.04364877420157,1994,5
1994-05-05,75.91002619783605,1994,5
1994-05-06,76.09958146409207,1994,5
1994-05-07,76.2656806851587,1994,5
1994-05-08,76.2482995214254,1994,5
1994-05-09,75.81928955249727,1994,5
1994-05-10,75.67860588124329,1994,5
1994-05-11,75.6440548630181,1994,5
1994-05-12,75.9300253797995,1994,5
1994-05-13,76.0357539177222,1994,5
1994-05-14,75.92507943488607,1994,5
1994-05-15,75.88843122000148,1994,5
1994-05-16,76.01195626975984,1994,5
1994-05-17,76.27048049866958,1994,5
1994-05-18,76.25270717217255,1994,5
1994-05-19,76.30263606396217,1994,5
1994-05-20,76.29431946496778,1994,5
1994-05-21,76.42578368595758,1994,5
1994-05-22,76.43864281275397,1994,5
1994-05-23,76.5311764062074,1994,5
1994-05-24,76.42372103907654,1994,5
1994-05-25,76.01748682533807,1994,5
1994-05-26,76.08111386408099,1994,5
1994-05-27,76.15296818542377,1994,5
1994-05-28,76.37912799165527,1994,5
1994-05-29,76.55490477149812,1994,5
1994-05-30,76.88870123419431,1994,5
1994-05-31,76.54884889063999,1994,5
1994-06-01,76.50464623104935,1994,6
1994-06-02,76.39719464755964,1994,6
1994-06-03,76.31005708949301,1994,6
1994-06-04,76.42698573035804,1994,6
1994-06-05,76.16530326366181,1994,6
1994-06-06,76.08032752407507,1994,6
1994-06-07,76.30883936214289,1994,6
1994-06-08,76.35663570142549,1994,6
1994-06-09,76.09321789850334,1994,6
1994-06-10,75.70989980740683,1994,6
1994-06-11,74.92806196599868,1994,6
1994-06-12,74.5207241732733,1994,6
1994-06-13,74.28082433351501,1994,6
1994-06-14,74.25003222782253,1994,6
1994-06-15,74.39965553652405,1994,6
1994-06-16,74.61133112571555,1994,6
1994-06-17,74.77130965077347,1994,6
1994-06-18,74.91631089831884,1994,6
1994-06-19,75.1605304991943,1994,6
1994-06-20,75.16464851512511,1994,6
1994-06-21,75.17301617767109,1994,6
1994-06-22,74.85763310914898,1994,6
1994-06-23,74.6219026544853,1994,6
1994-06-24,74.62147307023027,1994,6
1994-06-25,74.58722751779295,1994,6
1994-06-26,74.30344056159333,1994,6
1994-06-27,74.20076427962482,1994,6
1994-06-28,74.15023111397743,1994,6
1994-06-29,74.11700695014099,1994,6
1994-06-30,74.0797741814342,1994,6
1994-07-01,74.07387808752115,1994,7
1994-07-02,74.1316348078978,1994,7
1994-07-03,73.97998595830563,1994,7
1994-07-04,73.52240420130602,1994,7
1994-07-05,73.83329384472341,1994,7
1994-07-06,74.08945674352584,1994,7
1994-07-07,74.30096217918783,1994,7
1994-07-08,74.005571093383,1994,7
1994-07-09,73.84139383706926,1994,7
1994-07-10,73.95329696804491,1994,7
1994-07-11,73.91144265329496,1994,7
1994-07-12,73.90220921567932,1994,7
1994-07-13,73.55416924264654,1994,7
1994-07-14,73.69351498221194,1994,7
1994-07-15,73.7758565356951,1994,7
1994-07-16,73.86505777618797,1994,7
1994-07-17,73.98864069585969,1994,7
1994-07-18,73.7853713592644,1994,7
1994-07-19,73.56298699023898,1994,7
1994-07-20,73.60847251160662,1994,7
1994-07-21,73.259675383328,1994,7
1994-07-22,73.48706819682764,1994,7
1994-07-23,73.53763384524098,1994,7
1994-07-24,73.67892641215356,1994,7
1994-07-25,73.58672584991238,1994,7
1994-07-26,73.96970037370043,1994,7
1994-07-27,73.83642050506003,1994,7
1994-07-28,73.73972894367363,1994,7
1994-07-29,73.47152709484023,1994,7
1994-07-30,73.5010076294878,1994,7
1994-07-31,73.34311325862333,1994,7
1994-08-01,73.45546451309556,1994,8
1994-08-02,73.75520180950134,1994,8
1994-08-03,73.86166907634282,1994,8
1994-08-04,73.67129428605955,1994,8
1994-08-05,73.61333166140105,1994,8
1994-08-06,73.77417489744849,1994,8
1994-08-07,73.79694866806372,1994,8
1994-08-08,73.63947573128222,1994,8
1994-08-09,73.713252738327,1994,8
1994-08-10,73.63391841150937,1994,8
1994-08-11,73.27520207516298,1994,8
1994-08-12,73.40114509147759,1994,8
1994-08-13,73.46825616490965,1994,8
1994-08-14,73.70981302918224,1994,8
1994-08-15,73.63504711727337,1994,8
1994-08-16,73.61971761669257,1994,8
1994-08-17,73.43125204080985,1994,8
1994-08-18,73.36099478383505,1994,8
1994-08-19,73.59714773343732,1994,8
1994-08-20,73.69022448887263,1994,8
1994-08-21,73.89687712226718,1994,8
1994-08-22,73.83774568669516,1994,8
1994-08-23,73.48383639710241,1994,8
1994-08-24,73.4483996533589,1994,8
1994-08-25,73.41657109291397,1994,8
1994-08-26,73.32461334009182,1994,8
1994-08-27,73.25522304908277,1994,8
1994-08-28,73.39973517414249,1994,8
1994-08-29,73.63671662934235,1994,8
1994-08-30,73.67397607085186,1994,8
1994-08-31,73.71012359857596,1994,8
1994-09-01,73.78959328868176,1994,9
1994-09-02,73.84119430939946,1994,9
1994-09-03,73.73449670609752,1994,9
1994-09-04,73.66638299238149,1994,9
1994-09-05,73.65527272947276,1994,9
1994-09-06,73.42660261273178,1994,9
1994-09-07,73.5155428282199,1994,9
1994-09-08,73.78502873368637,1994,9
1994-09-09,73.899238882916,1994,9
1994-09-10,73.78576206992837,1994,9
1994-09-11,73.7899122158794,1994,9
1994-09-12,74.06639893222763,1994,9
1994-09-13,73.77525917639124,1994,9
1994-09-14,73.84432405557156,1994,9
1994-09-15,73.80705760675266,1994,9
1994-09-16,74.02698187200461,1994,9
1994-09-17,73.96288367708937,1994,9
1994-09-18,73.67857278561041,1994,9
1994-09-19,73.62526239836504,1994,9
1994-09-20,73.74105728227781,1994,9
1994-09-21,73.82748187218499,1994,9
1994-09-22,73.95833277019932,1994,9
1994-09-23,74.09634958102137,1994,9
1994-09-24,74.16508847687211,1994,9
1994-09-25,74.22747302462119,1994,9
1994-09-26,74.24043388770801,1994,9
1994-09-27,74.2384353302204,1994,9
1994-09-28,74.23679955307995,1994,9
1994-09-29,74.32168913028141,1994,9
1994-09-30,74.35220804787875,1994,9
1994-10-01,74.33319126633006,1994,10
1994-10-02,74.33202706831759,1994,10
1994-10-03,74.29135738268504,1994,10
1994-10-04,74.1906776311721,1994,10
1994-10-05,73.9815292313491,1994,10
1994-10-06,73.71369330294061,1994,10
1994-10-07,73.59802885101408,1994,10
1994-10-08,73.6207729279833,1994,10
1994-10-09,73.89189030497336,1994,10
1994-10-10,74.09455399006197,1994,10
1994-10-11,74.19789668032638,1994,10
1994-10-12,74.20178708292033,1994,10
1994-10-13,74.09817877516274,1994,10
1994-10-14,73.8794246160709,1994,10
1994-10-15,73.7526304381354,1994,10
1994-10-16,73.55872069484656,1994,10
1994-10-17,73.67832875913953,1994,10
1994-10-18,73.75540777832651,1994,10
1994-10-19,73.70541783302535,1994,10
1994-10-20,73.69794980492968,1994,10
1994-10-21,73.78105758940445,1994,10
1994-10-22,73.82329419525752,1994,10
1994-10-23,73.84722171426668,1994,10
1994-10-24,73.87645203104364,1994,10
1994-10-25,73.86068557841483,1994,10
1994-10-26,73.82361375199781,1994,10
1994-10-27,73.70508060391685,1994,10
1994-10-28,73.70559557217358,1994,10
1994-10-29,73.63223964947629,1994,10
1994-10-30,73.58504067893011,1994,10
1994-10-31,73.45819364730063,1994,10
1994-11-01,73.20930244378137,1994,11
1994-11-02,72.97317981703144,1994,11
1994-11-03,72.83454808890141,1994,11
1994-11-04,72.71818220567329,1994,11
1994-11-05,73.00495410739626,1994,11
1994-11-06,73.12127051820462,1994,11
1994-11-07,73.15262020764672,1994,11
1994-11-08,73.26072908405565,1994,11
1994-11-09,73.18117797894395,1994,11
1994-11-10,73.21553844018894,1994,11
1994-11-11,73.13559108159059,1994,11
1994-11-12,73.12463035313691,1994,11
1994-11-13,73.02825784187692,1994,11
1994-11-14,73.07400748224902,1994,11
1994-11-15,72.97891754392832,1994,11
1994-11-16,72.74846068418228,1994,11
1994-11-17,72.8368644495563,1994,11
1994-11-18,72.84052406878136,1994,11
1994-11-19,72.77170005089825,1994,11
1994-11-20,72.7055992888901,1994,11
1994-11-21,72.6348450656654,1994,11
1994-11-22,72.52014671583154,1994,11
1994-11-23,72.5193494740197,1994,11
1994-11-24,72.3308136942955,1994,11
1994-11-25,72.11852938548174,1994,11
1994-11-26,72.29622218324037,1994,11
1994-11-27,72.46954071212538,1994,11
1994-11-28,72.58073104517925,1994,11
1994-11-29,72.60810227559969,1994,11
1994-11-30,72.73700395740396,1994,11
1994-12-01,72.4707638246018,1994,12
1994-12-02,72.47814438982765,1994,12
1994-12-03,72.40874348551367,1994,12
1994-12-04,72.32691518714951,1994,12
1994-12-05,72.31352862150499,1994,12
1994-12-06,72.19433519418439,1994,12
1994-12-07,72.08175843172369,1994,12
1994-12-08,72.2010226066769,1994,12
1994-12-09,72.23649330918377,1994,12
1994-12-10,72.0603090131264,1994,12
1994-12-11,71.7446085976479,1994,12
1994-12-12,71.4375609920779,1994,12
1994-12-13,71.27262448495411,1994,12
1994-12-14,71.51928530601242,1994,12
1994-12-15,71.58088437065454,1994,12
1994-12-16,71.63297253760311,1994,12
1994-12-17,71.54776996404811,1994,12
1994-12-18,71.62064539997756,1994,12
1994-12-19,71.64173780467776,1994,12
1994-12-20,71.58623094351101,1994,12
1994-12-21,71.61913167207224,1994,12
1994-12-22,71.54837147918461,1994,12
1994-12-23,71.47188997852778,1994,12
1994-12-24,71.53428389388158,1994,12
1994-12-25,71.41619512870882,1994,12
1994-12-26,71.61610631351869,1994,12
1994-12-27,71.55915666954645,1994,12
1994-12-28,71.50727955748627,1994,12
1994-12-29,71.38351823957359,1994,12
1994-12-30,71.17593968905155,1994,12
1994-12-31,71.0533019140408,1994,12
1995-01-01,71.94452683487343,1995,1
1995-01-02,71.86130168699432,1995,1
1995-01-03,72.06685944711207,1995,1
1995-01-04,71.99770489664112,1995,1
1995-01-05,71.90670809594025,1995,1
1995-01-06,71.83040840744313,1995,1
1995-01-07,71.73713604295682,1995,1
1995-01-08,71.53834644869431,1995,1
1995-01-09,71.7009962399262,1995,1
1995-01-10,71.61803305251303,1995,1
1995-01-11,71.22777222029421,1995,1
1995-01-12,71.02216715867698,1995,1
1995-01-13,70.9935758907955,1995,1
1995-01-14,70.90676421819437,1995,1
1995-01-15,71.2158435422584,1995,1
1995-01-16,71.23865969782018,1995,1
1995-01-17,71.95468140861371,1995,1
1995-01-18,70.94287758966867,1995,1
1995-01-19,71.25691149201211,1995,1
1995-01-20,71.591896996799,1995,1
1995-01-21,71.86736532430271,1995,1
1995-01-22,72.01915804143883,1995,1
1995-01-23,71.92909886077017,1995,1
1995-01-24,71.80576645479802,1995,1
1995-01-25,72.0230109161907,1995,1
1995-01-26,72.22251071360198,1995,1
1995-01-27,72.17461604115834,1995,1
1995-01-28,72.2238878718461,1995,1
1995-01-29,72.39936204698796,1995,1
1995-01-30,72.48182085571982,1995,1
1995-01-31,72.40276240563375,1995,1
1995-02-01,72.39921396191063,1995,2
1995-02-02,72.58892785823316,1995,2
1995-02-03,72.67513762370734,1995,2
1995-02-04,72.60713079521081,1995,2
1995-02-05,72.56041543240384,1995,2
1995-02-06,72.46432096156761,1995,2
1995-02-07,72.57459709997269,1995,2
1995-02-08,72.81697784354131,1995,2
1995-02-09,73.14005537491799,1995,2
1995-02-10,74.03826462744028,1995,2
1995-02-11,73.49615285412958,1995,2
1995-02-12,73.39105708695274,1995,2
1995-02-13,74.12047045487489,1995,2
1995-02-14,73.40135288836524,1995,2
1995-02-15,72.84826296407985,1995,2
1995-02-16,72.58175412346493,1995,2
1995-02-17,72.66863073901054,1995,2
1995-02-18,72.97283879979028,1995,2
1995-02-19,72.94787946967041,1995,2
1995-02-20,73.07485263635826,1995,2
1995-02-21,73.27550536993972,1995,2
1995-02-22,73.02026474789623,1995,2
1995-02-23,73.45314100062852,1995,2
1995-02-24,72.47169084722944,1995,2
1995-02-25,72.79626575873488,1995,2
1995-02-26,72.967946887662,1995,2
1995-02-27,73.19706990041868,1995,2
1995-02-28,73.70978651309514,1995,2
1995-03-01,73.18796649633465,1995,3
1995-03-02,73.26471767380359,1995,3
1995-03-03,73.48405092010664,1995,3
1995-03-04,73.52294172979651,1995,3
1995-03-05,73.60540118549096,1995,3
1995-03-06,73.52763087539907,1995,3
1995-03-07,73.56219649964582,1995,3
1995-03-08,73.32091945927866,1995,3
1995-03-09,73.40656374680228,1995,3
1995-03-10,73.47284762597339,1995,3
1995-03-11,73.24385534330254,1995,3
1995-03-12,73.26289618334151,1995,3
1995-03-13,73.58478850919246,1995,3
1995-03-14,73.90540982131459,1995,3
1995-03-15,74.24699798872699,1995,3
1995-03-16,74.3116698255859,1995,3
1995-03-17,74.3606624461145,1995,3
1995-03-18,74.53255250970871,1995,3
1995-03-19,74.8427922822321,1995,3
1995-03-20,75.0712355754663,1995,3
1995-03-21,75.17568333205462,1995,3
1995-03-22,75.32572405662036,1995,3
1995-03-23,75.5113032790379,1995,3
1995-03-24,75.78590615502827,1995,3
1995-03-25,75.65228841911626,1995,3
1995-03-26,74.9705860851259,1995,3
1995-03-27,75.12701574129574,1995,3
1995-03-28,74.52741158814004,1995,3
1995-03-29,74.73845809110472,1995,3
1995-03-30,74.70506345007776,1995,3
1995-03-31,74.79148637663218,1995,3
1995-04-01,74.88031194936052,1995,4
1995-04-02,74.92936705268512,1995,4
1995-04-03,75.10346318130368,1995,4
1995-04-04,75.24190100579254,1995,4
1995-04-05,75.27004202228817,1995,4
1995-04-06,75.49200370291035,1995,4
1995-04-07,75.73172348052034,1995,4
1995-04-08,75.85186364898208,1995,4
1995-04-09,75.8553060816375,1995,4
1995-04-10,75.74295014114239,1995,4
1995-04-11,75.48771023236858,1995,4
1995-04-12,75.49357709803523,1995,4
1995-04-13,75.62767521116804,1995,4
1995-04-14,75.82032696394718,1995,4
1995-04-15,75.91022652341981,1995,4
1995-04-16,75.77698800693172,1995,4
1995-04-17,76.33223182994885,1995,4
1995-04-18,75.76534639635854,1995,4
1995-04-19,75.88627280578979,1995,4
1995-04-20,75.88152617086149,1995,4
1995-04-21,75.65717701988535,1995,4
1995-04-22,75.94785628425912,1995,4
1995-04-23,76.12167984850733,1995,4
1995-04-24,76.33985389149557,1995,4
1995-04-25,76.62713539868122,1995,4
1995-04-26,76.61555698168539,1995,4
1995-04-27,76.5015209097567,1995,4
1995-04-28,76.48732749115604,1995,4
1995-04-29,76.58960565642737,1995,4
1995-04-30,76.36300822756972,1995,4
1995-05-01,76.46251411075188,1995,5
1995-05-02,76.50211634305815,1995,5
1995-05-03,76.32277690047486,1995,5
1995-05-04,76.50840101799274,1995,5
1995-05-05,76.46968364778172,1995,5
1995-05-06,76.54934991513701,1995,5
1995-05-07,76.45858460048481,1995,5
1995-05-08,76.21181821892884,1995,5
1995-05-09,76.13067971288106,1995,5
1995-05-10,76.0654796690268,1995,5
1995-05-11,76.15609140169946,1995,5
1995-05-12,76.75045854497671,1995,5
1995-05-13,76.19375382139245,1995,5
1995-05-14,76.4834945126852,1995,5
1995-05-15,76.42739513526487,1995,5
1995-05-16,76.34423224846815,1995,5
1995-05-17,76.30265475897102,1995,5
1995-05-18,76.04558958508062,1995,5
1995-05-19,76.22288387190356,1995,5
1995-05-20,76.34317995888289,1995,5
1995-05-21,76.26464199602623,1995,5
1995-05-22,76.24035357437012,1995,5
1995-05-23,76.32274733707305,1995,5
1995-05-24,76.36398835385849,1995,5
1995-05-25,77.01360897865929,1995,5
1995-05-26,76.5428874480802,1995,5
1995-05-27,76.81903610184578,1995,5
1995-05-28,77.00310552819404,1995,5
1995-05-29,77.18551562645885,1995,5
1995-05-30,77.42308443531732,1995,5
1995-05-31,77.50843278717524,1995,5
1995-06-01,77.5729690427366,1995,6
1995-06-02,77.69360598483057,1995,6
1995-06-03,77.64312942163066,1995,6
1995-06-04,77.51652758332409,1995,6
1995-06-05,77.45398987752127,1995,6
1995-06-06,77.42052488570366,1995,6
1995-06-07,77.35067144118763,1995,6
1995-06-08,77.31819539342594,1995,6
1995-06-09,77.27946858316778,1995,6
1995-06-10,77.08876934490016,1995,6
1995-06-11,76.9005448352297,1995,6
1995-06-12,76.7356918138475,1995,6
1995-06-13,76.71535113145114,1995,6
1995-06-14,76.7746063784892,1995,6
1995-06-15,76.88151058648357,1995,6
1995-06-16,77.06400913041954,1995,6
1995-06-17,76.58105061989404,1995,6
1995-06-18,75.81271577195821,1995,6
1995-06-19,75.75044849549523,1995,6
1995-06-20,75.61381220023964,1995,6
1995-06-21,75.31169567875783,1995,6
1995-06-22,75.57568620795352,1995,6
1995-06-23,75.41952606676006,1995,6
1995-06-24,75.20765158338627,1995,6
1995-06-25,75.61884407893122,1995,6
1995-06-26,75.8445331832836,1995,6
1995-06-27,75.80406265487579,1995,6
1995-06-28,75.5818783550077,1995,6
1995-06-29,75.55458187483832,1995,6
1995-06-30,75.55506865628878,1995,6
1995-07-01,75.59707069103429,1995,7
1995-07-02,75.54073089085095,1995,7
1995-07-03,75.407195809479,1995,7
1995-07-04,75.48698542400678,1995,7
1995-07-05,75.60503052399963,1995,7
1995-07-06,75.6223350100385,1995,7
1995-07-07,75.72274538372875,1995,7
1995-07-08,75.61127007285448,1995,7
1995-07-09,75.40688382286727,1995,7
1995-07-10,75.34122984204438,1995,7
1995-07-11,75.0262355795684,1995,7
1995-07-12,74.68336546084478,1995,7
1995-07-13,74.68151631773604,1995,7
1995-07-14,74.77334804081303,1995,7
1995-07-15,74.5983791487232,1995,7
1995-07-16,74.41737136155838,1995,7
1995-07-17,74.47659996072144,1995,7
1995-07-18,74.45133642897292,1995,7
1995-07-19,73.98273473935463,1995,7
1995-07-20,74.05871134298684,1995,7
1995-07-21,74.04847557056334,1995,7
1995-07-22,74.14855989475619,1995,7
1995-07-23,74.06736773508769,1995,7
1995-07-24,74.08456516519391,1995,7
1995-07-25,74.01532911888299,1995,7
1995-07-26,74.17193298821257,1995,7
1995-07-27,74.32994818167816,1995,7
1995-07-28,74.76946477742135,1995,7
1995-07-29,74.34762573621173,1995,7
1995-07-30,74.42521969528009,1995,7
1995-07-31,74.59495287862332,1995,7
1995-08-01,74.52963846663683,1995,8
1995-08-02,74.52253331422781,1995,8
1995-08-03,74.19672879810904,1995,8
1995-08-04,73.94643838614947,1995,8
1995-08-05,74.17343319129878,1995,8
1995-08-06,74.40512524374135,1995,8
1995-08-07,74.37271172411151,1995,8
1995-08-08,74.23152149211809,1995,8
1995-08-09,74.1751289043279,1995,8
1995-08-10,74.685042730753,1995,8
1995-08-11,74.57056270766347,1995,8
1995-08-12,74.61206049736273,1995,8
1995-08-13,74.44637679711461,1995,8
1995-08-14,74.16246788108297,1995,8
1995-08-15,74.23037827202612,1995,8
1995-08-16,74.37103006219189,1995,8
1995-08-17,74.63673353911663,1995,8
1995-08-18,74.61514599477523,1995,8
1995-08-19,74.60857678720956,1995,8
1995-08-20,74.56927828658723,1995,8
1995-08-21,74.35481119203945,1995,8
1995-08-22,74.54124212093502,1995,8
1995-08-23,74.596257213845,1995,8
1995-08-24,74.76679647823778,1995,8
1995-08-25,74.74911603010912,1995,8
1995-08-26,74.66649800058342,1995,8
1995-08-27,74.49940356399587,1995,8
1995-08-28,74.46968926883038,1995,8
1995-08-29,74.23042248793483,1995,8
1995-08-30,74.0942589302254,1995,8
1995-08-31,74.26680627473348,1995,8
1995-09-01,74.43550220504602,1995,9
1995-09-02,74.43083066930636,1995,9
1995-09-03,74.33214406020484,1995,9
1995-09-04,74.81333658297788,1995,9
1995-09-05,74.34923295952574,1995,9
1995-09-06,74.71385210651543,1995,9
1995-09-07,74.3722806781679,1995,9
1995-09-08,74.53376645958163,1995,9
1995-09-09,74.53494844664861,1995,9
1995-09-10,74.6149073040624,1995,9
1995-09-11,74.71678537308611,1995,9
1995-09-12,74.6369525082374,1995,9
1995-09-13,74.77720803094587,1995,9
1995-09-14,74.76651121537687,1995,9
1995-09-15,74.89664537166641,1995,9
1995-09-16,75.05898156444326,1995,9
1995-09-17,74.98524618587734,1995,9
1995-09-18,74.58932945754388,1995,9
1995-09-19,74.67133817067739,1995,9
1995-09-20,74.8006791727273,1995,9
1995-09-21,74.92620412853019,1995,9
1995-09-22,74.80459331268398,1995,9
1995-09-23,74.73955137281557,1995,9
1995-09-24,74.76965268508131,1995,9
1995-09-25,74.91488558407924,1995,9
1995-09-26,74.8664540938129,1995,9
1995-09-27,74.7001907746147,1995,9
1995-09-28,74.65135171520654,1995,9
1995-09-29,74.64167314790686,1995,9
1995-09-30,75.29404501035906,1995,9
1995-10-01,74.97037766200678,1995,10
1995-10-02,75.1052898093465,1995,10
1995-10-03,75.22769692469201,1995,10
1995-10-04,75.32861225292282,1995,10
1995-10-05,75.25480433874381,1995,10
1995-10-06,75.18687780008857,1995,10
1995-10-07,75.13043096096443,1995,10
1995-10-08,74.94796767073699,1995,10
1995-10-09,74.71412389359375,1995,10
1995-10-10,74.59511244993378,1995,10
1995-10-11,74.61752982550699,1995,10
1995-10-12,74.60429720282596,1995,10
1995-10-13,74.69933225355246,1995,10
1995-10-14,74.80768629584918,1995,10
1995-10-15,74.80435222755943,1995,10
1995-10-16,74.64163802697583,1995,10
1995-10-17,75.24574882592414,1995,10
1995-10-18,74.52289095736211,1995,10
1995-10-19,74.34992768783523,1995,10
1995-10-20,74.37606506879912,1995,10
1995-10-21,74.31427501007204,1995,10
1995-10-22,74.35627132075493,1995,10
1995-10-23,74.439001328081,1995,10
1995-10-24,74.34216032203285,1995,10
1995-10-25,74.23443486966728,1995,10
1995-10-26,74.33916132446703,1995,10
1995-10-27,74.42886159715513,1995,10
1995-10-28,74.43036715915102,1995,10
1995-10-29,74.42513119142235,1995,10
1995-10-30,74.40925574122222,1995,10
1995-10-31,74.2474613705348,1995,10
1995-11-01,74.02056465754488,1995,11
1995-11-02,74.0116504812166,1995,11
1995-11-03,74.09932632474214,1995,11
1995-11-04,74.0092943773959,1995,11
1995-11-05,73.99893901640007,1995,11
1995-11-06,73.94335889598771,1995,11
1995-11-07,73.92645575377942,1995,11
1995-11-08,74.3748044005244,1995,11
1995-11-09,73.84342527033631,1995,11
1995-11-10,73.60563883455059,1995,11
1995-11-11,73.57925864552789,1995,11
1995-11-12,73.81031796284059,1995,11
1995-11-13,73.80193274473308,1995,11
1995-11-14,73.88996848256524,1995,11
1995-11-15,73.94883562814076,1995,11
1995-11-16,73.8572531636429,1995,11
1995-11-17,73.804538964049,1995,11
1995-11-18,73.6440336838336,1995,11
1995-11-19,73.59173959317306,1995,11
1995-11-20,73.52597813407752,1995,11
1995-11-21,73.51507650627299,1995,11
1995-11-22,73.49191121383967,1995,11
1995-11-23,73.33310670857144,1995,11
1995-11-24,73.18485602494454,1995,11
1995-11-25,73.0778352649617,1995,11
1995-11-26,72.96253177955778,1995,11
1995-11-27,73.0991988909423,1995,11
1995-11-28,73.09694301929424,1995,11
1995-11-29,72.99839137976281,1995,11
1995-11-30,72.97109161695442,1995,11
1995-12-01,72.73613864927297,1995,12
1995-12-02,72.50719133664956,1995,12
1995-12-03,72.5210925002119,1995,12
1995-12-04,72.56481098123089,1995,12
1995-12-05,72.6272277797221,1995,12
1995-12-06,72.7277442466912,1995,12
1995-12-07,72.84345037943552,1995,12
1995-12-08,72.8415860876984,1995,12
1995-12-09,73.41580270047868,1995,12
1995-12-10,72.81410053646061,1995,12
1995-12-11,72.72657560945326,1995,12
1995-12-12,72.7953966253394,1995,12
1995-12-13,72.66978795506313,1995,12
1995-12-14,72.48483508108727,1995,12
1995-12-15,72.48630389661153,1995,12
1995-12-16,72.67306811700364,1995,12
1995-12-17,72.75157382515594,1995,12
1995-12-18,72.61281764578756,1995,12
1995-12-19,72.65110077237632,1995,12
1995-12-20,72.65865333571064,1995,12
1995-12-21,72.76548635964814,1995,12
1995-12-22,72.73368553313531,1995,12
1995-12-23,72.63830266775993,1995,12
1995-12-24,72.3909531796629,1995,12
1995-12-25,72.0394295590232,1995,12
1995-12-26,71.80004379066006,1995,12
1995-12-27,71.86353030414388,1995,12
1995-12-28,72.01958569732324,1995,12
1995-12-29,72.16124707727388,1995,12
1995-12-30,72.09199767686381,1995,12
1995-12-31,71.83989139666211,1995,12
1996-01-01,72.03654777249945,1996,1
1996-01-02,72.09317192611199,1996,1
1996-01-03,72.00301311669263,1996,1
1996-01-04,72.01262256666695,1996,1
1996-01-05,72.04421164985246,1996,1
1996-01-06,72.09577220472869,1996,1
1996-01-07,72.20120160149459,1996,1
1996-01-08,72.24886662433177,1996,1
1996-01-09,72.37927518048798,1996,1
1996-01-10,72.32329188409128,1996,1
1996-01-11,72.16466465068545,1996,1
1996-01-12,72.21275737158719,1996,1
1996-01-13,72.26587260918394,1996,1
1996-01-14,72.21117360747114,1996,1
1996-01-15,71.93243186626216,1996,1
1996-01-16,71.40583174467666,1996,1
1996-01-17,71.49488429222104,1996,1
1996-01-18,71.59683731374702,1996,1
1996-01-19,71.5236447528898,1996,1
1996-01-20,71.72476481945266,1996,1
1996-01-21,71.9666623114438,1996,1
1996-01-22,72.06804218012202,1996,1
1996-01-23,72.25074065914202,1996,1
1996-01-24,72.30783827074897,1996,1
1996-01-25,72.08568358873181,1996,1
1996-01-26,72.37880343276963,1996,1
1996-01-27,72.40016005375156,1996,1
1996-01-28,72.36698296320378,1996,1
1996-01-29,72.33713738939196,1996,1
1996-01-30,72.29711722237288,1996,1
1996-01-31,72.46077903990248,1996,1
1996-02-01,72.71035064260532,1996,2
1996-02-02,72.80894522562367,1996,2
1996-02-03,72.94547422040878,1996,2
1996-02-04,72.9637478321683,1996,2
1996-02-05,73.11234939238585,1996,2
1996-02-06,73.25763287983037,1996,2
1996-02-07,73.29558052198114,1996,2
1996-02-08,73.31051863110213,1996,2
1996-02-09,72.9433689538119,1996,2
1996-02-10,72.31778411107766,1996,2
1996-02-11,72.2156538043572,1996,2
1996-02-12,72.46241289220403,1996,2
1996-02-13,72.6154260244494,1996,2
1996-02-14,72.86409572349223,1996,2
1996-02-15,72.96488349447334,1996,2
1996-02-16,73.02359345048139,1996,2
1996-02-17,73.19079394165043,1996,2
1996-02-18,73.34519181382889,1996,2
1996-02-19,73.62425314155361,1996,2
1996-02-20,73.68206957232147,1996,2
1996-02-21,74.3129400476741,1996,2
1996-02-22,73.81014483977559,1996,2
1996-02-23,74.5569552428399,1996,2
1996-02-24,73.82316535467935,1996,2
1996-02-25,73.68494762512415,1996,2
1996-02-26,73.27043986768085,1996,2
1996-02-27,72.90393200519455,1996,2
1996-02-28,73.33023333314762,1996,2
1996-02-29,73.60573869828508,1996,2
1996-03-01,74.0387310875546,1996,3
1996-03-02,74.2562370150374,1996,3
1996-03-03,73.79645805937822,1996,3
1996-03-04,73.9421239653364,1996,3
1996-03-05,74.04155884154302,1996,3
1996-03-06,74.26577718812023,1996,3
1996-03-07,74.43958158623603,1996,3
1996-03-08,75.18829034134876,1996,3
1996-03-09,74.63899617592106,1996,3
1996-03-10,74.75025416697761,1996,3
1996-03-11,75.0121368201287,1996,3
1996-03-12,75.2616477604766,1996,3
1996-03-13,75.1949751320047,1996,3
1996-03-14,75.2982179239058,1996,3
1996-03-15,75.29776177728529,1996,3
1996-03-16,75.01751911985822,1996,3
1996-03-17,74.61322684500009,1996,3
1996-03-18,75.06887115812903,1996,3
1996-03-19,75.14229634530854,1996,3
1996-03-20,74.74738467803505,1996,3
1996-03-21,75.03658112255015,1996,3
1996-03-22,75.02422446329997,1996,3
1996-03-23,74.90344046246403,1996,3
1996-03-24,74.94163814670779,1996,3
1996-03-25,75.28767733671938,1996,3
1996-03-26,75.47220231415966,1996,3
1996-03-27,75.52195264878223,1996,3
1996-03-28,75.71235336006693,1996,3
1996-03-29,75.91462623595434,1996,3
1996-03-30,75.76128742263289,1996,3
1996-03-31,75.33480050866906,1996,3
1996-04-01,75.76553278683004,1996,4
1996-04-02,75.24906047007843,1996,4
1996-04-03,75.50015478630976,1996,4
1996-04-04,75.77703744361405,1996,4
1996-04-05,75.86013736955559,1996,4
1996-04-06,75.65415352173231,1996,4
1996-04-07,75.70771120889319,1996,4
1996-04-08,75.78435223364843,1996,4
1996-04-09,75.72044225035951,1996,4
1996-04-10,75.69162791351202,1996,4
1996-04-11,75.82122808393814,1996,4
1996-04-12,76.43710639156761,1996,4
1996-04-13,76.5039667405639,1996,4
1996-04-14,75.98205702122476,1996,4
1996-04-15,75.90223742782054,1996,4
1996-04-16,76.0675900376464,1996,4
1996-04-17,76.21865330622451,1996,4
1996-04-18,76.42840774189963,1996,4
1996-04-19,76.35968336929308,1996,4
1996-04-20,76.04129332122957,1996,4
1996-04-21,75.93340291878084,1996,4
1996-04-22,75.97057189778108,1996,4
1996-04-23,75.94850892235269,1996,4
1996-04-24,76.04582994288565,1996,4
1996-04-25,76.1087745721843,1996,4
1996-04-26,76.07610802878902,1996,4
1996-04-27,76.17024363086401,1996,4
1996-04-28,76.42995414180318,1996,4
1996-04-29,76.62597708793861,1996,4
1996-04-30,76.78655764456121,1996,4
1996-05-01,76.73737074017555,1996,5
1996-05-02,76.46922465183549,1996,5
1996-05-03,76.39093888123469,1996,5
1996-05-04,76.54760882299684,1996,5
1996-05-05,76.75248727906403,1996,5
1996-05-06,76.78477573422047,1996,5
1996-05-07,76.82875475104704,1996,5
1996-05-08,76.9507955376627,1996,5
1996-05-09,77.07020497981779,1996,5
1996-05-10,77.06521021873701,1996,5
1996-05-11,76.69978580744363,1996,5
1996-05-12,76.46364813191478,1996,5
1996-05-13,76.56637398152077,1996,5
1996-05-14,76.57552681726976,1996,5
1996-05-15,76.29872758026417,1996,5
1996-05-16,76.0817359372755,1996,5
1996-05-17,76.28339923927994,1996,5
1996-05-18,76.93408107088337,1996,5
1996-05-19,76.50191590537219,1996,5
1996-05-20,76.1960982623971,1996,5
1996-05-21,76.44594811045674,1996,5
1996-05-22,76.55087290518888,1996,5
1996-05-23,76.52871640394804,1996,5
1996-05-24,76.78074552220447,1996,5
1996-05-25,76.928809555119,1996,5
1996-05-26,76.89352111877004,1996,5
1996-05-27,76.956994740059,1996,5
1996-05-28,77.53943838533573,1996,5
1996-05-29,77.11312030144451,1996,5
1996-05-30,76.9142587846307,1996,5
1996-05-31,76.77900521093349,1996,5
1996-06-01,77.03655552281377,1996,6
1996-06-02,76.90817595887509,1996,6
1996-06-03,76.86256368959002,1996,6
1996-06-04,76.82181908871772,1996,6
1996-06-05,76.52422424395864,1996,6
1996-06-06,76.19031135055627,1996,6
1996-06-07,76.1689917170166,1996,6
1996-06-08,76.0684645914222,1996,6
1996-06-09,76.22330286280753,1996,6
1996-06-10,76.06316374226327,1996,6
1996-06-11,76.21735733840559,1996,6
1996-06-12,75.96165156073074,1996,6
1996-06-13,76.42417743682626,1996,6
1996-06-14,75.86572123719101,1996,6
1996-06-15,75.74759930098841,1996,6
1996-06-16,75.67882439565031,1996,6
1996-06-17,75.68395867559342,1996,6
1996-06-18,75.69049031181318,1996,6
1996-06-19,75.36801261040307,1996,6
1996-06-20,74.89842089930958,1996,6
1996-06-21,74.84117246304513,1996,6
1996-06-22,74.66161077072529,1996,6
1996-06-23,74.6596132891499,1996,6
1996-06-24,74.76332643314518,1996,6
1996-06-25,74.86222743843491,1996,6
1996-06-26,74.94194824978045,1996,6
1996-06-27,75.1532236971353,1996,6
1996-06-28,75.07915432199134,1996,6
1996-06-29,75.23407817893701,1996,6
1996-06-30,74.97134327857883,1996,6
1996-07-01,74.87326413608494,1996,7
1996-07-02,75.13297145217264,1996,7
1996-07-03,75.36271264492953,1996,7
1996-07-04,75.3730685575449,1996,7
1996-07-05,75.21914448205004,1996,7
1996-07-06,74.9877083277972,1996,7
1996-07-07,75.03004534152804,1996,7
1996-07-08,74.99634100628931,1996,7
1996-07-09,75.08966608568394,1996,7
1996-07-10,75.10218585450225,1996,7
1996-07-11,75.01257654093328,1996,7
1996-07-12,74.77762121574199,1996,7
1996-07-13,74.84794379922837,1996,7
1996-07-14,74.7618880100524,1996,7
1996-07-15,74.60179388059494,1996,7
1996-07-16,74.54047928672728,1996,7
1996-07-17,74.64583116812449,1996,7
1996-07-18,74.65984037172609,1996,7
1996-07-19,74.65506045227578,1996,7
1996-07-20,74.6704825488894,1996,7
1996-07-21,74.55356967257401,1996,7
1996-07-22,74.36423377156697,1996,7
1996-07-23,74.27638206146531,1996,7
1996-07-24,74.18012588025373,1996,7
1996-07-25,74.33201067164067,1996,7
1996-07-26,74.81098835147283,1996,7
1996-07-27,74.25318111081002,1996,7
1996-07-28,74.16172993517297,1996,7
1996-07-29,74.14792673099943,1996,7
1996-07-30,74.29981251184573,1996,7
1996-07-31,74.27906658014116,1996,7
1996-08-01,74.30992249669325,1996,8
1996-08-02,74.28419436624672,1996,8
1996-08-03,74.087514571253,1996,8
1996-08-04,74.16598927821829,1996,8
1996-08-05,74.35604517350772,1996,8
1996-08-06,74.08974448706454,1996,8
1996-08-07,74.4727126536753,1996,8
1996-08-08,73.89101269190839,1996,8
1996-08-09,73.95039585638477,1996,8
1996-08-10,74.03389531257143,1996,8
1996-08-11,74.1320648357718,1996,8
1996-08-12,74.28570689715336,1996,8
1996-08-13,74.14787090702093,1996,8
1996-08-14,73.98657831589654,1996,8
1996-08-15,74.02912009316782,1996,8
1996-08-16,74.06865281011652,1996,8
1996-08-17,73.96821701628937,1996,8
1996-08-18,73.99006161203143,1996,8
1996-08-19,73.97440851957438,1996,8
1996-08-20,73.8872977913632,1996,8
1996-08-21,73.87082787778438,1996,8
1996-08-22,73.79884311446229,1996,8
1996-08-23,74.48631742714512,1996,8
1996-08-24,74.52244443607763,1996,8
1996-08-25,74.3224186623471,1996,8
1996-08-26,74.47157866080418,1996,8
1996-08-27,74.41907009977321,1996,8
1996-08-28,74.33961990493344,1996,8
1996-08-29,74.36416039403713,1996,8
1996-08-30,74.2968530744088,1996,8
1996-08-31,74.08224304509663,1996,8
1996-09-01,73.94835612505307,1996,9
1996-09-02,74.09148970618993,1996,9
1996-09-03,74.10004389067124,1996,9
1996-09-04,74.23147587361525,1996,9
1996-09-05,74.23147429099073,1996,9
1996-09-06,74.15352474736767,1996,9
1996-09-07,74.06894545396553,1996,9
1996-09-08,73.99014972497677,1996,9
1996-09-09,73.8620647644887,1996,9
1996-09-10,74.1894461039136,1996,9
1996-09-11,74.43011688143696,1996,9
1996-09-12,74.53537133335556,1996,9
1996-09-13,74.6945777766889,1996,9
1996-09-14,74.8940365185722,1996,9
1996-09-15,74.71774194613808,1996,9
1996-09-16,74.59644748915423,1996,9
1996-09-17,74.59540574999549,1996,9
1996-09-18,74.65273393076268,1996,9
1996-09-19,74.38961098546297,1996,9
1996-09-20,74.53093636670694,1996,9
1996-09-21,74.62918371955188,1996,9
1996-09-22,74.7184795775873,1996,9
1996-09-23,74.72613046050395,1996,9
1996-09-24,74.88368242565782,1996,9
1996-09-25,75.04295656565589,1996,9
1996-09-26,75.15786799622337,1996,9
1996-09-27,74.9648988716538,1996,9
1996-09-28,74.72501325366386,1996,9
1996-09-29,74.62612295796619,1996,9
1996-09-30,74.55061263530422,1996,9
1996-10-01,74.72061217631226,1996,10
1996-10-02,74.7525180611366,1996,10
1996-10-03,74.74002589796385,1996,10
1996-10-04,74.43101818200694,1996,10
1996-10-05,74.67226936411517,1996,10
1996-10-06,73.95865106984769,1996,10
1996-10-07,74.06276699261545,1996,10
1996-10-08,74.28800679442166,1996,10
1996-10-09,74.3907829899044,1996,10
1996-10-10,74.50816501505162,1996,10
1996-10-11,74.59091558208674,1996,10
1996-10-12,74.59059631861433,1996,10
1996-10-13,74.68004393589412,1996,10
1996-10-14,74.7584036319127,1996,10
1996-10-15,75.23939782984101,1996,10
1996-10-16,74.67064470253295,1996,10
1996-10-17,74.66152695181367,1996,10
1996-10-18,74.67509215503128,1996,10
1996-10-19,74.45851923361442,1996,10
1996-10-20,74.31776343644252,1996,10
1996-10-21,74.27317419436837,1996,10
1996-10-22,74.23443082068022,1996,10
1996-10-23,74.04587332950175,1996,10
1996-10-24,73.74763265568377,1996,10
1996-10-25,73.6620988589503,1996,10
1996-10-26,73.68202120920282,1996,10
1996-10-27,73.60843268395581,1996,10
1996-10-28,73.7246417011434,1996,10
1996-10-29,73.89484328461421,1996,10
1996-10-30,73.94191139409456,1996,10
1996-10-31,74.11020444990928,1996,10
1996-11-01,74.28797462849386,1996,11
1996-11-02,74.30498772117542,1996,11
1996-11-03,74.2697844677599,1996,11
1996-11-04,74.17882650219626,1996,11
1996-11-05,74.14704757128212,1996,11
1996-11-06,74.11559269089703,1996,11
1996-11-07,74.07370519078229,1996,11
1996-11-08,74.03287525484853,1996,11
1996-11-09,73.98392826786521,1996,11
1996-11-10,74.02782424329146,1996,11
1996-11-11,73.97111832352853,1996,11
1996-11-12,73.97102962136552,1996,11
1996-11-13,73.88539102276417,1996,11
1996-11-14,73.75130237376938,1996,11
1996-11-15,73.81709647616643,1996,11
1996-11-16,73.74887111463136,1996,11
1996-11-17,73.33132564426316,1996,11
1996-11-18,73.36930842138226,1996,11
1996-11-19,73.5565833311464,1996,11
1996-11-20,73.42302452489713,1996,11
1996-11-21,73.23311126349778,1996,11
1996-11-22,73.10496994135079,1996,11
1996-11-23,72.99829585751881,1996,11
1996-11-24,73.00195812966165,1996,11
1996-11-25,73.30732199712203,1996,11
1996-11-26,73.2592803452777,1996,11
1996-11-27,73.28718867571196,1996,11
1996-11-28,73.1862029788992,1996,11
1996-11-29,73.06016733475006,1996,11
1996-11-30,72.9113276047936,1996,11
1996-12-01,73.08829483797439,1996,12
1996-12-02,72.74399413076556,1996,12
1996-12-03,72.77340595639214,1996,12
1996-12-04,72.84357051943024,1996,12
1996-12-05,72.75148362116806,1996,12
1996-12-06,72.78758230906224,1996,12
1996-12-07,72.67434103895943,1996,12
1996-12-08,72.37756601926077,1996,12
1996-12-09,72.09686477421116,1996,12
1996-12-10,72.01344830890046,1996,12
1996-12-11,72.11786780747201,1996,12
1996-12-12,72.38242942445339,1996,12
1996-12-13,72.47677984037485,1996,12
1996-12-14,72.42706638759716,1996,12
1996-12-15,72.54172245396701,1996,12
1996-12-16,72.65687549586622,1996,12
1996-12-17,72.96622843107703,1996,12
1996-12-18,72.71071417825972,1996,12
1996-12-19,72.58708398837022,1996,12
1996-12-20,72.6061135879892,1996,12
1996-12-21,72.61336075507101,1996,12
1996-12-22,72.55744246655416,1996,12
1996-12-23,72.61493263358346,1996,12
1996-12-24,72.53096835907496,1996,12
1996-12-25,72.53768254195302,1996,12
1996-12-26,72.59479578872259,1996,12
1996-12-27,72.62254451297247,1996,12
1996-12-28,72.51336617065246,1996,12
1996-12-29,72.49247546295864,1996,12
1996-12-30,72.49032665776974,1996,12
1996-12-31,72.51026768140542,1996,12
1997-01-01,71.9762553083328,1997,1
1997-01-02,71.92045849433028,1997,1
1997-01-03,71.911175302074,1997,1
1997-01-04,71.8593793371531,1997,1
1997-01-05,71.64874308070384,1997,1
1997-01-06,71.64473531111042,1997,1
1997-01-07,71.61928225615476,1997,1
1997-01-08,71.41484663664806,1997,1
1997-01-09,71.22364644270348,1997,1
1997-01-10,71.40411946745759,1997,1
1997-01-11,71.47271594813965,1997,1
1997-01-12,71.6620274105005,1997,1
1997-01-13,71.61300940117833,1997,1
1997-01-14,71.56709126579209,1997,1
1997-01-15,71.48858144021808,1997,1
1997-01-16,71.45710137508065,1997,1
1997-01-17,71.43646812769875,1997,1
1997-01-18,71.5233686640005,1997,1
1997-01-19,71.5221508394434,1997,1
1997-01-20,70.73804538654328,1997,1
1997-01-21,70.66336400975672,1997,1
1997-01-22,70.57366624904564,1997,1
1997-01-23,70.55452407906564,1997,1
1997-01-24,70.83512584208367,1997,1
1997-01-25,70.96413226121143,1997,1
1997-01-26,71.22205646739755,1997,1
1997-01-27,71.30119213661203,1997,1
1997-01-28,71.37573265623988,1997,1
1997-01-29,71.41419046915838,1997,1
1997-01-30,71.55215468940416,1997,1
1997-01-31,71.76733522830334,1997,1
1997-02-01,71.5991920904623,1997,2
1997-02-02,71.64683398925128,1997,2
1997-02-03,71.63101116305891,1997,2
1997-02-04,71.38145906689569,1997,2
1997-02-05,71.36593757072484,1997,2
1997-02-06,71.52092695784506,1997,2
1997-02-07,71.5609972945252,1997,2
1997-02-08,71.82414774528817,1997,2
1997-02-09,71.93866412996293,1997,2
1997-02-10,71.5803396261218,1997,2
1997-02-11,71.59013618748041,1997,2
1997-02-12,71.64642081820156,1997,2
1997-02-13,71.90311361579522,1997,2
1997-02-14,72.34159438714619,1997,2
1997-02-15,72.62980997352395,1997,2
1997-02-16,72.66686568119088,1997,2
1997-02-17,72.61277171543226,1997,2
1997-02-18,72.5388157354144,1997,2
1997-02-19,72.54100567699423,1997,2
1997-02-20,72.4807113385642,1997,2
1997-02-21,72.39637045266753,1997,2
1997-02-22,72.67706041852686,1997,2
1997-02-23,72.93891728847927,1997,2
1997-02-24,73.12154682708947,1997,2
1997-02-25,73.36330804748174,1997,2
1997-02-26,73.37381222655279,1997,2
1997-02-27,73.50482947509232,1997,2
1997-02-28,73.41220196956067,1997,2
1997-03-01,73.67018763236167,1997,3
1997-03-02,73.80491195937013,1997,3
1997-03-03,73.52958839047864,1997,3
1997-03-04,73.52262542647264,1997,3
1997-03-05,73.62423479360287,1997,3
1997-03-06,73.66894328469822,1997,3
1997-03-07,73.74015349722916,1997,3
1997-03-08,73.9033882071624,1997,3
1997-03-09,74.11917706860248,1997,3
1997-03-10,74.1678698870502,1997,3
1997-03-11,74.22466771206612,1997,3
1997-03-12,74.40312959218527,1997,3
1997-03-13,74.35601866933538,1997,3
1997-03-14,74.18823769866827,1997,3
1997-03-15,74.01449780366569,1997,3
1997-03-16,74.04424342740275,1997,3
1997-03-17,73.98526027513546,1997,3
1997-03-18,74.1744765027665,1997,3
1997-03-19,74.2624960905657,1997,3
1997-03-20,73.97043947129369,1997,3
1997-03-21,73.78795709171904,1997,3
1997-03-22,73.85380916626595,1997,3
1997-03-23,73.74650881466951,1997,3
1997-03-24,73.7175336783475,1997,3
1997-03-25,73.76709634065838,1997,3
1997-03-26,74.03789255938945,1997,3
1997-03-27,74.23414603002045,1997,3
1997-03-28,74.43135658977673,1997,3
1997-03-29,74.20941455848529,1997,3
1997-03-30,73.83885662024514,1997,3
1997-03-31,73.91156058622195,1997,3
1997-04-01,73.80105296870074,1997,4
1997-04-02,73.76422323630274,1997,4
1997-04-03,73.27047298916945,1997,4
1997-04-04,72.93704543211155,1997,4
1997-04-05,73.2407322347326,1997,4
1997-04-06,73.52701519631637,1997,4
1997-04-07,73.90938675368905,1997,4
1997-04-08,74.33877233518776,1997,4
1997-04-09,74.39170221233168,1997,4
1997-04-10,74.2401361656401,1997,4
1997-04-11,74.4342612019181,1997,4
1997-04-12,74.67103767132231,1997,4
1997-04-13,74.74404420273551,1997,4
1997-04-14,74.97779206777878,1997,4
1997-04-15,74.91857576074187,1997,4
1997-04-16,75.27191931707725,1997,4
1997-04-17,74.42454790992483,1997,4
1997-04-18,74.46836755522887,1997,4
1997-04-19,74.74717115554456,1997,4
1997-04-20,74.90022304310222,1997,4
1997-04-21,75.07161063910392,1997,4
1997-04-22,75.13077763455199,1997,4
1997-04-23,75.30564206812599,1997,4
1997-04-24,75.46778208142594,1997,4
1997-04-25,75.79453845715189,1997,4
1997-04-26,75.74059368208822,1997,4
1997-04-27,75.36221891275251,1997,4
1997-04-28,75.02086396120512,1997,4
1997-04-29,74.97760267256267,1997,4
1997-04-30,74.98231038991912,1997,4
1997-05-01,74.9378488782611,1997,5
1997-05-02,74.99748293612677,1997,5
1997-05-03,74.95397711130737,1997,5
1997-05-04,74.9395975757012,1997,5
1997-05-05,74.77187754415179,1997,5
1997-05-06,74.74513898931953,1997,5
1997-05-07,75.06236935059974,1997,5
1997-05-08,74.93355970092433,1997,5
1997-05-09,75.06342604709279,1997,5
1997-05-10,75.36909444554674,1997,5
1997-05-11,75.60717168827418,1997,5
1997-05-12,75.89881875424112,1997,5
1997-05-13,75.88685422500906,1997,5
1997-05-14,75.93166056975741,1997,5
1997-05-15,76.21114207547143,1997,5
1997-05-16,75.90690413231457,1997,5
1997-05-17,76.04138313527515,1997,5
1997-05-18,76.20408278598124,1997,5
1997-05-19,76.26708854741062,1997,5
1997-05-20,76.20123370313392,1997,5
1997-05-21,76.26990646887836,1997,5
1997-05-22,76.17304121069111,1997,5
1997-05-23,76.24824365725557,1997,5
1997-05-24,76.12504672328728,1997,5
1997-05-25,76.25111501128018,1997,5
1997-05-26,76.21133667237193,1997,5
1997-05-27,76.03678925826635,1997,5
1997-05-28,76.1537484466544,1997,5
1997-05-29,76.13367404929899,1997,5
1997-05-30,75.82246349090879,1997,5
1997-05-31,75.64604753652767,1997,5
1997-06-01,75.44216865223531,1997,6
1997-06-02,75.19958028196069,1997,6
1997-06-03,75.33532201534172,1997,6
1997-06-04,75.46698777160786,1997,6
1997-06-05,75.42605550897157,1997,6
1997-06-06,75.6419196764712,1997,6
1997-06-07,75.68775332520475,1997,6
1997-06-08,75.58463666914965,1997,6
1997-06-09,75.71656756636482,1997,6
1997-06-10,75.23209413592012,1997,6
1997-06-11,75.45398556927542,1997,6
1997-06-12,75.65930304409179,1997,6
1997-06-13,75.49368271474587,1997,6
1997-06-14,75.25766979818515,1997,6
1997-06-15,75.6865798888193,1997,6
1997-06-16,75.7385739592195,1997,6
1997-06-17,75.7414678720268,1997,6
1997-06-18,75.42081346928691,1997,6
1997-06-19,75.05906206950866,1997,6
1997-06-20,75.04313236346599,1997,6
1997-06-21,74.91482444528197,1997,6
1997-06-22,75.13912440229925,1997,6
1997-06-23,75.09285953555967,1997,6
1997-06-24,74.77942636676858,1997,6
1997-06-25,74.78356870326114,1997,6
1997-06-26,74.75870458838273,1997,6
1997-06-27,74.58608218427074,1997,6
1997-06-28,74.27481261228495,1997,6
1997-06-29,74.21468665869787,1997,6
1997-06-30,74.20329380881877,1997,6
1997-07-01,74.44041884258078,1997,7
1997-07-02,74.70751841868096,1997,7
1997-07-03,74.81837129643559,1997,7
1997-07-04,74.53317944134923,1997,7
1997-07-05,74.45210654396908,1997,7
1997-07-06,74.54733787835245,1997,7
1997-07-07,74.49446633446216,1997,7
1997-07-08,74.31503141742029,1997,7
1997-07-09,74.22222901793488,1997,7
1997-07-10,74.16268921461925,1997,7
1997-07-11,74.06125903335834,1997,7
1997-07-12,74.07037442112649,1997,7
1997-07-13,74.31757987570764,1997,7
1997-07-14,74.38583655965017,1997,7
1997-07-15,74.41488874962165,1997,7
1997-07-16,74.48048772423101,1997,7
1997-07-17,74.43766377478545,1997,7
1997-07-18,74.67233672763405,1997,7
1997-07-19,74.66807592938876,1997,7
1997-07-20,74.40815646845266,1997,7
1997-07-21,74.2064070674778,1997,7
1997-07-22,74.15614499718086,1997,7
1997-07-23,74.07201724497635,1997,7
1997-07-24,74.22157588403952,1997,7
1997-07-25,74.27047542701253,1997,7
1997-07-26,74.15748506982311,1997,7
1997-07-27,74.10091242298961,1997,7
1997-07-28,74.10628813287552,1997,7
1997-07-29,74.01421541687866,1997,7
1997-07-30,73.68792498229271,1997,7
1997-07-31,73.6388342559682,1997,7
1997-08-01,73.61293623480131,1997,8
1997-08-02,73.61570737181201,1997,8
1997-08-03,73.73843509326181,1997,8
1997-08-04,73.86255895150208,1997,8
1997-08-05,74.03559765288833,1997,8
1997-08-06,74.05291783026495,1997,8
1997-08-07,74.05216738776306,1997,8
1997-08-08,73.93718370834604,1997,8
1997-08-09,74.26952769300695,1997,8
1997-08-10,74.08498285132126,1997,8
1997-08-11,73.9115186074806,1997,8
1997-08-12,73.74194718761501,1997,8
1997-08-13,73.67548500326353,1997,8
1997-08-14,73.93788593967056,1997,8
1997-08-15,74.07634816892727,1997,8
1997-08-16,74.33328855770966,1997,8
1997-08-17,74.20411819677314,1997,8
1997-08-18,74.06058316944718,1997,8
1997-08-19,74.25480363126609,1997,8
1997-08-20,74.10812113418869,1997,8
1997-08-21,73.8440669055918,1997,8
1997-08-22,73.99167239865017,1997,8
1997-08-23,73.71956677582098,1997,8
1997-08-24,73.88259173836367,1997,8
1997-08-25,73.95245045436361,1997,8
1997-08-26,73.82585273187519,1997,8
1997-08-27,74.843354325837,1997,8
1997-08-28,73.59297842040043,1997,8
1997-08-29,73.58798306469559,1997,8
1997-08-30,73.62669230527112,1997,8
1997-08-31,73.81444373123144,1997,8
1997-09-01,73.95060214155141,1997,9
1997-09-02,74.01716031828637,1997,9
1997-09-03,74.14582595413025,1997,9
1997-09-04,74.18204663677571,1997,9
1997-09-05,74.31468745086448,1997,9
1997-09-06,74.11292830047411,1997,9
1997-09-07,74.0835895895976,1997,9
1997-09-08,74.05154237258617,1997,9
1997-09-09,73.61092794879994,1997,9
1997-09-10,73.6638781151936,1997,9
1997-09-11,73.61373116889425,1997,9
1997-09-12,73.49157598248176,1997,9
1997-09-13,73.71737531528996,1997,9
1997-09-14,73.83285702486714,1997,9
1997-09-15,73.85324772479214,1997,9
1997-09-16,74.08240826462207,1997,9
1997-09-17,73.97079775187296,1997,9
1997-09-18,74.11691708917004,1997,9
1997-09-19,74.21542744716872,1997,9
1997-09-20,74.10822790282481,1997,9
1997-09-21,74.08973034840764,1997,9
1997-09-22,74.12384985676783,1997,9
1997-09-23,74.19512319499627,1997,9
1997-09-24,74.0879981766815,1997,9
1997-09-25,74.20543953046523,1997,9
1997-09-26,74.29664880932725,1997,9
1997-09-27,74.22606358785717,1997,9
1997-09-28,74.0875500840339,1997,9
1997-09-29,74.09062853722517,1997,9
1997-09-30,73.9641221140828,1997,9
1997-10-01,73.54555051221347,1997,10
1997-10-02,73.55522276191152,1997,10
1997-10-03,73.60872619441722,1997,10
1997-10-04,73.65606550353615,1997,10
1997-10-05,73.52018136723889,1997,10
1997-10-06,73.380263467014,1997,10
1997-10-07,73.6446121092485,1997,10
1997-10-08,73.85764764008216,1997,10
1997-10-09,74.01039512092223,1997,10
1997-10-10,74.02729301673797,1997,10
1997-10-11,73.77479535804362,1997,10
1997-10-12,73.97232662909516,1997,10
1997-10-13,74.02429602540361,1997,10
1997-10-14,74.05244458333046,1997,10
1997-10-15,73.84938343929412,1997,10
1997-10-16,73.78064812837631,1997,10
1997-10-17,73.82901799577502,1997,10
1997-10-18,73.89823574026983,1997,10
1997-10-19,74.01778456253976,1997,10
1997-10-20,73.58690909275859,1997,10
1997-10-21,73.39410143721926,1997,10
1997-10-22,73.71649464390654,1997,10
1997-10-23,73.22381878736425,1997,10
1997-10-24,72.7645536355488,1997,10
1997-10-25,73.04942064279109,1997,10
1997-10-26,73.10275783321796,1997,10
1997-10-27,72.84709764956571,1997,10
1997-10-28,72.95524598993764,1997,10
1997-10-29,72.80312985062828,1997,10
1997-10-30,72.36360996183807,1997,10
1997-10-31,72.60642861003925,1997,10
1997-11-01,72.946827636932,1997,11
1997-11-02,73.1257991586071,1997,11
1997-11-03,73.15966158173201,1997,11
1997-11-04,73.1737663363235,1997,11
1997-11-05,73.21577799616229,1997,11
1997-11-06,73.27453469248331,1997,11
1997-11-07,73.34278354957577,1997,11
1997-11-08,73.27031975793466,1997,11
1997-11-09,73.24826739914316,1997,11
1997-11-10,74.38711460711293,1997,11
1997-11-11,72.89691077388655,1997,11
1997-11-12,72.70869750832614,1997,11
1997-11-13,72.80722307201778,1997,11
1997-11-14,72.74702550915922,1997,11
1997-11-15,72.76532233400287,1997,11
1997-11-16,72.73307563834148,1997,11
1997-11-17,72.5934966033612,1997,11
1997-11-18,72.44600385008545,1997,11
1997-11-19,72.2981903928767,1997,11
1997-11-20,72.29778656539605,1997,11
1997-11-21,72.4041418219871,1997,11
1997-11-22,72.46605938649336,1997,11
1997-11-23,72.3829554072179,1997,11
1997-11-24,72.29708756150164,1997,11
1997-11-25,72.3483916801019,1997,11
1997-11-26,72.28980047362957,1997,11
1997-11-27,71.80373054647282,1997,11
1997-11-28,71.70831170909926,1997,11
1997-11-29,71.61361056834653,1997,11
1997-11-30,71.46231487224672,1997,11
1997-12-01,71.56508631735534,1997,12
1997-12-02,71.5603650186887,1997,12
1997-12-03,71.56014417860469,1997,12
1997-12-04,71.56726283459194,1997,12
1997-12-05,71.63167178167427,1997,12
1997-12-06,71.68832856975807,1997,12
1997-12-07,71.7509766076556,1997,12
1997-12-08,71.47372664874766,1997,12
1997-12-09,70.85394627941267,1997,12
1997-12-10,70.6313442666517,1997,12
1997-12-11,70.7815218970409,1997,12
1997-12-12,70.93228147098515,1997,12
1997-12-13,71.00663822473608,1997,12
1997-12-14,70.9443979262548,1997,12
1997-12-15,70.70720111517157,1997,12
1997-12-16,70.67355158919354,1997,12
1997-12-17,70.67911720457002,1997,12
1997-12-18,70.57458406637312,1997,12
1997-12-19,70.98794069926548,1997,12
1997-12-20,70.89358157529378,1997,12
1997-12-21,70.70011113384473,1997,12
1997-12-22,70.91581576442984,1997,12
1997-12-23,71.03852614573627,1997,12
1997-12-24,71.0923858032534,1997,12
1997-12-25,71.04900736622685,1997,12
1997-12-26,70.92683252434257,1997,12
1997-12-27,70.90779459856593,1997,12
1997-12-28,70.73731879769426,1997,12
1997-12-29,70.89180455185334,1997,12
1997-12-30,70.72170740274692,1997,12
1997-12-31,70.51660022064085,1997,12
1998-01-01,70.30782180622688,1998,1
1998-01-02,70.51690686513666,1998,1
1998-01-03,70.89956241523187,1998,1
1998-01-04,71.03442624755358,1998,1
1998-01-05,71.2470507319251,1998,1
1998-01-06,71.34622554712888,1998,1
1998-01-07,71.24069359483683,1998,1
1998-01-08,71.17266552435008,1998,1
1998-01-09,71.20093123572519,1998,1
1998-01-10,71.36917676869815,1998,1
1998-01-11,71.62909108550295,1998,1
1998-01-12,71.76644185410746,1998,1
1998-01-13,71.58707031850304,1998,1
1998-01-14,71.6332720860919,1998,1
1998-01-15,71.6106749731535,1998,1
1998-01-16,71.59534580070114,1998,1
1998-01-17,71.27575905554062,1998,1
1998-01-18,71.12970873748672,1998,1
1998-01-19,70.91861369639373,1998,1
1998-01-20,70.86464845189174,1998,1
1998-01-21,70.79812269464806,1998,1
1998-01-22,70.652671083962,1998,1
1998-01-23,70.93041310931955,1998,1
1998-01-24,71.13824618921947,1998,1
1998-01-25,71.20843741771318,1998,1
1998-01-26,71.24213967704364,1998,1
1998-01-27,71.26868328080235,1998,1
1998-01-28,71.5587214698681,1998,1
1998-01-29,71.34775573795906,1998,1
1998-01-30,71.5795118711627,1998,1
1998-01-31,71.76528775009592,1998,1
1998-02-01,71.98737002812875,1998,2
1998-02-02,72.16311797886887,1998,2
1998-02-03,72.16045790385888,1998,2
1998-02-04,72.14626105218298,1998,2
1998-02-05,71.94484252688152,1998,2
1998-02-06,71.90670652747899,1998,2
1998-02-07,71.76344067666432,1998,2
1998-02-08,71.74219534868668,1998,2
1998-02-09,71.99077547783814,1998,2
1998-02-10,72.49257641556943,1998,2
1998-02-11,72.5317393413449,1998,2
1998-02-12,72.87774493010882,1998,2
1998-02-13,72.7929493190741,1998,2
1998-02-14,73.11343975295706,1998,2
1998-02-15,72.94675022526431,1998,2
1998-02-16,72.7224083915999,1998,2
1998-02-17,72.51438160583866,1998,2
1998-02-18,72.27268745003876,1998,2
1998-02-19,72.1230779444654,1998,2
1998-02-20,72.15148543279244,1998,2
1998-02-21,72.29060549588563,1998,2
1998-02-22,72.33575386717497,1998,2
1998-02-23,72.57330119015022,1998,2
1998-02-24,72.35446125766306,1998,2
1998-02-25,71.95550684983198,1998,2
1998-02-26,71.95015917995745,1998,2
1998-02-27,72.15211440942005,1998,2
1998-02-28,72.23164087331342,1998,2
1998-03-01,72.4915987636055,1998,3
1998-03-02,72.753425446213,1998,3
1998-03-03,72.79909083672116,1998,3
1998-03-04,72.77860173103662,1998,3
1998-03-05,72.84099773892729,1998,3
1998-03-06,72.64366876719075,1998,3
1998-03-07,72.83137470186563,1998,3
1998-03-08,72.54875424398881,1998,3
1998-03-09,72.84453618167969,1998,3
1998-03-10,73.23962495302634,1998,3
1998-03-11,73.75747659520503,1998,3
1998-03-12,73.49244323967136,1998,3
1998-03-13,73.69762954816142,1998,3
1998-03-14,72.81498005267832,1998,3
1998-03-15,73.11057030909252,1998,3
1998-03-16,73.40683713876538,1998,3
1998-03-17,73.26645431951953,1998,3
1998-03-18,73.4557354237816,1998,3
1998-03-19,73.57328279240011,1998,3
1998-03-20,73.72531126433846,1998,3
1998-03-21,74.03460801123497,1998,3
1998-03-22,74.40975994168882,1998,3
1998-03-23,74.55691015752662,1998,3
1998-03-24,74.1913070854359,1998,3
1998-03-25,73.81578313823542,1998,3
1998-03-26,73.97129890334499,1998,3
1998-03-27,74.41109347184302,1998,3
1998-03-28,74.73778146601134,1998,3
1998-03-29,74.62881738861559,1998,3
1998-03-30,74.2190565919928,1998,3
1998-03-31,73.96546833846413,1998,3
1998-04-01,74.66665979959632,1998,4
1998-04-02,74.9369563190484,1998,4
1998-04-03,75.18203687784494,1998,4
1998-04-04,75.12111625367841,1998,4
1998-04-05,75.08836168315844,1998,4
1998-04-06,75.13495811882552,1998,4
1998-04-07,75.37103325249355,1998,4
1998-04-08,75.36515736369451,1998,4
1998-04-09,75.31305557812188,1998,4
1998-04-10,74.58060758296017,1998,4
1998-04-11,74.87904773352956,1998,4
1998-04-12,75.14444978436319,1998,4
1998-04-13,75.40839633544431,1998,4
1998-04-14,75.43425429783098,1998,4
1998-04-15,75.58098875398741,1998,4
1998-04-16,75.63530244117769,1998,4
1998-04-17,75.41124422744876,1998,4
1998-04-18,75.54018012106994,1998,4
1998-04-19,75.98998846173815,1998,4
1998-04-20,75.9517644167516,1998,4
1998-04-21,75.95014588723892,1998,4
1998-04-22,75.61629987828493,1998,4
1998-04-23,75.80836167412559,1998,4
1998-04-24,75.72784846758107,1998,4
1998-04-25,75.79620275905695,1998,4
1998-04-26,75.91684141795982,1998,4
1998-04-27,75.33215017972394,1998,4
1998-04-28,75.62153767450947,1998,4
1998-04-29,75.66368185639985,1998,4
1998-04-30,75.91907451002012,1998,4
1998-05-01,75.89499382661359,1998,5
1998-05-02,75.95595184808619,1998,5
1998-05-03,75.87895935490099,1998,5
1998-05-04,75.9046692138932,1998,5
1998-05-05,76.19013149114971,1998,5
1998-05-06,76.81056170773951,1998,5
1998-05-07,76.2434935485512,1998,5
1998-05-08,75.55986049202863,1998,5
1998-05-09,75.20254616053799,1998,5
1998-05-10,75.25793599847982,1998,5
1998-05-11,75.23814661804829,1998,5
1998-05-12,75.27873569515178,1998,5
1998-05-13,75.7291354062524,1998,5
1998-05-14,76.15889404553633,1998,5
1998-05-15,76.29011511667011,1998,5
1998-05-16,76.24143204786265,1998,5
1998-05-17,76.40827615034458,1998,5
1998-05-18,76.82058253459607,1998,5
1998-05-19,76.49088827392275,1998,5
1998-05-20,76.61237253742593,1998,5
1998-05-21,76.8240787075941,1998,5
1998-05-22,76.99673896269061,1998,5
1998-05-23,77.00281497101847,1998,5
1998-05-24,77.01978306311443,1998,5
1998-05-25,77.07950312607247,1998,5
1998-05-26,76.99984561363948,1998,5
1998-05-27,76.94266992417354,1998,5
1998-05-28,76.89293904635,1998,5
1998-05-29,76.75123465040177,1998,5
1998-05-30,76.66475593972415,1998,5
1998-05-31,76.899613961879,1998,5
1998-06-01,76.93317337933878,1998,6
1998-06-02,76.88850712095686,1998,6
1998-06-03,76.83360996965058,1998,6
1998-06-04,76.46480585827977,1998,6
1998-06-05,76.61412763339514,1998,6
1998-06-06,76.7101738196327,1998,6
1998-06-07,76.35057029477937,1998,6
1998-06-08,76.38056879393679,1998,6
1998-06-09,76.17317027518486,1998,6
1998-06-10,75.82588000171712,1998,6
1998-06-11,75.02836265634464,1998,6
1998-06-12,75.09097023053806,1998,6
1998-06-13,75.27433573204074,1998,6
1998-06-14,75.12976613221244,1998,6
1998-06-15,75.1434968311565,1998,6
1998-06-16,74.97384200105496,1998,6
1998-06-17,74.79953101298254,1998,6
1998-06-18,74.98131290157598,1998,6
1998-06-19,75.4817912446609,1998,6
1998-06-20,75.54868673028692,1998,6
1998-06-21,75.59931278360499,1998,6
1998-06-22,75.53328827265305,1998,6
1998-06-23,75.36536534469123,1998,6
1998-06-24,75.55357542294576,1998,6
1998-06-25,75.31243604840941,1998,6
1998-06-26,75.44097757199353,1998,6
1998-06-27,75.3200230889786,1998,6
1998-06-28,75.10766269719876,1998,6
1998-06-29,74.70003912900243,1998,6
1998-06-30,74.47598288127445,1998,6
1998-07-01,74.25079466280651,1998,7
1998-07-02,74.21179382911583,1998,7
1998-07-03,74.11989414968544,1998,7
1998-07-04,74.09951263769103,1998,7
1998-07-05,73.77861030236544,1998,7
1998-07-06,73.6428332402688,1998,7
1998-07-07,73.887631593702,1998,7
1998-07-08,73.90213946438203,1998,7
1998-07-09,73.97808261213684,1998,7
1998-07-10,74.17133271566901,1998,7
1998-07-11,73.9581042452315,1998,7
1998-07-12,73.98544201897481,1998,7
1998-07-13,73.950096656555,1998,7
1998-07-14,73.9297348492301,1998,7
1998-07-15,74.12128045675523,1998,7
1998-07-16,73.97280362303486,1998,7
1998-07-17,74.00006932132735,1998,7
1998-07-18,74.05155094692819,1998,7
1998-07-19,74.10039624147588,1998,7
1998-07-20,74.14661483115212,1998,7
1998-07-21,74.44989041346385,1998,7
1998-07-22,74.64048987034589,1998,7
1998-07-23,74.83460241466818,1998,7
1998-07-24,74.73737579990949,1998,7
1998-07-25,74.70480222273554,1998,7
1998-07-26,74.69120467930476,1998,7
1998-07-27,74.57458166241773,1998,7
1998-07-28,74.54913481634428,1998,7
1998-07-29,74.30248702546787,1998,7
1998-07-30,74.14901181351522,1998,7
1998-07-31,74.39918759451372,1998,7
1998-08-01,74.40976936452438,1998,8
1998-08-02,74.44310168076504,1998,8
1998-08-03,74.25728412475496,1998,8
1998-08-04,74.0333107653536,1998,8
1998-08-05,74.02362712888002,1998,8
1998-08-06,73.9133595083534,1998,8
1998-08-07,73.92796157866256,1998,8
1998-08-08,74.07556107725695,1998,8
1998-08-09,73.91658196645042,1998,8
1998-08-10,74.14921834778133,1998,8
1998-08-11,74.07612745889661,1998,8
1998-08-12,74.11854424176666,1998,8
1998-08-13,73.93505043938211,1998,8
1998-08-14,73.77041736277927,1998,8
1998-08-15,73.75679398452918,1998,8
1998-08-16,73.68646271371821,1998,8
1998-08-17,73.8437208147422,1998,8
1998-08-18,73.991352310661,1998,8
1998-08-19,74.22468078751228,1998,8
1998-08-20,74.18144466003224,1998,8
1998-08-21,74.08049049075026,1998,8
1998-08-22,74.14384410791901,1998,8
1998-08-23,74.32853941894926,1998,8
1998-08-24,74.36743867126906,1998,8
1998-08-25,74.39606631615965,1998,8
1998-08-26,74.2152798877859,1998,8
1998-08-27,73.85999245244317,1998,8
1998-08-28,73.78552308751847,1998,8
1998-08-29,73.92400150095028,1998,8
1998-08-30,74.11518489491726,1998,8
1998-08-31,74.1495024116279,1998,8
1998-09-01,73.96854281361212,1998,9
1998-09-02,74.00882600918634,1998,9
1998-09-03,74.03674967410197,1998,9
1998-09-04,74.0807226774222,1998,9
1998-09-05,74.07389269862125,1998,9
1998-09-06,74.27008066567224,1998,9
1998-09-07,74.58422057445821,1998,9
1998-09-08,74.29043360857452,1998,9
1998-09-09,74.42601205018293,1998,9
1998-09-10,73.9745297517654,1998,9
1998-09-11,74.02868783814455,1998,9
1998-09-12,74.36531168921971,1998,9
1998-09-13,73.694024272738,1998,9
1998-09-14,73.60118986597314,1998,9
1998-09-15,73.69607632726675,1998,9
1998-09-16,73.86788391257515,1998,9
1998-09-17,74.13057342419262,1998,9
1998-09-18,74.04457849556256,1998,9
1998-09-19,73.98422680992084,1998,9
1998-09-20,73.94313137513042,1998,9
1998-09-21,73.57221884788322,1998,9
1998-09-22,73.59961902610716,1998,9
1998-09-23,73.51715396193282,1998,9
1998-09-24,73.62594491791782,1998,9
1998-09-25,73.86086664793116,1998,9
1998-09-26,74.14035984156558,1998,9
1998-09-27,74.2215147857967,1998,9
1998-09-28,74.25076085338742,1998,9
1998-09-29,74.21818097111749,1998,9
1998-09-30,74.42790946161944,1998,9
1998-10-01,74.41472566590241,1998,10
1998-10-02,74.17939876705135,1998,10
1998-10-03,74.02641678764816,1998,10
1998-10-04,73.92415520641148,1998,10
1998-10-05,73.8852630291923,1998,10
1998-10-06,74.13212887011525,1998,10
1998-10-07,74.3518437862354,1998,10
1998-10-08,74.4049070457591,1998,10
1998-10-09,74.42450531764356,1998,10
1998-10-10,74.45379070491295,1998,10
1998-10-11,74.40882841890314,1998,10
1998-10-12,74.39088634464515,1998,10
1998-10-13,74.30439253159376,1998,10
1998-10-14,74.20302075735492,1998,10
1998-10-15,73.97163168363058,1998,10
1998-10-16,73.46696782618174,1998,10
1998-10-17,73.40148642521639,1998,10
1998-10-18,73.0324893992008,1998,10
1998-10-19,73.07487187244163,1998,10
1998-10-20,73.24248142205685,1998,10
1998-10-21,73.30339349819452,1998,10
1998-10-22,73.44743783483207,1998,10
1998-10-23,73.55307792603696,1998,10
1998-10-24,73.52799130499774,1998,10
1998-10-25,73.72807808959746,1998,10
1998-10-26,73.87712528924531,1998,10
1998-10-27,73.93795307893646,1998,10
1998-10-28,73.81012435662748,1998,10
1998-10-29,73.6801873132536,1998,10
1998-10-30,73.46450334195396,1998,10
1998-10-31,73.15835946708278,1998,10
1998-11-01,73.27495743008232,1998,11
1998-11-02,73.30204684580836,1998,11
1998-11-03,73.34447039370605,1998,11
1998-11-04,73.4672759391747,1998,11
1998-11-05,73.49046072062043,1998,11
1998-11-06,73.3579197433475,1998,11
1998-11-07,73.16729495508164,1998,11
1998-11-08,73.03916231789546,1998,11
1998-11-09,72.91129633343202,1998,11
1998-11-10,72.76775331323218,1998,11
1998-11-11,72.95237026257072,1998,11
1998-11-12,73.10473995766588,1998,11
1998-11-13,73.10300755487214,1998,11
1998-11-14,73.033846555888,1998,11
1998-11-15,72.89263858469208,1998,11
1998-11-16,72.70280665439229,1998,11
1998-11-17,72.69244590851419,1998,11
1998-11-18,72.64434139876347,1998,11
1998-11-19,72.75819879035193,1998,11
1998-11-20,72.94608840643089,1998,11
1998-11-21,72.9481124418627,1998,11
1998-11-22,72.90371245606362,1998,11
1998-11-23,73.03275053051797,1998,11
1998-11-24,72.9800238066907,1998,11
1998-11-25,72.84947141648753,1998,11
1998-11-26,72.81661654498535,1998,11
1998-11-27,72.87626371278493,1998,11
1998-11-28,72.64156246565581,1998,11
1998-11-29,72.60371790709097,1998,11
1998-11-30,72.68199913767026,1998,11
1998-12-01,72.89216759435219,1998,12
1998-12-02,72.63926683813715,1998,12
1998-12-03,72.66551091065567,1998,12
1998-12-04,72.64808236408645,1998,12
1998-12-05,72.74397063079455,1998,12
1998-12-06,72.85534502770027,1998,12
1998-12-07,72.93884237547734,1998,12
1998-12-08,72.82208346031726,1998,12
1998-12-09,72.44055216104388,1998,12
1998-12-10,72.270619068038,1998,12
1998-12-11,72.08361094444983,1998,12
1998-12-12,72.30066022384828,1998,12
1998-12-13,72.22473077767715,1998,12
1998-12-14,71.92229988763255,1998,12
1998-12-15,71.97203532607668,1998,12
1998-12-16,71.95022478771546,1998,12
1998-12-17,72.12112199299891,1998,12
1998-12-18,72.0341679164346,1998,12
1998-12-19,71.66570623298303,1998,12
1998-12-20,71.97836600357506,1998,12
1998-12-21,72.04326812088779,1998,12
1998-12-22,71.99036052692723,1998,12
1998-12-23,71.71264435770604,1998,12
1998-12-24,71.81012874263278,1998,12
1998-12-25,71.65951611126258,1998,12
1998-12-26,71.54611596851329,1998,12
1998-12-27,71.3522380014228,1998,12
1998-12-28,71.60971328745707,1998,12
1998-12-29,71.45487296142245,1998,12
1998-12-30,71.57284965659701,1998,12
1998-12-31,71.50042575545542,1998,12
1999-01-01,72.52602673835555,1999,1
1999-01-02,72.47113793325532,1999,1
1999-01-03,72.493832358551,1999,1
1999-01-04,72.66482271504604,1999,1
1999-01-05,72.61812396571351,1999,1
1999-01-06,72.61070645612611,1999,1
1999-01-07,71.96556349675491,1999,1
1999-01-08,71.75752821616325,1999,1
1999-01-09,71.7824639492362,1999,1
1999-01-10,71.62892686725975,1999,1
1999-01-11,71.62997467033425,1999,1
1999-01-12,71.78089530233518,1999,1
1999-01-13,71.87219788377858,1999,1
1999-01-14,71.90232952079133,1999,1
1999-01-15,71.9151156246601,1999,1
1999-01-16,72.00025854701266,1999,1
1999-01-17,72.07236706673824,1999,1
1999-01-18,72.03070023089914,1999,1
1999-01-19,72.23644025494855,1999,1
1999-01-20,73.0299475704332,1999,1
1999-01-21,73.39348406711655,1999,1
1999-01-22,72.92253393023518,1999,1
1999-01-23,73.01674327169796,1999,1
1999-01-24,73.05547320743095,1999,1
1999-01-25,73.68568452563876,1999,1
1999-01-26,72.74617544364914,1999,1
1999-01-27,72.80330178344168,1999,1
1999-01-28,72.82672950797597,1999,1
1999-01-29,72.96834322189137,1999,1
1999-01-30,72.2863423296873,1999,1
1999-01-31,72.3819265403857,1999,1
1999-02-01,72.56834282830393,1999,2
1999-02-02,72.68256183504859,1999,2
1999-02-03,72.81165420844113,1999,2
1999-02-04,72.79072930364877,1999,2
1999-02-05,72.68142040116643,1999,2
1999-02-06,72.72198949738724,1999,2
1999-02-07,73.67750262512345,1999,2
1999-02-08,73.6781467660166,1999,2
1999-02-09,73.8456297245643,1999,2
1999-02-10,73.06426563501161,1999,2
1999-02-11,73.30808500204573,1999,2
1999-02-12,73.86422675743545,1999,2
1999-02-13,73.97480482032854,1999,2
1999-02-14,74.15011514525692,1999,2
1999-02-15,74.1907522645931,1999,2
1999-02-16,74.10466936405614,1999,2
1999-02-17,73.99139252358746,1999,2
1999-02-18,74.14625134044715,1999,2
1999-02-19,74.3144306132781,1999,2
1999-02-20,74.24406081367101,1999,2
1999-02-21,74.13237851447705,1999,2
1999-02-22,74.39370484052499,1999,2
1999-02-23,74.52948345305259,1999,2
1999-02-24,74.51151160984743,1999,2
1999-02-25,74.52249797134327,1999,2
1999-02-26,74.48449916147666,1999,2
1999-02-27,74.57860709754982,1999,2
1999-02-28,74.61877210903225,1999,2
1999-03-01,74.6332011519548,1999,3
1999-03-02,74.54706512607729,1999,3
1999-03-03,74.8200647053291,1999,3
1999-03-04,75.06312650788064,1999,3
1999-03-05,75.17022019343833,1999,3
1999-03-06,75.23419221028537,1999,3
1999-03-07,75.33940204169117,1999,3
1999-03-08,75.95154908177891,1999,3
1999-03-09,75.30752708422541,1999,3
1999-03-10,75.05910014162774,1999,3
1999-03-11,75.12527580368962,1999,3
1999-03-12,75.01099742072269,1999,3
1999-03-13,74.9648620609468,1999,3
1999-03-14,74.97063222293376,1999,3
1999-03-15,75.08510506984773,1999,3
1999-03-16,75.31596917239291,1999,3
1999-03-17,75.50849105746613,1999,3
1999-03-18,75.44631317424604,1999,3
1999-03-19,75.37731973733345,1999,3
1999-03-20,75.44732399175959,1999,3
1999-03-21,75.3053567292893,1999,3
1999-03-22,75.10118500310345,1999,3
1999-03-23,75.40878991781419,1999,3
1999-03-24,75.81126192566997,1999,3
1999-03-25,75.94021962279868,1999,3
1999-03-26,75.90339752596095,1999,3
1999-03-27,75.86570760347047,1999,3
1999-03-28,75.96929499231157,1999,3
1999-03-29,76.35159389995275,1999,3
1999-03-30,76.59140314314047,1999,3
1999-03-31,76.7725598744476,1999,3
1999-04-01,76.77265146321018,1999,4
1999-04-02,76.81870610454487,1999,4
1999-04-03,76.7247109062678,1999,4
1999-04-04,76.63367523125224,1999,4
1999-04-05,76.63098889523043,1999,4
1999-04-06,76.73152351704731,1999,4
1999-04-07,76.93101828465258,1999,4
1999-04-08,76.87066499763309,1999,4
1999-04-09,76.87610996460211,1999,4
1999-04-10,76.8341605093442,1999,4
1999-04-11,77.07188404752432,1999,4
1999-04-12,77.65095860364909,1999,4
1999-04-13,77.08448256431504,1999,4
1999-04-14,76.86074839949136,1999,4
1999-04-15,76.68427450817433,1999,4
1999-04-16,76.657852171255,1999,4
1999-04-17,76.76304852657564,1999,4
1999-04-18,76.92466239592468,1999,4
1999-04-19,76.9663974322389,1999,4
1999-04-20,76.99436813571529,1999,4
1999-04-21,77.1117461808193,1999,4
1999-04-22,77.09049846862872,1999,4
1999-04-23,77.04390284569992,1999,4
1999-04-24,77.10030596574315,1999,4
1999-04-25,77.38192733199315,1999,4
1999-04-26,77.43675965763724,1999,4
1999-04-27,77.44946439068443,1999,4
1999-04-28,77.45371827450073,1999,4
1999-04-29,77.49430936273593,1999,4
1999-04-30,77.56909114310169,1999,4
1999-05-01,77.58072420587925,1999,5
1999-05-02,77.52351803381069,1999,5
1999-05-03,77.48713666015672,1999,5
1999-05-04,77.48042684026605,1999,5
1999-05-05,77.32516520380102,1999,5
1999-05-06,77.08796308960859,1999,5
1999-05-07,76.9973458837101,1999,5
1999-05-08,77.05048893993622,1999,5
1999-05-09,77.24111793612579,1999,5
1999-05-10,76.55538343219492,1999,5
1999-05-11,76.47262845589434,1999,5
1999-05-12,76.35519010346442,1999,5
1999-05-13,76.86049436801567,1999,5
1999-05-14,76.23971731344074,1999,5
1999-05-15,76.0376152533751,1999,5
1999-05-16,76.28229964062297,1999,5
1999-05-17,76.67337164829037,1999,5
1999-05-18,76.84261147596663,1999,5
1999-05-19,76.74959320214192,1999,5
1999-05-20,76.55578757489795,1999,5
1999-05-21,76.18302555556893,1999,5
1999-05-22,75.94432287881698,1999,5
1999-05-23,76.14912370803397,1999,5
1999-05-24,76.4185448107842,1999,5
1999-05-25,76.19467259060757,1999,5
1999-05-26,76.11827622584617,1999,5
1999-05-27,76.1866082292027,1999,5
1999-05-28,76.38788527314024,1999,5
1999-05-29,76.52999358390096,1999,5
1999-05-30,76.50910769583966,1999,5
1999-05-31,76.46374266889293,1999,5
1999-06-01,76.47943770870683,1999,6
1999-06-02,76.35813175173011,1999,6
1999-06-03,76.64731829197756,1999,6
1999-06-04,76.09144671176934,1999,6
1999-06-05,76.46460404318746,1999,6
1999-06-06,76.40577478811464,1999,6
1999-06-07,76.73222690024218,1999,6
1999-06-08,76.80936256867925,1999,6
1999-06-09,76.77212164505214,1999,6
1999-06-10,76.65160543158916,1999,6
1999-06-11,76.73670718354742,1999,6
1999-06-12,75.82890821714136,1999,6
1999-06-13,75.64261812284012,1999,6
1999-06-14,75.94769994323912,1999,6
1999-06-15,76.08909836142132,1999,6
1999-06-16,75.82901102971026,1999,6
1999-06-17,75.60136118736723,1999,6
1999-06-18,75.34512790483883,1999,6
1999-06-19,75.40957860925623,1999,6
1999-06-20,75.38086810147972,1999,6
1999-06-21,75.68201737249484,1999,6
1999-06-22,75.0907835415028,1999,6
1999-06-23,75.21147125692873,1999,6
1999-06-24,75.18841021215405,1999,6
1999-06-25,75.36013116154413,1999,6
1999-06-26,75.56035928982983,1999,6
1999-06-27,75.66691348319478,1999,6
1999-06-28,75.58343684191607,1999,6
1999-06-29,75.46039314608753,1999,6
1999-06-30,75.59203125845954,1999,6
1999-07-01,75.68563746983247,1999,7
1999-07-02,75.6169568297062,1999,7
1999-07-03,75.56447930944498,1999,7
1999-07-04,75.58017835363238,1999,7
1999-07-05,75.80469060509273,1999,7
1999-07-06,75.83177742150522,1999,7
1999-07-07,75.67986644156947,1999,7
1999-07-08,76.14338999684195,1999,7
1999-07-09,75.76873329736294,1999,7
1999-07-10,75.7375666853573,1999,7
1999-07-11,75.50287622758229,1999,7
1999-07-12,75.1688108206847,1999,7
1999-07-13,75.83019929761853,1999,7
1999-07-14,75.02510856612135,1999,7
1999-07-15,75.12237453952565,1999,7
1999-07-16,75.2255025686086,1999,7
1999-07-17,75.22501324881532,1999,7
1999-07-18,75.10179636426795,1999,7
1999-07-19,74.75614955195006,1999,7
1999-07-20,74.41994872777805,1999,7
1999-07-21,74.65004343876102,1999,7
1999-07-22,74.21810613148381,1999,7
1999-07-23,74.44267904908993,1999,7
1999-07-24,74.6028939229395,1999,7
1999-07-25,74.63184543187342,1999,7
1999-07-26,74.73355583821818,1999,7
1999-07-27,74.7664438652903,1999,7
1999-07-28,74.59502925450343,1999,7
1999-07-29,74.42713421173654,1999,7
1999-07-30,74.93301449799186,1999,7
1999-07-31,75.00339448969375,1999,7
1999-08-01,74.68049127621981,1999,8
1999-08-02,74.63667038056668,1999,8
1999-08-03,74.5905557253227,1999,8
1999-08-04,74.46495413531458,1999,8
1999-08-05,74.65948872784404,1999,8
1999-08-06,74.76398151561796,1999,8
1999-08-07,74.58098892137048,1999,8
1999-08-08,75.00259236860315,1999,8
1999-08-09,74.59868961629581,1999,8
1999-08-10,74.47248762714277,1999,8
1999-08-11,75.02707996235638,1999,8
1999-08-12,74.66730712425881,1999,8
1999-08-13,74.67312432908471,1999,8
1999-08-14,75.11747507491208,1999,8
1999-08-15,74.8504455393476,1999,8
1999-08-16,75.41194072285603,1999,8
1999-08-17,75.04330105426902,1999,8
1999-08-18,74.9504373951074,1999,8
1999-08-19,74.90784385246018,1999,8
1999-08-20,75.46767043232029,1999,8
1999-08-21,74.75752421222276,1999,8
1999-08-22,74.84095573597838,1999,8
1999-08-23,75.02732703558326,1999,8
1999-08-24,75.18853168177206,1999,8
1999-08-25,75.06519622566,1999,8
1999-08-26,74.75975591059516,1999,8
1999-08-27,74.87687763027881,1999,8
1999-08-28,74.9008071131628,1999,8
1999-08-29,74.86640086346998,1999,8
1999-08-30,74.87614205925483,1999,8
1999-08-31,74.92975961820815,1999,8
1999-09-01,74.90816051688059,1999,9
1999-09-02,74.85019328518796,1999,9
1999-09-03,74.85637474195168,1999,9
1999-09-04,74.86130719165492,1999,9
1999-09-05,74.86261922168207,1999,9
1999-09-06,74.82854500697229,1999,9
1999-09-07,74.78997050784007,1999,9
1999-09-08,74.75674622228998,1999,9
1999-09-09,74.73736003233549,1999,9
1999-09-10,74.79123303579037,1999,9
1999-09-11,74.77738638781419,1999,9
1999-09-12,74.66985627979187,1999,9
1999-09-13,74.70568499604165,1999,9
1999-09-14,74.73808469670897,1999,9
1999-09-15,74.76094674833554,1999,9
1999-09-16,74.77403344233731,1999,9
1999-09-17,74.89552666178727,1999,9
1999-09-18,74.86679189355675,1999,9
1999-09-19,74.94576022447964,1999,9
1999-09-20,74.96693853202851,1999,9
1999-09-21,75.15561751256521,1999,9
1999-09-22,75.03178078303749,1999,9
1999-09-23,75.0236651922798,1999,9
1999-09-24,74.91079326564156,1999,9
1999-09-25,75.34657589990042,1999,9
1999-09-26,74.98008830228284,1999,9
1999-09-27,75.02479202802678,1999,9
1999-09-28,75.01914016294903,1999,9
1999-09-29,75.03082648909142,1999,9
1999-09-30,75.0114244179309,1999,9
1999-10-01,74.96020024461168,1999,10
1999-10-02,74.75703172525489,1999,10
1999-10-03,74.57954626980734,1999,10
1999-10-04,74.57721166880516,1999,10
1999-10-05,75.17431395179125,1999,10
1999-10-06,74.63987719918626,1999,10
1999-10-07,74.72084259772342,1999,10
1999-10-08,74.66820365985777,1999,10
1999-10-09,75.26033340481415,1999,10
1999-10-10,74.91017712327955,1999,10
1999-10-11,75.12240744279622,1999,10
1999-10-12,75.03223480445712,1999,10
1999-10-13,74.81855977948693,1999,10
1999-10-14,74.73304512143109,1999,10
1999-10-15,74.67015062055017,1999,10
1999-10-16,74.7376446205138,1999,10
1999-10-17,74.8102549563198,1999,10
1999-10-18,74.62095561331964,1999,10
1999-10-19,74.57926281681436,1999,10
1999-10-20,74.6810460790067,1999,10
1999-10-21,74.83854181410047,1999,10
1999-10-22,74.82719053646417,1999,10
1999-10-23,74.85832703940756,1999,10
1999-10-24,74.8282634961424,1999,10
1999-10-25,74.82089068448786,1999,10
1999-10-26,74.83324996812692,1999,10
1999-10-27,74.92229488228833,1999,10
1999-10-28,74.9664281093706,1999,10
1999-10-29,74.94591414925813,1999,10
1999-10-30,74.74807027101049,1999,10
1999-10-31,74.79880113884086,1999,10
1999-11-01,75.3313535698708,1999,11
1999-11-02,74.82873524485318,1999,11
1999-11-03,74.80283494743784,1999,11
1999-11-04,74.82041010708002,1999,11
1999-11-05,75.39357235163452,1999,11
1999-11-06,74.71091630328127,1999,11
1999-11-07,74.72278979180503,1999,11
1999-11-08,74.55559575531511,1999,11
1999-11-09,74.45765294818543,1999,11
1999-11-10,74.41549476103255,1999,11
1999-11-11,74.40341805319623,1999,11
1999-11-12,74.40752974054348,1999,11
1999-11-13,74.31696310861942,1999,11
1999-11-14,74.28160900148295,1999,11
1999-11-15,74.34755386227992,1999,11
1999-11-16,74.24971986499376,1999,11
1999-11-17,74.2204060780193,1999,11
1999-11-18,74.13316760761627,1999,11
1999-11-19,73.96257001603458,1999,11
1999-11-20,73.77226192702793,1999,11
1999-11-21,73.72890413413579,1999,11
1999-11-22,73.54459482763015,1999,11
1999-11-23,73.40757066027227,1999,11
1999-11-24,73.45391660241525,1999,11
1999-11-25,73.35612976026422,1999,11
1999-11-26,74.07851660122635,1999,11
1999-11-27,73.54847973870557,1999,11
1999-11-28,73.5903769895984,1999,11
1999-11-29,73.63830839877085,1999,11
1999-11-30,73.68831698986119,1999,11
1999-12-01,73.75804300464652,1999,12
1999-12-02,73.64948670669368,1999,12
1999-12-03,73.55696146668005,1999,12
1999-12-04,73.48631236076223,1999,12
1999-12-05,73.44152218925954,1999,12
1999-12-06,73.34707527701653,1999,12
1999-12-07,73.27855453216533,1999,12
1999-12-08,73.52734746799861,1999,12
1999-12-09,72.84381883823883,1999,12
1999-12-10,72.77631710849273,1999,12
1999-12-11,72.81310273854494,1999,12
1999-12-12,72.7452787930677,1999,12
1999-12-13,72.92774166304623,1999,12
1999-12-14,73.07604560119354,1999,12
1999-12-15,73.19562992963965,1999,12
1999-12-16,73.17003496810132,1999,12
1999-12-17,73.27076401386445,1999,12
1999-12-18,73.29138074988828,1999,12
1999-12-19,73.16546695841933,1999,12
1999-12-20,73.04526203257146,1999,12
1999-12-21,72.81605391030368,1999,12
1999-12-22,72.65955939775651,1999,12
1999-12-23,72.66051211391573,1999,12
1999-12-24,72.71411930011931,1999,12
1999-12-25,72.70526047442385,1999,12
1999-12-26,72.67640709715599,1999,12
1999-12-27,72.75399891554639,1999,12
1999-12-28,72.74443213237795,1999,12
1999-12-29,72.57681430867112,1999,12
1999-12-30,72.65660079471408,1999,12
1999-12-31,72.37870488079179,1999,12
2000-01-01,71.5910028406126,2000,1
2000-01-02,71.56860189739163,2000,1
2000-01-03,71.4382688215602,2000,1
2000-01-04,71.39050957926706,2000,1
2000-01-05,71.33691290920983,2000,1
2000-01-06,71.26836239722701,2000,1
2000-01-07,71.19765952970529,2000,1
2000-01-08,71.3510501688369,2000,1
2000-01-09,71.6077829961235,2000,1
2000-01-10,71.89862889803678,2000,1
2000-01-11,72.06191203417889,2000,1
2000-01-12,72.16182767129483,2000,1
2000-01-13,71.79991074558696,2000,1
2000-01-14,71.65706539886094,2000,1
2000-01-15,72.15387373192466,2000,1
2000-01-16,71.29682725897784,2000,1
2000-01-17,71.0574546724633,2000,1
2000-01-18,71.35014942683905,2000,1
2000-01-19,71.96303964941728,2000,1
2000-01-20,72.24319368907292,2000,1
2000-01-21,72.09186017101086,2000,1
2000-01-22,72.15031550950175,2000,1
2000-01-23,72.11331145676986,2000,1
2000-01-24,72.19081845327258,2000,1
2000-01-25,72.11885502411934,2000,1
2000-01-26,71.82651517135038,2000,1
2000-01-27,72.01140789765076,2000,1
2000-01-28,71.7621220052193,2000,1
2000-01-29,71.62613621537054,2000,1
2000-01-30,71.65941861075632,2000,1
2000-01-31,72.25799126828922,2000,1
2000-02-01,72.20319769457433,2000,2
2000-02-02,71.86914733942729,2000,2
2000-02-03,71.73332765743127,2000,2
2000-02-04,72.00904069952156,2000,2
2000-02-05,71.86415361844024,2000,2
2000-02-06,71.4046718837101,2000,2
2000-02-07,71.44152689260966,2000,2
2000-02-08,71.54098587810198,2000,2
2000-02-09,71.64815514851581,2000,2
2000-02-10,71.92561185582527,2000,2
2000-02-11,71.88506829366403,2000,2
2000-02-12,71.53017201855856,2000,2
2000-02-13,71.30477064560411,2000,2
2000-02-14,71.56724613844628,2000,2
2000-02-15,71.73707370061958,2000,2
2000-02-16,72.1090856767269,2000,2
2000-02-17,72.37711959051244,2000,2
2000-02-18,72.29283712403256,2000,2
2000-02-19,72.40293674891439,2000,2
2000-02-20,72.27948149844173,2000,2
2000-02-21,72.04615772123714,2000,2
2000-02-22,72.02615016049596,2000,2
2000-02-23,72.30070709139876,2000,2
2000-02-24,72.23120282809568,2000,2
2000-02-25,72.0925683740481,2000,2
2000-02-26,72.24719031556289,2000,2
2000-02-27,72.52179098739363,2000,2
2000-02-28,72.95099048422593,2000,2
2000-02-29,73.34487231793014,2000,2
2000-03-01,73.58589580702929,2000,3
2000-03-02,73.60108001325281,2000,3
2000-03-03,73.61562929412001,2000,3
2000-03-04,73.72842950150165,2000,3
2000-03-05,73.39481811209143,2000,3
2000-03-06,73.25884331045928,2000,3
2000-03-07,73.36810848832992,2000,3
2000-03-08,73.31113266989969,2000,3
2000-03-09,73.1195809994637,2000,3
2000-03-10,73.46780015806662,2000,3
2000-03-11,73.93717609730777,2000,3
2000-03-12,73.9816120616754,2000,3
2000-03-13,73.70420003148766,2000,3
2000-03-14,73.58043268431221,2000,3
2000-03-15,73.65957324114162,2000,3
2000-03-16,73.88614830749256,2000,3
2000-03-17,74.03795314170284,2000,3
2000-03-18,74.62249607970845,2000,3
2000-03-19,74.01536287725153,2000,3
2000-03-20,74.125798538577,2000,3
2000-03-21,74.23143445348519,2000,3
2000-03-22,74.3488457662342,2000,3
2000-03-23,73.96871458517236,2000,3
2000-03-24,73.89681809897975,2000,3
2000-03-25,74.21852841789214,2000,3
2000-03-26,74.55431957678356,2000,3
2000-03-27,74.82260813242752,2000,3
2000-03-28,74.98977583064878,2000,3
2000-03-29,75.14410699400001,2000,3
2000-03-30,75.2857383801409,2000,3
2000-03-31,75.51423421713802,2000,3
2000-04-01,75.44945391666218,2000,4
2000-04-02,75.30390300264916,2000,4
2000-04-03,75.3927384691272,2000,4
2000-04-04,75.67902853998751,2000,4
2000-04-05,75.80592102716783,2000,4
2000-04-06,75.72312835011172,2000,4
2000-04-07,75.79292012904315,2000,4
2000-04-08,75.79846258133892,2000,4
2000-04-09,75.89077231221128,2000,4
2000-04-10,75.92113936674922,2000,4
2000-04-11,76.11693126961346,2000,4
2000-04-12,76.27986770097337,2000,4
2000-04-13,76.23836980760237,2000,4
2000-04-14,76.29642706305867,2000,4
2000-04-15,75.8651592144992,2000,4
2000-04-16,75.65384355755123,2000,4
2000-04-17,75.88624701880417,2000,4
2000-04-18,76.14027818502049,2000,4
2000-04-19,76.0609161124577,2000,4
2000-04-20,76.17676663779584,2000,4
2000-04-21,76.24042703714045,2000,4
2000-04-22,76.091973072249,2000,4
2000-04-23,75.68615725618046,2000,4
2000-04-24,75.87989184437401,2000,4
2000-04-25,75.75867446247413,2000,4
2000-04-26,75.97833436518741,2000,4
2000-04-27,76.00773595462094,2000,4
2000-04-28,76.2035092078933,2000,4
2000-04-29,76.15275353643831,2000,4
2000-04-30,76.28543136112162,2000,4
2000-05-01,76.50335165808478,2000,5
2000-05-02,76.57819658881392,2000,5
2000-05-03,76.49444708203953,2000,5
2000-05-04,76.36618279433048,2000,5
2000-05-05,76.12239934404111,2000,5
2000-05-06,76.04774810943373,2000,5
2000-05-07,75.51354172375838,2000,5
2000-05-08,75.46284273040008,2000,5
2000-05-09,75.58615304567596,2000,5
2000-05-10,75.90406093940051,2000,5
2000-05-11,76.03662551055412,2000,5
2000-05-12,76.05771745556213,2000,5
2000-05-13,75.94570578114856,2000,5
2000-05-14,75.85208477504034,2000,5
2000-05-15,76.00368726991113,2000,5
2000-05-16,75.98160941838228,2000,5
2000-05-17,75.90505255453597,2000,5
2000-05-18,76.01902323328733,2000,5
2000-05-19,75.86859039557567,2000,5
2000-05-20,75.69124631467714,2000,5
2000-05-21,75.45411480714723,2000,5
2000-05-22,75.60197522387311,2000,5
2000-05-23,75.41919497220078,2000,5
2000-05-24,75.61326275001579,2000,5
2000-05-25,75.94380212205577,2000,5
2000-05-26,76.0276109692746,2000,5
2000-05-27,76.07723688952522,2000,5
2000-05-28,75.9444707603881,2000,5
2000-05-29,76.0372716277609,2000,5
2000-05-30,76.01990784304205,2000,5
2000-05-31,76.4450541974522,2000,5
2000-06-01,75.31003574686096,2000,6
2000-06-02,75.51094276928853,2000,6
2000-06-03,75.72893518422978,2000,6
2000-06-04,75.79603799655466,2000,6
2000-06-05,75.10910363509167,2000,6
2000-06-06,74.96892977944046,2000,6
2000-06-07,74.44166583624435,2000,6
2000-06-08,74.1897846610243,2000,6
2000-06-09,74.38944854174309,2000,6
2000-06-10,74.72243241689085,2000,6
2000-06-11,74.86504463954675,2000,6
2000-06-12,74.99982274383794,2000,6
2000-06-13,75.01656748880714,2000,6
2000-06-14,75.22100693572429,2000,6
2000-06-15,75.06567971980827,2000,6
2000-06-16,75.09182688108106,2000,6
2000-06-17,75.09634725781277,2000,6
2000-06-18,75.11967386165651,2000,6
2000-06-19,75.12970741276555,2000,6
2000-06-20,74.78081219543378,2000,6
2000-06-21,74.68580340030549,2000,6
2000-06-22,74.56717866829952,2000,6
2000-06-23,74.56073795896546,2000,6
2000-06-24,74.75288781961807,2000,6
2000-06-25,75.10085258741246,2000,6
2000-06-26,75.14223985524772,2000,6
2000-06-27,74.97224237747625,2000,6
2000-06-28,75.03920299773684,2000,6
2000-06-29,74.58929090189372,2000,6
2000-06-30,74.67132955329947,2000,6
2000-07-01,74.32238276026906,2000,7
2000-07-02,74.49335548044095,2000,7
2000-07-03,74.54671118307323,2000,7
2000-07-04,74.42606187300117,2000,7
2000-07-05,74.69254870738841,2000,7
2000-07-06,74.80589668409564,2000,7
2000-07-07,74.75858532351012,2000,7
2000-07-08,74.55714707286623,2000,7
2000-07-09,74.44375344020506,2000,7
2000-07-10,74.2056524495828,2000,7
2000-07-11,74.18806336134682,2000,7
2000-07-12,74.05009768500862,2000,7
2000-07-13,73.88958061252836,2000,7
2000-07-14,73.73366621195943,2000,7
2000-07-15,73.66864861002756,2000,7
2000-07-16,73.7664918461055,2000,7
2000-07-17,73.78644657126709,2000,7
2000-07-18,73.57862760243414,2000,7
2000-07-19,73.59162310478487,2000,7
2000-07-20,73.71818695403904,2000,7
2000-07-21,73.78557275212138,2000,7
2000-07-22,73.77895459192584,2000,7
2000-07-23,73.66015809780745,2000,7
2000-07-24,73.86904768710787,2000,7
2000-07-25,73.89219490219863,2000,7
2000-07-26,73.99211711843917,2000,7
2000-07-27,74.12108110633808,2000,7
2000-07-28,74.07205308490053,2000,7
2000-07-29,74.16427923840692,2000,7
2000-07-30,74.24958065327048,2000,7
2000-07-31,74.08981294531368,2000,7
2000-08-01,74.15014143331777,2000,8
2000-08-02,74.12786373339286,2000,8
2000-08-03,74.22973964086974,2000,8
2000-08-04,74.31725386707429,2000,8
2000-08-05,74.53814457329767,2000,8
2000-08-06,74.7145881758851,2000,8
2000-08-07,74.75274525984453,2000,8
2000-08-08,74.51992584430685,2000,8
2000-08-09,74.4556506586285,2000,8
2000-08-10,73.87682601129734,2000,8
2000-08-11,73.71698379109404,2000,8
2000-08-12,73.78192302881463,2000,8
2000-08-13,74.04851718621467,2000,8
2000-08-14,74.0951147303971,2000,8
2000-08-15,73.81989728669171,2000,8
2000-08-16,73.77455492066248,2000,8
2000-08-17,73.9219911992324,2000,8
2000-08-18,73.96376166672272,2000,8
2000-08-19,73.92281908802248,2000,8
2000-08-20,73.6830258663657,2000,8
2000-08-21,73.83557361929206,2000,8
2000-08-22,73.8950335728223,2000,8
2000-08-23,73.955300115694,2000,8
2000-08-24,73.99286867283567,2000,8
2000-08-25,74.25214360257164,2000,8
2000-08-26,74.45561588581587,2000,8
2000-08-27,74.43573917085013,2000,8
2000-08-28,74.1548442406563,2000,8
2000-08-29,74.0523609664413,2000,8
2000-08-30,73.90550400209499,2000,8
2000-08-31,73.65081529463119,2000,8
2000-09-01,73.71136726010313,2000,9
2000-09-02,73.70973216058633,2000,9
2000-09-03,73.9812090626671,2000,9
2000-09-04,74.03992375812936,2000,9
2000-09-05,74.01508178392643,2000,9
2000-09-06,73.88049204015213,2000,9
2000-09-07,73.8497377103314,2000,9
2000-09-08,73.84332957912635,2000,9
2000-09-09,73.9850737294152,2000,9
2000-09-10,73.90185702576109,2000,9
2000-09-11,74.06274006508211,2000,9
2000-09-12,74.24821673190159,2000,9
2000-09-13,74.4560928543002,2000,9
2000-09-14,74.62632189225594,2000,9
2000-09-15,74.60309977194754,2000,9
2000-09-16,74.51444063280123,2000,9
2000-09-17,74.49270684134866,2000,9
2000-09-18,74.39005748148185,2000,9
2000-09-19,74.0346415417784,2000,9
2000-09-20,74.04979287522828,2000,9
2000-09-21,74.16607639641728,2000,9
2000-09-22,74.09795956961067,2000,9
2000-09-23,74.31174140543087,2000,9
2000-09-24,74.43537257498352,2000,9
2000-09-25,74.47730665288354,2000,9
2000-09-26,74.58240440747669,2000,9
2000-09-27,74.24926392551492,2000,9
2000-09-28,74.46620722245868,2000,9
2000-09-29,74.60209014169168,2000,9
2000-09-30,74.71201032580565,2000,9
2000-10-01,74.69705935608405,2000,10
2000-10-02,74.67437749170851,2000,10
2000-10-03,74.73579328833986,2000,10
2000-10-04,74.77480699104765,2000,10
2000-10-05,74.89977348041755,2000,10
2000-10-06,74.92208304326782,2000,10
2000-10-07,74.91044786415318,2000,10
2000-10-08,74.77760176450461,2000,10
2000-10-09,74.7834062006362,2000,10
2000-10-10,74.69183448175134,2000,10
2000-10-11,74.69164183304156,2000,10
2000-10-12,74.72692262835527,2000,10
2000-10-13,74.69793098916367,2000,10
2000-10-14,74.64106531498692,2000,10
2000-10-15,74.67862846283577,2000,10
2000-10-16,74.73672187558316,2000,10
2000-10-17,74.65831315526117,2000,10
2000-10-18,74.70084055839911,2000,10
2000-10-19,74.71932788586865,2000,10
2000-10-20,74.84181780093279,2000,10
2000-10-21,74.82682875736235,2000,10
2000-10-22,74.7850652673112,2000,10
2000-10-23,74.75215792496047,2000,10
2000-10-24,74.64273278346715,2000,10
2000-10-25,74.61962660215922,2000,10
2000-10-26,74.64290673051833,2000,10
2000-10-27,74.45563762638533,2000,10
2000-10-28,74.19301116613862,2000,10
2000-10-29,73.99891038154861,2000,10
2000-10-30,74.07176039613198,2000,10
2000-10-31,74.12842859879925,2000,10
2000-11-01,74.06857857993181,2000,11
2000-11-02,73.98490241134947,2000,11
2000-11-03,73.96338699605545,2000,11
2000-11-04,73.99642627735473,2000,11
2000-11-05,73.98409090326992,2000,11
2000-11-06,73.9323685822771,2000,11
2000-11-07,73.9285515095105,2000,11
2000-11-08,73.91372939039633,2000,11
2000-11-09,73.84050384369202,2000,11
2000-11-10,73.8844426029043,2000,11
2000-11-11,73.80616643511608,2000,11
2000-11-12,73.66391442019213,2000,11
2000-11-13,73.667639359245,2000,11
2000-11-14,73.49844627130715,2000,11
2000-11-15,73.4339980895381,2000,11
2000-11-16,73.4262503057743,2000,11
2000-11-17,73.45849197450734,2000,11
2000-11-18,73.3939705993113,2000,11
2000-11-19,73.2488783707454,2000,11
2000-11-20,73.03114849417257,2000,11
2000-11-21,72.94592061002088,2000,11
2000-11-22,72.88427344407324,2000,11
2000-11-23,73.05796176911942,2000,11
2000-11-24,73.17122189405406,2000,11
2000-11-25,73.0777490772239,2000,11
2000-11-26,72.93345927551479,2000,11
2000-11-27,72.78152418211586,2000,11
2000-11-28,72.54513244735647,2000,11
2000-11-29,72.44964817992212,2000,11
2000-11-30,72.208654652353,2000,11
2000-12-01,72.0766835151801,2000,12
2000-12-02,71.94421302123469,2000,12
2000-12-03,72.0721618310106,2000,12
2000-12-04,72.22465105933993,2000,12
2000-12-05,72.43711503799085,2000,12
2000-12-06,72.55350691177591,2000,12
2000-12-07,72.55735589620846,2000,12
2000-12-08,72.45140963890226,2000,12
2000-12-09,72.50783857971449,2000,12
2000-12-10,72.43589907701268,2000,12
2000-12-11,72.3383698958006,2000,12
2000-12-12,72.30464507555442,2000,12
2000-12-13,72.23573433801278,2000,12
2000-12-14,72.352515318938,2000,12
2000-12-15,72.4311523200987,2000,12
2000-12-16,72.41748050981971,2000,12
2000-12-17,72.38369570643283,2000,12
2000-12-18,72.371652726956,2000,12
2000-12-19,72.23378083919205,2000,12
2000-12-20,72.07044167871027,2000,12
2000-12-21,72.17227958817178,2000,12
2000-12-22,72.16512265781597,2000,12
2000-12-23,72.25176863679171,2000,12
2000-12-24,72.34237297769936,2000,12
2000-12-25,72.35711122408098,2000,12
2000-12-26,72.24772232527265,2000,12
2000-12-27,72.1599046429279,2000,12
2000-12-28,72.11441624207885,2000,12
2000-12-29,71.94712523614446,2000,12
2000-12-30,71.89591805299274,2000,12
2000-12-31,71.69656109000071,2000,12
2001-01-01,71.04199986720386,2001,1
2001-01-02,70.47897492618958,2001,1
2001-01-03,70.71673499684076,2001,1
2001-01-04,70.67634905972372,2001,1
2001-01-05,70.67752329033746,2001,1
2001-01-06,70.64387396327375,2001,1
2001-01-07,70.95177786364725,2001,1
2001-01-08,71.06347338714433,2001,1
2001-01-09,71.00554648265921,2001,1
2001-01-10,70.88592394651775,2001,1
2001-01-11,71.11945082752528,2001,1
2001-01-12,71.263624057334,2001,1
2001-01-13,71.46429020639673,2001,1
2001-01-14,71.53303791846875,2001,1
2001-01-15,71.57722706532442,2001,1
2001-01-16,71.68351785707345,2001,1
2001-01-17,71.63781426875896,2001,1
2001-01-18,71.76204610302025,2001,1
2001-01-19,72.02482385963371,2001,1
2001-01-20,72.16405455656678,2001,1
2001-01-21,72.32322593512052,2001,1
2001-01-22,72.09480459384851,2001,1
2001-01-23,71.61230843938357,2001,1
2001-01-24,71.35570276922942,2001,1
2001-01-25,71.3749869353835,2001,1
2001-01-26,71.58797323585603,2001,1
2001-01-27,71.86274460725411,2001,1
2001-01-28,72.03985551929247,2001,1
2001-01-29,72.20061929581017,2001,1
2001-01-30,72.50077907593602,2001,1
2001-01-31,72.62600327230645,2001,1
2001-02-01,72.48726608165778,2001,2
2001-02-02,72.32563577091035,2001,2
2001-02-03,72.15713319017054,2001,2
2001-02-04,72.2240193273801,2001,2
2001-02-05,72.3313335202591,2001,2
2001-02-06,72.38285124869333,2001,2
2001-02-07,72.80670716200245,2001,2
2001-02-08,72.76779511840026,2001,2
2001-02-09,72.82121335767253,2001,2
2001-02-10,72.87410227536363,2001,2
2001-02-11,72.89937616237376,2001,2
2001-02-12,72.89624769630458,2001,2
2001-02-13,73.08712127648735,2001,2
2001-02-14,73.07052053000515,2001,2
2001-02-15,73.04140064545989,2001,2
2001-02-16,72.6720490127121,2001,2
2001-02-17,72.79330631043365,2001,2
2001-02-18,73.18258098765631,2001,2
2001-02-19,73.43650134149992,2001,2
2001-02-20,73.42523897275552,2001,2
2001-02-21,73.3314082078701,2001,2
2001-02-22,73.39785352146808,2001,2
2001-02-23,73.41349322014551,2001,2
2001-02-24,73.69208414172843,2001,2
2001-02-25,73.68866599456399,2001,2
2001-02-26,73.22981795641333,2001,2
2001-02-27,73.16763467478226,2001,2
2001-02-28,73.32637960472677,2001,2
2001-03-01,73.31184092279574,2001,3
2001-03-02,73.07221176798072,2001,3
2001-03-03,73.25515206677419,2001,3
2001-03-04,73.43716401191514,2001,3
2001-03-05,73.39368064093948,2001,3
2001-03-06,73.24600791758553,2001,3
2001-03-07,73.60146949929945,2001,3
2001-03-08,73.7318514374357,2001,3
2001-03-09,73.7730379906976,2001,3
2001-03-10,73.8658319928802,2001,3
2001-03-11,73.92289443353502,2001,3
2001-03-12,74.08784433408982,2001,3
2001-03-13,74.17267793737598,2001,3
2001-03-14,73.98169130963186,2001,3
2001-03-15,74.01293086573993,2001,3
2001-03-16,74.19020667045226,2001,3
2001-03-17,74.34595043144732,2001,3
2001-03-18,74.5351563970534,2001,3
2001-03-19,74.83103898981022,2001,3
2001-03-20,74.8618285838605,2001,3
2001-03-21,75.58327554275667,2001,3
2001-03-22,74.3951092132768,2001,3
2001-03-23,74.41750142728279,2001,3
2001-03-24,74.39557661592781,2001,3
2001-03-25,74.60229128493496,2001,3
2001-03-26,74.78447304304431,2001,3
2001-03-27,74.97412053391115,2001,3
2001-03-28,75.54918747545956,2001,3
2001-03-29,74.76170073099652,2001,3
2001-03-30,74.42264209138861,2001,3
2001-03-31,74.02949250508469,2001,3
2001-04-01,74.26356997753959,2001,4
2001-04-02,74.52622576161592,2001,4
2001-04-03,75.04025487281973,2001,4
2001-04-04,75.02651289258296,2001,4
2001-04-05,75.13979913931992,2001,4
2001-04-06,75.59142183224934,2001,4
2001-04-07,75.59408837900612,2001,4
2001-04-08,75.84122245716087,2001,4
2001-04-09,75.92760295159714,2001,4
2001-04-10,75.89579409818141,2001,4
2001-04-11,75.74422454169726,2001,4
2001-04-12,75.51938777657233,2001,4
2001-04-13,74.8187167910741,2001,4
2001-04-14,74.15235708352222,2001,4
2001-04-15,74.2262376529374,2001,4
2001-04-16,74.44447256179947,2001,4
2001-04-17,74.31689317096732,2001,4
2001-04-18,73.89947919889858,2001,4
2001-04-19,74.13757682057268,2001,4
2001-04-20,74.31733133060025,2001,4
2001-04-21,74.63324903481748,2001,4
2001-04-22,75.10701867259621,2001,4
2001-04-23,75.64208093916382,2001,4
2001-04-24,76.01671149804253,2001,4
2001-04-25,76.16211583656629,2001,4
2001-04-26,76.31059556316029,2001,4
2001-04-27,76.21482302422602,2001,4
2001-04-28,76.26744409110535,2001,4
2001-04-29,76.19010313643132,2001,4
2001-04-30,76.20400369173632,2001,4
2001-05-01,76.24460836563641,2001,5
2001-05-02,76.14579812360736,2001,5
2001-05-03,76.19467664974896,2001,5
2001-05-04,76.12648355749026,2001,5
2001-05-05,76.12324299410385,2001,5
2001-05-06,76.65691404333938,2001,5
2001-05-07,76.44830428632626,2001,5
2001-05-08,76.24078899285813,2001,5
2001-05-09,76.20735337736278,2001,5
2001-05-10,76.30903529100192,2001,5
2001-05-11,76.43694046307891,2001,5
2001-05-12,76.5428671523106,2001,5
2001-05-13,76.54629148732668,2001,5
2001-05-14,76.3897062503562,2001,5
2001-05-15,76.16896074382231,2001,5
2001-05-16,75.87156248736775,2001,5
2001-05-17,75.58810431379777,2001,5
2001-05-18,75.34196080116752,2001,5
2001-05-19,75.3586992164024,2001,5
2001-05-20,75.41764245321323,2001,5
2001-05-21,75.19623112877458,2001,5
2001-05-22,75.4455616799087,2001,5
2001-05-23,75.62780047306956,2001,5
2001-05-24,76.13898178126004,2001,5
2001-05-25,76.3426595571238,2001,5
2001-05-26,76.12071894804609,2001,5
2001-05-27,75.92317975624677,2001,5
2001-05-28,75.7084899449821,2001,5
2001-05-29,75.53007487279663,2001,5
2001-05-30,75.35620069483261,2001,5
2001-05-31,75.45417613394298,2001,5
2001-06-01,75.41617265545528,2001,6
2001-06-02,75.50825747601331,2001,6
2001-06-03,75.39915046544695,2001,6
2001-06-04,74.99509207106236,2001,6
2001-06-05,74.56659415498365,2001,6
2001-06-06,74.47681198756766,2001,6
2001-06-07,74.9354971317977,2001,6
2001-06-08,74.88662606240989,2001,6
2001-06-09,74.97054323283156,2001,6
2001-06-10,75.0249669046287,2001,6
2001-06-11,75.0908106958284,2001,6
2001-06-12,75.14584904283537,2001,6
2001-06-13,74.81016526616442,2001,6
2001-06-14,74.45448803185695,2001,6
2001-06-15,73.68333211425531,2001,6
2001-06-16,73.70778721391207,2001,6
2001-06-17,73.81934612681133,2001,6
2001-06-18,73.83313461477147,2001,6
2001-06-19,74.13381231301494,2001,6
2001-06-20,74.31492260279451,2001,6
2001-06-21,74.51165213809529,2001,6
2001-06-22,74.69767319981392,2001,6
2001-06-23,74.50328794071451,2001,6
2001-06-24,74.33650549941443,2001,6
2001-06-25,74.3131004362368,2001,6
2001-06-26,74.45502717133554,2001,6
2001-06-27,74.38368496855735,2001,6
2001-06-28,74.57378173464689,2001,6
2001-06-29,74.56891815561453,2001,6
2001-06-30,74.46508603908086,2001,6
2001-07-01,73.92115225071007,2001,7
2001-07-02,74.0433956655779,2001,7
2001-07-03,74.16020068248254,2001,7
2001-07-04,74.02066271827158,2001,7
2001-07-05,74.2361797987833,2001,7
2001-07-06,74.35086059047043,2001,7
2001-07-07,74.36484541373916,2001,7
2001-07-08,74.34946291697402,2001,7
2001-07-09,74.24003199232241,2001,7
2001-07-10,74.03444412242705,2001,7
2001-07-11,73.99480504651783,2001,7
2001-07-12,73.55174754871476,2001,7
2001-07-13,73.68091642693888,2001,7
2001-07-14,73.7733589906733,2001,7
2001-07-15,73.69684666261686,2001,7
2001-07-16,73.6006248003348,2001,7
2001-07-17,73.27693117563375,2001,7
2001-07-18,73.37156745717571,2001,7
2001-07-19,73.8467335423889,2001,7
2001-07-20,73.94158221855028,2001,7
2001-07-21,73.85724865204222,2001,7
2001-07-22,73.85825014635437,2001,7
2001-07-23,73.80862034767361,2001,7
2001-07-24,74.07200976383214,2001,7
2001-07-25,73.94735200276058,2001,7
2001-07-26,73.91346932004637,2001,7
2001-07-27,73.78858177863343,2001,7
2001-07-28,73.93707914392202,2001,7
2001-07-29,73.90105364793165,2001,7
2001-07-30,73.62821209453132,2001,7
2001-07-31,73.79346305820309,2001,7
2001-08-01,74.07201509642212,2001,8
2001-08-02,74.31683814052109,2001,8
2001-08-03,74.19207235378971,2001,8
2001-08-04,74.04367119424018,2001,8
2001-08-05,73.88054334344073,2001,8
2001-08-06,74.09917690479277,2001,8
2001-08-07,74.1248852536012,2001,8
2001-08-08,74.0988579249478,2001,8
2001-08-09,74.1360807089931,2001,8
2001-08-10,74.19982784407665,2001,8
2001-08-11,74.2259688538382,2001,8
2001-08-12,74.1289659113537,2001,8
2001-08-13,73.96037659071533,2001,8
2001-08-14,73.96642730561689,2001,8
2001-08-15,73.52863961358074,2001,8
2001-08-16,73.7037750559601,2001,8
2001-08-17,73.92034237437952,2001,8
2001-08-18,73.75969747327531,2001,8
2001-08-19,73.85805783392225,2001,8
2001-08-20,73.87941366030874,2001,8
2001-08-21,73.84937796036427,2001,8
2001-08-22,74.00317816180849,2001,8
2001-08-23,73.91479238236813,2001,8
2001-08-24,73.82886893286668,2001,8
2001-08-25,73.93168879401468,2001,8
2001-08-26,74.1672191471944,2001,8
2001-08-27,74.26032520316043,2001,8
2001-08-28,74.18298417801222,2001,8
2001-08-29,74.22961410214826,2001,8
2001-08-30,74.23151904049801,2001,8
2001-08-31,74.13812866655682,2001,8
2001-09-01,74.10530880372092,2001,9
2001-09-02,74.13618562475321,2001,9
2001-09-03,74.2349039607203,2001,9
2001-09-04,74.33891006844807,2001,9
2001-09-05,74.27047632679879,2001,9
2001-09-06,74.28803728619373,2001,9
2001-09-07,74.2799705840841,2001,9
2001-09-08,74.4357709508166,2001,9
2001-09-09,74.60735454068329,2001,9
2001-09-10,74.65247553991745,2001,9
2001-09-11,74.54168396659026,2001,9
2001-09-12,74.35157198327552,2001,9
2001-09-13,74.55704535658431,2001,9
2001-09-14,74.35327859766119,2001,9
2001-09-15,74.36474937793726,2001,9
2001-09-16,74.25033008917462,2001,9
2001-09-17,74.56880863474845,2001,9
2001-09-18,74.41963319466744,2001,9
2001-09-19,74.52959613507063,2001,9
2001-09-20,74.63047075316086,2001,9
2001-09-21,74.49904327053687,2001,9
2001-09-22,74.70307194015594,2001,9
2001-09-23,74.87307096238818,2001,9
2001-09-24,74.82415150501302,2001,9
2001-09-25,74.86799939451167,2001,9
2001-09-26,74.70075414754173,2001,9
2001-09-27,74.66045702213411,2001,9
2001-09-28,74.63060993032876,2001,9
2001-09-29,74.70529137139876,2001,9
2001-09-30,74.60408543392853,2001,9
2001-10-01,74.25415718260129,2001,10
2001-10-02,73.86049730955163,2001,10
2001-10-03,73.7854488491179,2001,10
2001-10-04,73.6983379010648,2001,10
2001-10-05,73.84694686851,2001,10
2001-10-06,73.91856055072085,2001,10
2001-10-07,73.90283061027611,2001,10
2001-10-08,74.33526044672855,2001,10
2001-10-09,74.42145441821735,2001,10
2001-10-10,74.44397276556786,2001,10
2001-10-11,74.20830224420135,2001,10
2001-10-12,74.04181472575198,2001,10
2001-10-13,73.9975462422608,2001,10
2001-10-14,74.04786851946108,2001,10
2001-10-15,74.0428703635567,2001,10
2001-10-16,74.12371328595793,2001,10
2001-10-17,74.02297802991085,2001,10
2001-10-18,73.95930286427179,2001,10
2001-10-19,74.0091081524348,2001,10
2001-10-20,74.22751729133256,2001,10
2001-10-21,74.27857079711704,2001,10
2001-10-22,74.2621187184012,2001,10
2001-10-23,74.27545576730122,2001,10
2001-10-24,74.21454558432073,2001,10
2001-10-25,74.26416158601104,2001,10
2001-10-26,74.31540792676073,2001,10
2001-10-27,74.36529816060589,2001,10
2001-10-28,74.29322266072687,2001,10
2001-10-29,74.23925364573205,2001,10
2001-10-30,74.16912964125855,2001,10
2001-10-31,74.08918915051423,2001,10
2001-11-01,74.12088057824549,2001,11
2001-11-02,74.19441400155017,2001,11
2001-11-03,74.12827924988495,2001,11
2001-11-04,73.78618750119061,2001,11
2001-11-05,73.72397672575761,2001,11
2001-11-06,73.46970286282621,2001,11
2001-11-07,73.23895880661794,2001,11
2001-11-08,73.0288785896729,2001,11
2001-11-09,72.90378042427064,2001,11
2001-11-10,73.04848468305035,2001,11
2001-11-11,72.94116802611998,2001,11
2001-11-12,72.87926914911932,2001,11
2001-11-13,73.00874626384805,2001,11
2001-11-14,73.14882233253775,2001,11
2001-11-15,73.47698301580263,2001,11
2001-11-16,73.69697119661767,2001,11
2001-11-17,73.40415786455031,2001,11
2001-11-18,73.58070598318815,2001,11
2001-11-19,73.34543664083178,2001,11
2001-11-20,73.34851676349214,2001,11
2001-11-21,73.25525517683437,2001,11
2001-11-22,73.12822563176628,2001,11
2001-11-23,72.96102049697406,2001,11
2001-11-24,72.87709267087455,2001,11
2001-11-25,72.86651382897496,2001,11
2001-11-26,72.74819793017649,2001,11
2001-11-27,72.57126176140538,2001,11
2001-11-28,72.49559449000941,2001,11
2001-11-29,72.35388994343928,2001,11
2001-11-30,72.33999333313952,2001,11
2001-12-01,72.29414116494695,2001,12
2001-12-02,72.4210749631509,2001,12
2001-12-03,72.52384966608707,2001,12
2001-12-04,72.54744440863976,2001,12
2001-12-05,72.59375370722267,2001,12
2001-12-06,72.60119190674241,2001,12
2001-12-07,72.5765765523575,2001,12
2001-12-08,72.62869145394394,2001,12
2001-12-09,72.57603998590405,2001,12
2001-12-10,72.53390879667687,2001,12
2001-12-11,72.34097502786425,2001,12
2001-12-12,72.28880941669766,2001,12
2001-12-13,72.10152192606132,2001,12
2001-12-14,71.9532446803179,2001,12
2001-12-15,71.68636713396464,2001,12
2001-12-16,71.57090735685988,2001,12
2001-12-17,71.74038178915774,2001,12
2001-12-18,71.79078823419763,2001,12
2001-12-19,71.81675386252458,2001,12
2001-12-20,71.73303705267416,2001,12
2001-12-21,71.47414834803996,2001,12
2001-12-22,71.30676329685107,2001,12
2001-12-23,71.49463502473499,2001,12
2001-12-24,71.61238344523116,2001,12
2001-12-25,71.75039963482574,2001,12
2001-12-26,72.1387774108034,2001,12
2001-12-27,71.92453140172118,2001,12
2001-12-28,71.9171961263096,2001,12
2001-12-29,71.5432754481467,2001,12
2001-12-30,71.46622375414721,2001,12
2001-12-31,71.51062729622834,2001,12
2002-01-01,71.59620926398425,2002,1
2002-01-02,71.71145238553734,2002,1
2002-01-03,71.74737122442114,2002,1
2002-01-04,71.73296880485167,2002,1
2002-01-05,71.79834546816353,2002,1
2002-01-06,71.8591724987858,2002,1
2002-01-07,71.8189894530562,2002,1
2002-01-08,71.82277374233554,2002,1
2002-01-09,72.03612733113856,2002,1
2002-01-10,72.03846943006562,2002,1
2002-01-11,72.17235180183634,2002,1
2002-01-12,72.30278348157589,2002,1
2002-01-13,72.50773150325493,2002,1
2002-01-14,72.35450793513569,2002,1
2002-01-15,72.28298381662646,2002,1
2002-01-16,72.29473666907552,2002,1
2002-01-17,71.87501314153653,2002,1
2002-01-18,71.73443538683134,2002,1
2002-01-19,71.67421026313062,2002,1
2002-01-20,71.65384360276444,2002,1
2002-01-21,71.63843988621839,2002,1
2002-01-22,72.55001896172172,2002,1
2002-01-23,71.74594833614601,2002,1
2002-01-24,71.87770039428838,2002,1
2002-01-25,72.05418013691946,2002,1
2002-01-26,71.96497751745838,2002,1
2002-01-27,71.77536484044418,2002,1
2002-01-28,71.50022277234922,2002,1
2002-01-29,71.05943687870939,2002,1
2002-01-30,71.42331506502482,2002,1
2002-01-31,71.49226153992363,2002,1
2002-02-01,71.85824859991804,2002,2
2002-02-02,71.75371871673072,2002,2
2002-02-03,71.56349779316866,2002,2
2002-02-04,71.63963502005711,2002,2
2002-02-05,71.82816153161525,2002,2
2002-02-06,72.04661094539969,2002,2
2002-02-07,71.96111664201261,2002,2
2002-02-08,71.54937360120459,2002,2
2002-02-09,71.27645940228719,2002,2
2002-02-10,71.45095988254731,2002,2
2002-02-11,71.53540118627589,2002,2
2002-02-12,71.3832385748085,2002,2
2002-02-13,71.66941643908231,2002,2
2002-02-14,72.07082745936124,2002,2
2002-02-15,72.50339182165905,2002,2
2002-02-16,72.75599666649069,2002,2
2002-02-17,73.0305744453277,2002,2
2002-02-18,73.17667621466941,2002,2
2002-02-19,73.27347752552791,2002,2
2002-02-20,73.32723351423704,2002,2
2002-02-21,73.33687587291216,2002,2
2002-02-22,73.49300993529233,2002,2
2002-02-23,73.2272229416215,2002,2
2002-02-24,73.62371525443139,2002,2
2002-02-25,73.19472136415499,2002,2
2002-02-26,72.99760472605182,2002,2
2002-02-27,73.12148181389989,2002,2
2002-02-28,73.35752822070853,2002,2
2002-03-01,73.5672702440282,2002,3
2002-03-02,73.30788796455455,2002,3
2002-03-03,73.16802123272683,2002,3
2002-03-04,73.25033833732837,2002,3
2002-03-05,73.49387144045303,2002,3
2002-03-06,73.72807786793,2002,3
2002-03-07,73.86424537555008,2002,3
2002-03-08,73.8473348086844,2002,3
2002-03-09,73.76998620392234,2002,3
2002-03-10,73.84981002781913,2002,3
2002-03-11,73.93173668483372,2002,3
2002-03-12,74.11619556778288,2002,3
2002-03-13,74.13060949960426,2002,3
2002-03-14,74.20096907857358,2002,3
2002-03-15,74.0600475504815,2002,3
2002-03-16,74.31445030045899,2002,3
2002-03-17,74.62755734811277,2002,3
2002-03-18,74.87310224201012,2002,3
2002-03-19,75.20290097878622,2002,3
2002-03-20,75.37787265430616,2002,3
2002-03-21,75.29724606432555,2002,3
2002-03-22,75.04515072925503,2002,3
2002-03-23,75.0974387065151,2002,3
2002-03-24,75.14135788457885,2002,3
2002-03-25,74.89238422112115,2002,3
2002-03-26,74.85050604623481,2002,3
2002-03-27,74.97391111165254,2002,3
2002-03-28,75.04929072022091,2002,3
2002-03-29,75.07101078573999,2002,3
2002-03-30,75.28729967656872,2002,3
2002-03-31,75.4138029455674,2002,3
2002-04-01,75.1961609769057,2002,4
2002-04-02,74.98848199745885,2002,4
2002-04-03,74.84949073118834,2002,4
2002-04-04,74.8761829450744,2002,4
2002-04-05,75.2397502514827,2002,4
2002-04-06,75.38713467703614,2002,4
2002-04-07,75.28827768046162,2002,4
2002-04-08,74.80075706423523,2002,4
2002-04-09,74.76154816185732,2002,4
2002-04-10,74.89006577453515,2002,4
2002-04-11,75.07479276114775,2002,4
2002-04-12,75.24206322445112,2002,4
2002-04-13,75.34711404096603,2002,4
2002-04-14,75.5560271809565,2002,4
2002-04-15,75.71582451238078,2002,4
2002-04-16,75.7308818106398,2002,4
2002-04-17,75.78631894226211,2002,4
2002-04-18,75.85010871354535,2002,4
2002-04-19,76.01131160688794,2002,4
2002-04-20,76.2391262381661,2002,4
2002-04-21,76.16185156936251,2002,4
2002-04-22,76.18304359742163,2002,4
2002-04-23,75.85912578861347,2002,4
2002-04-24,75.80002469330834,2002,4
2002-04-25,75.66874900215856,2002,4
2002-04-26,75.29358078982344,2002,4
2002-04-27,75.61417620744525,2002,4
2002-04-28,75.97867431230304,2002,4
2002-04-29,75.91638606796516,2002,4
2002-04-30,75.93113037546331,2002,4
2002-05-01,76.00695104810619,2002,5
2002-05-02,76.15872928209374,2002,5
2002-05-03,76.14904777177813,2002,5
2002-05-04,76.26687296542516,2002,5
2002-05-05,76.32962585303653,2002,5
2002-05-06,76.47624582749158,2002,5
2002-05-07,76.1542962936655,2002,5
2002-05-08,76.31539850337695,2002,5
2002-05-09,76.60901537174081,2002,5
2002-05-10,76.64858104448606,2002,5
2002-05-11,76.53948686209824,2002,5
2002-05-12,76.45978572902756,2002,5
2002-05-13,76.5000173391878,2002,5
2002-05-14,76.51205023311175,2002,5
2002-05-15,76.42565429906438,2002,5
2002-05-16,75.8642171179336,2002,5
2002-05-17,76.31641961008995,2002,5
2002-05-18,76.42609400440014,2002,5
2002-05-19,76.57319848168154,2002,5
2002-05-20,76.24273734966889,2002,5
2002-05-21,76.24711252905432,2002,5
2002-05-22,76.36467541390445,2002,5
2002-05-23,76.51834110315113,2002,5
2002-05-24,76.5166998632299,2002,5
2002-05-25,76.22820801223423,2002,5
2002-05-26,75.87776362326495,2002,5
2002-05-27,75.44722810944384,2002,5
2002-05-28,75.42736179389581,2002,5
2002-05-29,75.10477017151315,2002,5
2002-05-30,75.0204703896282,2002,5
2002-05-31,75.42179681707593,2002,5
2002-06-01,75.50815289825641,2002,6
2002-06-02,75.65325147338001,2002,6
2002-06-03,75.65362177958382,2002,6
2002-06-04,75.64751945398606,2002,6
2002-06-05,75.74503185933123,2002,6
2002-06-06,75.79797468549121,2002,6
2002-06-07,75.73047319200641,2002,6
2002-06-08,75.84491836195372,2002,6
2002-06-09,76.06137585585044,2002,6
2002-06-10,76.00634978157493,2002,6
2002-06-11,75.72008881673227,2002,6
2002-06-12,75.63260149217595,2002,6
2002-06-13,75.6311762213047,2002,6
2002-06-14,75.83929455105964,2002,6
2002-06-15,75.4249454169518,2002,6
2002-06-16,75.47691478880913,2002,6
2002-06-17,75.40191195662646,2002,6
2002-06-18,75.16381972393803,2002,6
2002-06-19,75.06801057809639,2002,6
2002-06-20,74.89563215064346,2002,6
2002-06-21,75.05831801042793,2002,6
2002-06-22,75.06875305891589,2002,6
2002-06-23,75.10195553468834,2002,6
2002-06-24,74.98591976778431,2002,6
2002-06-25,75.01003444288754,2002,6
2002-06-26,74.42423338493711,2002,6
2002-06-27,74.31768446950835,2002,6
2002-06-28,74.42232216665755,2002,6
2002-06-29,74.5997403745255,2002,6
2002-06-30,74.71590940069629,2002,6
2002-07-01,74.72595597002208,2002,7
2002-07-02,74.61041201772125,2002,7
2002-07-03,74.72860784809438,2002,7
2002-07-04,74.80188325749586,2002,7
2002-07-05,74.80601901805686,2002,7
2002-07-06,74.69480063777662,2002,7
2002-07-07,74.9404919858391,2002,7
2002-07-08,75.14790387390406,2002,7
2002-07-09,75.1769679933991,2002,7
2002-07-10,75.2372454266626,2002,7
2002-07-11,75.16595199679323,2002,7
2002-07-12,75.25710025768345,2002,7
2002-07-13,75.25532759756632,2002,7
2002-07-14,75.35142257542537,2002,7
2002-07-15,75.19604656667731,2002,7
2002-07-16,75.0657624099993,2002,7
2002-07-17,74.93426488617247,2002,7
2002-07-18,75.0109013387422,2002,7
2002-07-19,74.56282744745849,2002,7
2002-07-20,74.47367851775185,2002,7
2002-07-21,74.25465326853356,2002,7
2002-07-22,74.00021606014842,2002,7
2002-07-23,74.11563422668654,2002,7
2002-07-24,74.4529302137954,2002,7
2002-07-25,74.74661448394833,2002,7
2002-07-26,74.47580318573142,2002,7
2002-07-27,74.6608085648117,2002,7
2002-07-28,74.74859226901255,2002,7
2002-07-29,74.76838300577317,2002,7
2002-07-30,74.74514856500478,2002,7
2002-07-31,74.61017190136393,2002,7
2002-08-01,74.65136544062963,2002,8
2002-08-02,74.81700502744185,2002,8
2002-08-03,74.51100511162835,2002,8
2002-08-04,74.28252223771108,2002,8
2002-08-05,74.1267155768849,2002,8
2002-08-06,74.01774485215954,2002,8
2002-08-07,74.09389970161907,2002,8
2002-08-08,74.0852506659728,2002,8
2002-08-09,73.9885884814765,2002,8
2002-08-10,73.7302317188896,2002,8
2002-08-11,73.79902311465497,2002,8
2002-08-12,73.69870581639124,2002,8
2002-08-13,73.17929400582199,2002,8
2002-08-14,73.03851140938445,2002,8
2002-08-15,73.2998766860652,2002,8
2002-08-16,73.65365138726192,2002,8
2002-08-17,73.72485408218783,2002,8
2002-08-18,73.68870663791712,2002,8
2002-08-19,73.83414652337063,2002,8
2002-08-20,73.77996714890095,2002,8
2002-08-21,73.92186604983397,2002,8
2002-08-22,73.8530506523784,2002,8
2002-08-23,73.88544570061178,2002,8
2002-08-24,73.82020245434539,2002,8
2002-08-25,73.68503911277152,2002,8
2002-08-26,73.85243636532908,2002,8
2002-08-27,73.95097644322018,2002,8
2002-08-28,74.08291199520434,2002,8
2002-08-29,74.06833756874198,2002,8
2002-08-30,73.92433832257196,2002,8
2002-08-31,73.89974316412905,2002,8
2002-09-01,73.88956689856121,2002,9
2002-09-02,74.00348350703466,2002,9
2002-09-03,73.98358990473702,2002,9
2002-09-04,73.83454632660487,2002,9
2002-09-05,74.47701218391701,2002,9
2002-09-06,73.73958117450665,2002,9
2002-09-07,73.82118629019494,2002,9
2002-09-08,73.69893752384287,2002,9
2002-09-09,73.76168589163768,2002,9
2002-09-10,73.78086840360466,2002,9
2002-09-11,73.79975942789355,2002,9
2002-09-12,73.75267484890992,2002,9
2002-09-13,73.66446094963791,2002,9
2002-09-14,74.2927170676543,2002,9
2002-09-15,74.12595447765517,2002,9
2002-09-16,74.22057824503422,2002,9
2002-09-17,74.22533086390833,2002,9
2002-09-18,73.97039625831127,2002,9
2002-09-19,74.18643970219786,2002,9
2002-09-20,74.30402699251145,2002,9
2002-09-21,74.45656444068408,2002,9
2002-09-22,74.43069684107792,2002,9
2002-09-23,74.37660387601902,2002,9
2002-09-24,74.27618744333935,2002,9
2002-09-25,74.21878069218484,2002,9
2002-09-26,74.04146945974303,2002,9
2002-09-27,74.32763920906068,2002,9
2002-09-28,74.37524169059957,2002,9
2002-09-29,74.48681769749095,2002,9
2002-09-30,74.6145460858348,2002,9
2002-10-01,74.7511707136095,2002,10
2002-10-02,74.84740844895435,2002,10
2002-10-03,75.00784329931949,2002,10
2002-10-04,75.09539439167024,2002,10
2002-10-05,75.08447139689953,2002,10
2002-10-06,75.1470320097423,2002,10
2002-10-07,75.02494346872014,2002,10
2002-10-08,74.91241040794685,2002,10
2002-10-09,74.75422585472909,2002,10
2002-10-10,74.51293228995188,2002,10
2002-10-11,74.41227918429063,2002,10
2002-10-12,74.27618462960237,2002,10
2002-10-13,74.03560494811074,2002,10
2002-10-14,74.9084080226337,2002,10
2002-10-15,73.97703708175973,2002,10
2002-10-16,74.06255741374319,2002,10
2002-10-17,73.82607731117739,2002,10
2002-10-18,73.81031527157342,2002,10
2002-10-19,73.72310880185519,2002,10
2002-10-20,73.94824881273396,2002,10
2002-10-21,74.11762281050963,2002,10
2002-10-22,73.98523289408756,2002,10
2002-10-23,73.78310011743281,2002,10
2002-10-24,73.90488177180083,2002,10
2002-10-25,73.88274337114454,2002,10
2002-10-26,73.8365259821281,2002,10
2002-10-27,73.76936822208641,2002,10
2002-10-28,73.84906863857482,2002,10
2002-10-29,73.83155055478328,2002,10
2002-10-30,73.95132096398929,2002,10
2002-10-31,73.83650509121208,2002,10
2002-11-01,74.21719659289275,2002,11
2002-11-02,74.0164183416876,2002,11
2002-11-03,74.01370969859225,2002,11
2002-11-04,74.09205775401031,2002,11
2002-11-05,74.10090711635317,2002,11
2002-11-06,73.91231073247076,2002,11
2002-11-07,73.8973575740928,2002,11
2002-11-08,73.75376558730876,2002,11
2002-11-09,73.69100734706103,2002,11
2002-11-10,73.57082421506094,2002,11
2002-11-11,73.5508772316571,2002,11
2002-11-12,73.07022138091172,2002,11
2002-11-13,72.65348553935371,2002,11
2002-11-14,72.91230676529891,2002,11
2002-11-15,73.16802012991067,2002,11
2002-11-16,73.35508470209777,2002,11
2002-11-17,73.49047283307306,2002,11
2002-11-18,73.49454008212513,2002,11
2002-11-19,73.47539770181892,2002,11
2002-11-20,73.4934491234333,2002,11
2002-11-21,73.351515709452,2002,11
2002-11-22,73.40373943896329,2002,11
2002-11-23,73.36059649841356,2002,11
2002-11-24,73.28888530684067,2002,11
2002-11-25,73.27083414130661,2002,11
2002-11-26,73.51098526424333,2002,11
2002-11-27,73.62702820777479,2002,11
2002-11-28,73.51639693102209,2002,11
2002-11-29,73.35160891152461,2002,11
2002-11-30,73.23037955552292,2002,11
2002-12-01,72.88186258875767,2002,12
2002-12-02,72.7473933849744,2002,12
2002-12-03,72.59052144962598,2002,12
2002-12-04,72.56964732463486,2002,12
2002-12-05,72.43200618010337,2002,12
2002-12-06,72.41207566152312,2002,12
2002-12-07,72.36581314840068,2002,12
2002-12-08,72.38105564820515,2002,12
2002-12-09,72.52306050053656,2002,12
2002-12-10,72.43610465074873,2002,12
2002-12-11,72.3964947698813,2002,12
2002-12-12,72.39456344634219,2002,12
2002-12-13,72.48586514001724,2002,12
2002-12-14,72.4569953199852,2002,12
2002-12-15,72.49636750070864,2002,12
2002-12-16,72.734176288994,2002,12
2002-12-17,72.72949149137932,2002,12
2002-12-18,72.73920829023105,2002,12
2002-12-19,72.71087698133721,2002,12
2002-12-20,72.47456985523672,2002,12
2002-12-21,72.46969815751041,2002,12
2002-12-22,72.3346914232099,2002,12
2002-12-23,72.19088884858002,2002,12
2002-12-24,72.69222427266843,2002,12
2002-12-25,71.47223273138809,2002,12
2002-12-26,71.51978810689377,2002,12
2002-12-27,71.45169724284287,2002,12
2002-12-28,71.45175451098066,2002,12
2002-12-29,71.35789691630238,2002,12
2002-12-30,71.28483714429464,2002,12
2002-12-31,70.8507959671221,2002,12
2003-01-01,70.06051881628152,2003,1
2003-01-02,70.20978725119905,2003,1
2003-01-03,70.53383140403892,2003,1
2003-01-04,70.55480751612303,2003,1
2003-01-05,70.49627131444737,2003,1
2003-01-06,70.75069450460974,2003,1
2003-01-07,70.80657261759292,2003,1
2003-01-08,70.56063054524304,2003,1
2003-01-09,70.52809699086656,2003,1
2003-01-10,70.49390704073761,2003,1
2003-01-11,70.32213502640862,2003,1
2003-01-12,70.78808191435047,2003,1
2003-01-13,70.55431666476176,2003,1
2003-01-14,70.4086195082744,2003,1
2003-01-15,70.61846896879061,2003,1
2003-01-16,70.81099344584571,2003,1
2003-01-17,70.79444278284745,2003,1
2003-01-18,70.84228450254317,2003,1
2003-01-19,70.95261787953525,2003,1
2003-01-20,71.18604795674001,2003,1
2003-01-21,71.32004290100167,2003,1
2003-01-22,71.29244251871627,2003,1
2003-01-23,71.57763564421789,2003,1
2003-01-24,71.72754562689182,2003,1
2003-01-25,71.7941667102137,2003,1
2003-01-26,72.05434387205594,2003,1
2003-01-27,72.25475747920395,2003,1
2003-01-28,71.824650431237,2003,1
2003-01-29,71.594115143113,2003,1
2003-01-30,71.47001535094519,2003,1
2003-01-31,71.22310324925557,2003,1
2003-02-01,71.12443722590602,2003,2
2003-02-02,71.21747791272398,2003,2
2003-02-03,71.26528584881721,2003,2
2003-02-04,71.26946863544603,2003,2
2003-02-05,71.39778186480534,2003,2
2003-02-06,71.63666727898396,2003,2
2003-02-07,71.88773112223828,2003,2
2003-02-08,72.12795525664237,2003,2
2003-02-09,71.95182305133886,2003,2
2003-02-10,72.23426536971634,2003,2
2003-02-11,71.9222755319064,2003,2
2003-02-12,71.98745725152831,2003,2
2003-02-13,71.94104981730753,2003,2
2003-02-14,72.34319297809054,2003,2
2003-02-15,72.42572030919412,2003,2
2003-02-16,72.72097577482299,2003,2
2003-02-17,72.58332181163915,2003,2
2003-02-18,72.13782470099761,2003,2
2003-02-19,71.76515817164989,2003,2
2003-02-20,71.72950891752225,2003,2
2003-02-21,71.74756175714833,2003,2
2003-02-22,72.02318995312382,2003,2
2003-02-23,72.67410047671936,2003,2
2003-02-24,72.52874478591204,2003,2
2003-02-25,72.99205662233861,2003,2
2003-02-26,73.03380215703318,2003,2
2003-02-27,73.06405626326843,2003,2
2003-02-28,73.18090254876414,2003,2
2003-03-01,73.29327220301913,2003,3
2003-03-02,73.2362695168982,2003,3
2003-03-03,73.5540321121875,2003,3
2003-03-04,72.4622513955311,2003,3
2003-03-05,72.03853669094654,2003,3
2003-03-06,72.1373751341735,2003,3
2003-03-07,72.64640547508888,2003,3
2003-03-08,72.91864045460187,2003,3
2003-03-09,73.07596337593982,2003,3
2003-03-10,73.20483579643627,2003,3
2003-03-11,73.11269373002312,2003,3
2003-03-12,73.11468331777859,2003,3
2003-03-13,72.97266675404826,2003,3
2003-03-14,73.2035572912052,2003,3
2003-03-15,73.26074807619327,2003,3
2003-03-16,73.54051303547763,2003,3
2003-03-17,73.70059976003998,2003,3
2003-03-18,73.34243798158641,2003,3
2003-03-19,73.45541283349054,2003,3
2003-03-20,73.46712909023644,2003,3
2003-03-21,73.70935456811014,2003,3
2003-03-22,74.37367697143515,2003,3
2003-03-23,74.34413352219848,2003,3
2003-03-24,74.44966282596152,2003,3
2003-03-25,74.79795029612592,2003,3
2003-03-26,74.48987758666308,2003,3
2003-03-27,74.47122972309785,2003,3
2003-03-28,74.55446641746822,2003,3
2003-03-29,74.53910789997087,2003,3
2003-03-30,74.24988395590069,2003,3
2003-03-31,74.15231540123816,2003,3
2003-04-01,74.4772928926834,2003,4
2003-04-02,74.75070974305532,2003,4
2003-04-03,74.88469961526047,2003,4
2003-04-04,74.68905022785286,2003,4
2003-04-05,74.45248826532152,2003,4
2003-04-06,74.51479503517143,2003,4
2003-04-07,74.79000686343333,2003,4
2003-04-08,75.00656387176409,2003,4
2003-04-09,75.2053141609033,2003,4
2003-04-10,75.47542262658334,2003,4
2003-04-11,75.517163673252,2003,4
2003-04-12,75.54417035270109,2003,4
2003-04-13,75.4471469473353,2003,4
2003-04-14,75.4621015135334,2003,4
2003-04-15,75.4256088568326,2003,4
2003-04-16,75.13192927444088,2003,4
2003-04-17,75.12635019079578,2003,4
2003-04-18,75.37528865131223,2003,4
2003-04-19,75.39581176229085,2003,4
2003-04-20,74.94800698388988,2003,4
2003-04-21,75.00485392313746,2003,4
2003-04-22,75.26548276618945,2003,4
2003-04-23,75.59530629925257,2003,4
2003-04-24,75.89696068923921,2003,4
2003-04-25,76.04853616172747,2003,4
2003-04-26,76.08650840480733,2003,4
2003-04-27,75.62338213612436,2003,4
2003-04-28,75.42681229822655,2003,4
2003-04-29,75.50508534933778,2003,4
2003-04-30,75.45282032429976,2003,4
2003-05-01,75.42678381296805,2003,5
2003-05-02,75.38307018389168,2003,5
2003-05-03,75.22643265330962,2003,5
2003-05-04,75.0576332328242,2003,5
2003-05-05,75.07283291011714,2003,5
2003-05-06,75.4256457599492,2003,5
2003-05-07,75.52717454310064,2003,5
2003-05-08,75.66479098695848,2003,5
2003-05-09,75.79321866930898,2003,5
2003-05-10,75.70175629362276,2003,5
2003-05-11,75.83379995243895,2003,5
2003-05-12,75.85679352802379,2003,5
2003-05-13,75.79204707267405,2003,5
2003-05-14,75.79754666988903,2003,5
2003-05-15,75.8277482956961,2003,5
2003-05-16,75.99537670028944,2003,5
2003-05-17,76.13964263233125,2003,5
2003-05-18,76.286104164058,2003,5
2003-05-19,76.25192096562564,2003,5
2003-05-20,76.24467421336037,2003,5
2003-05-21,76.63302885915104,2003,5
2003-05-22,75.9164598285258,2003,5
2003-05-23,75.62025323741834,2003,5
2003-05-24,75.71933210662095,2003,5
2003-05-25,75.69982947463689,2003,5
2003-05-26,75.77021865791463,2003,5
2003-05-27,75.9128402967702,2003,5
2003-05-28,76.06618420188545,2003,5
2003-05-29,76.11008989666288,2003,5
2003-05-30,76.39843716611995,2003,5
2003-05-31,76.80885025617138,2003,5
2003-06-01,76.70078923991804,2003,6
2003-06-02,76.76144478160879,2003,6
2003-06-03,76.81217080994674,2003,6
2003-06-04,76.82848559081089,2003,6
2003-06-05,76.8095466483315,2003,6
2003-06-06,76.22008722660449,2003,6
2003-06-07,76.02444326790965,2003,6
2003-06-08,75.89113502507469,2003,6
2003-06-09,75.77584135018049,2003,6
2003-06-10,75.72866506817176,2003,6
2003-06-11,76.0138367577371,2003,6
2003-06-12,76.03000009777719,2003,6
2003-06-13,75.81024048455176,2003,6
2003-06-14,75.61483818826456,2003,6
2003-06-15,75.41885184536773,2003,6
2003-06-16,75.33256527284479,2003,6
2003-06-17,75.37590448936862,2003,6
2003-06-18,75.03933673847776,2003,6
2003-06-19,74.34218064095744,2003,6
2003-06-20,74.02627548978953,2003,6
2003-06-21,74.45255009797272,2003,6
2003-06-22,74.666153960565,2003,6
2003-06-23,74.49807717439086,2003,6
2003-06-24,74.09130635391556,2003,6
2003-06-25,74.19425929011504,2003,6
2003-06-26,74.24792779387228,2003,6
2003-06-27,74.2030886222093,2003,6
2003-06-28,74.13416828084458,2003,6
2003-06-29,74.28229575382387,2003,6
2003-06-30,74.18074876391319,2003,6
2003-07-01,74.04602280269151,2003,7
2003-07-02,74.30941417246001,2003,7
2003-07-03,74.33413320817529,2003,7
2003-07-04,74.30857789339206,2003,7
2003-07-05,74.32416808418745,2003,7
2003-07-06,73.65042848840393,2003,7
2003-07-07,73.83033415775601,2003,7
2003-07-08,73.8942278710654,2003,7
2003-07-09,73.87233873308382,2003,7
2003-07-10,73.76804461250788,2003,7
2003-07-11,73.2395200306709,2003,7
2003-07-12,73.84696369567392,2003,7
2003-07-13,73.7825762542694,2003,7
2003-07-14,74.21633922608144,2003,7
2003-07-15,74.00768886434231,2003,7
2003-07-16,73.7093874077811,2003,7
2003-07-17,73.51187714544929,2003,7
2003-07-18,73.86661002866535,2003,7
2003-07-19,73.89546145646298,2003,7
2003-07-20,73.88437137315675,2003,7
2003-07-21,73.85126300500752,2003,7
2003-07-22,73.66977613266664,2003,7
2003-07-23,73.83401494061161,2003,7
2003-07-24,73.93319516804027,2003,7
2003-07-25,73.83709806173727,2003,7
2003-07-26,73.71477932453067,2003,7
2003-07-27,73.6138676026727,2003,7
2003-07-28,73.49068489068895,2003,7
2003-07-29,73.53530592900785,2003,7
2003-07-30,73.60458630787627,2003,7
2003-07-31,73.30281783180213,2003,7
2003-08-01,73.38618153042036,2003,8
2003-08-02,73.22130590458711,2003,8
2003-08-03,73.18526406907735,2003,8
2003-08-04,73.39416459415486,2003,8
2003-08-05,73.58909824928286,2003,8
2003-08-06,73.80424095507759,2003,8
2003-08-07,74.04863905952166,2003,8
2003-08-08,74.32129431047748,2003,8
2003-08-09,74.03928496455703,2003,8
2003-08-10,73.8636133641711,2003,8
2003-08-11,73.68365075760603,2003,8
2003-08-12,73.72170019279088,2003,8
2003-08-13,73.7532183537604,2003,8
2003-08-14,73.7870351615481,2003,8
2003-08-15,73.64242510463545,2003,8
2003-08-16,73.7698213473674,2003,8
2003-08-17,73.76499538782464,2003,8
2003-08-18,73.6733680863546,2003,8
2003-08-19,73.43823003959578,2003,8
2003-08-20,73.32598335262064,2003,8
2003-08-21,73.43309187328882,2003,8
2003-08-22,73.70886441292191,2003,8
2003-08-23,73.83367847140207,2003,8
2003-08-24,73.45744044456964,2003,8
2003-08-25,73.47428695659573,2003,8
2003-08-26,73.4918344476372,2003,8
2003-08-27,73.52081681205502,2003,8
2003-08-28,73.35393129225281,2003,8
2003-08-29,73.34223692484474,2003,8
2003-08-30,73.46098081918552,2003,8
2003-08-31,73.32434807409925,2003,8
2003-09-01,73.32349411636139,2003,9
2003-09-02,73.44654855188969,2003,9
2003-09-03,73.2844278840307,2003,9
2003-09-04,73.33586668354185,2003,9
2003-09-05,73.32880038519548,2003,9
2003-09-06,73.36401607604147,2003,9
2003-09-07,73.33086962895545,2003,9
2003-09-08,73.28994834746001,2003,9
2003-09-09,73.52102754705464,2003,9
2003-09-10,73.53794935130492,2003,9
2003-09-11,73.66040175488165,2003,9
2003-09-12,73.62655648484692,2003,9
2003-09-13,73.57642571101876,2003,9
2003-09-14,73.66482979610858,2003,9
2003-09-15,73.60270884251722,2003,9
2003-09-16,73.5484306065753,2003,9
2003-09-17,73.58153098066062,2003,9
2003-09-18,73.66140688748297,2003,9
2003-09-19,73.84790111609895,2003,9
2003-09-20,73.92264022134286,2003,9
2003-09-21,73.97335915634166,2003,9
2003-09-22,74.15482988440333,2003,9
2003-09-23,73.92158899855576,2003,9
2003-09-24,73.5923717194899,2003,9
2003-09-25,73.21854232634466,2003,9
2003-09-26,73.1809201547172,2003,9
2003-09-27,73.45274759775502,2003,9
2003-09-28,73.56669211750034,2003,9
2003-09-29,73.55860109259946,2003,9
2003-09-30,73.49602771240096,2003,9
2003-10-01,73.76118267432007,2003,10
2003-10-02,73.86500791092746,2003,10
2003-10-03,74.15375134819531,2003,10
2003-10-04,73.83148604180984,2003,10
2003-10-05,73.88264793422182,2003,10
2003-10-06,73.60380622756175,2003,10
2003-10-07,73.50008634798297,2003,10
2003-10-08,73.32611514805784,2003,10
2003-10-09,73.1863964460565,2003,10
2003-10-10,73.38980918628052,2003,10
2003-10-11,73.65610282309555,2003,10
2003-10-12,73.86860223140711,2003,10
2003-10-13,73.83940460823722,2003,10
2003-10-14,73.9295797054947,2003,10
2003-10-15,73.94770870212281,2003,10
2003-10-16,73.90860693683054,2003,10
2003-10-17,73.8141658003401,2003,10
2003-10-18,73.811667071878,2003,10
2003-10-19,73.77850644251461,2003,10
2003-10-20,73.72813641905064,2003,10
2003-10-21,73.63951997989872,2003,10
2003-10-22,73.56280830264437,2003,10
2003-10-23,73.46025651941709,2003,10
2003-10-24,73.1582352570547,2003,10
2003-10-25,73.05331832297503,2003,10
2003-10-26,72.87845435675071,2003,10
2003-10-27,73.23268971099446,2003,10
2003-10-28,73.17818634518564,2003,10
2003-10-29,73.31289306116157,2003,10
2003-10-30,73.42852934485917,2003,10
2003-10-31,73.50247036002725,2003,10
2003-11-01,73.50539139304293,2003,11
2003-11-02,73.53070807533798,2003,11
2003-11-03,73.55494049900588,2003,11
2003-11-04,73.59523931140092,2003,11
2003-11-05,73.51975552171182,2003,11
2003-11-06,73.4474488027601,2003,11
2003-11-07,73.33413741335748,2003,11
2003-11-08,73.25474461569024,2003,11
2003-11-09,73.03264153014037,2003,11
2003-11-10,73.04905437572307,2003,11
2003-11-11,72.92524904505873,2003,11
2003-11-12,72.87841935928611,2003,11
2003-11-13,72.79470234663303,2003,11
2003-11-14,72.66010047958672,2003,11
2003-11-15,72.56653182722832,2003,11
2003-11-16,72.64738311637295,2003,11
2003-11-17,72.44986055238631,2003,11
2003-11-18,72.39795084446023,2003,11
2003-11-19,72.31237428515092,2003,11
2003-11-20,72.29485227536989,2003,11
2003-11-21,72.22320966450451,2003,11
2003-11-22,72.34051740015232,2003,11
2003-11-23,72.39966669862851,2003,11
2003-11-24,72.37015802714731,2003,11
2003-11-25,72.32613383629806,2003,11
2003-11-26,72.70100511758754,2003,11
2003-11-27,72.2675084133729,2003,11
2003-11-28,72.16351029563954,2003,11
2003-11-29,72.06953749559305,2003,11
2003-11-30,72.14051607637387,2003,11
2003-12-01,71.95164833788091,2003,12
2003-12-02,72.0291440120704,2003,12
2003-12-03,72.05145019942007,2003,12
2003-12-04,71.99314096050594,2003,12
2003-12-05,72.24161784943018,2003,12
2003-12-06,72.19445268535861,2003,12
2003-12-07,72.11925369024499,2003,12
2003-12-08,72.13464161945119,2003,12
2003-12-09,72.28114194730678,2003,12
2003-12-10,72.04548534431541,2003,12
2003-12-11,72.06053565850036,2003,12
2003-12-12,72.07479069314121,2003,12
2003-12-13,72.00246550975727,2003,12
2003-12-14,72.00143454174753,2003,12
2003-12-15,71.77320723919809,2003,12
2003-12-16,71.06300668834626,2003,12
2003-12-17,70.9621559859847,2003,12
2003-12-18,70.8939296165671,2003,12
2003-12-19,71.02935734171223,2003,12
2003-12-20,71.03320696127814,2003,12
2003-12-21,71.01136051409739,2003,12
2003-12-22,71.01353259569319,2003,12
2003-12-23,70.9659002039957,2003,12
2003-12-24,70.94477814803548,2003,12
2003-12-25,70.68295608982147,2003,12
2003-12-26,70.63928452275056,2003,12
2003-12-27,70.47401173998507,2003,12
2003-12-28,70.08574325527692,2003,12
2003-12-29,69.83667703533729,2003,12
2003-12-30,70.14935100492157,2003,12
2003-12-31,70.40289433498891,2003,12
2004-01-01,70.66413222948712,2004,1
2004-01-02,70.65792766672301,2004,1
2004-01-03,70.55567667678322,2004,1
2004-01-04,70.42609767765772,2004,1
2004-01-05,70.338186323026,2004,1
2004-01-06,70.42744782880824,2004,1
2004-01-07,70.47877717409115,2004,1
2004-01-08,71.07039796303837,2004,1
2004-01-09,71.15066423160951,2004,1
2004-01-10,71.13548352234443,2004,1
2004-01-11,71.35551102727527,2004,1
2004-01-12,71.74206722048251,2004,1
2004-01-13,71.71234153460809,2004,1
2004-01-14,71.87232083428879,2004,1
2004-01-15,71.80773917589937,2004,1
2004-01-16,72.04150021959987,2004,1
2004-01-17,72.09584009541014,2004,1
2004-01-18,71.78089240137969,2004,1
2004-01-19,71.57285839222467,2004,1
2004-01-20,71.32195335935693,2004,1
2004-01-21,71.14873048832663,2004,1
2004-01-22,70.91837628666826,2004,1
2004-01-23,70.98964639399863,2004,1
2004-01-24,70.67249182399138,2004,1
2004-01-25,70.77708464002289,2004,1
2004-01-26,70.7471045644739,2004,1
2004-01-27,70.9206676794778,2004,1
2004-01-28,71.07313807459002,2004,1
2004-01-29,71.12845838029403,2004,1
2004-01-30,71.17679748634909,2004,1
2004-01-31,70.9583976801768,2004,1
2004-02-01,70.84671765079425,2004,2
2004-02-02,71.07175581124729,2004,2
2004-02-03,70.94081648240399,2004,2
2004-02-04,71.17734751195322,2004,2
2004-02-05,71.57807633431685,2004,2
2004-02-06,71.59430509025857,2004,2
2004-02-07,71.54322249040392,2004,2
2004-02-08,71.72021031268156,2004,2
2004-02-09,71.95899200722211,2004,2
2004-02-10,72.04489247536192,2004,2
2004-02-11,72.19928004911395,2004,2
2004-02-12,72.36722292324771,2004,2
2004-02-13,72.88898618514327,2004,2
2004-02-14,72.73938044512545,2004,2
2004-02-15,72.74269521306324,2004,2
2004-02-16,72.88181129232424,2004,2
2004-02-17,73.22784978771263,2004,2
2004-02-18,73.06997345469854,2004,2
2004-02-19,72.94370213123088,2004,2
2004-02-20,73.06004669102343,2004,2
2004-02-21,72.97002187602732,2004,2
2004-02-22,73.30630714907214,2004,2
2004-02-23,73.34731043944566,2004,2
2004-02-24,73.46778763907136,2004,2
2004-02-25,73.67670709311,2004,2
2004-02-26,73.93506743382268,2004,2
2004-02-27,74.19829928640283,2004,2
2004-02-28,74.01488288311516,2004,2
2004-02-29,73.86965395145177,2004,2
2004-03-01,74.03733793268499,2004,3
2004-03-02,73.83791708009315,2004,3
2004-03-03,74.30452763777392,2004,3
2004-03-04,74.37221053498122,2004,3
2004-03-05,74.56364196793594,2004,3
2004-03-06,74.54511282838585,2004,3
2004-03-07,74.19228647549095,2004,3
2004-03-08,74.09333028616216,2004,3
2004-03-09,74.31756016934574,2004,3
2004-03-10,74.34041865379767,2004,3
2004-03-11,74.06987803853805,2004,3
2004-03-12,74.4038145950987,2004,3
2004-03-13,74.91546751999827,2004,3
2004-03-14,75.04874481470989,2004,3
2004-03-15,75.30060799870455,2004,3
2004-03-16,75.50160123760068,2004,3
2004-03-17,75.71138195223399,2004,3
2004-03-18,75.78719617660298,2004,3
2004-03-19,75.69291662081152,2004,3
2004-03-20,75.56783294250766,2004,3
2004-03-21,75.74287594874389,2004,3
2004-03-22,75.69430626473425,2004,3
2004-03-23,75.45217633974877,2004,3
2004-03-24,75.41424234611662,2004,3
2004-03-25,75.16095073548377,2004,3
2004-03-26,75.10761493281764,2004,3
2004-03-27,75.09950347953753,2004,3
2004-03-28,75.06456405408399,2004,3
2004-03-29,75.25527597994147,2004,3
2004-03-30,75.44632114607413,2004,3
2004-03-31,75.22171007329842,2004,3
2004-04-01,75.24873496670084,2004,4
2004-04-02,75.05570443154602,2004,4
2004-04-03,75.34318246645005,2004,4
2004-04-04,75.37233070273408,2004,4
2004-04-05,75.51035634378593,2004,4
2004-04-06,75.44945404728578,2004,4
2004-04-07,75.39540872245578,2004,4
2004-04-08,75.28658242783348,2004,4
2004-04-09,75.22216430625087,2004,4
2004-04-10,75.22270590574804,2004,4
2004-04-11,75.50834150875255,2004,4
2004-04-12,75.7545203173454,2004,4
2004-04-13,75.88142123980838,2004,4
2004-04-14,75.93078189230503,2004,4
2004-04-15,76.03192026881916,2004,4
2004-04-16,76.38077793510395,2004,4
2004-04-17,76.10100672364685,2004,4
2004-04-18,76.08214550786185,2004,4
2004-04-19,76.00760681723574,2004,4
2004-04-20,76.11451458014365,2004,4
2004-04-21,76.07958119879311,2004,4
2004-04-22,75.83761667937891,2004,4
2004-04-23,75.2161467540696,2004,4
2004-04-24,75.2057304091066,2004,4
2004-04-25,75.2631667657029,2004,4
2004-04-26,75.17847860973319,2004,4
2004-04-27,75.51605867764242,2004,4
2004-04-28,75.61736020144372,2004,4
2004-04-29,75.48348530636405,2004,4
2004-04-30,75.0174394015058,2004,4
2004-05-01,74.62620402325352,2004,5
2004-05-02,74.78422252692674,2004,5
2004-05-03,75.36741354026752,2004,5
2004-05-04,75.3485678433393,2004,5
2004-05-05,75.55783533551785,2004,5
2004-05-06,75.7393686663512,2004,5
2004-05-07,75.9893034094974,2004,5
2004-05-08,75.97612407425218,2004,5
2004-05-09,75.81629525196742,2004,5
2004-05-10,75.82721673108487,2004,5
2004-05-11,76.11891059123688,2004,5
2004-05-12,76.01148687107492,2004,5
2004-05-13,76.05087151437368,2004,5
2004-05-14,75.85834879215432,2004,5
2004-05-15,75.88110755748808,2004,5
2004-05-16,75.97760732902606,2004,5
2004-05-17,75.85394313154815,2004,5
2004-05-18,75.90402346762129,2004,5
2004-05-19,76.13860256770788,2004,5
2004-05-20,76.17538341973429,2004,5
2004-05-21,76.09425790159703,2004,5
2004-05-22,75.86437324825339,2004,5
2004-05-23,75.73851695653201,2004,5
2004-05-24,75.25397792208346,2004,5
2004-05-25,75.37549880462694,2004,5
2004-05-26,75.81205884189053,2004,5
2004-05-27,75.34944208384215,2004,5
2004-05-28,75.66365990321066,2004,5
2004-05-29,75.51331511138424,2004,5
2004-05-30,76.00434178754652,2004,5
2004-05-31,76.15958915722656,2004,5
2004-06-01,76.14288125328608,2004,6
2004-06-02,76.01113181533869,2004,6
2004-06-03,76.13025181207185,2004,6
2004-06-04,75.96427627627257,2004,6
2004-06-05,75.68381618174068,2004,6
2004-06-06,75.70853951410417,2004,6
2004-06-07,75.5451775318087,2004,6
2004-06-08,75.24876526858915,2004,6
2004-06-09,75.27923437765915,2004,6
2004-06-10,75.00146778403882,2004,6
2004-06-11,75.25262596352687,2004,6
2004-06-12,75.04345632256177,2004,6
2004-06-13,75.01448703841876,2004,6
2004-06-14,76.04367555349923,2004,6
2004-06-15,74.37551410398294,2004,6
2004-06-16,74.21345451869621,2004,6
2004-06-17,74.23652361824034,2004,6
2004-06-18,74.23850523692224,2004,6
2004-06-19,74.172992178657,2004,6
2004-06-20,74.45165428391327,2004,6
2004-06-21,74.54556830093875,2004,6
2004-06-22,74.58446381840166,2004,6
2004-06-23,74.647746046723,2004,6
2004-06-24,75.12524695813478,2004,6
2004-06-25,74.93611094448882,2004,6
2004-06-26,74.76141548073772,2004,6
2004-06-27,74.68963935326069,2004,6
2004-06-28,75.1514181948135,2004,6
2004-06-29,75.13179853611952,2004,6
2004-06-30,75.42328795059296,2004,6
2004-07-01,75.58120897021242,2004,7
2004-07-02,75.52363834887468,2004,7
2004-07-03,75.17764288302978,2004,7
2004-07-04,75.47893588544842,2004,7
2004-07-05,74.73868867225984,2004,7
2004-07-06,74.5497957190977,2004,7
2004-07-07,74.524645050345,2004,7
2004-07-08,74.26142767664528,2004,7
2004-07-09,74.35340572888262,2004,7
2004-07-10,74.36837034214213,2004,7
2004-07-11,74.36818576389861,2004,7
2004-07-12,74.45585682763382,2004,7
2004-07-13,74.24423774306082,2004,7
2004-07-14,74.38486202327168,2004,7
2004-07-15,74.29149034580635,2004,7
2004-07-16,74.26576924358704,2004,7
2004-07-17,74.4364778626831,2004,7
2004-07-18,74.12849767150917,2004,7
2004-07-19,74.29414445002796,2004,7
2004-07-20,74.3325855757265,2004,7
2004-07-21,74.52892212323377,2004,7
2004-07-22,74.5851353114991,2004,7
2004-07-23,74.45958727106553,2004,7
2004-07-24,74.49506801602774,2004,7
2004-07-25,74.48593503081499,2004,7
2004-07-26,74.10447958307041,2004,7
2004-07-27,73.90268479959158,2004,7
2004-07-28,73.90842163442063,2004,7
2004-07-29,73.83237011557797,2004,7
2004-07-30,73.58401641105124,2004,7
2004-07-31,73.47493508264385,2004,7
2004-08-01,73.53302430050083,2004,8
2004-08-02,73.6042003143977,2004,8
2004-08-03,73.63219584189339,2004,8
2004-08-04,73.5320241744395,2004,8
2004-08-05,73.79185176734326,2004,8
2004-08-06,73.7416306138123,2004,8
2004-08-07,73.68514828807848,2004,8
2004-08-08,73.52680297465221,2004,8
2004-08-09,73.51424257166828,2004,8
2004-08-10,73.45067566041791,2004,8
2004-08-11,73.57696034613075,2004,8
2004-08-12,73.64911585425902,2004,8
2004-08-13,73.69893000244689,2004,8
2004-08-14,73.99865794402419,2004,8
2004-08-15,73.79475100261963,2004,8
2004-08-16,73.7775391405282,2004,8
2004-08-17,73.70083672616545,2004,8
2004-08-18,73.69358447778585,2004,8
2004-08-19,73.77765809390864,2004,8
2004-08-20,73.74146684088329,2004,8
2004-08-21,73.72520129580049,2004,8
2004-08-22,73.75971320089344,2004,8
2004-08-23,73.72969421814224,2004,8
2004-08-24,73.66235571342332,2004,8
2004-08-25,73.75115134736821,2004,8
2004-08-26,73.73989293839398,2004,8
2004-08-27,73.877144274544,2004,8
2004-08-28,74.05176171920843,2004,8
2004-08-29,74.40234812650907,2004,8
2004-08-30,74.3314418156623,2004,8
2004-08-31,74.26826301012335,2004,8
2004-09-01,74.51732472508847,2004,9
2004-09-02,74.3762995612293,2004,9
2004-09-03,74.56135595642697,2004,9
2004-09-04,74.5917899887316,2004,9
2004-09-05,74.4971384344519,2004,9
2004-09-06,74.3170838866578,2004,9
2004-09-07,74.24162906687127,2004,9
2004-09-08,74.56610350036412,2004,9
2004-09-09,74.59833605061696,2004,9
2004-09-10,74.35288721859945,2004,9
2004-09-11,73.74870121736312,2004,9
2004-09-12,73.9153984664289,2004,9
2004-09-13,74.10067689874757,2004,9
2004-09-14,74.13816227023852,2004,9
2004-09-15,73.93809994481906,2004,9
2004-09-16,73.64797222509608,2004,9
2004-09-17,74.08373366375001,2004,9
2004-09-18,74.15836343830564,2004,9
2004-09-19,74.21533946510493,2004,9
2004-09-20,74.18298970429062,2004,9
2004-09-21,74.07605918392075,2004,9
2004-09-22,74.06807559584098,2004,9
2004-09-23,74.05979289172483,2004,9
2004-09-24,74.1596983616148,2004,9
2004-09-25,74.13105034722045,2004,9
2004-09-26,74.19231114809799,2004,9
2004-09-27,74.3647522048064,2004,9
2004-09-28,74.36461657872078,2004,9
2004-09-29,74.32785786273351,2004,9
2004-09-30,74.27136532969197,2004,9
2004-10-01,74.56399289557996,2004,10
2004-10-02,74.17619196144851,2004,10
2004-10-03,73.58461588400914,2004,10
2004-10-04,73.41016222050507,2004,10
2004-10-05,73.60196638804558,2004,10
2004-10-06,73.66385647288632,2004,10
2004-10-07,73.69475214914313,2004,10
2004-10-08,73.70311629130083,2004,10
2004-10-09,73.89604480645032,2004,10
2004-10-10,73.93942736860312,2004,10
2004-10-11,73.6448931376438,2004,10
2004-10-12,73.2854641217815,2004,10
2004-10-13,73.37988612999479,2004,10
2004-10-14,73.32268648542772,2004,10
2004-10-15,73.34853416017086,2004,10
2004-10-16,73.35228660083497,2004,10
2004-10-17,73.53326158934252,2004,10
2004-10-18,73.65573261513376,2004,10
2004-10-19,73.72039850670768,2004,10
2004-10-20,73.66777368344266,2004,10
2004-10-21,73.66470364573071,2004,10
2004-10-22,73.66787752249141,2004,10
2004-10-23,73.76719122196782,2004,10
2004-10-24,73.72297741178734,2004,10
2004-10-25,73.69288219812215,2004,10
2004-10-26,73.62841994681806,2004,10
2004-10-27,73.60087033373615,2004,10
2004-10-28,73.3488863203727,2004,10
2004-10-29,73.14072602028703,2004,10
2004-10-30,73.24513865691331,2004,10
2004-10-31,73.01249646859512,2004,10
2004-11-01,73.04809061876114,2004,11
2004-11-02,73.1094881953282,2004,11
2004-11-03,73.15339107496925,2004,11
2004-11-04,73.05384498786994,2004,11
2004-11-05,73.05351390502837,2004,11
2004-11-06,72.9304874761949,2004,11
2004-11-07,72.88942782984982,2004,11
2004-11-08,73.06435945376201,2004,11
2004-11-09,73.13080421553359,2004,11
2004-11-10,73.07102091609326,2004,11
2004-11-11,73.15823710640457,2004,11
2004-11-12,73.14343187840376,2004,11
2004-11-13,73.13248991794262,2004,11
2004-11-14,73.26192356859934,2004,11
2004-11-15,73.25556233554855,2004,11
2004-11-16,73.26693198009121,2004,11
2004-11-17,73.2812857232687,2004,11
2004-11-18,73.20759176493523,2004,11
2004-11-19,73.24710731306796,2004,11
2004-11-20,73.2120232761683,2004,11
2004-11-21,73.18125038612091,2004,11
2004-11-22,73.14424905341598,2004,11
2004-11-23,73.04547103669559,2004,11
2004-11-24,73.02675650150759,2004,11
2004-11-25,72.89147328653034,2004,11
2004-11-26,72.79528197385197,2004,11
2004-11-27,72.6968161999009,2004,11
2004-11-28,72.96616677365836,2004,11
2004-11-29,72.64916928095417,2004,11
2004-11-30,72.51473569728977,2004,11
2004-12-01,72.17468050196481,2004,12
2004-12-02,72.17706811215461,2004,12
2004-12-03,72.31782673044879,2004,12
2004-12-04,72.31469545827507,2004,12
2004-12-05,72.18850060010831,2004,12
2004-12-06,72.24310951752612,2004,12
2004-12-07,72.34240192514376,2004,12
2004-12-08,72.25983616253345,2004,12
2004-12-09,72.23479933652584,2004,12
2004-12-10,72.3777945673334,2004,12
2004-12-11,72.35510271635913,2004,12
2004-12-12,72.43743269969069,2004,12
2004-12-13,72.25858299822514,2004,12
2004-12-14,72.21422247974824,2004,12
2004-12-15,72.41929224689527,2004,12
2004-12-16,72.57626855555975,2004,12
2004-12-17,72.3974717684719,2004,12
2004-12-18,72.75864618520096,2004,12
2004-12-19,72.17679013393595,2004,12
2004-12-20,71.90822186330769,2004,12
2004-12-21,71.7590563548657,2004,12
2004-12-22,71.41485592997472,2004,12
2004-12-23,71.34997320480403,2004,12
2004-12-24,71.27979958188685,2004,12
2004-12-25,71.25341294763676,2004,12
2004-12-26,71.034337572946,2004,12
2004-12-27,71.28126480665524,2004,12
2004-12-28,71.44166416672284,2004,12
2004-12-29,71.78620733803135,2004,12
2004-12-30,71.4898161713683,2004,12
2004-12-31,71.40216509433847,2004,12
2005-01-01,71.32048629733731,2005,1
2005-01-02,71.35163150283367,2005,1
2005-01-03,71.14554168328762,2005,1
2005-01-04,71.37516110247704,2005,1
2005-01-05,71.40858277474483,2005,1
2005-01-06,71.55443340902949,2005,1
2005-01-07,71.79792739483388,2005,1
2005-01-08,71.5976431683337,2005,1
2005-01-09,71.6042345809156,2005,1
2005-01-10,71.57485562462112,2005,1
2005-01-11,71.37085526940446,2005,1
2005-01-12,71.13355228238153,2005,1
2005-01-13,71.31566087583813,2005,1
2005-01-14,71.52290963874879,2005,1
2005-01-15,71.6372180215617,2005,1
2005-01-16,71.73865707597832,2005,1
2005-01-17,71.5692892719203,2005,1
2005-01-18,71.11833522224971,2005,1
2005-01-19,70.91323101442987,2005,1
2005-01-20,70.89084185462983,2005,1
2005-01-21,70.82056771510611,2005,1
2005-01-22,70.76640281690958,2005,1
2005-01-23,70.770102914186,2005,1
2005-01-24,70.60543976386637,2005,1
2005-01-25,70.61826671508898,2005,1
2005-01-26,71.42256703624095,2005,1
2005-01-27,71.40679638091115,2005,1
2005-01-28,71.10972769183054,2005,1
2005-01-29,70.80412900598192,2005,1
2005-01-30,70.92782047259207,2005,1
2005-01-31,70.69831858481449,2005,1
2005-02-01,70.50677887301849,2005,2
2005-02-02,70.75277552156962,2005,2
2005-02-03,71.18818973542614,2005,2
2005-02-04,71.42346222982911,2005,2
2005-02-05,71.62162469370163,2005,2
2005-02-06,71.9583350490961,2005,2
2005-02-07,71.65929876842384,2005,2
2005-02-08,71.65462554378449,2005,2
2005-02-09,72.22570849084381,2005,2
2005-02-10,72.35420849641343,2005,2
2005-02-11,72.6323269005271,2005,2
2005-02-12,72.88163715572678,2005,2
2005-02-13,73.00995224279639,2005,2
2005-02-14,72.91912338548269,2005,2
2005-02-15,72.71462252265216,2005,2
2005-02-16,72.50707523275634,2005,2
2005-02-17,72.56737388256803,2005,2
2005-02-18,72.48282637224612,2005,2
2005-02-19,72.1657683058733,2005,2
2005-02-20,72.00032050021485,2005,2
2005-02-21,71.91228992132696,2005,2
2005-02-22,71.90554939258972,2005,2
2005-02-23,72.04576967339365,2005,2
2005-02-24,72.42756222414721,2005,2
2005-02-25,72.75286543676535,2005,2
2005-02-26,73.01755814452244,2005,2
2005-02-27,73.34562046486724,2005,2
2005-02-28,73.42325443817899,2005,2
2005-03-01,73.47515276791427,2005,3
2005-03-02,73.46774467793784,2005,3
2005-03-03,73.75326359293541,2005,3
2005-03-04,73.7760252822625,2005,3
2005-03-05,73.76476896777422,2005,3
2005-03-06,73.85800414675319,2005,3
2005-03-07,73.93185057260007,2005,3
2005-03-08,73.6924453524346,2005,3
2005-03-09,73.0906667770027,2005,3
2005-03-10,72.884112782952,2005,3
2005-03-11,72.8597372815496,2005,3
2005-03-12,73.30205850831574,2005,3
2005-03-13,73.70641581823183,2005,3
2005-03-14,73.83757321898676,2005,3
2005-03-15,74.31864152321862,2005,3
2005-03-16,74.51285830415696,2005,3
2005-03-17,74.83087555091184,2005,3
2005-03-18,74.77180024768128,2005,3
2005-03-19,74.68167331354121,2005,3
2005-03-20,74.79974002051331,2005,3
2005-03-21,74.49849357786725,2005,3
2005-03-22,74.07068482883781,2005,3
2005-03-23,74.0145138599065,2005,3
2005-03-24,73.78804664778231,2005,3
2005-03-25,73.70833801390012,2005,3
2005-03-26,74.3937605369583,2005,3
2005-03-27,74.51166543422114,2005,3
2005-03-28,74.46718960782299,2005,3
2005-03-29,74.59021972431191,2005,3
2005-03-30,74.53628389052737,2005,3
2005-03-31,74.47990386249987,2005,3
2005-04-01,74.51573043586836,2005,4
2005-04-02,75.13298857283041,2005,4
2005-04-03,75.3533647845249,2005,4
2005-04-04,75.5142412636632,2005,4
2005-04-05,75.50099448528894,2005,4
2005-04-06,75.48963013123976,2005,4
2005-04-07,75.14990678119565,2005,4
2005-04-08,74.73168233619546,2005,4
2005-04-09,74.62642661207354,2005,4
2005-04-10,74.41088840339484,2005,4
2005-04-11,74.3079644786486,2005,4
2005-04-12,74.65400878152205,2005,4
2005-04-13,75.06526202757064,2005,4
2005-04-14,75.37941812982801,2005,4
2005-04-15,75.34716422746908,2005,4
2005-04-16,75.5801537584968,2005,4
2005-04-17,75.58234801390527,2005,4
2005-04-18,75.62116171900495,2005,4
2005-04-19,75.7353336771259,2005,4
2005-04-20,75.88762442324081,2005,4
2005-04-21,75.88115870529083,2005,4
2005-04-22,75.88329240992093,2005,4
2005-04-23,75.7672296945739,2005,4
2005-04-24,75.50556266405447,2005,4
2005-04-25,75.20990069921716,2005,4
2005-04-26,75.08136995673844,2005,4
2005-04-27,75.23575659413483,2005,4
2005-04-28,75.18413474044372,2005,4
2005-04-29,75.05222861164084,2005,4
2005-04-30,75.01089933520328,2005,4
2005-05-01,74.94820825733062,2005,5
2005-05-02,74.97414035116383,2005,5
2005-05-03,75.00412276218243,2005,5
2005-05-04,74.63680579601736,2005,5
2005-05-05,74.81956181686716,2005,5
2005-05-06,74.96460344193635,2005,5
2005-05-07,75.26866265395692,2005,5
2005-05-08,75.58445715944045,2005,5
2005-05-09,75.73349963911191,2005,5
2005-05-10,75.76600800100893,2005,5
2005-05-11,76.05022997850186,2005,5
2005-05-12,76.26693240607841,2005,5
2005-05-13,76.22813063300997,2005,5
2005-05-14,76.0248278160478,2005,5
2005-05-15,76.49948298882674,2005,5
2005-05-16,76.38973785346376,2005,5
2005-05-17,76.36581110106941,2005,5
2005-05-18,76.29880571737094,2005,5
2005-05-19,76.2663355399593,2005,5
2005-05-20,76.26083649316074,2005,5
2005-05-21,76.34410023305807,2005,5
2005-05-22,76.20835543073444,2005,5
2005-05-23,76.27771041564554,2005,5
2005-05-24,76.34180172794619,2005,5
2005-05-25,76.60307393374805,2005,5
2005-05-26,76.41351541143646,2005,5
2005-05-27,76.25833815084218,2005,5
2005-05-28,76.25046310188992,2005,5
2005-05-29,76.16897515230077,2005,5
2005-05-30,75.73078596477497,2005,5
2005-05-31,75.78870872522677,2005,5
2005-06-01,76.23740038635835,2005,6
2005-06-02,76.36522771831298,2005,6
2005-06-03,76.49260612142866,2005,6
2005-06-04,76.59693722096424,2005,6
2005-06-05,76.60642698766705,2005,6
2005-06-06,76.3192588070376,2005,6
2005-06-07,76.24006923523964,2005,6
2005-06-08,76.02652545145682,2005,6
2005-06-09,76.05048991624369,2005,6
2005-06-10,76.2716050222239,2005,6
2005-06-11,76.43260019254863,2005,6
2005-06-12,76.49330936504147,2005,6
2005-06-13,76.29029366180085,2005,6
2005-06-14,76.346500246316,2005,6
2005-06-15,76.27432626475017,2005,6
2005-06-16,76.41827713106892,2005,6
2005-06-17,76.56477426676085,2005,6
2005-06-18,76.51862001836628,2005,6
2005-06-19,76.34998312652726,2005,6
2005-06-20,76.43526531888511,2005,6
2005-06-21,76.33222071742982,2005,6
2005-06-22,75.68220676549183,2005,6
2005-06-23,75.32465903883829,2005,6
2005-06-24,75.3096631339384,2005,6
2005-06-25,75.04839952788373,2005,6
2005-06-26,77.09889849387908,2005,6
2005-06-27,74.27272159842771,2005,6
2005-06-28,74.19676088610865,2005,6
2005-06-29,74.11996927575048,2005,6
2005-06-30,74.05278882545527,2005,6
2005-07-01,74.3714489109134,2005,7
2005-07-02,74.20603697302768,2005,7
2005-07-03,73.92382485917565,2005,7
2005-07-04,73.79706707713474,2005,7
2005-07-05,73.78147784703307,2005,7
2005-07-06,73.4882494889316,2005,7
2005-07-07,73.9517029344704,2005,7
2005-07-08,74.12003407433218,2005,7
2005-07-09,74.34741001584099,2005,7
2005-07-10,74.24942589554276,2005,7
2005-07-11,74.15303935744399,2005,7
2005-07-12,73.80805474012988,2005,7
2005-07-13,73.68382434476605,2005,7
2005-07-14,73.87545344677117,2005,7
2005-07-15,73.79776653421327,2005,7
2005-07-16,73.65789996765976,2005,7
2005-07-17,73.70017936431597,2005,7
2005-07-18,73.94725387049995,2005,7
2005-07-19,74.42459846563003,2005,7
2005-07-20,74.44906543775504,2005,7
2005-07-21,74.41492098318955,2005,7
2005-07-22,74.3221874907762,2005,7
2005-07-23,74.27797810086389,2005,7
2005-07-24,74.21433124316832,2005,7
2005-07-25,74.10154971816755,2005,7
2005-07-26,74.07971141478178,2005,7
2005-07-27,74.1200026166308,2005,7
2005-07-28,73.753799283323,2005,7
2005-07-29,73.84642116578843,2005,7
2005-07-30,73.92606010906233,2005,7
2005-07-31,74.07667625264317,2005,7
2005-08-01,73.99678485639619,2005,8
2005-08-02,73.85976586941499,2005,8
2005-08-03,73.89157513481942,2005,8
2005-08-04,73.91612678512017,2005,8
2005-08-05,73.66198230491027,2005,8
2005-08-06,73.4151393845023,2005,8
2005-08-07,73.41516022670199,2005,8
2005-08-08,73.566505306303,2005,8
2005-08-09,73.8152454284041,2005,8
2005-08-10,74.052274401077,2005,8
2005-08-11,74.16215161482953,2005,8
2005-08-12,74.18178437384861,2005,8
2005-08-13,74.3748439712774,2005,8
2005-08-14,74.48404899538825,2005,8
2005-08-15,74.26464390173169,2005,8
2005-08-16,73.95255942659368,2005,8
2005-08-17,73.67101401211681,2005,8
2005-08-18,73.98249730247998,2005,8
2005-08-19,73.98147524045449,2005,8
2005-08-20,73.74600574348213,2005,8
2005-08-21,73.68732816100702,2005,8
2005-08-22,73.79516510221788,2005,8
2005-08-23,73.92094069370843,2005,8
2005-08-24,73.98716395531203,2005,8
2005-08-25,74.07654393902962,2005,8
2005-08-26,74.10596712232531,2005,8
2005-08-27,74.24837083523758,2005,8
2005-08-28,74.16437305421256,2005,8
2005-08-29,74.46033347010976,2005,8
2005-08-30,74.67535998767016,2005,8
2005-08-31,74.83491436155843,2005,8
2005-09-01,74.76430856342562,2005,9
2005-09-02,75.05144297328363,2005,9
2005-09-03,75.02469732927048,2005,9
2005-09-04,74.72124015925567,2005,9
2005-09-05,74.48406273150793,2005,9
2005-09-06,74.43980306192192,2005,9
2005-09-07,74.34808289952224,2005,9
2005-09-08,74.15841622640967,2005,9
2005-09-09,74.20930691214731,2005,9
2005-09-10,74.13350414334356,2005,9
2005-09-11,74.07882463989006,2005,9
2005-09-12,73.66159925708735,2005,9
2005-09-13,73.55209727179397,2005,9
2005-09-14,73.24798150508491,2005,9
2005-09-15,73.2533270032241,2005,9
2005-09-16,73.43621518560607,2005,9
2005-09-17,73.73566675107239,2005,9
2005-09-18,73.56185159694968,2005,9
2005-09-19,73.87326746320423,2005,9
2005-09-20,73.77441170992356,2005,9
2005-09-21,73.760130270915,2005,9
2005-09-22,74.04168057639329,2005,9
2005-09-23,73.89133086284986,2005,9
2005-09-24,73.49696193227636,2005,9
2005-09-25,73.40084072682758,2005,9
2005-09-26,73.70729649765158,2005,9
2005-09-27,73.93677030253298,2005,9
2005-09-28,74.07355899639397,2005,9
2005-09-29,74.39646021449,2005,9
2005-09-30,74.32137802043252,2005,9
2005-10-01,74.33415966914015,2005,10
2005-10-02,74.08702889957131,2005,10
2005-10-03,74.06973662702786,2005,10
2005-10-04,74.2734232385972,2005,10
2005-10-05,74.38863034767542,2005,10
2005-10-06,74.31663798470143,2005,10
2005-10-07,74.40597859032009,2005,10
2005-10-08,74.50282923811255,2005,10
2005-10-09,74.46516622640188,2005,10
2005-10-10,74.34875069034521,2005,10
2005-10-11,74.50715621627435,2005,10
2005-10-12,74.16817872286623,2005,10
2005-10-13,74.172228953319,2005,10
2005-10-14,74.05315802775075,2005,10
2005-10-15,73.85122645459668,2005,10
2005-10-16,73.8311024013668,2005,10
2005-10-17,73.63884606679349,2005,10
2005-10-18,73.74215976698059,2005,10
2005-10-19,73.50626912332964,2005,10
2005-10-20,73.35868158722546,2005,10
2005-10-21,73.2043976488714,2005,10
2005-10-22,73.14866099677596,2005,10
2005-10-23,73.17563726566007,2005,10
2005-10-24,73.22285325816448,2005,10
2005-10-25,73.44055673146096,2005,10
2005-10-26,73.49409891793061,2005,10
2005-10-27,73.51463898616943,2005,10
2005-10-28,73.32445781672563,2005,10
2005-10-29,73.27393676923757,2005,10
2005-10-30,73.25672063713176,2005,10
2005-10-31,73.39270299152805,2005,10
2005-11-01,73.35752162851543,2005,11
2005-11-02,73.32046428312482,2005,11
2005-11-03,73.18134983040845,2005,11
2005-11-04,73.20295272474196,2005,11
2005-11-05,73.15939954672977,2005,11
2005-11-06,73.10996378653606,2005,11
2005-11-07,72.99104081253763,2005,11
2005-11-08,72.94351305305545,2005,11
2005-11-09,73.1113143363248,2005,11
2005-11-10,72.93099888077411,2005,11
2005-11-11,73.03025742000304,2005,11
2005-11-12,73.02564851577085,2005,11
2005-11-13,73.06842850465064,2005,11
2005-11-14,73.03130207298486,2005,11
2005-11-15,73.2866711740383,2005,11
2005-11-16,73.3664717500364,2005,11
2005-11-17,73.07543070937669,2005,11
2005-11-18,72.8752204395978,2005,11
2005-11-19,72.94965971589369,2005,11
2005-11-20,72.98265992049276,2005,11
2005-11-21,72.98487921283296,2005,11
2005-11-22,72.92600236710811,2005,11
2005-11-23,72.90573009963933,2005,11
2005-11-24,72.71102799410686,2005,11
2005-11-25,72.85355021333147,2005,11
2005-11-26,72.61548184100577,2005,11
2005-11-27,72.58467143193353,2005,11
2005-11-28,72.58995236550967,2005,11
2005-11-29,72.48716757792982,2005,11
2005-11-30,72.30747539377244,2005,11
2005-12-01,72.02291654729883,2005,12
2005-12-02,71.88056846012022,2005,12
2005-12-03,71.8873895551058,2005,12
2005-12-04,71.94974609982482,2005,12
2005-12-05,71.90194244185238,2005,12
2005-12-06,72.13737684225818,2005,12
2005-12-07,72.19871065732588,2005,12
2005-12-08,72.2401635444705,2005,12
2005-12-09,72.1896282379553,2005,12
2005-12-10,72.02524828438794,2005,12
2005-12-11,71.77008896243174,2005,12
2005-12-12,72.01031225755668,2005,12
2005-12-13,71.6894156705952,2005,12
2005-12-14,71.62130363334153,2005,12
2005-12-15,71.62460760482888,2005,12
2005-12-16,71.69441281265355,2005,12
2005-12-17,71.661972530827,2005,12
2005-12-18,71.87441331886706,2005,12
2005-12-19,71.52736752156126,2005,12
2005-12-20,71.6278597346972,2005,12
2005-12-21,71.61636692093889,2005,12
2005-12-22,71.46079941979886,2005,12
2005-12-23,71.15947612640215,2005,12
2005-12-24,71.10235485034397,2005,12
2005-12-25,71.16272919092921,2005,12
2005-12-26,71.29221721353429,2005,12
2005-12-27,71.46628558085531,2005,12
2005-12-28,71.59160070647788,2005,12
2005-12-29,71.73362386374203,2005,12
2005-12-30,71.73337455503876,2005,12
2005-12-31,71.71909041602186,2005,12
2006-01-01,71.30665898329521,2006,1
2006-01-02,71.17715865506266,2006,1
2006-01-03,70.75083518886356,2006,1
2006-01-04,70.45755011379394,2006,1
2006-01-05,70.47276683673184,2006,1
2006-01-06,70.54231129371331,2006,1
2006-01-07,70.5925374737625,2006,1
2006-01-08,70.75027096702831,2006,1
2006-01-09,70.92373305750762,2006,1
2006-01-10,70.98955765108798,2006,1
2006-01-11,71.29236527715965,2006,1
2006-01-12,71.36523785311172,2006,1
2006-01-13,71.56298842145252,2006,1
2006-01-14,71.5319295343166,2006,1
2006-01-15,71.65833535849472,2006,1
2006-01-16,71.65315736802658,2006,1
2006-01-17,71.69612083273725,2006,1
2006-01-18,71.74421576024402,2006,1
2006-01-19,71.76629973374625,2006,1
2006-01-20,71.77304293505317,2006,1
2006-01-21,71.59818172035612,2006,1
2006-01-22,71.38040253837823,2006,1
2006-01-23,71.13989283044363,2006,1
2006-01-24,70.99052690413674,2006,1
2006-01-25,70.87271125407182,2006,1
2006-01-26,70.93731009734056,2006,1
2006-01-27,71.23006032533452,2006,1
2006-01-28,71.49515920842538,2006,1
2006-01-29,71.74264579371213,2006,1
2006-01-30,72.04915061091343,2006,1
2006-01-31,72.36755167298777,2006,1
2006-02-01,72.41974853280549,2006,2
2006-02-02,72.5263148540482,2006,2
2006-02-03,72.59002490896714,2006,2
2006-02-04,72.61493605981326,2006,2
2006-02-05,72.55827230760217,2006,2
2006-02-06,72.70911685887818,2006,2
2006-02-07,72.66157206786893,2006,2
2006-02-08,72.61038832995943,2006,2
2006-02-09,72.59544765860095,2006,2
2006-02-10,72.69281592136649,2006,2
2006-02-11,72.80028918137084,2006,2
2006-02-12,72.99407920430663,2006,2
2006-02-13,73.01200328272976,2006,2
2006-02-14,73.08093924828368,2006,2
2006-02-15,72.97409676546067,2006,2
2006-02-16,72.91337256161114,2006,2
2006-02-17,73.1160811107025,2006,2
2006-02-18,73.37252790126014,2006,2
2006-02-19,73.41989182802848,2006,2
2006-02-20,73.66077214421634,2006,2
2006-02-21,73.79913798049371,2006,2
2006-02-22,73.90226925539628,2006,2
2006-02-23,73.8910625424868,2006,2
2006-02-24,73.99510299870568,2006,2
2006-02-25,74.14103818188673,2006,2
2006-02-26,73.9007002900191,2006,2
2006-02-27,73.47496002053343,2006,2
2006-02-28,73.46976606005815,2006,2
2006-03-01,73.4164033402014,2006,3
2006-03-02,73.43928409670525,2006,3
2006-03-03,73.4170755862862,2006,3
2006-03-04,73.39958647484481,2006,3
2006-03-05,73.37862788636271,2006,3
2006-03-06,73.50769419111283,2006,3
2006-03-07,73.46465504020713,2006,3
2006-03-08,73.49769463248658,2006,3
2006-03-09,73.24591037712186,2006,3
2006-03-10,72.0865691829992,2006,3
2006-03-11,71.7047064919896,2006,3
2006-03-12,72.08815446781118,2006,3
2006-03-13,72.58976675410347,2006,3
2006-03-14,72.74760769561841,2006,3
2006-03-15,72.4862653534967,2006,3
2006-03-16,72.55479932899577,2006,3
2006-03-17,72.792291778723,2006,3
2006-03-18,73.04907505313066,2006,3
2006-03-19,73.46813440291426,2006,3
2006-03-20,73.7426340234616,2006,3
2006-03-21,73.59741216745637,2006,3
2006-03-22,73.78197821200719,2006,3
2006-03-23,74.03927505288317,2006,3
2006-03-24,74.22435377789748,2006,3
2006-03-25,74.18054288413632,2006,3
2006-03-26,74.1486075282589,2006,3
2006-03-27,74.03328391421677,2006,3
2006-03-28,74.00111330507546,2006,3
2006-03-29,74.10791087448274,2006,3
2006-03-30,74.46925383520916,2006,3
2006-03-31,74.64945668729574,2006,3
2006-04-01,74.7856523524331,2006,4
2006-04-02,74.8703089986385,2006,4
2006-04-03,74.74616461847224,2006,4
2006-04-04,74.64172714599528,2006,4
2006-04-05,74.9264010808604,2006,4
2006-04-06,75.17169334859305,2006,4
2006-04-07,75.40375911452507,2006,4
2006-04-08,75.35101171706172,2006,4
2006-04-09,75.28271911810407,2006,4
2006-04-10,74.8477627197185,2006,4
2006-04-11,74.91541143475706,2006,4
2006-04-12,74.95873482991169,2006,4
2006-04-13,75.01307795575167,2006,4
2006-04-14,75.08536761907291,2006,4
2006-04-15,75.099617838417,2006,4
2006-04-16,74.77997194751718,2006,4
2006-04-17,73.9797159893648,2006,4
2006-04-18,73.62346884748422,2006,4
2006-04-19,73.81408277850939,2006,4
2006-04-20,74.34691237734042,2006,4
2006-04-21,74.72795384880216,2006,4
2006-04-22,74.9434343565074,2006,4
2006-04-23,75.2074535480957,2006,4
2006-04-24,75.1095218156575,2006,4
2006-04-25,75.42677632299866,2006,4
2006-04-26,75.57131416459933,2006,4
2006-04-27,75.61491977265804,2006,4
2006-04-28,75.7446345285811,2006,4
2006-04-29,75.87253901226319,2006,4
2006-04-30,75.92350483423367,2006,4
2006-05-01,75.91631952381726,2006,5
2006-05-02,75.88147562510379,2006,5
2006-05-03,75.61991747438462,2006,5
2006-05-04,75.61828908053178,2006,5
2006-05-05,75.91492697166409,2006,5
2006-05-06,76.03395485888842,2006,5
2006-05-07,76.07447649936798,2006,5
2006-05-08,75.95245179716326,2006,5
2006-05-09,75.85485419369739,2006,5
2006-05-10,75.77672998743911,2006,5
2006-05-11,75.70133001914004,2006,5
2006-05-12,75.79338520377678,2006,5
2006-05-13,75.70172837127353,2006,5
2006-05-14,75.64730574792655,2006,5
2006-05-15,75.57702095638642,2006,5
2006-05-16,75.62817271815359,2006,5
2006-05-17,75.534164630673,2006,5
2006-05-18,75.43155794690338,2006,5
2006-05-19,75.45357937485878,2006,5
2006-05-20,74.84306384433147,2006,5
2006-05-21,74.9788897629759,2006,5
2006-05-22,75.02233645535702,2006,5
2006-05-23,75.0278368147806,2006,5
2006-05-24,75.1669408064304,2006,5
2006-05-25,75.25976261221007,2006,5
2006-05-26,75.23902972038061,2006,5
2006-05-27,74.97508681612157,2006,5
2006-05-28,75.0064199588695,2006,5
2006-05-29,75.04329297097135,2006,5
2006-05-30,75.12744367832421,2006,5
2006-05-31,75.24748511295263,2006,5
2006-06-01,74.90733714827354,2006,6
2006-06-02,74.31678124471492,2006,6
2006-06-03,74.32721125051023,2006,6
2006-06-04,74.30945703276399,2006,6
2006-06-05,74.29240941717974,2006,6
2006-06-06,74.3057209645003,2006,6
2006-06-07,74.66931552025606,2006,6
2006-06-08,74.8384257686292,2006,6
2006-06-09,75.08000845342386,2006,6
2006-06-10,75.29150089872424,2006,6
2006-06-11,75.31534712396083,2006,6
2006-06-12,75.30037665574932,2006,6
2006-06-13,75.13606286466012,2006,6
2006-06-14,75.05706620659932,2006,6
2006-06-15,75.30150855990941,2006,6
2006-06-16,75.17196451430247,2006,6
2006-06-17,74.99767153366912,2006,6
2006-06-18,75.16250464035714,2006,6
2006-06-19,75.2856663920998,2006,6
2006-06-20,75.37485390997395,2006,6
2006-06-21,75.01781764712611,2006,6
2006-06-22,75.19374132538003,2006,6
2006-06-23,75.21103705157492,2006,6
2006-06-24,74.98279829290605,2006,6
2006-06-25,74.78642164298556,2006,6
2006-06-26,74.47579626524367,2006,6
2006-06-27,74.34311078211796,2006,6
2006-06-28,74.08063594878027,2006,6
2006-06-29,74.10006337198965,2006,6
2006-06-30,73.99413455055695,2006,6
2006-07-01,74.17857833173368,2006,7
2006-07-02,74.48707162183737,2006,7
2006-07-03,74.36226016237292,2006,7
2006-07-04,74.16726819828035,2006,7
2006-07-05,73.97498593671493,2006,7
2006-07-06,73.90748144877682,2006,7
2006-07-07,74.03295167318876,2006,7
2006-07-08,74.12157236376328,2006,7
2006-07-09,73.93281380586286,2006,7
2006-07-10,73.69677459075116,2006,7
2006-07-11,73.54587741666937,2006,7
2006-07-12,73.49024545105337,2006,7
2006-07-13,73.53311324807225,2006,7
2006-07-14,73.46784207446167,2006,7
2006-07-15,73.48864298603951,2006,7
2006-07-16,73.88740459835384,2006,7
2006-07-17,74.03353291964163,2006,7
2006-07-18,73.97454211104605,2006,7
2006-07-19,73.73871279226863,2006,7
2006-07-20,73.61761548711574,2006,7
2006-07-21,73.33119584080096,2006,7
2006-07-22,73.4864287953084,2006,7
2006-07-23,73.46775346030948,2006,7
2006-07-24,73.60519684741811,2006,7
2006-07-25,73.60953838552763,2006,7
2006-07-26,73.31326968154369,2006,7
2006-07-27,73.03909255120445,2006,7
2006-07-28,72.97866910079387,2006,7
2006-07-29,73.02808421463467,2006,7
2006-07-30,73.2171381941045,2006,7
2006-07-31,73.43109522219915,2006,7
2006-08-01,73.42588453367364,2006,8
2006-08-02,73.29748561462004,2006,8
2006-08-03,73.19195312391513,2006,8
2006-08-04,73.04908524501936,2006,8
2006-08-05,72.97145037679671,2006,8
2006-08-06,72.96556626920942,2006,8
2006-08-07,73.1097755601037,2006,8
2006-08-08,73.22815189739644,2006,8
2006-08-09,73.35649881729013,2006,8
2006-08-10,73.56748019213909,2006,8
2006-08-11,73.65773062449972,2006,8
2006-08-12,73.70117424837788,2006,8
2006-08-13,73.7210969724088,2006,8
2006-08-14,73.62733704203312,2006,8
2006-08-15,73.60237758964644,2006,8
2006-08-16,73.66331923278396,2006,8
2006-08-17,73.68001114790447,2006,8
2006-08-18,73.67598043856917,2006,8
2006-08-19,73.59353610210431,2006,8
2006-08-20,73.55964693173296,2006,8
2006-08-21,73.4285398282597,2006,8
2006-08-22,73.3404788582127,2006,8
2006-08-23,73.3049798519007,2006,8
2006-08-24,73.24174204174673,2006,8
2006-08-25,73.22760410391227,2006,8
2006-08-26,73.30524782335968,2006,8
2006-08-27,73.39904883091384,2006,8
2006-08-28,73.38205301003863,2006,8
2006-08-29,73.2035978372893,2006,8
2006-08-30,73.2114263043028,2006,8
2006-08-31,73.17519015087083,2006,8
2006-09-01,73.17357686756677,2006,9
2006-09-02,73.13346886154304,2006,9
2006-09-03,73.29632791869959,2006,9
2006-09-04,73.46915663361312,2006,9
2006-09-05,73.53167093882735,2006,9
2006-09-06,73.61246193356611,2006,9
2006-09-07,73.6742004964751,2006,9
2006-09-08,73.62693246035693,2006,9
2006-09-09,73.78953141064146,2006,9
2006-09-10,73.76834087112339,2006,9
2006-09-11,73.80000408711189,2006,9
2006-09-12,73.82675316593226,2006,9
2006-09-13,73.77985654773377,2006,9
2006-09-14,73.78389319716544,2006,9
2006-09-15,73.62541538754141,2006,9
2006-09-16,73.68735128133297,2006,9
2006-09-17,73.75751409653395,2006,9
2006-09-18,73.87105708373281,2006,9
2006-09-19,73.97069715887883,2006,9
2006-09-20,73.83689479263957,2006,9
2006-09-21,73.46095370252577,2006,9
2006-09-22,73.2829946447039,2006,9
2006-09-23,73.11652556051142,2006,9
2006-09-24,73.48381853175911,2006,9
2006-09-25,73.57906716993855,2006,9
2006-09-26,73.61145117956092,2006,9
2006-09-27,73.83457212409081,2006,9
2006-09-28,73.97296046048513,2006,9
2006-09-29,73.93407204539086,2006,9
2006-09-30,73.86275921857633,2006,9
2006-10-01,73.74804196600012,2006,10
2006-10-02,73.7631513874294,2006,10
2006-10-03,73.97753697429661,2006,10
2006-10-04,74.10160163712598,2006,10
2006-10-05,74.14636101830125,2006,10
2006-10-06,74.19120828268284,2006,10
2006-10-07,74.09408494400257,2006,10
2006-10-08,74.0565443498446,2006,10
2006-10-09,74.05498988488597,2006,10
2006-10-10,74.12236950901001,2006,10
2006-10-11,74.0893808240946,2006,10
2006-10-12,74.09107388261422,2006,10
2006-10-13,74.06143357043267,2006,10
2006-10-14,73.85495085400926,2006,10
2006-10-15,73.91163791916684,2006,10
2006-10-16,73.98527864405867,2006,10
2006-10-17,74.06570238474136,2006,10
2006-10-18,74.02721605375528,2006,10
2006-10-19,73.82730585257605,2006,10
2006-10-20,73.44631360272935,2006,10
2006-10-21,73.02892598291247,2006,10
2006-10-22,73.185082206369,2006,10
2006-10-23,73.25058566245696,2006,10
2006-10-24,73.32309555881534,2006,10
2006-10-25,73.31596185129122,2006,10
2006-10-26,73.39498027625515,2006,10
2006-10-27,73.24192861410015,2006,10
2006-10-28,73.02816991052437,2006,10
2006-10-29,73.02081750533802,2006,10
2006-10-30,73.08361548057437,2006,10
2006-10-31,72.99797454826523,2006,10
2006-11-01,72.95369361912354,2006,11
2006-11-02,72.91284119093247,2006,11
2006-11-03,72.80643901704669,2006,11
2006-11-04,72.82232746113688,2006,11
2006-11-05,72.95848217268397,2006,11
2006-11-06,73.09430951594963,2006,11
2006-11-07,72.99157358821658,2006,11
2006-11-08,72.72993325817423,2006,11
2006-11-09,72.71863357061352,2006,11
2006-11-10,72.6468729656593,2006,11
2006-11-11,72.46198441600826,2006,11
2006-11-12,72.55878856633797,2006,11
2006-11-13,72.46828143837828,2006,11
2006-11-14,72.68440479323874,2006,11
2006-11-15,72.71530167704701,2006,11
2006-11-16,72.55482083564978,2006,11
2006-11-17,72.59041659887238,2006,11
2006-11-18,72.41694880500714,2006,11
2006-11-19,72.27640937758305,2006,11
2006-11-20,72.27807170831493,2006,11
2006-11-21,72.31901798477239,2006,11
2006-11-22,72.21652199928481,2006,11
2006-11-23,72.05477329032253,2006,11
2006-11-24,72.01068010486576,2006,11
2006-11-25,71.88013087857989,2006,11
2006-11-26,71.73906273073622,2006,11
2006-11-27,71.76109211065463,2006,11
2006-11-28,71.63918328964826,2006,11
2006-11-29,71.8513321120725,2006,11
2006-11-30,71.8634945424084,2006,11
2006-12-01,71.78704907938574,2006,12
2006-12-02,71.69348065846089,2006,12
2006-12-03,71.74912015347424,2006,12
2006-12-04,71.65191069030854,2006,12
2006-12-05,71.77575622971817,2006,12
2006-12-06,71.75752013862248,2006,12
2006-12-07,71.70965108598595,2006,12
2006-12-08,71.63050748005143,2006,12
2006-12-09,71.5603921753083,2006,12
2006-12-10,71.4881246605117,2006,12
2006-12-11,71.31447105694261,2006,12
2006-12-12,71.10817188276292,2006,12
2006-12-13,71.0910691980839,2006,12
2006-12-14,71.26496683816235,2006,12
2006-12-15,71.52285815829818,2006,12
2006-12-16,71.66017343047496,2006,12
2006-12-17,71.62299964932767,2006,12
2006-12-18,71.62133361606533,2006,12
2006-12-19,71.62127938431153,2006,12
2006-12-20,71.61223186636077,2006,12
2006-12-21,71.61174212185558,2006,12
2006-12-22,71.41918545791914,2006,12
2006-12-23,71.42934493748741,2006,12
2006-12-24,71.32419564993424,2006,12
2006-12-25,71.38282657852558,2006,12
2006-12-26,71.34447074839717,2006,12
2006-12-27,70.98241094584156,2006,12
2006-12-28,71.06741888422195,2006,12
2006-12-29,71.04549857989333,2006,12
2006-12-30,71.14387619646006,2006,12
2006-12-31,71.09690439248831,2006,12
2007-01-01,71.19516973630944,2007,1
2007-01-02,71.02174210007371,2007,1
2007-01-03,70.9728024552642,2007,1
2007-01-04,71.06237726166744,2007,1
2007-01-05,70.95036713440075,2007,1
2007-01-06,70.92812287873848,2007,1
2007-01-07,70.94957820376035,2007,1
2007-01-08,71.1130486686717,2007,1
2007-01-09,71.36474086195307,2007,1
2007-01-10,71.41773473871797,2007,1
2007-01-11,71.19819878948388,2007,1
2007-01-12,71.20136685467438,2007,1
2007-01-13,71.08549442670105,2007,1
2007-01-14,71.12116655591225,2007,1
2007-01-15,71.23780274556499,2007,1
2007-01-16,71.40371041232372,2007,1
2007-01-17,71.37157951219866,2007,1
2007-01-18,71.43900214559193,2007,1
2007-01-19,71.53600948951198,2007,1
2007-01-20,71.70265630421423,2007,1
2007-01-21,71.57169695144174,2007,1
2007-01-22,71.4622218267424,2007,1
2007-01-23,71.59507366023665,2007,1
2007-01-24,71.81979787981516,2007,1
2007-01-25,72.07368519739389,2007,1
2007-01-26,72.42357866185276,2007,1
2007-01-27,72.7194609870002,2007,1
2007-01-28,72.58799291238296,2007,1
2007-01-29,72.4075250289583,2007,1
2007-01-30,72.60558812429241,2007,1
2007-01-31,72.53726562968895,2007,1
2007-02-01,72.59763902554424,2007,2
2007-02-02,72.60782221537396,2007,2
2007-02-03,72.50169482047518,2007,2
2007-02-04,72.31968172801382,2007,2
2007-02-05,72.27815210753077,2007,2
2007-02-06,72.32103716394772,2007,2
2007-02-07,72.08412434267844,2007,2
2007-02-08,71.95953649170318,2007,2
2007-02-09,72.04792774935466,2007,2
2007-02-10,71.56132600314017,2007,2
2007-02-11,71.38088981852027,2007,2
2007-02-12,71.32612985697224,2007,2
2007-02-13,70.86609944445358,2007,2
2007-02-14,70.91863477961536,2007,2
2007-02-15,71.33472084234188,2007,2
2007-02-16,71.48542162617193,2007,2
2007-02-17,71.69516857122439,2007,2
2007-02-18,71.87523856076085,2007,2
2007-02-19,72.07444295778794,2007,2
2007-02-20,72.40970506431324,2007,2
2007-02-21,72.6655778132326,2007,2
2007-02-22,72.71064665489475,2007,2
2007-02-23,72.92949849915496,2007,2
2007-02-24,72.85090326019399,2007,2
2007-02-25,72.69690383019189,2007,2
2007-02-26,72.59751366208138,2007,2
2007-02-27,72.9698708564317,2007,2
2007-02-28,72.59466951291762,2007,2
2007-03-01,71.95478297164703,2007,3
2007-03-02,71.91715849909751,2007,3
2007-03-03,72.38207194392447,2007,3
2007-03-04,72.723094640896,2007,3
2007-03-05,73.00516676452098,2007,3
2007-03-06,72.85294611293837,2007,3
2007-03-07,72.9601037987835,2007,3
2007-03-08,73.12698904184568,2007,3
2007-03-09,73.29136895968858,2007,3
2007-03-10,73.28965891975687,2007,3
2007-03-11,73.2500192929013,2007,3
2007-03-12,72.83324408375256,2007,3
2007-03-13,72.46301175347249,2007,3
2007-03-14,72.53225750123039,2007,3
2007-03-15,72.73754568589293,2007,3
2007-03-16,73.07039649170241,2007,3
2007-03-17,73.5573887795554,2007,3
2007-03-18,74.027982889802,2007,3
2007-03-19,74.20036922734732,2007,3
2007-03-20,74.30814397311744,2007,3
2007-03-21,74.09697180151795,2007,3
2007-03-22,73.86555177769254,2007,3
2007-03-23,74.07023109160716,2007,3
2007-03-24,74.21143550503248,2007,3
2007-03-25,74.30990088494107,2007,3
2007-03-26,74.4491412688645,2007,3
2007-03-27,74.8058707060833,2007,3
2007-03-28,75.11383203345339,2007,3
2007-03-29,75.36996924789393,2007,3
2007-03-30,75.48351177962152,2007,3
2007-03-31,75.56593767982575,2007,3
2007-04-01,75.57814072903214,2007,4
2007-04-02,75.33682949532194,2007,4
2007-04-03,75.08488558052143,2007,4
2007-04-04,75.21112929615121,2007,4
2007-04-05,75.32441996893425,2007,4
2007-04-06,75.63892293477954,2007,4
2007-04-07,75.5422227066706,2007,4
2007-04-08,75.2551152694654,2007,4
2007-04-09,75.05916189696133,2007,4
2007-04-10,75.1516089509582,2007,4
2007-04-11,75.33694776399498,2007,4
2007-04-12,75.3756319790233,2007,4
2007-04-13,75.51263764169852,2007,4
2007-04-14,75.69181336109152,2007,4
2007-04-15,75.87786893263075,2007,4
2007-04-16,75.8650508709469,2007,4
2007-04-17,75.85427689767944,2007,4
2007-04-18,75.68576737631136,2007,4
2007-04-19,75.4458375349253,2007,4
2007-04-20,75.36484982678643,2007,4
2007-04-21,75.34621333544969,2007,4
2007-04-22,75.64183818850786,2007,4
2007-04-23,75.83009108204944,2007,4
2007-04-24,75.7992199497369,2007,4
2007-04-25,75.81913082046177,2007,4
2007-04-26,75.809880220118,2007,4
2007-04-27,75.89628813208492,2007,4
2007-04-28,76.08085144565932,2007,4
2007-04-29,76.20723689050143,2007,4
2007-04-30,76.18710160997243,2007,4
2007-05-01,76.21457690536998,2007,5
2007-05-02,76.22043636498655,2007,5
2007-05-03,76.08370866576102,2007,5
2007-05-04,75.78460198549062,2007,5
2007-05-05,75.9127364777799,2007,5
2007-05-06,76.10040514001882,2007,5
2007-05-07,75.79403569375492,2007,5
2007-05-08,75.81891549128949,2007,5
2007-05-09,75.66209464044113,2007,5
2007-05-10,75.9291249678905,2007,5
2007-05-11,76.08020045552117,2007,5
2007-05-12,75.68201928732472,2007,5
2007-05-13,75.79798378590147,2007,5
2007-05-14,75.72027367666006,2007,5
2007-05-15,75.5663906260355,2007,5
2007-05-16,75.75499032708525,2007,5
2007-05-17,75.66644356467633,2007,5
2007-05-18,75.93599068579357,2007,5
2007-05-19,75.95894045996684,2007,5
2007-05-20,75.80086322715853,2007,5
2007-05-21,75.82828590069728,2007,5
2007-05-22,75.83622254996925,2007,5
2007-05-23,75.76780291013773,2007,5
2007-05-24,75.90506582195516,2007,5
2007-05-25,75.92156289993413,2007,5
2007-05-26,75.75402107346622,2007,5
2007-05-27,75.53860293210232,2007,5
2007-05-28,75.48548776262245,2007,5
2007-05-29,75.25178005141663,2007,5
2007-05-30,75.61552968071418,2007,5
2007-05-31,76.05500726816106,2007,5
2007-06-01,76.2232018545402,2007,6
2007-06-02,76.33723295499091,2007,6
2007-06-03,76.02489156186921,2007,6
2007-06-04,75.68730387819902,2007,6
2007-06-05,75.56114732410573,2007,6
2007-06-06,75.97783527378238,2007,6
2007-06-07,75.78545370882739,2007,6
2007-06-08,75.8586010088206,2007,6
2007-06-09,75.85547260596368,2007,6
2007-06-10,75.66296029161427,2007,6
2007-06-11,75.62132523582031,2007,6
2007-06-12,75.71964691296934,2007,6
2007-06-13,75.32420099073009,2007,6
2007-06-14,74.92632958403209,2007,6
2007-06-15,74.62722634477517,2007,6
2007-06-16,74.42269409988774,2007,6
2007-06-17,74.70604399416953,2007,6
2007-06-18,74.60911847681122,2007,6
2007-06-19,74.59385395729238,2007,6
2007-06-20,74.59777063153028,2007,6
2007-06-21,74.64257554347549,2007,6
2007-06-22,74.62366708281436,2007,6
2007-06-23,74.50239434590776,2007,6
2007-06-24,74.18651229879603,2007,6
2007-06-25,74.27591297425512,2007,6
2007-06-26,74.37330316673629,2007,6
2007-06-27,74.33157712363491,2007,6
2007-06-28,73.97660135633086,2007,6
2007-06-29,73.92679854708351,2007,6
2007-06-30,73.84833302527477,2007,6
2007-07-01,74.08679241241344,2007,7
2007-07-02,74.12982800720563,2007,7
2007-07-03,74.01546590386182,2007,7
2007-07-04,73.83454094063738,2007,7
2007-07-05,73.88234206570992,2007,7
2007-07-06,73.95564925045863,2007,7
2007-07-07,73.9020142383623,2007,7
2007-07-08,73.81885651185355,2007,7
2007-07-09,73.60019877160632,2007,7
2007-07-10,73.83900067852949,2007,7
2007-07-11,74.10627700738002,2007,7
2007-07-12,74.23958455962435,2007,7
2007-07-13,74.21185315046488,2007,7
2007-07-14,74.03416751618114,2007,7
2007-07-15,74.0670352812372,2007,7
2007-07-16,73.88187808383684,2007,7
2007-07-17,74.0916584175134,2007,7
2007-07-18,74.27304114144795,2007,7
2007-07-19,74.39664983423386,2007,7
2007-07-20,74.2311254316562,2007,7
2007-07-21,74.03860004567836,2007,7
2007-07-22,73.88569132057056,2007,7
2007-07-23,73.8215362674038,2007,7
2007-07-24,73.88766901323733,2007,7
2007-07-25,73.85375785476394,2007,7
2007-07-26,73.7507802544511,2007,7
2007-07-27,73.6969537748339,2007,7
2007-07-28,73.57278495697427,2007,7
2007-07-29,73.76112401714681,2007,7
2007-07-30,73.88174786483452,2007,7
2007-07-31,73.96358019785526,2007,7
2007-08-01,73.81198825703913,2007,8
2007-08-02,73.65680784224095,2007,8
2007-08-03,73.62084448685403,2007,8
2007-08-04,73.66688336699606,2007,8
2007-08-05,73.7368434687136,2007,8
2007-08-06,73.55151466703796,2007,8
2007-08-07,73.59751750476961,2007,8
2007-08-08,73.7225667454793,2007,8
2007-08-09,73.97771079696173,2007,8
2007-08-10,74.15799171261405,2007,8
2007-08-11,73.96589258342614,2007,8
2007-08-12,73.50032602929588,2007,8
2007-08-13,73.24924295717341,2007,8
2007-08-14,73.3661429085696,2007,8
2007-08-15,73.69850036764319,2007,8
2007-08-16,73.79979856957746,2007,8
2007-08-17,73.92256688803168,2007,8
2007-08-18,73.71321771422339,2007,8
2007-08-19,73.81007026392605,2007,8
2007-08-20,73.65506841541651,2007,8
2007-08-21,73.72713488163075,2007,8
2007-08-22,73.88226981170594,2007,8
2007-08-23,73.9310387581869,2007,8
2007-08-24,73.9770317969035,2007,8
2007-08-25,74.02824576406425,2007,8
2007-08-26,73.97260267704377,2007,8
2007-08-27,73.89835714539878,2007,8
2007-08-28,73.8334073420807,2007,8
2007-08-29,73.7431602175354,2007,8
2007-08-30,73.90138944311549,2007,8
2007-08-31,73.81712756402648,2007,8
2007-09-01,73.78013043098159,2007,9
2007-09-02,73.8361808281689,2007,9
2007-09-03,73.79951471881117,2007,9
2007-09-04,73.80720995815622,2007,9
2007-09-05,73.60054991952126,2007,9
2007-09-06,73.23887900466516,2007,9
2007-09-07,73.29166372784816,2007,9
2007-09-08,73.58449631093546,2007,9
2007-09-09,73.7387770720607,2007,9
2007-09-10,73.89349228573516,2007,9
2007-09-11,74.022664524884,2007,9
2007-09-12,74.16809611289524,2007,9
2007-09-13,74.14631778809428,2007,9
2007-09-14,74.21976042457057,2007,9
2007-09-15,73.78559219032869,2007,9
2007-09-16,73.95008340217329,2007,9
2007-09-17,74.06848672786107,2007,9
2007-09-18,74.17032278426892,2007,9
2007-09-19,74.14267227128887,2007,9
2007-09-20,74.19481095842,2007,9
2007-09-21,74.08796463837966,2007,9
2007-09-22,73.98064848133997,2007,9
2007-09-23,73.59949075138238,2007,9
2007-09-24,73.31405515568927,2007,9
2007-09-25,73.23210639577387,2007,9
2007-09-26,73.42055220622046,2007,9
2007-09-27,73.65857514044404,2007,9
2007-09-28,73.7290138965311,2007,9
2007-09-29,73.87773509441904,2007,9
2007-09-30,73.84461616636356,2007,9
2007-10-01,74.0436209643153,2007,10
2007-10-02,74.20929898848856,2007,10
2007-10-03,74.28352906863343,2007,10
2007-10-04,74.25190398740834,2007,10
2007-10-05,74.1971420064455,2007,10
2007-10-06,74.23289916218248,2007,10
2007-10-07,74.14287687728287,2007,10
2007-10-08,74.00669356235595,2007,10
2007-10-09,73.89221812704575,2007,10
2007-10-10,73.9671730569423,2007,10
2007-10-11,74.0811897275298,2007,10
2007-10-12,74.16305022969935,2007,10
2007-10-13,74.20847745344057,2007,10
2007-10-14,74.14991704385342,2007,10
2007-10-15,74.008151078075,2007,10
2007-10-16,73.70496216548177,2007,10
2007-10-17,73.75239784636145,2007,10
2007-10-18,73.68517396577569,2007,10
2007-10-19,73.8598290192445,2007,10
2007-10-20,73.78760720304044,2007,10
2007-10-21,73.82572448604344,2007,10
2007-10-22,73.71408066603502,2007,10
2007-10-23,73.72843944518084,2007,10
2007-10-24,73.62132320655877,2007,10
2007-10-25,73.65426128954836,2007,10
2007-10-26,73.68859595446008,2007,10
2007-10-27,73.74060976939973,2007,10
2007-10-28,73.66875658984395,2007,10
2007-10-29,73.52210896699663,2007,10
2007-10-30,73.44572122611434,2007,10
2007-10-31,73.46086472549929,2007,10
2007-11-01,73.56001684027694,2007,11
2007-11-02,73.56401188905399,2007,11
2007-11-03,73.60601072531419,2007,11
2007-11-04,73.57013502909426,2007,11
2007-11-05,73.56121878702137,2007,11
2007-11-06,73.68435953898324,2007,11
2007-11-07,73.64859632926523,2007,11
2007-11-08,73.53454996406296,2007,11
2007-11-09,73.46827700782279,2007,11
2007-11-10,73.4256300923169,2007,11
2007-11-11,73.41544650452586,2007,11
2007-11-12,73.37329949672524,2007,11
2007-11-13,73.2848841401694,2007,11
2007-11-14,73.06611808687711,2007,11
2007-11-15,72.80175438861431,2007,11
2007-11-16,72.84814266908887,2007,11
2007-11-17,72.74644878086318,2007,11
2007-11-18,72.83739406772833,2007,11
2007-11-19,72.73011231470535,2007,11
2007-11-20,72.6366276764269,2007,11
2007-11-21,72.65780718381886,2007,11
2007-11-22,72.78806178609621,2007,11
2007-11-23,72.8023842825203,2007,11
2007-11-24,72.77337730483549,2007,11
2007-11-25,72.76067351016255,2007,11
2007-11-26,72.75548871729029,2007,11
2007-11-27,72.71154401922735,2007,11
2007-11-28,72.59222100253656,2007,11
2007-11-29,72.46115471776525,2007,11
2007-11-30,72.29697224289436,2007,11
2007-12-01,71.93212960885043,2007,12
2007-12-02,71.88969031316557,2007,12
2007-12-03,71.83138776571587,2007,12
2007-12-04,71.68127027984771,2007,12
2007-12-05,71.69339936802392,2007,12
2007-12-06,71.6494518463544,2007,12
2007-12-07,71.53931643357673,2007,12
2007-12-08,71.6543004762048,2007,12
2007-12-09,71.6739362828964,2007,12
2007-12-10,71.5960044797291,2007,12
2007-12-11,71.34808786390464,2007,12
2007-12-12,71.17230431110492,2007,12
2007-12-13,71.15285527063186,2007,12
2007-12-14,70.95726058741754,2007,12
2007-12-15,70.86583333225401,2007,12
2007-12-16,71.17616165847876,2007,12
2007-12-17,71.29255513645299,2007,12
2007-12-18,71.32575689481484,2007,12
2007-12-19,71.19130545748213,2007,12
2007-12-20,71.45890742257916,2007,12
2007-12-21,71.86232677193756,2007,12
2007-12-22,72.06578809994487,2007,12
2007-12-23,72.02727914476107,2007,12
2007-12-24,72.1753484230519,2007,12
2007-12-25,72.14436668495938,2007,12
2007-12-26,72.01997911500774,2007,12
2007-12-27,71.95069477653306,2007,12
2007-12-28,71.8365813442777,2007,12
2007-12-29,71.70534808091455,2007,12
2007-12-30,71.58583322081444,2007,12
2007-12-31,71.40619849286655,2007,12
2008-01-01,71.45365524849097,2008,1
2008-01-02,71.32139557999261,2008,1
2008-01-03,71.35104053509967,2008,1
2008-01-04,71.47573038013336,2008,1
2008-01-05,71.55493397992619,2008,1
2008-01-06,71.56098366934266,2008,1
2008-01-07,71.86445003149677,2008,1
2008-01-08,71.87804684491587,2008,1
2008-01-09,71.86538194012796,2008,1
2008-01-10,71.77715790836915,2008,1
2008-01-11,71.42979820364062,2008,1
2008-01-12,71.06571626867958,2008,1
2008-01-13,71.2600450075855,2008,1
2008-01-14,71.39760263301521,2008,1
2008-01-15,71.60254540400756,2008,1
2008-01-16,71.95756048015056,2008,1
2008-01-17,71.92662253869885,2008,1
2008-01-18,71.67839558128367,2008,1
2008-01-19,71.19783690091121,2008,1
2008-01-20,70.98951051276553,2008,1
2008-01-21,70.80834600873708,2008,1
2008-01-22,70.67006133196757,2008,1
2008-01-23,70.27412096381988,2008,1
2008-01-24,70.13849698200981,2008,1
2008-01-25,70.14826727565409,2008,1
2008-01-26,70.08089805963535,2008,1
2008-01-27,70.16840588397062,2008,1
2008-01-28,70.42365868149699,2008,1
2008-01-29,70.62685678896824,2008,1
2008-01-30,70.50166946716013,2008,1
2008-01-31,70.50135496116458,2008,1
2008-02-01,70.63801279166354,2008,2
2008-02-02,70.75972692810241,2008,2
2008-02-03,70.71351808369712,2008,2
2008-02-04,70.68555044705377,2008,2
2008-02-05,70.6263753770284,2008,2
2008-02-06,70.57050547657549,2008,2
2008-02-07,70.56142438684026,2008,2
2008-02-08,70.2039408155754,2008,2
2008-02-09,70.23116862946884,2008,2
2008-02-10,70.6340118665335,2008,2
2008-02-11,71.0010731172041,2008,2
2008-02-12,70.95796212158483,2008,2
2008-02-13,71.1713734535566,2008,2
2008-02-14,71.71186398768566,2008,2
2008-02-15,72.09086055573296,2008,2
2008-02-16,72.45828763605033,2008,2
2008-02-17,72.62268063028867,2008,2
2008-02-18,72.5862437056666,2008,2
2008-02-19,72.58217831082833,2008,2
2008-02-20,72.54869446660446,2008,2
2008-02-21,72.78689123783508,2008,2
2008-02-22,72.91155441490726,2008,2
2008-02-23,72.89970522866845,2008,2
2008-02-24,72.73036422898839,2008,2
2008-02-25,72.52116898945617,2008,2
2008-02-26,72.62152066391707,2008,2
2008-02-27,72.97184449358937,2008,2
2008-02-28,73.40522977732965,2008,2
2008-02-29,73.66189916285727,2008,2
2008-03-01,73.85616335414495,2008,3
2008-03-02,73.85445180067177,2008,3
2008-03-03,73.89136496124942,2008,3
2008-03-04,73.75207994405082,2008,3
2008-03-05,73.70522627907063,2008,3
2008-03-06,73.93579428026872,2008,3
2008-03-07,74.04290745234545,2008,3
2008-03-08,73.97111060836505,2008,3
2008-03-09,74.05591679610015,2008,3
2008-03-10,73.95044447960908,2008,3
2008-03-11,73.69842350122302,2008,3
2008-03-12,73.62548129290973,2008,3
2008-03-13,73.48747524516014,2008,3
2008-03-14,73.74340366436142,2008,3
2008-03-15,74.11098949728672,2008,3
2008-03-16,74.3479834140094,2008,3
2008-03-17,74.65199129554344,2008,3
2008-03-18,74.67580162266391,2008,3
2008-03-19,74.39034295757331,2008,3
2008-03-20,74.298489334038,2008,3
2008-03-21,74.22029662357224,2008,3
2008-03-22,74.19373797208142,2008,3
2008-03-23,73.74611445230674,2008,3
2008-03-24,73.8419149294314,2008,3
2008-03-25,74.130627575006,2008,3
2008-03-26,74.38146634431197,2008,3
2008-03-27,74.60379449395239,2008,3
2008-03-28,74.65172501372828,2008,3
2008-03-29,74.79463493390405,2008,3
2008-03-30,74.70852987544667,2008,3
2008-03-31,74.12216653447574,2008,3
2008-04-01,73.94600609710837,2008,4
2008-04-02,74.19253332367633,2008,4
2008-04-03,73.6988186148004,2008,4
2008-04-04,73.42259765558204,2008,4
2008-04-05,73.35667018826807,2008,4
2008-04-06,73.66568425312668,2008,4
2008-04-07,74.179007015446,2008,4
2008-04-08,74.55051397125688,2008,4
2008-04-09,74.8691417583946,2008,4
2008-04-10,75.27547294285486,2008,4
2008-04-11,75.3966462890927,2008,4
2008-04-12,75.54657399390342,2008,4
2008-04-13,75.37714063326725,2008,4
2008-04-14,75.42865867773891,2008,4
2008-04-15,75.37632530163694,2008,4
2008-04-16,75.23784804931529,2008,4
2008-04-17,75.12902214346974,2008,4
2008-04-18,75.44036297035437,2008,4
2008-04-19,75.65303587729491,2008,4
2008-04-20,75.93186105672099,2008,4
2008-04-21,76.1805456455101,2008,4
2008-04-22,76.35917587246108,2008,4
2008-04-23,76.30222328691875,2008,4
2008-04-24,76.28461470942419,2008,4
2008-04-25,76.51275617590471,2008,4
2008-04-26,76.21833213230983,2008,4
2008-04-27,76.15878736013242,2008,4
2008-04-28,76.15465475615231,2008,4
2008-04-29,76.24092473363204,2008,4
2008-04-30,76.40078993908034,2008,4
2008-05-01,76.25202509890903,2008,5
2008-05-02,76.04560516082935,2008,5
2008-05-03,76.27029932894926,2008,5
2008-05-04,76.29398195228643,2008,5
2008-05-05,75.9082624881519,2008,5
2008-05-06,75.57516237005507,2008,5
2008-05-07,75.57391445539432,2008,5
2008-05-08,75.7573120920203,2008,5
2008-05-09,75.6761800771766,2008,5
2008-05-10,75.49300545641871,2008,5
2008-05-11,75.6299477445467,2008,5
2008-05-12,75.83294414830468,2008,5
2008-05-13,75.72730876436127,2008,5
2008-05-14,75.81881466426206,2008,5
2008-05-15,75.88334460401906,2008,5
2008-05-16,76.0369779361159,2008,5
2008-05-17,76.08378684567181,2008,5
2008-05-18,75.96679817942125,2008,5
2008-05-19,75.4770324256592,2008,5
2008-05-20,75.25605381072982,2008,5
2008-05-21,75.11527037353692,2008,5
2008-05-22,75.01715507267123,2008,5
2008-05-23,75.22476586544418,2008,5
2008-05-24,75.04611834636562,2008,5
2008-05-25,75.46415439021153,2008,5
2008-05-26,75.44294116997038,2008,5
2008-05-27,75.76922225266246,2008,5
2008-05-28,75.7768395768003,2008,5
2008-05-29,75.901000060155,2008,5
2008-05-30,75.89778952310577,2008,5
2008-05-31,75.76749156607026,2008,5
2008-06-01,75.55325610578002,2008,6
2008-06-02,75.29229983585878,2008,6
2008-06-03,75.1744193834128,2008,6
2008-06-04,75.29234946854895,2008,6
2008-06-05,75.22970733097259,2008,6
2008-06-06,74.96164007834165,2008,6
2008-06-07,74.83411687100589,2008,6
2008-06-08,74.81852976493094,2008,6
2008-06-09,74.62462828007271,2008,6
2008-06-10,74.36101870424037,2008,6
2008-06-11,74.32692132509156,2008,6
2008-06-12,74.32149300532659,2008,6
2008-06-13,74.07732885900599,2008,6
2008-06-14,73.95549619495686,2008,6
2008-06-15,73.9599550692725,2008,6
2008-06-16,74.10432698596472,2008,6
2008-06-17,73.76563398039362,2008,6
2008-06-18,73.8384834105147,2008,6
2008-06-19,73.78215024115678,2008,6
2008-06-20,73.97393932714995,2008,6
2008-06-21,74.15731377753882,2008,6
2008-06-22,74.25655093063915,2008,6
2008-06-23,74.52982608312783,2008,6
2008-06-24,74.52221214882934,2008,6
2008-06-25,74.51090963669839,2008,6
2008-06-26,74.5810136345418,2008,6
2008-06-27,74.23087259837015,2008,6
2008-06-28,73.9279629328318,2008,6
2008-06-29,73.99327747638114,2008,6
2008-06-30,73.89382581046048,2008,6
2008-07-01,73.99868961271245,2008,7
2008-07-02,74.22414464010664,2008,7
2008-07-03,74.2404450879196,2008,7
2008-07-04,74.1571884829706,2008,7
2008-07-05,73.99796402800379,2008,7
2008-07-06,73.89585775944342,2008,7
2008-07-07,73.8881766915076,2008,7
2008-07-08,73.94997522870871,2008,7
2008-07-09,73.85465665675407,2008,7
2008-07-10,73.79332069376922,2008,7
2008-07-11,73.78607607174902,2008,7
2008-07-12,73.78780857277442,2008,7
2008-07-13,73.85618838954419,2008,7
2008-07-14,74.04720085182058,2008,7
2008-07-15,74.03202212605011,2008,7
2008-07-16,74.12170993944787,2008,7
2008-07-17,74.26875175222034,2008,7
2008-07-18,74.37785171142374,2008,7
2008-07-19,74.16346859191239,2008,7
2008-07-20,73.97306297629353,2008,7
2008-07-21,73.97527445860746,2008,7
2008-07-22,74.03331798230019,2008,7
2008-07-23,74.22720590611775,2008,7
2008-07-24,74.00634600452877,2008,7
2008-07-25,74.01820338251255,2008,7
2008-07-26,73.79709295727757,2008,7
2008-07-27,73.60846826105512,2008,7
2008-07-28,73.69764364614359,2008,7
2008-07-29,73.76816958172029,2008,7
2008-07-30,73.90802150670086,2008,7
2008-07-31,73.84371655535453,2008,7
2008-08-01,73.91406599873358,2008,8
2008-08-02,73.84735393879065,2008,8
2008-08-03,73.63977444471605,2008,8
2008-08-04,73.5432237235632,2008,8
2008-08-05,73.43839211355221,2008,8
2008-08-06,73.66872397341253,2008,8
2008-08-07,73.52458783389551,2008,8
2008-08-08,73.45469583752508,2008,8
2008-08-09,73.65808510033946,2008,8
2008-08-10,73.37176532913074,2008,8
2008-08-11,73.48802036266663,2008,8
2008-08-12,73.37149344281286,2008,8
2008-08-13,73.4613601165483,2008,8
2008-08-14,73.21475518254098,2008,8
2008-08-15,73.22049412393746,2008,8
2008-08-16,73.43625881765476,2008,8
2008-08-17,73.91848014060217,2008,8
2008-08-18,74.01833596671608,2008,8
2008-08-19,73.6732469722655,2008,8
2008-08-20,73.60439642097809,2008,8
2008-08-21,73.70895303795433,2008,8
2008-08-22,73.88658427873334,2008,8
2008-08-23,74.14657378522442,2008,8
2008-08-24,74.62992916522612,2008,8
2008-08-25,74.53809803850977,2008,8
2008-08-26,74.00241369090404,2008,8
2008-08-27,74.09505621148642,2008,8
2008-08-28,74.05373852719568,2008,8
2008-08-29,74.09884009968668,2008,8
2008-08-30,74.0565835673111,2008,8
2008-08-31,74.05901965328563,2008,8
2008-09-01,74.20874729151879,2008,9
2008-09-02,74.41438716904574,2008,9
2008-09-03,74.46531017149957,2008,9
2008-09-04,74.50871112712554,2008,9
2008-09-05,74.3957124170048,2008,9
2008-09-06,73.90639970432727,2008,9
2008-09-07,73.85502185001434,2008,9
2008-09-08,73.91773686856845,2008,9
2008-09-09,73.91247940288605,2008,9
2008-09-10,74.10143487734226,2008,9
2008-09-11,74.10931954180106,2008,9
2008-09-12,74.15332098755532,2008,9
2008-09-13,74.19389930352658,2008,9
2008-09-14,74.18863086663447,2008,9
2008-09-15,74.11814850985604,2008,9
2008-09-16,73.9024065162708,2008,9
2008-09-17,73.53810794241798,2008,9
2008-09-18,73.50827148461582,2008,9
2008-09-19,73.3735652518003,2008,9
2008-09-20,73.60742813863375,2008,9
2008-09-21,73.72654254415646,2008,9
2008-09-22,73.75839722194924,2008,9
2008-09-23,73.81001335094271,2008,9
2008-09-24,74.05197506822056,2008,9
2008-09-25,74.08928318111197,2008,9
2008-09-26,74.31955951387677,2008,9
2008-09-27,74.37845435484863,2008,9
2008-09-28,74.24657547828761,2008,9
2008-09-29,74.16947733863462,2008,9
2008-09-30,74.33111261804031,2008,9
2008-10-01,74.83248543742994,2008,10
2008-10-02,74.73724648649976,2008,10
2008-10-03,74.81385860391413,2008,10
2008-10-04,75.00985290316581,2008,10
2008-10-05,75.32007224392797,2008,10
2008-10-06,74.78531014492069,2008,10
2008-10-07,74.52107568894242,2008,10
2008-10-08,74.52009416297352,2008,10
2008-10-09,74.66390743658458,2008,10
2008-10-10,74.83762349805878,2008,10
2008-10-11,74.98089535672901,2008,10
2008-10-12,74.9859203694923,2008,10
2008-10-13,74.94230013710734,2008,10
2008-10-14,74.90341172264039,2008,10
2008-10-15,74.73967397666492,2008,10
2008-10-16,74.19176808846039,2008,10
2008-10-17,74.11168598115009,2008,10
2008-10-18,74.25849852297699,2008,10
2008-10-19,74.24394103416762,2008,10
2008-10-20,74.20351172145864,2008,10
2008-10-21,74.07904385055697,2008,10
2008-10-22,74.02193156079072,2008,10
2008-10-23,73.97763832545812,2008,10
2008-10-24,74.213527385539,2008,10
2008-10-25,73.64719606541111,2008,10
2008-10-26,73.36690032969965,2008,10
2008-10-27,73.8781286244321,2008,10
2008-10-28,73.69514618629769,2008,10
2008-10-29,73.76534944287076,2008,10
2008-10-30,73.82825899513135,2008,10
2008-10-31,73.89637998988722,2008,10
2008-11-01,74.12599566275524,2008,11
2008-11-02,74.27219171100721,2008,11
2008-11-03,74.2029614351107,2008,11
2008-11-04,74.02914106246834,2008,11
2008-11-05,73.96354514873455,2008,11
2008-11-06,73.81678251826222,2008,11
2008-11-07,73.91874425898014,2008,11
2008-11-08,73.8795967788976,2008,11
2008-11-09,73.90487600584964,2008,11
2008-11-10,73.80011421864451,2008,11
2008-11-11,73.64863919333865,2008,11
2008-11-12,73.4735732402735,2008,11
2008-11-13,73.17926385392951,2008,11
2008-11-14,73.3457549634662,2008,11
2008-11-15,73.18364648863574,2008,11
2008-11-16,73.12199780861886,2008,11
2008-11-17,73.34320589580162,2008,11
2008-11-18,73.65035115111937,2008,11
2008-11-19,72.94848096545222,2008,11
2008-11-20,73.19731536659765,2008,11
2008-11-21,73.09971181463757,2008,11
2008-11-22,72.79882129760304,2008,11
2008-11-23,72.98994507529135,2008,11
2008-11-24,73.07449982402684,2008,11
2008-11-25,73.16546360152297,2008,11
2008-11-26,72.78174469281244,2008,11
2008-11-27,72.6751246596727,2008,11
2008-11-28,72.53698725407662,2008,11
2008-11-29,72.58389826920326,2008,11
2008-11-30,72.56163332493286,2008,11
2008-12-01,72.50721902643737,2008,12
2008-12-02,72.74671191563834,2008,12
2008-12-03,72.84162501048736,2008,12
2008-12-04,73.01359123140624,2008,12
2008-12-05,73.00651897408484,2008,12
2008-12-06,72.75404645444414,2008,12
2008-12-07,72.62210525871207,2008,12
2008-12-08,72.720365356866,2008,12
2008-12-09,72.66406349669803,2008,12
2008-12-10,72.52881025089155,2008,12
2008-12-11,72.41577705326713,2008,12
2008-12-12,72.37160980282478,2008,12
2008-12-13,72.33957481377213,2008,12
2008-12-14,72.30761959315572,2008,12
2008-12-15,72.27657694710057,2008,12
2008-12-16,72.1428029714557,2008,12
2008-12-17,72.3435863343716,2008,12
2008-12-18,72.61674191733978,2008,12
2008-12-19,71.88500861773633,2008,12
2008-12-20,71.59284040227632,2008,12
2008-12-21,71.66606058626789,2008,12
2008-12-22,71.7767843469809,2008,12
2008-12-23,71.78813300055512,2008,12
2008-12-24,71.927432680928,2008,12
2008-12-25,72.10304666172384,2008,12
2008-12-26,72.15466388536069,2008,12
2008-12-27,72.1489837215001,2008,12
2008-12-28,71.97352639964932,2008,12
2008-12-29,71.80985018697694,2008,12
2008-12-30,72.10439491264991,2008,12
2008-12-31,71.63314751071066,2008,12
2009-01-01,71.55163682776725,2009,1
2009-01-02,71.49979000347798,2009,1
2009-01-03,71.36415556399324,2009,1
2009-01-04,71.33528630570713,2009,1
2009-01-05,71.37404949882556,2009,1
2009-01-06,71.2718840041464,2009,1
2009-01-07,71.14599293692852,2009,1
2009-01-08,71.13374915147172,2009,1
2009-01-09,71.28231391401664,2009,1
2009-01-10,71.48806463843907,2009,1
2009-01-11,71.55173372994065,2009,1
2009-01-12,71.7977470830402,2009,1
2009-01-13,72.05422011013096,2009,1
2009-01-14,72.14302550474756,2009,1
2009-01-15,72.10461525340716,2009,1
2009-01-16,72.01775894542486,2009,1
2009-01-17,72.13825854980472,2009,1
2009-01-18,72.0444549089274,2009,1
2009-01-19,72.05831194879966,2009,1
2009-01-20,72.15011407679309,2009,1
2009-01-21,72.34649205944227,2009,1
2009-01-22,72.27197833304517,2009,1
2009-01-23,72.47362299987913,2009,1
2009-01-24,72.61110034831304,2009,1
2009-01-25,72.57187592417857,2009,1
2009-01-26,72.4496006247716,2009,1
2009-01-27,72.48927962724532,2009,1
2009-01-28,72.51168109435613,2009,1
2009-01-29,72.58413454694383,2009,1
2009-01-30,72.68397618630158,2009,1
2009-01-31,72.88465170154805,2009,1
2009-02-01,72.58383085743303,2009,2
2009-02-02,72.7481069534269,2009,2
2009-02-03,72.81707069609094,2009,2
2009-02-04,72.96969056883914,2009,2
2009-02-05,72.85984371297826,2009,2
2009-02-06,72.89896358078116,2009,2
2009-02-07,72.84111185937773,2009,2
2009-02-08,72.85125292482559,2009,2
2009-02-09,72.90578586553768,2009,2
2009-02-10,73.01177590473803,2009,2
2009-02-11,72.74183271453559,2009,2
2009-02-12,72.44434694970703,2009,2
2009-02-13,72.80942841035414,2009,2
2009-02-14,72.98192908116513,2009,2
2009-02-15,72.92179296947772,2009,2
2009-02-16,72.99077684222611,2009,2
2009-02-17,73.14820257775703,2009,2
2009-02-18,73.34252961781444,2009,2
2009-02-19,73.50590853389237,2009,2
2009-02-20,73.68213391553572,2009,2
2009-02-21,73.84370121117483,2009,2
2009-02-22,73.82309807813212,2009,2
2009-02-23,73.92565093935826,2009,2
2009-02-24,73.99257989408532,2009,2
2009-02-25,74.00901751007666,2009,2
2009-02-26,74.1006769235498,2009,2
2009-02-27,74.49916772744764,2009,2
2009-02-28,74.34836322082917,2009,2
2009-03-01,74.19538520636108,2009,3
2009-03-02,74.4968422552831,2009,3
2009-03-03,74.61040361172877,2009,3
2009-03-04,74.59262501429468,2009,3
2009-03-05,74.48020852372149,2009,3
2009-03-06,74.44714988006967,2009,3
2009-03-07,74.70676844192523,2009,3
2009-03-08,74.26805575434875,2009,3
2009-03-09,74.1302796360609,2009,3
2009-03-10,74.21405242540003,2009,3
2009-03-11,74.28337612290663,2009,3
2009-03-12,74.46812032699437,2009,3
2009-03-13,74.66174869773802,2009,3
2009-03-14,74.52188185920743,2009,3
2009-03-15,74.97856821136592,2009,3
2009-03-16,75.13047100592911,2009,3
2009-03-17,75.02647428625808,2009,3
2009-03-18,74.78293492622208,2009,3
2009-03-19,74.89114247568843,2009,3
2009-03-20,74.71892318218168,2009,3
2009-03-21,74.34282691255905,2009,3
2009-03-22,74.50947608520914,2009,3
2009-03-23,74.781783107883,2009,3
2009-03-24,74.75986227231391,2009,3
2009-03-25,74.37479771214667,2009,3
2009-03-26,74.48884175386924,2009,3
2009-03-27,74.16808618394293,2009,3
2009-03-28,74.5367083435709,2009,3
2009-03-29,74.74716001744896,2009,3
2009-03-30,74.67212828286789,2009,3
2009-03-31,75.11329315762822,2009,3
2009-04-01,75.12869375439844,2009,4
2009-04-02,75.38833677753148,2009,4
2009-04-03,75.3534173484625,2009,4
2009-04-04,75.36318098030058,2009,4
2009-04-05,75.21692964490711,2009,4
2009-04-06,75.03526802759272,2009,4
2009-04-07,75.08166247309028,2009,4
2009-04-08,74.20043267295598,2009,4
2009-04-09,74.31805665178831,2009,4
2009-04-10,74.76889325125894,2009,4
2009-04-11,75.23901232059004,2009,4
2009-04-12,75.6786665819736,2009,4
2009-04-13,75.9330567234158,2009,4
2009-04-14,76.01207722866631,2009,4
2009-04-15,76.00264151285263,2009,4
2009-04-16,75.80488817598709,2009,4
2009-04-17,75.7476602352853,2009,4
2009-04-18,76.19815362704068,2009,4
2009-04-19,76.44496593002148,2009,4
2009-04-20,76.38321039675701,2009,4
2009-04-21,76.00106764633894,2009,4
2009-04-22,75.81683157030044,2009,4
2009-04-23,75.913466852535,2009,4
2009-04-24,76.11017918086215,2009,4
2009-04-25,76.12706778421924,2009,4
2009-04-26,76.31958751009655,2009,4
2009-04-27,77.07025971136035,2009,4
2009-04-28,76.908445547016,2009,4
2009-04-29,76.92304421098169,2009,4
2009-04-30,76.74568680256989,2009,4
2009-05-01,76.67459742052272,2009,5
2009-05-02,76.56413465877387,2009,5
2009-05-03,76.54260884305603,2009,5
2009-05-04,76.03272043079279,2009,5
2009-05-05,76.33025509131109,2009,5
2009-05-06,76.3244255056037,2009,5
2009-05-07,76.18526082219687,2009,5
2009-05-08,76.43325953737414,2009,5
2009-05-09,76.60371221409852,2009,5
2009-05-10,76.57557541084239,2009,5
2009-05-11,76.3802643820282,2009,5
2009-05-12,76.35667504224766,2009,5
2009-05-13,76.37812779967219,2009,5
2009-05-14,76.64510616968938,2009,5
2009-05-15,76.21344255469924,2009,5
2009-05-16,76.64553257896279,2009,5
2009-05-17,76.83246879204295,2009,5
2009-05-18,76.49047061466744,2009,5
2009-05-19,76.77281894753894,2009,5
2009-05-20,76.3715243379684,2009,5
2009-05-21,76.62183846495348,2009,5
2009-05-22,76.55828276000344,2009,5
2009-05-23,77.04863216543181,2009,5
2009-05-24,76.21978767974234,2009,5
2009-05-25,75.57492840116373,2009,5
2009-05-26,76.07889766081294,2009,5
2009-05-27,76.58361978873704,2009,5
2009-05-28,76.67746864760097,2009,5
2009-05-29,76.2381410914148,2009,5
2009-05-30,75.75460590566475,2009,5
2009-05-31,75.82448566704961,2009,5
2009-06-01,75.83124287111482,2009,6
2009-06-02,76.26592911904434,2009,6
2009-06-03,76.51298733644408,2009,6
2009-06-04,76.81590504872138,2009,6
2009-06-05,76.40465721299736,2009,6
2009-06-06,75.93678178664186,2009,6
2009-06-07,76.02309193327645,2009,6
2009-06-08,76.48216732685641,2009,6
2009-06-09,76.75476237765001,2009,6
2009-06-10,76.75871391035541,2009,6
2009-06-11,76.37799219228393,2009,6
2009-06-12,76.33415397193767,2009,6
2009-06-13,76.31690361071287,2009,6
2009-06-14,76.24826064185147,2009,6
2009-06-15,76.22199977192594,2009,6
2009-06-16,76.82248750279113,2009,6
2009-06-17,76.50453766574117,2009,6
2009-06-18,76.54986327415419,2009,6
2009-06-19,76.57407872621725,2009,6
2009-06-20,76.62638891990328,2009,6
2009-06-21,76.60050169995935,2009,6
2009-06-22,76.7935729793241,2009,6
2009-06-23,76.7225722520541,2009,6
2009-06-24,76.57728834953276,2009,6
2009-06-25,76.08705209715312,2009,6
2009-06-26,75.97784756811667,2009,6
2009-06-27,77.0452207382074,2009,6
2009-06-28,75.50032697395079,2009,6
2009-06-29,75.45362875831285,2009,6
2009-06-30,75.20432630102856,2009,6
2009-07-01,74.97163731159712,2009,7
2009-07-02,74.87091205650155,2009,7
2009-07-03,75.3074500073707,2009,7
2009-07-04,75.02013320354384,2009,7
2009-07-05,75.80708861896983,2009,7
2009-07-06,75.8611515043414,2009,7
2009-07-07,75.74306454455422,2009,7
2009-07-08,75.07528633019595,2009,7
2009-07-09,74.49966770313654,2009,7
2009-07-10,74.55276474030423,2009,7
2009-07-11,74.67416895021923,2009,7
2009-07-12,75.0022766654169,2009,7
2009-07-13,75.25787373426775,2009,7
2009-07-14,74.68973117071789,2009,7
2009-07-15,74.55743096444971,2009,7
2009-07-16,75.01522662477117,2009,7
2009-07-17,74.82007035639549,2009,7
2009-07-18,74.6816869430664,2009,7
2009-07-19,74.73133064513537,2009,7
2009-07-20,74.63457080156645,2009,7
2009-07-21,74.66747432808634,2009,7
2009-07-22,74.41502422974692,2009,7
2009-07-23,74.4834976887678,2009,7
2009-07-24,75.0595276177772,2009,7
2009-07-25,74.75805336001976,2009,7
2009-07-26,74.63958643524097,2009,7
2009-07-27,74.36986564438627,2009,7
2009-07-28,74.28345713868981,2009,7
2009-07-29,74.50284229106495,2009,7
2009-07-30,74.6357845103841,2009,7
2009-07-31,74.74810966199452,2009,7
2009-08-01,74.48634528700305,2009,8
2009-08-02,74.67839874812222,2009,8
2009-08-03,74.82012000978835,2009,8
2009-08-04,74.65963396644526,2009,8
2009-08-05,74.52276817892071,2009,8
2009-08-06,74.57576224487575,2009,8
2009-08-07,74.74347962404994,2009,8
2009-08-08,74.71700468064563,2009,8
2009-08-09,74.71472403515891,2009,8
2009-08-10,74.74512341649334,2009,8
2009-08-11,74.69045729654498,2009,8
2009-08-12,74.57853906439547,2009,8
2009-08-13,74.8645027016823,2009,8
2009-08-14,74.12046245981195,2009,8
2009-08-15,73.62083586436094,2009,8
2009-08-16,73.74718044757753,2009,8
2009-08-17,73.94478347428831,2009,8
2009-08-18,74.55702698717587,2009,8
2009-08-19,74.56621754988186,2009,8
2009-08-20,74.03971217700831,2009,8
2009-08-21,74.12800851317179,2009,8
2009-08-22,74.31277787194989,2009,8
2009-08-23,74.41111790016856,2009,8
2009-08-24,74.21491720990815,2009,8
2009-08-25,74.1128174028855,2009,8
2009-08-26,74.1798563196236,2009,8
2009-08-27,74.03809047016449,2009,8
2009-08-28,74.04369225800761,2009,8
2009-08-29,74.50925457213705,2009,8
2009-08-30,74.02561217866993,2009,8
2009-08-31,73.93979182814464,2009,8
2009-09-01,74.46499244128644,2009,9
2009-09-02,74.42985813727398,2009,9
2009-09-03,74.24470011631746,2009,9
2009-09-04,74.21077974076623,2009,9
2009-09-05,74.1041828497107,2009,9
2009-09-06,74.37198148698076,2009,9
2009-09-07,74.61648398803895,2009,9
2009-09-08,74.43639935004444,2009,9
2009-09-09,74.28954588649054,2009,9
2009-09-10,74.1318528477362,2009,9
2009-09-11,74.2925484827591,2009,9
2009-09-12,74.707468530597,2009,9
2009-09-13,74.99279476354165,2009,9
2009-09-14,74.92687078385264,2009,9
2009-09-15,75.07888200535345,2009,9
2009-09-16,74.52430431967048,2009,9
2009-09-17,74.61226069149771,2009,9
2009-09-18,74.67000596077085,2009,9
2009-09-19,75.20072066458624,2009,9
2009-09-20,74.7981993979853,2009,9
2009-09-21,74.9017342393256,2009,9
2009-09-22,74.88207368434063,2009,9
2009-09-23,74.86490753749695,2009,9
2009-09-24,74.87271555358015,2009,9
2009-09-25,74.88317024056013,2009,9
2009-09-26,74.84354158253672,2009,9
2009-09-27,74.76347914812281,2009,9
2009-09-28,74.79867068622335,2009,9
2009-09-29,74.7415275915986,2009,9
2009-09-30,74.98206295628044,2009,9
2009-10-01,74.6529849028711,2009,10
2009-10-02,74.39774511985829,2009,10
2009-10-03,74.59978583094949,2009,10
2009-10-04,74.19276014138255,2009,10
2009-10-05,74.33903228789839,2009,10
2009-10-06,74.06187530487792,2009,10
2009-10-07,74.17394592591319,2009,10
2009-10-08,74.00771048351443,2009,10
2009-10-09,74.48357386665695,2009,10
2009-10-10,74.52783794418917,2009,10
2009-10-11,74.49552221753561,2009,10
2009-10-12,74.57265143907017,2009,10
2009-10-13,74.59318541372998,2009,10
2009-10-14,74.61391737957888,2009,10
2009-10-15,74.59921022730725,2009,10
2009-10-16,74.57131796887548,2009,10
2009-10-17,74.56020957801478,2009,10
2009-10-18,74.50845266525744,2009,10
2009-10-19,74.47096534204013,2009,10
2009-10-20,74.5244324436054,2009,10
2009-10-21,74.50889915770108,2009,10
2009-10-22,74.50063691466832,2009,10
2009-10-23,74.40736441371853,2009,10
2009-10-24,74.03838985569939,2009,10
2009-10-25,74.22490750819965,2009,10
2009-10-26,74.04754202044987,2009,10
2009-10-27,74.05648764965908,2009,10
2009-10-28,74.05462293344458,2009,10
2009-10-29,73.94368842718742,2009,10
2009-10-30,74.03764287550152,2009,10
2009-10-31,74.11156730029012,2009,10
2009-11-01,74.46052854693477,2009,11
2009-11-02,74.84794092596363,2009,11
2009-11-03,74.198581862965,2009,11
2009-11-04,74.1704736182901,2009,11
2009-11-05,74.0289683555008,2009,11
2009-11-06,74.11144837649111,2009,11
2009-11-07,73.84125081899771,2009,11
2009-11-08,73.82110177397236,2009,11
2009-11-09,73.39312098334972,2009,11
2009-11-10,73.00332444687334,2009,11
2009-11-11,72.96763037306458,2009,11
2009-11-12,72.74443887614909,2009,11
2009-11-13,72.87339971093478,2009,11
2009-11-14,73.15600201124221,2009,11
2009-11-15,73.47944861092232,2009,11
2009-11-16,73.44636134816243,2009,11
2009-11-17,72.64336057475109,2009,11
2009-11-18,73.31570639743067,2009,11
2009-11-19,73.2168410648313,2009,11
2009-11-20,72.62201194596052,2009,11
2009-11-21,73.11054368161571,2009,11
2009-11-22,72.86148131853716,2009,11
2009-11-23,72.8739886997958,2009,11
2009-11-24,72.9918740601152,2009,11
2009-11-25,73.13522188559367,2009,11
2009-11-26,73.07044687597208,2009,11
2009-11-27,72.94670388815386,2009,11
2009-11-28,72.86196419350615,2009,11
2009-11-29,72.74706918725363,2009,11
2009-11-30,72.75629225737114,2009,11
2009-12-01,72.76877927004072,2009,12
2009-12-02,72.88110532292708,2009,12
2009-12-03,72.93942438168796,2009,12
2009-12-04,72.90768848344752,2009,12
2009-12-05,73.33927899545692,2009,12
2009-12-06,73.25901241108858,2009,12
2009-12-07,72.62737295778616,2009,12
2009-12-08,72.51691687809907,2009,12
2009-12-09,72.46960155024318,2009,12
2009-12-10,72.7475064881446,2009,12
2009-12-11,72.74261204947845,2009,12
2009-12-12,72.53663192381843,2009,12
2009-12-13,72.69318617706064,2009,12
2009-12-14,72.66964700226718,2009,12
2009-12-15,72.51724045444834,2009,12
2009-12-16,71.99066620145894,2009,12
2009-12-17,72.06937086884105,2009,12
2009-12-18,71.92302304483826,2009,12
2009-12-19,71.91021637992725,2009,12
2009-12-20,71.81988627819855,2009,12
2009-12-21,71.69759285385682,2009,12
2009-12-22,71.66192031100245,2009,12
2009-12-23,71.66413647523684,2009,12
2009-12-24,71.67994832028457,2009,12
2009-12-25,71.58062370508031,2009,12
2009-12-26,71.64263850561751,2009,12
2009-12-27,71.47949315445952,2009,12
2009-12-28,71.5925289844064,2009,12
2009-12-29,71.40128328484856,2009,12
2009-12-30,71.08097296717965,2009,12
2009-12-31,71.55162477979493,2009,12
2010-01-01,71.3278538661532,2010,1
2010-01-02,71.22375184579468,2010,1
2010-01-03,71.46019062025984,2010,1
2010-01-04,70.87289166206666,2010,1
2010-01-05,70.90554842591338,2010,1
2010-01-06,71.06681311492187,2010,1
2010-01-07,71.26973044777033,2010,1
2010-01-08,71.14903180429228,2010,1
2010-01-09,71.01022028316369,2010,1
2010-01-10,70.94684761177824,2010,1
2010-01-11,71.05256858845412,2010,1
2010-01-12,71.0947409409985,2010,1
2010-01-13,70.51941580956019,2010,1
2010-01-14,70.93781814488408,2010,1
2010-01-15,70.8729855664071,2010,1
2010-01-16,71.21844004827274,2010,1
2010-01-17,71.31302744596483,2010,1
2010-01-18,71.31384242691533,2010,1
2010-01-19,71.26306554631495,2010,1
2010-01-20,71.50749227480125,2010,1
2010-01-21,71.6412157293341,2010,1
2010-01-22,71.69652401427321,2010,1
2010-01-23,71.86254958583179,2010,1
2010-01-24,71.93679605005313,2010,1
2010-01-25,72.024915460049,2010,1
2010-01-26,72.1678792473892,2010,1
2010-01-27,72.25988180325544,2010,1
2010-01-28,72.33766578684599,2010,1
2010-01-29,72.65878306024584,2010,1
2010-01-30,72.26319800705849,2010,1
2010-01-31,72.68544657754477,2010,1
2010-02-01,72.18854140926767,2010,2
2010-02-02,72.22667454533622,2010,2
2010-02-03,72.30071234765023,2010,2
2010-02-04,72.30582123258385,2010,2
2010-02-05,72.34015634749807,2010,2
2010-02-06,72.6842006789775,2010,2
2010-02-07,72.79920063095176,2010,2
2010-02-08,72.42690591507204,2010,2
2010-02-09,72.08863977119309,2010,2
2010-02-10,71.95927399158192,2010,2
2010-02-11,72.2619396111411,2010,2
2010-02-12,72.33823497929387,2010,2
2010-02-13,72.47289401399081,2010,2
2010-02-14,72.55943604629577,2010,2
2010-02-15,72.72516621697721,2010,2
2010-02-16,72.79263996664034,2010,2
2010-02-17,72.64519696017999,2010,2
2010-02-18,72.73753090176923,2010,2
2010-02-19,73.35910408249394,2010,2
2010-02-20,73.29943599425275,2010,2
2010-02-21,73.54496221614731,2010,2
2010-02-22,73.51219988363086,2010,2
2010-02-23,73.25994941044823,2010,2
2010-02-24,73.26121380889403,2010,2
2010-02-25,73.58089083883971,2010,2
2010-02-26,73.69203179382933,2010,2
2010-02-27,74.1460116352702,2010,2
2010-02-28,74.2314173742013,2010,2
2010-03-01,74.29392279983196,2010,3
2010-03-02,74.28815371255097,2010,3
2010-03-03,74.14248370870526,2010,3
2010-03-04,74.01342407576796,2010,3
2010-03-05,74.10263611775173,2010,3
2010-03-06,73.99636995180228,2010,3
2010-03-07,73.94999650982156,2010,3
2010-03-08,74.06722905727979,2010,3
2010-03-09,74.29363871108411,2010,3
2010-03-10,74.36216197712602,2010,3
2010-03-11,74.47784907715732,2010,3
2010-03-12,74.91870811261312,2010,3
2010-03-13,74.76349483918854,2010,3
2010-03-14,74.92548969746649,2010,3
2010-03-15,75.09258601942047,2010,3
2010-03-16,75.11673113870732,2010,3
2010-03-17,75.22435796581956,2010,3
2010-03-18,75.39185409996358,2010,3
2010-03-19,75.6282317387273,2010,3
2010-03-20,75.82860911620875,2010,3
2010-03-21,76.00308144676234,2010,3
2010-03-22,75.9435093989658,2010,3
2010-03-23,76.08905398218525,2010,3
2010-03-24,75.69816279751437,2010,3
2010-03-25,75.66814467605641,2010,3
2010-03-26,75.57946275145065,2010,3
2010-03-27,75.6340897830456,2010,3
2010-03-28,75.77932817422642,2010,3
2010-03-29,75.46191097718446,2010,3
2010-03-30,75.39836342454187,2010,3
2010-03-31,75.3475320687083,2010,3
2010-04-01,75.56522892830293,2010,4
2010-04-02,75.66496128069242,2010,4
2010-04-03,75.77783497289964,2010,4
2010-04-04,75.91091237653728,2010,4
2010-04-05,75.98961728191018,2010,4
2010-04-06,76.1521010615714,2010,4
2010-04-07,76.3599521036868,2010,4
2010-04-08,76.36391683379263,2010,4
2010-04-09,76.4218599390344,2010,4
2010-04-10,76.50427265666004,2010,4
2010-04-11,76.66307624273456,2010,4
2010-04-12,76.7143659121315,2010,4
2010-04-13,76.43282522961373,2010,4
2010-04-14,76.5471792293143,2010,4
2010-04-15,76.77612796009724,2010,4
2010-04-16,76.8616326133885,2010,4
2010-04-17,76.70570994070327,2010,4
2010-04-18,76.46278737431167,2010,4
2010-04-19,76.18377952509212,2010,4
2010-04-20,76.29770641646927,2010,4
2010-04-21,75.98629121420902,2010,4
2010-04-22,76.13624929710973,2010,4
2010-04-23,76.21482735173969,2010,4
2010-04-24,76.24692966619395,2010,4
2010-04-25,76.33191058944098,2010,4
2010-04-26,76.42095375456908,2010,4
2010-04-27,76.3624531785307,2010,4
2010-04-28,76.28197557139703,2010,4
2010-04-29,76.14920034876658,2010,4
2010-04-30,76.01576960460697,2010,4
2010-05-01,75.72788689403777,2010,5
2010-05-02,75.91388645942094,2010,5
2010-05-03,76.20195888455966,2010,5
2010-05-04,76.2117358757435,2010,5
2010-05-05,76.04865149135802,2010,5
2010-05-06,75.86872843431968,2010,5
2010-05-07,75.76940474035155,2010,5
2010-05-08,76.01204888689092,2010,5
2010-05-09,76.29067737798489,2010,5
2010-05-10,76.45828174188439,2010,5
2010-05-11,76.66832789045161,2010,5
2010-05-12,76.832126191749,2010,5
2010-05-13,76.95142217223832,2010,5
2010-05-14,76.74611125509176,2010,5
2010-05-15,77.0605389977153,2010,5
2010-05-16,76.74608526563162,2010,5
2010-05-17,76.73392704643936,2010,5
2010-05-18,76.64903646526204,2010,5
2010-05-19,76.15605256600067,2010,5
2010-05-20,75.97279183504624,2010,5
2010-05-21,75.88300354043935,2010,5
2010-05-22,76.38564354075247,2010,5
2010-05-23,76.49238853279385,2010,5
2010-05-24,76.68070953536908,2010,5
2010-05-25,76.83979375549951,2010,5
2010-05-26,76.91064594595188,2010,5
2010-05-27,76.79147962712115,2010,5
2010-05-28,77.16837063651091,2010,5
2010-05-29,76.21510116413926,2010,5
2010-05-30,76.39890734824436,2010,5
2010-05-31,76.56220152442262,2010,5
2010-06-01,76.76338600868272,2010,6
2010-06-02,76.4577643366532,2010,6
2010-06-03,76.15128820048253,2010,6
2010-06-04,75.9099327211018,2010,6
2010-06-05,75.70019503679379,2010,6
2010-06-06,75.77374085988761,2010,6
2010-06-07,75.20927723465192,2010,6
2010-06-08,75.08916776647311,2010,6
2010-06-09,75.45309300987185,2010,6
2010-06-10,75.79415348332009,2010,6
2010-06-11,76.08345308339166,2010,6
2010-06-12,76.00980524407996,2010,6
2010-06-13,75.88090271038872,2010,6
2010-06-14,75.42217261911055,2010,6
2010-06-15,75.18132232613895,2010,6
2010-06-16,74.89612506552493,2010,6
2010-06-17,75.13102455744495,2010,6
2010-06-18,75.64798187939716,2010,6
2010-06-19,75.99351165388289,2010,6
2010-06-20,75.83259863299948,2010,6
2010-06-21,75.81901499789754,2010,6
2010-06-22,75.80934955973362,2010,6
2010-06-23,75.75523573615001,2010,6
2010-06-24,74.99064208725265,2010,6
2010-06-25,75.20807103340914,2010,6
2010-06-26,75.43215466263536,2010,6
2010-06-27,75.54997133979266,2010,6
2010-06-28,75.47848123618554,2010,6
2010-06-29,75.86565463449811,2010,6
2010-06-30,75.70493921977808,2010,6
2010-07-01,75.22386350037819,2010,7
2010-07-02,75.01225957156909,2010,7
2010-07-03,75.19597874590436,2010,7
2010-07-04,74.80085500892639,2010,7
2010-07-05,74.70046218401892,2010,7
2010-07-06,74.39893912330585,2010,7
2010-07-07,74.56078203545495,2010,7
2010-07-08,75.00057154422635,2010,7
2010-07-09,75.06933504324803,2010,7
2010-07-10,75.20810901236104,2010,7
2010-07-11,75.08914825332067,2010,7
2010-07-12,74.65708926917586,2010,7
2010-07-13,74.94889402278848,2010,7
2010-07-14,75.2031662866764,2010,7
2010-07-15,75.27196638242265,2010,7
2010-07-16,75.1422403343155,2010,7
2010-07-17,75.2576518757675,2010,7
2010-07-18,75.14439481190007,2010,7
2010-07-19,74.97861166499558,2010,7
2010-07-20,74.47390555017623,2010,7
2010-07-21,74.54304743248164,2010,7
2010-07-22,74.4935827701656,2010,7
2010-07-23,74.70956127402893,2010,7
2010-07-24,74.50076332515033,2010,7
2010-07-25,74.26098239085765,2010,7
2010-07-26,73.98440187532012,2010,7
2010-07-27,74.12954937098631,2010,7
2010-07-28,74.41617396078496,2010,7
2010-07-29,74.71946425170731,2010,7
2010-07-30,74.42300491180602,2010,7
2010-07-31,74.63936737243164,2010,7
2010-08-01,73.90674826655,2010,8
2010-08-02,73.95586868517942,2010,8
2010-08-03,73.88961817998945,2010,8
2010-08-04,73.84110461821048,2010,8
2010-08-05,73.92282442242941,2010,8
2010-08-06,73.78250577194012,2010,8
2010-08-07,73.94286407043738,2010,8
2010-08-08,74.14532475154387,2010,8
2010-08-09,74.4104243976186,2010,8
2010-08-10,74.59276197326422,2010,8
2010-08-11,74.49490769711656,2010,8
2010-08-12,74.34842661489358,2010,8
2010-08-13,74.36811524235748,2010,8
2010-08-14,74.11106234466916,2010,8
2010-08-15,74.03870918249746,2010,8
2010-08-16,74.11790225601929,2010,8
2010-08-17,74.08551107723083,2010,8
2010-08-18,74.01731682444782,2010,8
2010-08-19,73.88200577643403,2010,8
2010-08-20,73.54473664947643,2010,8
2010-08-21,73.68875849889659,2010,8
2010-08-22,73.81323251227491,2010,8
2010-08-23,74.01733465676368,2010,8
2010-08-24,73.82881539195122,2010,8
2010-08-25,73.63624042279794,2010,8
2010-08-26,73.86117803720518,2010,8
2010-08-27,74.09780107792693,2010,8
2010-08-28,74.53985266779694,2010,8
2010-08-29,74.21904154054974,2010,8
2010-08-30,73.94326978302533,2010,8
2010-08-31,73.92586504817723,2010,8
2010-09-01,74.23570385829154,2010,9
2010-09-02,74.10816916763025,2010,9
2010-09-03,73.89710911289282,2010,9
2010-09-04,73.71071030978736,2010,9
2010-09-05,73.76930828982427,2010,9
2010-09-06,74.01993070507517,2010,9
2010-09-07,73.81247625035382,2010,9
2010-09-08,73.7243934746312,2010,9
2010-09-09,73.84626690269856,2010,9
2010-09-10,73.85890860919399,2010,9
2010-09-11,73.75575543920905,2010,9
2010-09-12,73.6975994639881,2010,9
2010-09-13,73.82950865221923,2010,9
2010-09-14,73.6455581081027,2010,9
2010-09-15,73.67374124573564,2010,9
2010-09-16,73.70907512983585,2010,9
2010-09-17,73.77708108516441,2010,9
2010-09-18,73.58246743458511,2010,9
2010-09-19,73.52411460875062,2010,9
2010-09-20,73.62657736289937,2010,9
2010-09-21,73.99164629236844,2010,9
2010-09-22,74.01939776961302,2010,9
2010-09-23,74.28472677584001,2010,9
2010-09-24,74.1810059967648,2010,9
2010-09-25,74.26495132775494,2010,9
2010-09-26,74.28515643584674,2010,9
2010-09-27,74.42814145719596,2010,9
2010-09-28,74.48588694714674,2010,9
2010-09-29,74.49229756947449,2010,9
2010-09-30,74.51095998363238,2010,9
2010-10-01,74.51597832586732,2010,10
2010-10-02,74.57288472993517,2010,10
2010-10-03,74.69240829857772,2010,10
2010-10-04,74.74371406392673,2010,10
2010-10-05,74.5768186488749,2010,10
2010-10-06,74.27223503848663,2010,10
2010-10-07,74.03053454501874,2010,10
2010-10-08,73.96675090757707,2010,10
2010-10-09,74.17027823580986,2010,10
2010-10-10,74.35885706479698,2010,10
2010-10-11,74.26007848567562,2010,10
2010-10-12,74.26086086093032,2010,10
2010-10-13,74.34572943588894,2010,10
2010-10-14,74.41629117155998,2010,10
2010-10-15,74.17671636789157,2010,10
2010-10-16,74.07640179894693,2010,10
2010-10-17,73.82276255703063,2010,10
2010-10-18,73.98351970316185,2010,10
2010-10-19,74.25480462105612,2010,10
2010-10-20,74.37149531872555,2010,10
2010-10-21,74.15122437423112,2010,10
2010-10-22,74.26633917585816,2010,10
2010-10-23,74.26371946756255,2010,10
2010-10-24,74.45744723616168,2010,10
2010-10-25,73.85898588925161,2010,10
2010-10-26,73.86702019933662,2010,10
2010-10-27,73.83545999129224,2010,10
2010-10-28,73.83282979889934,2010,10
2010-10-29,73.56373279051208,2010,10
2010-10-30,73.42032476333151,2010,10
2010-10-31,73.12393712042213,2010,10
2010-11-01,73.22575745846027,2010,11
2010-11-02,73.08979693874674,2010,11
2010-11-03,73.4368880619464,2010,11
2010-11-04,73.58680125769483,2010,11
2010-11-05,73.67169845224797,2010,11
2010-11-06,73.44506239147817,2010,11
2010-11-07,73.19382834180287,2010,11
2010-11-08,73.29000305147105,2010,11
2010-11-09,73.46833580504612,2010,11
2010-11-10,73.50488999449948,2010,11
2010-11-11,73.37361085594901,2010,11
2010-11-12,73.32051676432418,2010,11
2010-11-13,73.22219338522704,2010,11
2010-11-14,73.39250982912054,2010,11
2010-11-15,73.38720498963819,2010,11
2010-11-16,73.17710469028779,2010,11
2010-11-17,73.0325714962352,2010,11
2010-11-18,73.21518004582424,2010,11
2010-11-19,72.79303411686264,2010,11
2010-11-20,72.81178763337093,2010,11
2010-11-21,72.67254312607368,2010,11
2010-11-22,72.18681735880182,2010,11
2010-11-23,72.0241252447743,2010,11
2010-11-24,72.28899048220195,2010,11
2010-11-25,73.04814331833508,2010,11
2010-11-26,72.64071703584995,2010,11
2010-11-27,72.49739853781543,2010,11
2010-11-28,72.49228302469113,2010,11
2010-11-29,72.57202636684158,2010,11
2010-11-30,72.40910140085471,2010,11
2010-12-01,72.16189744637796,2010,12
2010-12-02,72.04908849404562,2010,12
2010-12-03,72.03269004996383,2010,12
2010-12-04,71.95978914324522,2010,12
2010-12-05,71.86331703102059,2010,12
2010-12-06,71.49734997560637,2010,12
2010-12-07,71.5533806011713,2010,12
2010-12-08,71.46414116452658,2010,12
2010-12-09,71.54711508816499,2010,12
2010-12-10,71.71166401911272,2010,12
2010-12-11,71.71841945663901,2010,12
2010-12-12,71.52864195042054,2010,12
2010-12-13,71.56014664184748,2010,12
2010-12-14,71.62641304302609,2010,12
2010-12-15,71.63890850836432,2010,12
2010-12-16,71.69945431563075,2010,12
2010-12-17,71.72979700023623,2010,12
2010-12-18,71.65596375909858,2010,12
2010-12-19,71.59580278544364,2010,12
2010-12-20,71.59697754454524,2010,12
2010-12-21,71.70150159805164,2010,12
2010-12-22,71.73956889858614,2010,12
2010-12-23,71.71866353964707,2010,12
2010-12-24,71.64280103021092,2010,12
2010-12-25,71.5620277374391,2010,12
2010-12-26,71.47619840172348,2010,12
2010-12-27,71.51586324069218,2010,12
2010-12-28,71.42458827045843,2010,12
2010-12-29,71.42900693690346,2010,12
2010-12-30,71.59887366233025,2010,12
2010-12-31,70.96282168678601,2010,12
2011-01-01,70.82354584742674,2011,1
2011-01-02,70.74348246866477,2011,1
2011-01-03,70.70609651579908,2011,1
2011-01-04,70.75553396818177,2011,1
2011-01-05,70.66200946029036,2011,1
2011-01-06,70.70398558602302,2011,1
2011-01-07,70.93400543095929,2011,1
2011-01-08,71.17519341036359,2011,1
2011-01-09,70.95867061767214,2011,1
2011-01-10,70.96333429671799,2011,1
2011-01-11,71.31592627904345,2011,1
2011-01-12,71.6976175055048,2011,1
2011-01-13,71.89814425290396,2011,1
2011-01-14,72.0346836208629,2011,1
2011-01-15,71.54402629663726,2011,1
2011-01-16,71.1776167072343,2011,1
2011-01-17,71.59453939044606,2011,1
2011-01-18,71.89821137569986,2011,1
2011-01-19,71.80787492056838,2011,1
2011-01-20,71.91167578301254,2011,1
2011-01-21,72.13005781372479,2011,1
2011-01-22,72.34348498722441,2011,1
2011-01-23,72.4652119853116,2011,1
2011-01-24,72.82556101734755,2011,1
2011-01-25,72.33334849834833,2011,1
2011-01-26,72.22243119334797,2011,1
2011-01-27,72.04151914286005,2011,1
2011-01-28,72.69364400418505,2011,1
2011-01-29,72.27556343378198,2011,1
2011-01-30,72.4683851668314,2011,1
2011-01-31,72.04537808126481,2011,1
2011-02-01,71.99816463622517,2011,2
2011-02-02,72.3015544513861,2011,2
2011-02-03,72.50140439459959,2011,2
2011-02-04,72.69867609955917,2011,2
2011-02-05,72.84172603813298,2011,2
2011-02-06,72.78582562386666,2011,2
2011-02-07,72.63860560061828,2011,2
2011-02-08,72.40659610699593,2011,2
2011-02-09,72.37608695149378,2011,2
2011-02-10,72.47297418886882,2011,2
2011-02-11,72.82867931643032,2011,2
2011-02-12,72.99437760507885,2011,2
2011-02-13,72.69572597946834,2011,2
2011-02-14,72.44367679524818,2011,2
2011-02-15,72.15451049618619,2011,2
2011-02-16,71.73502086709499,2011,2
2011-02-17,71.76452320781988,2011,2
2011-02-18,71.92453240138649,2011,2
2011-02-19,72.05538816147491,2011,2
2011-02-20,72.01227855187635,2011,2
2011-02-21,71.88434106643605,2011,2
2011-02-22,72.33423126576992,2011,2
2011-02-23,72.50941352646541,2011,2
2011-02-24,72.72538142491122,2011,2
2011-02-25,72.86145228475011,2011,2
2011-02-26,72.38098742001624,2011,2
2011-02-27,72.65203865634575,2011,2
2011-02-28,72.74658452069949,2011,2
2011-03-01,72.73723873914737,2011,3
2011-03-02,73.07547012902971,2011,3
2011-03-03,73.25681848002957,2011,3
2011-03-04,73.60311025090837,2011,3
2011-03-05,73.47002527405056,2011,3
2011-03-06,74.15599752960574,2011,3
2011-03-07,73.92143539875511,2011,3
2011-03-08,73.98494630491021,2011,3
2011-03-09,73.70597723252986,2011,3
2011-03-10,73.74340987479886,2011,3
2011-03-11,73.72695406946421,2011,3
2011-03-12,73.77762865105863,2011,3
2011-03-13,74.12622054538478,2011,3
2011-03-14,74.4255417794196,2011,3
2011-03-15,74.70023400397338,2011,3
2011-03-16,74.9098275907954,2011,3
2011-03-17,75.04204199874918,2011,3
2011-03-18,75.10365266296243,2011,3
2011-03-19,75.88164946831132,2011,3
2011-03-20,75.53959245533946,2011,3
2011-03-21,74.55563985093566,2011,3
2011-03-22,74.72800975674448,2011,3
2011-03-23,74.7905703643089,2011,3
2011-03-24,74.56124364498781,2011,3
2011-03-25,74.65456609275994,2011,3
2011-03-26,74.85014912846138,2011,3
2011-03-27,75.02832958166692,2011,3
2011-03-28,75.35613704806978,2011,3
2011-03-29,74.70384346516937,2011,3
2011-03-30,74.4786661953879,2011,3
2011-03-31,74.50896360891701,2011,3
2011-04-01,74.57816968093518,2011,4
2011-04-02,74.68643353846377,2011,4
2011-04-03,74.49280655456187,2011,4
2011-04-04,74.3680251206233,2011,4
2011-04-05,74.42205801132928,2011,4
2011-04-06,75.25934205856018,2011,4
2011-04-07,74.81094483226885,2011,4
2011-04-08,74.82433176808733,2011,4
2011-04-09,74.83144075240627,2011,4
2011-04-10,74.74279176421969,2011,4
2011-04-11,74.97293870190666,2011,4
2011-04-12,75.04278954623481,2011,4
2011-04-13,75.00620563484703,2011,4
2011-04-14,74.96997085321175,2011,4
2011-04-15,75.16453702020841,2011,4
2011-04-16,75.2579993149642,2011,4
2011-04-17,75.13689406255226,2011,4
2011-04-18,75.0533799767635,2011,4
2011-04-19,74.95345564305269,2011,4
2011-04-20,74.82362033380758,2011,4
2011-04-21,75.18863772085199,2011,4
2011-04-22,74.88727708621253,2011,4
2011-04-23,75.22458494194693,2011,4
2011-04-24,75.46619995051661,2011,4
2011-04-25,75.47530307832324,2011,4
2011-04-26,75.38110814989135,2011,4
2011-04-27,75.66245763261867,2011,4
2011-04-28,75.73611578624649,2011,4
2011-04-29,75.81122724312264,2011,4
2011-04-30,75.86115078316173,2011,4
2011-05-01,75.67400604800073,2011,5
2011-05-02,75.80877333156056,2011,5
2011-05-03,75.9116584698502,2011,5
2011-05-04,75.79789179111269,2011,5
2011-05-05,75.87870712549973,2011,5
2011-05-06,75.6226899369948,2011,5
2011-05-07,75.62589082430864,2011,5
2011-05-08,75.89568647999472,2011,5
2011-05-09,76.31575147158888,2011,5
2011-05-10,76.1943021804272,2011,5
2011-05-11,76.28102774831447,2011,5
2011-05-12,76.2883832647089,2011,5
2011-05-13,76.11227224724112,2011,5
2011-05-14,76.34626471108744,2011,5
2011-05-15,76.3923857413933,2011,5
2011-05-16,76.43886975153306,2011,5
2011-05-17,76.5545660185104,2011,5
2011-05-18,76.37483010701523,2011,5
2011-05-19,76.10951117563458,2011,5
2011-05-20,75.65027923151199,2011,5
2011-05-21,75.47212089803362,2011,5
2011-05-22,75.3346791200097,2011,5
2011-05-23,75.87836616606143,2011,5
2011-05-24,76.07761990300497,2011,5
2011-05-25,76.2443423430853,2011,5
2011-05-26,75.82036697990732,2011,5
2011-05-27,75.74223841356577,2011,5
2011-05-28,75.77046262954778,2011,5
2011-05-29,76.13618926693299,2011,5
2011-05-30,76.07069757061461,2011,5
2011-05-31,76.26335121993756,2011,5
2011-06-01,75.33746933764928,2011,6
2011-06-02,75.3461814663672,2011,6
2011-06-03,75.33925907650291,2011,6
2011-06-04,75.95826683831528,2011,6
2011-06-05,76.06360417822458,2011,6
2011-06-06,76.08289869597652,2011,6
2011-06-07,76.09164991278386,2011,6
2011-06-08,75.5094122267038,2011,6
2011-06-09,75.3740142423772,2011,6
2011-06-10,75.20324084507097,2011,6
2011-06-11,75.54683087248834,2011,6
2011-06-12,75.5456197678669,2011,6
2011-06-13,75.5871499886138,2011,6
2011-06-14,75.49524070631837,2011,6
2011-06-15,74.75136809975372,2011,6
2011-06-16,74.73666071629236,2011,6
2011-06-17,74.62848533243812,2011,6
2011-06-18,74.579772895974,2011,6
2011-06-19,74.81316531369924,2011,6
2011-06-20,74.64420128557099,2011,6
2011-06-21,74.74536446924859,2011,6
2011-06-22,74.77865565451211,2011,6
2011-06-23,74.75221536218267,2011,6
2011-06-24,74.6618149630785,2011,6
2011-06-25,74.45619252726019,2011,6
2011-06-26,73.93082258851334,2011,6
2011-06-27,73.95738875011084,2011,6
2011-06-28,73.9875037177476,2011,6
2011-06-29,73.81192753240772,2011,6
2011-06-30,74.67645583003227,2011,6
2011-07-01,74.47394383013972,2011,7
2011-07-02,74.47207674645075,2011,7
2011-07-03,74.5422772093449,2011,7
2011-07-04,74.69430260282194,2011,7
2011-07-05,74.35806201024306,2011,7
2011-07-06,74.1431818660501,2011,7
2011-07-07,74.09121305390858,2011,7
2011-07-08,73.91998995408085,2011,7
2011-07-09,74.00245164004436,2011,7
2011-07-10,74.09191277281043,2011,7
2011-07-11,74.42761026257668,2011,7
2011-07-12,74.56899732066206,2011,7
2011-07-13,74.19535844146569,2011,7
2011-07-14,73.99169255180138,2011,7
2011-07-15,73.9165259755834,2011,7
2011-07-16,73.76589477773115,2011,7
2011-07-17,73.9839724254513,2011,7
2011-07-18,74.01804496972395,2011,7
2011-07-19,74.31888547881795,2011,7
2011-07-20,74.00023237825074,2011,7
2011-07-21,73.88920992588918,2011,7
2011-07-22,73.90199721959198,2011,7
2011-07-23,73.43385816805122,2011,7
2011-07-24,73.82206848276584,2011,7
2011-07-25,74.03557002568411,2011,7
2011-07-26,74.24713684306658,2011,7
2011-07-27,74.3268003105564,2011,7
2011-07-28,74.19449677597089,2011,7
2011-07-29,74.04952850346159,2011,7
2011-07-30,74.0845243324921,2011,7
2011-07-31,74.2329870912892,2011,7
2011-08-01,74.37938390972363,2011,8
2011-08-02,74.5539193379063,2011,8
2011-08-03,74.12151685854894,2011,8
2011-08-04,73.87925849202982,2011,8
2011-08-05,74.03283495045761,2011,8
2011-08-06,73.91195301803084,2011,8
2011-08-07,73.79933189043497,2011,8
2011-08-08,73.7061329359139,2011,8
2011-08-09,73.41236417082479,2011,8
2011-08-10,73.68082024119839,2011,8
2011-08-11,73.6450495112915,2011,8
2011-08-12,73.85205948219036,2011,8
2011-08-13,73.43769564639003,2011,8
2011-08-14,73.53686109264264,2011,8
2011-08-15,73.48957175408232,2011,8
2011-08-16,73.38355346319173,2011,8
2011-08-17,73.60490872743281,2011,8
2011-08-18,73.63683330907922,2011,8
2011-08-19,73.71754110360668,2011,8
2011-08-20,73.89768893744717,2011,8
2011-08-21,74.08957393660387,2011,8
2011-08-22,74.27047569117951,2011,8
2011-08-23,74.17736189247054,2011,8
2011-08-24,73.65310623061657,2011,8
2011-08-25,73.69358881141373,2011,8
2011-08-26,73.82856320175966,2011,8
2011-08-27,73.66320267214013,2011,8
2011-08-28,73.94146817555377,2011,8
2011-08-29,74.01384621870355,2011,8
2011-08-30,74.1567644403149,2011,8
2011-08-31,74.22350160029458,2011,8
2011-09-01,73.90491183231114,2011,9
2011-09-02,73.92886593726026,2011,9
2011-09-03,73.83434944898454,2011,9
2011-09-04,73.96862037280243,2011,9
2011-09-05,74.02585922425666,2011,9
2011-09-06,73.69796181964139,2011,9
2011-09-07,73.63484959294573,2011,9
2011-09-08,73.70756052907063,2011,9
2011-09-09,73.48647599034696,2011,9
2011-09-10,73.67086775090532,2011,9
2011-09-11,73.8641609075797,2011,9
2011-09-12,74.20674485739933,2011,9
2011-09-13,74.2143101358618,2011,9
2011-09-14,74.08725732736988,2011,9
2011-09-15,74.45848810912443,2011,9
2011-09-16,74.02775381316172,2011,9
2011-09-17,73.65426153088,2011,9
2011-09-18,73.73288002668417,2011,9
2011-09-19,73.84309784307798,2011,9
2011-09-20,73.91877878253196,2011,9
2011-09-21,73.90844617305521,2011,9
2011-09-22,73.94890481039302,2011,9
2011-09-23,73.98704738103898,2011,9
2011-09-24,73.90937923410999,2011,9
2011-09-25,74.10452781376326,2011,9
2011-09-26,74.16325915908148,2011,9
2011-09-27,74.1966485319095,2011,9
2011-09-28,74.36175443380209,2011,9
2011-09-29,74.37581896850205,2011,9
2011-09-30,74.39317311927564,2011,9
2011-10-01,74.36714259387682,2011,10
2011-10-02,74.33920250689192,2011,10
2011-10-03,74.29637761412614,2011,10
2011-10-04,74.14097460965257,2011,10
2011-10-05,74.39555526014779,2011,10
2011-10-06,74.433196666348,2011,10
2011-10-07,74.57784524439772,2011,10
2011-10-08,74.3763094598631,2011,10
2011-10-09,74.4820435055828,2011,10
2011-10-10,74.57932061679602,2011,10
2011-10-11,74.48624884525353,2011,10
2011-10-12,74.43431094986627,2011,10
2011-10-13,74.4717211441525,2011,10
2011-10-14,74.704523238159,2011,10
2011-10-15,74.53715681676098,2011,10
2011-10-16,74.46427619408242,2011,10
2011-10-17,74.49634402373839,2011,10
2011-10-18,74.28687985373622,2011,10
2011-10-19,74.30669247759623,2011,10
2011-10-20,74.17539811734562,2011,10
2011-10-21,74.01752635907515,2011,10
2011-10-22,73.94210813866151,2011,10
2011-10-23,74.25626716889902,2011,10
2011-10-24,73.97453752939445,2011,10
2011-10-25,73.80653609259559,2011,10
2011-10-26,73.72893897342114,2011,10
2011-10-27,73.61890390111519,2011,10
2011-10-28,73.64163189701272,2011,10
2011-10-29,73.58797028341786,2011,10
2011-10-30,73.5844773660454,2011,10
2011-10-31,73.57578414596765,2011,10
2011-11-01,73.33724692863639,2011,11
2011-11-02,73.31273130442948,2011,11
2011-11-03,73.73280153873232,2011,11
2011-11-04,73.76878158392934,2011,11
2011-11-05,73.88696779488679,2011,11
2011-11-06,73.553126936311,2011,11
2011-11-07,73.61069412965689,2011,11
2011-11-08,73.63792890584088,2011,11
2011-11-09,73.48854109680876,2011,11
2011-11-10,73.45796901567309,2011,11
2011-11-11,73.51440871975856,2011,11
2011-11-12,73.35515505174455,2011,11
2011-11-13,73.33956391464238,2011,11
2011-11-14,73.26821131118118,2011,11
2011-11-15,73.21665063088918,2011,11
2011-11-16,73.07213960233646,2011,11
2011-11-17,73.07961037773686,2011,11
2011-11-18,73.19159483140395,2011,11
2011-11-19,73.22893377178043,2011,11
2011-11-20,73.19606454229276,2011,11
2011-11-21,73.08861845969463,2011,11
2011-11-22,72.92605152461581,2011,11
2011-11-23,72.8377365203309,2011,11
2011-11-24,72.82465929943218,2011,11
2011-11-25,72.78375504205174,2011,11
2011-11-26,72.65407602408287,2011,11
2011-11-27,72.61660833936216,2011,11
2011-11-28,72.49146653751203,2011,11
2011-11-29,72.516830906749,2011,11
2011-11-30,72.59507787008081,2011,11
2011-12-01,72.57147180407753,2011,12
2011-12-02,72.82079269124944,2011,12
2011-12-03,72.85717740044477,2011,12
2011-12-04,72.90174232745323,2011,12
2011-12-05,72.93742210914331,2011,12
2011-12-06,73.16853235519413,2011,12
2011-12-07,72.93452485059298,2011,12
2011-12-08,72.58993754771598,2011,12
2011-12-09,72.32404868361452,2011,12
2011-12-10,72.02377603560159,2011,12
2011-12-11,71.8076027481398,2011,12
2011-12-12,71.74213465107266,2011,12
2011-12-13,71.76298516289795,2011,12
2011-12-14,71.58653923910184,2011,12
2011-12-15,71.685857456256,2011,12
2011-12-16,71.45436854432286,2011,12
2011-12-17,71.52960202495899,2011,12
2011-12-18,71.4293730652696,2011,12
2011-12-19,71.2891446058937,2011,12
2011-12-20,71.17121216238402,2011,12
2011-12-21,71.19206094449015,2011,12
2011-12-22,71.20290034756712,2011,12
2011-12-23,71.25631464243705,2011,12
2011-12-24,71.70577873379047,2011,12
2011-12-25,71.58299762143082,2011,12
2011-12-26,71.61673689269381,2011,12
2011-12-27,71.67050992734126,2011,12
2011-12-28,71.74415268753914,2011,12
2011-12-29,71.68692946718376,2011,12
2011-12-30,71.67272704338062,2011,12
2011-12-31,71.63871604715092,2011,12
2012-01-01,70.99587187565716,2012,1
2012-01-02,70.79934348842725,2012,1
2012-01-03,71.17433065160515,2012,1
2012-01-04,71.6339844602031,2012,1
2012-01-05,71.3457820604055,2012,1
2012-01-06,71.13529609692979,2012,1
2012-01-07,70.8725974411347,2012,1
2012-01-08,70.78438489048095,2012,1
2012-01-09,70.41491450950214,2012,1
2012-01-10,70.40598647467637,2012,1
2012-01-11,70.43686781300889,2012,1
2012-01-12,70.60911737136608,2012,1
2012-01-13,70.74896248675685,2012,1
2012-01-14,70.94575788852308,2012,1
2012-01-15,71.04495775353925,2012,1
2012-01-16,71.08472470022839,2012,1
2012-01-17,70.97835060449002,2012,1
2012-01-18,70.72664447634642,2012,1
2012-01-19,70.61145216954598,2012,1
2012-01-20,70.57296775704285,2012,1
2012-01-21,70.7726227974171,2012,1
2012-01-22,70.87471168337417,2012,1
2012-01-23,71.32719965539847,2012,1
2012-01-24,71.40327944883126,2012,1
2012-01-25,71.45237489759769,2012,1
2012-01-26,71.17092975762162,2012,1
2012-01-27,71.31678586773918,2012,1
2012-01-28,71.21848725727112,2012,1
2012-01-29,71.12364593358159,2012,1
2012-01-30,71.34643844172604,2012,1
2012-01-31,71.41152089727373,2012,1
2012-02-01,71.40598058291388,2012,2
2012-02-02,71.61706433122387,2012,2
2012-02-03,71.75765115992743,2012,2
2012-02-04,71.93570085996906,2012,2
2012-02-05,72.01878563567593,2012,2
2012-02-06,72.00592301688697,2012,2
2012-02-07,71.82725142281862,2012,2
2012-02-08,71.25314383829922,2012,2
2012-02-09,71.11915264424623,2012,2
2012-02-10,71.41743074164964,2012,2
2012-02-11,71.77038024813956,2012,2
2012-02-12,72.05730936791566,2012,2
2012-02-13,72.07851845479468,2012,2
2012-02-14,72.23039992839611,2012,2
2012-02-15,72.09561642868758,2012,2
2012-02-16,71.8589582486005,2012,2
2012-02-17,72.13308115204127,2012,2
2012-02-18,72.45292905821128,2012,2
2012-02-19,72.67548096760495,2012,2
2012-02-20,72.92867242713538,2012,2
2012-02-21,73.77948227835105,2012,2
2012-02-22,73.39472466839976,2012,2
2012-02-23,73.40651241104675,2012,2
2012-02-24,73.30178151928637,2012,2
2012-02-25,73.55606895857292,2012,2
2012-02-26,73.52642697088714,2012,2
2012-02-27,73.81139145478737,2012,2
2012-02-28,73.33762122436607,2012,2
2012-02-29,73.22361094210443,2012,2
2012-03-01,73.31670556493991,2012,3
2012-03-02,73.41993967977487,2012,3
2012-03-03,73.90166576776554,2012,3
2012-03-04,74.7703581885895,2012,3
2012-03-05,73.7978362313207,2012,3
2012-03-06,73.6178400611071,2012,3
2012-03-07,73.47133802249188,2012,3
2012-03-08,73.07883470731566,2012,3
2012-03-09,73.14163997354923,2012,3
2012-03-10,73.13959170516353,2012,3
2012-03-11,73.4459653418565,2012,3
2012-03-12,73.58786417214986,2012,3
2012-03-13,73.06324433128843,2012,3
2012-03-14,73.35355752152574,2012,3
2012-03-15,73.81555349747396,2012,3
2012-03-16,74.17682334230699,2012,3
2012-03-17,74.5489106840512,2012,3
2012-03-18,74.81774897099923,2012,3
2012-03-19,75.05181698362303,2012,3
2012-03-20,74.79052787298876,2012,3
2012-03-21,74.38704309271665,2012,3
2012-03-22,74.21955083125934,2012,3
2012-03-23,74.69665684156134,2012,3
2012-03-24,75.3780699214298,2012,3
2012-03-25,75.11362536151627,2012,3
2012-03-26,75.09607759054377,2012,3
2012-03-27,75.15787445219053,2012,3
2012-03-28,75.16095224030077,2012,3
2012-03-29,75.20560185050174,2012,3
2012-03-30,75.32199897128491,2012,3
2012-03-31,75.92525613012931,2012,3
2012-04-01,75.62611757155769,2012,4
2012-04-02,75.86704854305316,2012,4
2012-04-03,75.93982283928462,2012,4
2012-04-04,75.81599044000077,2012,4
2012-04-05,75.28955284384142,2012,4
2012-04-06,75.12267658663811,2012,4
2012-04-07,75.28575504085674,2012,4
2012-04-08,75.31546398694422,2012,4
2012-04-09,75.41877756271981,2012,4
2012-04-10,75.18716463908895,2012,4
2012-04-11,74.85690666781576,2012,4
2012-04-12,74.80989382297628,2012,4
2012-04-13,74.59551916415046,2012,4
2012-04-14,74.64707816672147,2012,4
2012-04-15,74.84946502345953,2012,4
2012-04-16,75.24998100220697,2012,4
2012-04-17,75.26235296663673,2012,4
2012-04-18,75.3113552412266,2012,4
2012-04-19,75.44743359137436,2012,4
2012-04-20,75.31749455360061,2012,4
2012-04-21,75.25492719618363,2012,4
2012-04-22,75.30642450852051,2012,4
2012-04-23,75.35533651380143,2012,4
2012-04-24,75.34421691462707,2012,4
2012-04-25,75.2566148515609,2012,4
2012-04-26,75.08482978692989,2012,4
2012-04-27,75.17634494798797,2012,4
2012-04-28,75.13034529925375,2012,4
2012-04-29,75.31315538527315,2012,4
2012-04-30,75.39071796031256,2012,4
2012-05-01,75.33697115238242,2012,5
2012-05-02,75.69548991396756,2012,5
2012-05-03,75.72132557608104,2012,5
2012-05-04,75.55966491877744,2012,5
2012-05-05,75.55212339434547,2012,5
2012-05-06,75.77762445834635,2012,5
2012-05-07,76.1371664809533,2012,5
2012-05-08,76.05570318644703,2012,5
2012-05-09,76.23332824960914,2012,5
2012-05-10,76.06157427883662,2012,5
2012-05-11,75.79574081380639,2012,5
2012-05-12,75.84945148757112,2012,5
2012-05-13,75.50832391945863,2012,5
2012-05-14,75.85954749553707,2012,5
2012-05-15,76.1199375226479,2012,5
2012-05-16,76.41561738876958,2012,5
2012-05-17,76.14392546898054,2012,5
2012-05-18,76.25859332597182,2012,5
2012-05-19,76.45846031619998,2012,5
2012-05-20,76.42469018469646,2012,5
2012-05-21,76.4526885342544,2012,5
2012-05-22,76.37018197468187,2012,5
2012-05-23,76.51942961515415,2012,5
2012-05-24,76.73580147818323,2012,5
2012-05-25,76.78678465355362,2012,5
2012-05-26,76.50999645941458,2012,5
2012-05-27,76.57220865166374,2012,5
2012-05-28,76.70120819507842,2012,5
2012-05-29,76.82022345283391,2012,5
2012-05-30,76.98856021990571,2012,5
2012-05-31,76.95879859243533,2012,5
2012-06-01,76.69271186831122,2012,6
2012-06-02,76.60020226656252,2012,6
2012-06-03,76.53690955096525,2012,6
2012-06-04,76.53690260008291,2012,6
2012-06-05,76.22791819209348,2012,6
2012-06-06,75.79813477738833,2012,6
2012-06-07,75.49498675144989,2012,6
2012-06-08,75.83885539227296,2012,6
2012-06-09,76.02662515847723,2012,6
2012-06-10,75.97983174339876,2012,6
2012-06-11,76.00824885930862,2012,6
2012-06-12,76.07991312637618,2012,6
2012-06-13,76.24171818549847,2012,6
2012-06-14,76.13162885375598,2012,6
2012-06-15,75.98661932398612,2012,6
2012-06-16,75.69284124512745,2012,6
2012-06-17,76.40841445174783,2012,6
2012-06-18,74.82891109111054,2012,6
2012-06-19,75.0152017420347,2012,6
2012-06-20,75.43482859346429,2012,6
2012-06-21,75.23853603896806,2012,6
2012-06-22,75.2200205088688,2012,6
2012-06-23,75.1115496858722,2012,6
2012-06-24,75.17478435455143,2012,6
2012-06-25,75.30475498130919,2012,6
2012-06-26,75.10763957409553,2012,6
2012-06-27,75.18580631786962,2012,6
2012-06-28,75.49046121413255,2012,6
2012-06-29,75.60918700616642,2012,6
2012-06-30,75.96918431190946,2012,6
2012-07-01,75.56943408768335,2012,7
2012-07-02,75.40557018621608,2012,7
2012-07-03,75.06667037367207,2012,7
2012-07-04,74.88360363780986,2012,7
2012-07-05,74.65341105283409,2012,7
2012-07-06,74.19974783285606,2012,7
2012-07-07,74.06381764175883,2012,7
2012-07-08,74.25340864802389,2012,7
2012-07-09,74.31783759288061,2012,7
2012-07-10,74.18347671615012,2012,7
2012-07-11,74.3003828568218,2012,7
2012-07-12,74.43026529654418,2012,7
2012-07-13,74.3843604106457,2012,7
2012-07-14,74.04121036701096,2012,7
2012-07-15,73.93934961886671,2012,7
2012-07-16,74.24707916907305,2012,7
2012-07-17,74.58627025464328,2012,7
2012-07-18,74.53937105754466,2012,7
2012-07-19,74.2283305347866,2012,7
2012-07-20,74.41300660370139,2012,7
2012-07-21,74.12695667483636,2012,7
2012-07-22,74.21025951768223,2012,7
2012-07-23,74.50422704709769,2012,7
2012-07-24,74.05284151211309,2012,7
2012-07-25,73.9015702797459,2012,7
2012-07-26,73.87016556849318,2012,7
2012-07-27,73.98296420623272,2012,7
2012-07-28,74.03295641869646,2012,7
2012-07-29,73.83695084469639,2012,7
2012-07-30,73.54947414498923,2012,7
2012-07-31,73.9919538105124,2012,7
2012-08-01,73.74118970130104,2012,8
2012-08-02,73.92012429015638,2012,8
2012-08-03,73.80321023068409,2012,8
2012-08-04,74.1806031988824,2012,8
2012-08-05,73.84094558853337,2012,8
2012-08-06,74.06459673224761,2012,8
2012-08-07,74.06271985948614,2012,8
2012-08-08,73.93318191041033,2012,8
2012-08-09,73.78706636804479,2012,8
2012-08-10,73.73080686408517,2012,8
2012-08-11,73.7130734633106,2012,8
2012-08-12,73.93122051719735,2012,8
2012-08-13,73.75588710069466,2012,8
2012-08-14,73.68723715248655,2012,8
2012-08-15,73.76979030715715,2012,8
2012-08-16,73.97746644564627,2012,8
2012-08-17,74.04235977926112,2012,8
2012-08-18,74.0427589294634,2012,8
2012-08-19,73.94076134669028,2012,8
2012-08-20,73.87070512130202,2012,8
2012-08-21,73.55775331384675,2012,8
2012-08-22,73.35390451445956,2012,8
2012-08-23,73.80386437551364,2012,8
2012-08-24,73.75361261844785,2012,8
2012-08-25,73.8303000920988,2012,8
2012-08-26,73.53133975409277,2012,8
2012-08-27,73.66521142032848,2012,8
2012-08-28,73.94040219003668,2012,8
2012-08-29,74.09633409934747,2012,8
2012-08-30,74.01917180871665,2012,8
2012-08-31,74.3663224506341,2012,8
2012-09-01,74.22685750708445,2012,9
2012-09-02,74.49582966819304,2012,9
2012-09-03,73.64419156041511,2012,9
2012-09-04,73.46858622867236,2012,9
2012-09-05,73.49745408478103,2012,9
2012-09-06,73.47906944411106,2012,9
2012-09-07,73.7745428748116,2012,9
2012-09-08,73.82190000374256,2012,9
2012-09-09,73.72216962007795,2012,9
2012-09-10,73.63547533205092,2012,9
2012-09-11,73.68826682556934,2012,9
2012-09-12,74.05813533419888,2012,9
2012-09-13,73.52634832427489,2012,9
2012-09-14,73.73915143235422,2012,9
2012-09-15,73.7735053484325,2012,9
2012-09-16,73.36012135193049,2012,9
2012-09-17,73.78345238406911,2012,9
2012-09-18,73.49511999638726,2012,9
2012-09-19,73.77831121206825,2012,9
2012-09-20,73.96593362219016,2012,9
2012-09-21,73.99587928603063,2012,9
2012-09-22,74.10083717893865,2012,9
2012-09-23,74.08347804880144,2012,9
2012-09-24,74.1301308091096,2012,9
2012-09-25,74.19420294576047,2012,9
2012-09-26,74.30724409867452,2012,9
2012-09-27,74.48714779473474,2012,9
2012-09-28,74.36245642930756,2012,9
2012-09-29,74.47409910502714,2012,9
2012-09-30,74.33648412079984,2012,9
2012-10-01,74.22638525423572,2012,10
2012-10-02,74.1618710276888,2012,10
2012-10-03,74.14029702808831,2012,10
2012-10-04,74.09947695256369,2012,10
2012-10-05,74.23163774520569,2012,10
2012-10-06,74.42327717840973,2012,10
2012-10-07,74.3306297372462,2012,10
2012-10-08,74.35464229195034,2012,10
2012-10-09,74.07636982122416,2012,10
2012-10-10,74.09838112608684,2012,10
2012-10-11,74.0044895834516,2012,10
2012-10-12,74.1751479931416,2012,10
2012-10-13,74.1788451316723,2012,10
2012-10-14,74.26395716922158,2012,10
2012-10-15,74.08812649109697,2012,10
2012-10-16,73.94616261585266,2012,10
2012-10-17,73.96009570205418,2012,10
2012-10-18,74.05633607636723,2012,10
2012-10-19,73.90204672369455,2012,10
2012-10-20,73.51785708097779,2012,10
2012-10-21,73.62122292827242,2012,10
2012-10-22,73.70255253995587,2012,10
2012-10-23,73.69945895527528,2012,10
2012-10-24,73.50675121563862,2012,10
2012-10-25,73.55382308400121,2012,10
2012-10-26,73.58264368647619,2012,10
2012-10-27,73.61243219134133,2012,10
2012-10-28,73.60248313805431,2012,10
2012-10-29,73.5540003845684,2012,10
2012-10-30,73.46571239981925,2012,10
2012-10-31,73.3760847592796,2012,10
2012-11-01,72.97584461018994,2012,11
2012-11-02,72.93592165248978,2012,11
2012-11-03,72.90603036817117,2012,11
2012-11-04,72.95861499169986,2012,11
2012-11-05,72.98327128606455,2012,11
2012-11-06,73.06001805695574,2012,11
2012-11-07,73.10917595349422,2012,11
2012-11-08,72.99812673223373,2012,11
2012-11-09,73.17362889885185,2012,11
2012-11-10,73.09500347052216,2012,11
2012-11-11,73.41568552536039,2012,11
2012-11-12,73.25693341421427,2012,11
2012-11-13,73.04666683807788,2012,11
2012-11-14,72.96277797072085,2012,11
2012-11-15,73.21018385078845,2012,11
2012-11-16,72.82152285493689,2012,11
2012-11-17,72.81574460582318,2012,11
2012-11-18,72.78823333031204,2012,11
2012-11-19,72.99899600892688,2012,11
2012-11-20,72.87449034070025,2012,11
2012-11-21,72.82921726876977,2012,11
2012-11-22,72.74127210750275,2012,11
2012-11-23,72.73113004356173,2012,11
2012-11-24,72.63449509502033,2012,11
2012-11-25,72.5612871257477,2012,11
2012-11-26,72.61048446379826,2012,11
2012-11-27,72.57014795936226,2012,11
2012-11-28,72.58541105950071,2012,11
2012-11-29,72.28897744382641,2012,11
2012-11-30,72.12241729055924,2012,11
2012-12-01,72.09421788105317,2012,12
2012-12-02,72.1489478260464,2012,12
2012-12-03,72.27539227918798,2012,12
2012-12-04,72.47794021579102,2012,12
2012-12-05,72.489679964972,2012,12
2012-12-06,72.68784784645074,2012,12
2012-12-07,72.71515511707744,2012,12
2012-12-08,72.7981150443952,2012,12
2012-12-09,72.76140283706124,2012,12
2012-12-10,72.56244238047297,2012,12
2012-12-11,72.0453019530859,2012,12
2012-12-12,71.78937970773191,2012,12
2012-12-13,71.74366891973001,2012,12
2012-12-14,71.53463659857628,2012,12
2012-12-15,71.68691689726101,2012,12
2012-12-16,71.8281886961668,2012,12
2012-12-17,71.8171816885309,2012,12
2012-12-18,72.0224475451563,2012,12
2012-12-19,71.5870220817146,2012,12
2012-12-20,71.4796170092436,2012,12
2012-12-21,71.5334655160884,2012,12
2012-12-22,71.46717614021239,2012,12
2012-12-23,71.34044561274581,2012,12
2012-12-24,71.24720676142019,2012,12
2012-12-25,70.93079436671829,2012,12
2012-12-26,70.88999339548012,2012,12
2012-12-27,71.05879159909786,2012,12
2012-12-28,70.91224877744997,2012,12
2012-12-29,71.04912003898257,2012,12
2012-12-30,70.95830946954506,2012,12
2012-12-31,71.17188979474764,2012,12
2013-01-01,71.33387706954203,2013,1
2013-01-02,71.16999306124897,2013,1
2013-01-03,70.98107765450156,2013,1
2013-01-04,70.83186907458291,2013,1
2013-01-05,70.68466864648235,2013,1
2013-01-06,70.65141007800551,2013,1
2013-01-07,70.29338197353773,2013,1
2013-01-08,70.37371588716131,2013,1
2013-01-09,70.94543768732487,2013,1
2013-01-10,71.26518985412602,2013,1
2013-01-11,71.49238803450591,2013,1
2013-01-12,71.7409226515805,2013,1
2013-01-13,72.00794450200134,2013,1
2013-01-14,72.00066223200919,2013,1
2013-01-15,72.0025569221219,2013,1
2013-01-16,72.08085239184005,2013,1
2013-01-17,72.05847651617958,2013,1
2013-01-18,71.15140328397378,2013,1
2013-01-19,71.14509475604501,2013,1
2013-01-20,71.08230025847988,2013,1
2013-01-21,71.12344408931985,2013,1
2013-01-22,71.27805969073361,2013,1
2013-01-23,71.18561666521032,2013,1
2013-01-24,71.17180808497677,2013,1
2013-01-25,71.27818186597335,2013,1
2013-01-26,71.38943662148696,2013,1
2013-01-27,71.49277286332898,2013,1
2013-01-28,71.69611926622684,2013,1
2013-01-29,71.95017428418713,2013,1
2013-01-30,71.96595973744216,2013,1
2013-01-31,72.00390511424165,2013,1
2013-02-01,72.1231462843649,2013,2
2013-02-02,72.2494730357194,2013,2
2013-02-03,72.16648817104492,2013,2
2013-02-04,71.89974205922894,2013,2
2013-02-05,71.83678475487066,2013,2
2013-02-06,71.90042128965948,2013,2
2013-02-07,71.86766120500141,2013,2
2013-02-08,71.77661429066843,2013,2
2013-02-09,72.17049730243454,2013,2
2013-02-10,72.48915195216938,2013,2
2013-02-11,72.65548442050816,2013,2
2013-02-12,72.70850647760017,2013,2
2013-02-13,72.91621173001836,2013,2
2013-02-14,72.97021619000446,2013,2
2013-02-15,71.98695032765434,2013,2
2013-02-16,70.91154951223524,2013,2
2013-02-17,71.21031996648583,2013,2
2013-02-18,71.7718347887639,2013,2
2013-02-19,72.11332601051218,2013,2
2013-02-20,72.48998011077094,2013,2
2013-02-21,72.59614071308631,2013,2
2013-02-22,72.79960792416337,2013,2
2013-02-23,72.50994799498065,2013,2
2013-02-24,72.63894168000142,2013,2
2013-02-25,72.93539080056821,2013,2
2013-02-26,73.18559170592812,2013,2
2013-02-27,73.2036765012687,2013,2
2013-02-28,73.2671128482046,2013,2
2013-03-01,73.125245840895,2013,3
2013-03-02,73.4717692013969,2013,3
2013-03-03,73.82325646474659,2013,3
2013-03-04,74.05364691265376,2013,3
2013-03-05,74.04388210703269,2013,3
2013-03-06,74.06449513495195,2013,3
2013-03-07,74.22449666841045,2013,3
2013-03-08,74.34202711870034,2013,3
2013-03-09,74.27399547421953,2013,3
2013-03-10,74.31329957742396,2013,3
2013-03-11,74.57175465741746,2013,3
2013-03-12,74.1863542251286,2013,3
2013-03-13,74.63663394156916,2013,3
2013-03-14,73.87583542536952,2013,3
2013-03-15,74.00454745038913,2013,3
2013-03-16,73.9405182431589,2013,3
2013-03-17,73.78439724246732,2013,3
2013-03-18,74.09533038086943,2013,3
2013-03-19,74.36578442555178,2013,3
2013-03-20,74.5189473890957,2013,3
2013-03-21,74.97984782057614,2013,3
2013-03-22,74.95038621562026,2013,3
2013-03-23,74.59610514328844,2013,3
2013-03-24,74.37849509183359,2013,3
2013-03-25,74.46892011658595,2013,3
2013-03-26,74.64964104143446,2013,3
2013-03-27,74.51225327402584,2013,3
2013-03-28,74.36781887914901,2013,3
2013-03-29,74.25558198261977,2013,3
2013-03-30,74.45069569956311,2013,3
2013-03-31,74.7611558207812,2013,3
2013-04-01,75.06138571421234,2013,4
2013-04-02,74.78131844110112,2013,4
2013-04-03,74.57723327358919,2013,4
2013-04-04,74.84802434236688,2013,4
2013-04-05,75.05344333699786,2013,4
2013-04-06,75.34225141263481,2013,4
2013-04-07,75.4710396727966,2013,4
2013-04-08,75.49374928184633,2013,4
2013-04-09,75.60515545763595,2013,4
2013-04-10,75.36633601474979,2013,4
2013-04-11,75.32983679025726,2013,4
2013-04-12,75.65001187183452,2013,4
2013-04-13,75.73832398765869,2013,4
2013-04-14,75.39618442699624,2013,4
2013-04-15,75.37996010032121,2013,4
2013-04-16,76.25339225054921,2013,4
2013-04-17,75.2210404305094,2013,4
2013-04-18,75.30187862335919,2013,4
2013-04-19,75.14409903768909,2013,4
2013-04-20,74.40032607795507,2013,4
2013-04-21,73.9869342675952,2013,4
2013-04-22,74.25945718023651,2013,4
2013-04-23,74.81684716563197,2013,4
2013-04-24,75.31274788307263,2013,4
2013-04-25,75.48943724601773,2013,4
2013-04-26,75.41611118283299,2013,4
2013-04-27,75.66989552724948,2013,4
2013-04-28,75.69845362390211,2013,4
2013-04-29,75.86960853991766,2013,4
2013-04-30,76.78721511263429,2013,4
2013-05-01,76.07968783876062,2013,5
2013-05-02,75.95159286156293,2013,5
2013-05-03,76.19581994054333,2013,5
2013-05-04,77.42488316506734,2013,5
2013-05-05,75.89830327502594,2013,5
2013-05-06,75.81343605136367,2013,5
2013-05-07,75.99211137211681,2013,5
2013-05-08,76.30248663138732,2013,5
2013-05-09,76.33464181680785,2013,5
2013-05-10,76.35236262582481,2013,5
2013-05-11,75.89861573011336,2013,5
2013-05-12,75.51084655907812,2013,5
2013-05-13,75.55714182453104,2013,5
2013-05-14,75.87000969264358,2013,5
2013-05-15,76.17074875382572,2013,5
2013-05-16,76.09551180741,2013,5
2013-05-17,76.4307747912265,2013,5
2013-05-18,76.62097654827636,2013,5
2013-05-19,76.60252867703895,2013,5
2013-05-20,76.90227940857916,2013,5
2013-05-21,77.14721159874468,2013,5
2013-05-22,76.89917777501253,2013,5
2013-05-23,76.8201071633175,2013,5
2013-05-24,76.75976889403283,2013,5
2013-05-25,76.5848531897243,2013,5
2013-05-26,76.94834442666064,2013,5
2013-05-27,75.94856455732503,2013,5
2013-05-28,75.98910751495652,2013,5
2013-05-29,75.87183277938891,2013,5
2013-05-30,75.66777892562197,2013,5
2013-05-31,75.69622990459237,2013,5
2013-06-01,75.38789992742157,2013,6
2013-06-02,75.53085898952595,2013,6
2013-06-03,75.61408008183466,2013,6
2013-06-04,75.80139407729878,2013,6
2013-06-05,75.93659017526227,2013,6
2013-06-06,75.75386232011748,2013,6
2013-06-07,75.34220451275388,2013,6
2013-06-08,75.30553774042609,2013,6
2013-06-09,75.55171251434332,2013,6
2013-06-10,75.19817990519863,2013,6
2013-06-11,74.71301848538413,2013,6
2013-06-12,74.55933444877924,2013,6
2013-06-13,74.47694774161258,2013,6
2013-06-14,74.51660039181226,2013,6
2013-06-15,73.97134045450298,2013,6
2013-06-16,73.9095048345588,2013,6
2013-06-17,74.08389766428449,2013,6
2013-06-18,74.19463885654365,2013,6
2013-06-19,74.5708671882681,2013,6
2013-06-20,75.0227357099293,2013,6
2013-06-21,75.19410094449357,2013,6
2013-06-22,74.98902019683182,2013,6
2013-06-23,74.75379520830171,2013,6
2013-06-24,74.53940289654527,2013,6
2013-06-25,74.33442326708676,2013,6
2013-06-26,74.080786014409,2013,6
2013-06-27,74.31968849815786,2013,6
2013-06-28,74.15555942987768,2013,6
2013-06-29,74.30190827369772,2013,6
2013-06-30,74.25876433974369,2013,6
2013-07-01,74.28884380033237,2013,7
2013-07-02,74.19943751067433,2013,7
2013-07-03,74.06161580954034,2013,7
2013-07-04,74.18351169071023,2013,7
2013-07-05,74.01553113410189,2013,7
2013-07-06,74.08442320622937,2013,7
2013-07-07,74.13748317976983,2013,7
2013-07-08,73.96134669079662,2013,7
2013-07-09,73.87667627801676,2013,7
2013-07-10,73.72283476184921,2013,7
2013-07-11,73.76115673353289,2013,7
2013-07-12,73.72574914523689,2013,7
2013-07-13,73.88529349771781,2013,7
2013-07-14,74.00598199890243,2013,7
2013-07-15,73.95346005102215,2013,7
2013-07-16,73.87869359638427,2013,7
2013-07-17,73.8246104761223,2013,7
2013-07-18,73.84829438233257,2013,7
2013-07-19,73.6830582402647,2013,7
2013-07-20,73.52499939434222,2013,7
2013-07-21,73.74157847175053,2013,7
2013-07-22,73.73577448261852,2013,7
2013-07-23,73.80813989653232,2013,7
2013-07-24,73.87983164688006,2013,7
2013-07-25,73.89275012064644,2013,7
2013-07-26,73.58546672267215,2013,7
2013-07-27,73.62498036521247,2013,7
2013-07-28,73.71275960048702,2013,7
2013-07-29,74.80953226718186,2013,7
2013-07-30,73.8251424998769,2013,7
2013-07-31,73.44427894103417,2013,7
2013-08-01,73.71421878091911,2013,8
2013-08-02,73.63014270564432,2013,8
2013-08-03,74.09920973044824,2013,8
2013-08-04,74.20973841875558,2013,8
2013-08-05,73.62159072156312,2013,8
2013-08-06,73.40629856620475,2013,8
2013-08-07,73.64747873570258,2013,8
2013-08-08,73.68568856947881,2013,8
2013-08-09,73.42673662274376,2013,8
2013-08-10,73.62165300201941,2013,8
2013-08-11,73.67392966894626,2013,8
2013-08-12,73.65323817071253,2013,8
2013-08-13,73.84712717584617,2013,8
2013-08-14,73.91552693812736,2013,8
2013-08-15,73.67904824170857,2013,8
2013-08-16,73.45591660343791,2013,8
2013-08-17,73.452441622749,2013,8
2013-08-18,73.63018104552793,2013,8
2013-08-19,73.63901462651727,2013,8
2013-08-20,73.70709389557715,2013,8
2013-08-21,73.59206889729995,2013,8
2013-08-22,73.72960357802185,2013,8
2013-08-23,73.95400423919709,2013,8
2013-08-24,74.08032359535335,2013,8
2013-08-25,74.15030379241459,2013,8
2013-08-26,74.17722103722805,2013,8
2013-08-27,73.85367941470415,2013,8
2013-08-28,73.48314708398371,2013,8
2013-08-29,73.66908476044028,2013,8
2013-08-30,73.90568882566967,2013,8
2013-08-31,74.05393153324978,2013,8
2013-09-01,74.27038673911076,2013,9
2013-09-02,74.16902346790279,2013,9
2013-09-03,74.0211538272742,2013,9
2013-09-04,74.05182999040085,2013,9
2013-09-05,74.13621156767478,2013,9
2013-09-06,74.14146744299063,2013,9
2013-09-07,74.00912174283161,2013,9
2013-09-08,74.01927917400286,2013,9
2013-09-09,74.0868433796427,2013,9
2013-09-10,74.22979562169851,2013,9
2013-09-11,74.34368118037293,2013,9
2013-09-12,74.36063506919072,2013,9
2013-09-13,74.65531796730271,2013,9
2013-09-14,74.73341402903871,2013,9
2013-09-15,74.54717892798416,2013,9
2013-09-16,74.23179870110353,2013,9
2013-09-17,74.34132330607268,2013,9
2013-09-18,74.42542875342433,2013,9
2013-09-19,74.45422586877174,2013,9
2013-09-20,74.0720334140979,2013,9
2013-09-21,73.82567412051274,2013,9
2013-09-22,73.93877659820423,2013,9
2013-09-23,74.11445132672355,2013,9
2013-09-24,74.17777685329924,2013,9
2013-09-25,74.05544071096404,2013,9
2013-09-26,73.9957558723737,2013,9
2013-09-27,74.16020052535295,2013,9
2013-09-28,73.94594787745639,2013,9
2013-09-29,73.65472546047833,2013,9
2013-09-30,73.93612741751222,2013,9
2013-10-01,73.94876028972398,2013,10
2013-10-02,74.6214077829177,2013,10
2013-10-03,73.86617588876565,2013,10
2013-10-04,73.75308632090811,2013,10
2013-10-05,74.1180403903043,2013,10
2013-10-06,74.11671662253491,2013,10
2013-10-07,74.40510402339288,2013,10
2013-10-08,74.3497812027942,2013,10
2013-10-09,74.08995794913365,2013,10
2013-10-10,74.66800675957732,2013,10
2013-10-11,73.94356217174827,2013,10
2013-10-12,73.83388849351634,2013,10
2013-10-13,73.8719801842402,2013,10
2013-10-14,74.00276156333726,2013,10
2013-10-15,74.47856841586062,2013,10
2013-10-16,74.36564330927258,2013,10
2013-10-17,74.5508816980201,2013,10
2013-10-18,74.69091404801998,2013,10
2013-10-19,74.61212453190868,2013,10
2013-10-20,74.41539166800656,2013,10
2013-10-21,74.17043165239345,2013,10
2013-10-22,73.97115431618482,2013,10
2013-10-23,73.85605551031398,2013,10
2013-10-24,73.62319207646385,2013,10
2013-10-25,73.5943951375309,2013,10
2013-10-26,74.10328775679666,2013,10
2013-10-27,73.73393035894499,2013,10
2013-10-28,74.08792320792251,2013,10
2013-10-29,73.97437734385097,2013,10
2013-10-30,73.95500461837706,2013,10
2013-10-31,73.32425812648543,2013,10
2013-11-01,73.21252569941873,2013,11
2013-11-02,73.34338042006304,2013,11
2013-11-03,73.6547122150009,2013,11
2013-11-04,73.268085111813,2013,11
2013-11-05,73.13994873345715,2013,11
2013-11-06,73.0390198105333,2013,11
2013-11-07,72.6749791306652,2013,11
2013-11-08,72.61159606485403,2013,11
2013-11-09,72.69579529023649,2013,11
2013-11-10,73.0558188170242,2013,11
2013-11-11,72.65389083811509,2013,11
2013-11-12,72.60175265975066,2013,11
2013-11-13,72.44195104720426,2013,11
2013-11-14,72.47984138016328,2013,11
2013-11-15,72.4276558609751,2013,11
2013-11-16,72.3799507976177,2013,11
2013-11-17,72.4302259776665,2013,11
2013-11-18,72.7493711621593,2013,11
2013-11-19,72.90041871603566,2013,11
2013-11-20,72.97734687802456,2013,11
2013-11-21,72.87402979164503,2013,11
2013-11-22,72.88359555945328,2013,11
2013-11-23,72.92933487254922,2013,11
2013-11-24,72.91362986099406,2013,11
2013-11-25,73.07432098041602,2013,11
2013-11-26,73.10665441953063,2013,11
2013-11-27,73.05209847059655,2013,11
2013-11-28,73.54662708136807,2013,11
2013-11-29,72.74819970804728,2013,11
2013-11-30,72.79603258464758,2013,11
2013-12-01,72.863641002143,2013,12
2013-12-02,72.7168430412429,2013,12
2013-12-03,72.59520832607603,2013,12
2013-12-04,72.50821266819074,2013,12
2013-12-05,72.3922173341488,2013,12
2013-12-06,72.34730734785428,2013,12
2013-12-07,72.27269250151711,2013,12
2013-12-08,72.3844443012852,2013,12
2013-12-09,72.31968636059382,2013,12
2013-12-10,72.62174302745537,2013,12
2013-12-11,72.28906150767386,2013,12
2013-12-12,72.37341332435648,2013,12
2013-12-13,71.98475159657893,2013,12
2013-12-14,72.13459195703525,2013,12
2013-12-15,72.20503362666348,2013,12
2013-12-16,72.11377033819537,2013,12
2013-12-17,71.8944602839716,2013,12
2013-12-18,71.6905337448563,2013,12
2013-12-19,71.47937795911898,2013,12
2013-12-20,71.1886855990047,2013,12
2013-12-21,71.08432403458025,2013,12
2013-12-22,71.05148517859574,2013,12
2013-12-23,71.05504672787633,2013,12
2013-12-24,71.11888181587754,2013,12
2013-12-25,71.22963809589676,2013,12
2013-12-26,71.2182933796392,2013,12
2013-12-27,71.49184229274722,2013,12
2013-12-28,71.11225439831897,2013,12
2013-12-29,71.03108616580997,2013,12
2013-12-30,71.09567261904061,2013,12
2013-12-31,72.23352185073755,2013,12
2014-01-01,70.78073788839558,2014,1
2014-01-02,70.86218927550615,2014,1
2014-01-03,71.1310466242284,2014,1
2014-01-04,71.19185595965017,2014,1
2014-01-05,71.0696716051413,2014,1
2014-01-06,70.86801812903379,2014,1
2014-01-07,70.8369908342463,2014,1
2014-01-08,71.07833368960202,2014,1
2014-01-09,70.83303228028554,2014,1
2014-01-10,70.8346895573102,2014,1
2014-01-11,70.56654930348418,2014,1
2014-01-12,70.93284689804413,2014,1
2014-01-13,70.97312007341544,2014,1
2014-01-14,71.03292657790806,2014,1
2014-01-15,70.80447561873353,2014,1
2014-01-16,70.79757828611267,2014,1
2014-01-17,70.78784500960107,2014,1
2014-01-18,70.85082931491813,2014,1
2014-01-19,71.05422592579619,2014,1
2014-01-20,71.20400275098598,2014,1
2014-01-21,70.98305477251195,2014,1
2014-01-22,71.37544105689325,2014,1
2014-01-23,71.095756844848,2014,1
2014-01-24,71.13514645494115,2014,1
2014-01-25,71.19313219047406,2014,1
2014-01-26,71.30883898014848,2014,1
2014-01-27,71.35344092039868,2014,1
2014-01-28,71.5456982793852,2014,1
2014-01-29,71.63646573509271,2014,1
2014-01-30,71.64285549088771,2014,1
2014-01-31,71.63289620954527,2014,1
2014-02-01,71.48637844173341,2014,2
2014-02-02,71.74290566982154,2014,2
2014-02-03,71.99518012205326,2014,2
2014-02-04,72.17848050533699,2014,2
2014-02-05,72.33749782595235,2014,2
2014-02-06,72.32503057340494,2014,2
2014-02-07,72.20368692513308,2014,2
2014-02-08,72.00280125706097,2014,2
2014-02-09,71.88414897255801,2014,2
2014-02-10,71.5960965465118,2014,2
2014-02-11,71.7256007950898,2014,2
2014-02-12,71.77841047206876,2014,2
2014-02-13,71.65507705293837,2014,2
2014-02-14,71.06029284003007,2014,2
2014-02-15,70.75438277273808,2014,2
2014-02-16,70.82417525161935,2014,2
2014-02-17,71.27256805591678,2014,2
2014-02-18,71.8440176533917,2014,2
2014-02-19,72.18182799437325,2014,2
2014-02-20,72.42153492752682,2014,2
2014-02-21,72.30076311304522,2014,2
2014-02-22,72.30944496010247,2014,2
2014-02-23,72.09582485139786,2014,2
2014-02-24,72.33668364403015,2014,2
2014-02-25,72.59391473537966,2014,2
2014-02-26,72.58179469688983,2014,2
2014-02-27,72.2774943457446,2014,2
2014-02-28,71.68919453027274,2014,2
2014-03-01,71.6332316097922,2014,3
2014-03-02,71.98029202538739,2014,3
2014-03-03,72.14772328749328,2014,3
2014-03-04,72.21269650968925,2014,3
2014-03-05,72.4675533621834,2014,3
2014-03-06,72.45570241690963,2014,3
2014-03-07,72.70126190610094,2014,3
2014-03-08,72.93061398840318,2014,3
2014-03-09,72.87270596270744,2014,3
2014-03-10,72.74052436398875,2014,3
2014-03-11,72.79193525115825,2014,3
2014-03-12,73.02740353216804,2014,3
2014-03-13,73.17867266356346,2014,3
2014-03-14,73.641766565527,2014,3
2014-03-15,74.0037457703758,2014,3
2014-03-16,74.70215606451339,2014,3
2014-03-17,74.3361628952453,2014,3
2014-03-18,74.1710403253909,2014,3
2014-03-19,74.10791156060411,2014,3
2014-03-20,74.16191022509909,2014,3
2014-03-21,74.16872754094074,2014,3
2014-03-22,74.22440943264459,2014,3
2014-03-23,74.15056482767231,2014,3
2014-03-24,73.85113505806905,2014,3
2014-03-25,74.33618421235346,2014,3
2014-03-26,74.38872973608774,2014,3
2014-03-27,74.53309524642509,2014,3
2014-03-28,74.70146394223107,2014,3
2014-03-29,74.87392665598446,2014,3
2014-03-30,74.9464208514365,2014,3
2014-03-31,74.95103529620702,2014,3
2014-04-01,74.9444768404387,2014,4
2014-04-02,74.75789746837428,2014,4
2014-04-03,74.84524520203574,2014,4
2014-04-04,74.81887976512952,2014,4
2014-04-05,75.23108779164495,2014,4
2014-04-06,75.30094232975898,2014,4
2014-04-07,74.99650568836738,2014,4
2014-04-08,74.89591871389078,2014,4
2014-04-09,74.86784828056294,2014,4
2014-04-10,75.16050858154831,2014,4
2014-04-11,75.37893710624857,2014,4
2014-04-12,75.38623895403737,2014,4
2014-04-13,75.17673088106349,2014,4
2014-04-14,75.23750609378533,2014,4
2014-04-15,75.44271000032167,2014,4
2014-04-16,75.35685988290474,2014,4
2014-04-17,75.08446597276408,2014,4
2014-04-18,74.59143877856808,2014,4
2014-04-19,74.71889962069073,2014,4
2014-04-20,75.15403291315893,2014,4
2014-04-21,75.44893127827753,2014,4
2014-04-22,75.70154253883196,2014,4
2014-04-23,75.81718063576014,2014,4
2014-04-24,76.02505534237825,2014,4
2014-04-25,76.20165526645174,2014,4
2014-04-26,76.59260062082461,2014,4
2014-04-27,76.28358782412532,2014,4
2014-04-28,76.35553253258436,2014,4
2014-04-29,76.82061244704872,2014,4
2014-04-30,76.55702004221043,2014,4
2014-05-01,76.53935303427977,2014,5
2014-05-02,76.17142686763594,2014,5
2014-05-03,75.70837415091768,2014,5
2014-05-04,75.48639935196019,2014,5
2014-05-05,75.19863994776036,2014,5
2014-05-06,75.65709487920671,2014,5
2014-05-07,75.49731994707973,2014,5
2014-05-08,75.4755353557303,2014,5
2014-05-09,75.37081673041305,2014,5
2014-05-10,75.51748418499601,2014,5
2014-05-11,75.41219060267247,2014,5
2014-05-12,75.30062956853327,2014,5
2014-05-13,75.21766771472689,2014,5
2014-05-14,75.26845144231372,2014,5
2014-05-15,75.40122315732695,2014,5
2014-05-16,75.65410030461611,2014,5
2014-05-17,75.6425655509626,2014,5
2014-05-18,75.85321961258774,2014,5
2014-05-19,76.00334046913345,2014,5
2014-05-20,75.99701541304563,2014,5
2014-05-21,76.33537987275328,2014,5
2014-05-22,76.34187778889215,2014,5
2014-05-23,76.8302465664682,2014,5
2014-05-24,76.35869306982649,2014,5
2014-05-25,75.88853901356168,2014,5
2014-05-26,75.4830004100788,2014,5
2014-05-27,75.51718198518631,2014,5
2014-05-28,75.9338041842119,2014,5
2014-05-29,76.4088742142762,2014,5
2014-05-30,76.27009532625885,2014,5
2014-05-31,76.29944507346946,2014,5
2014-06-01,75.97176248786118,2014,6
2014-06-02,76.2760221736598,2014,6
2014-06-03,76.18148118350537,2014,6
2014-06-04,76.59854479757182,2014,6
2014-06-05,76.82602630818164,2014,6
2014-06-06,76.87791370371437,2014,6
2014-06-07,76.83939606593783,2014,6
2014-06-08,76.7026268902281,2014,6
2014-06-09,76.35572598101714,2014,6
2014-06-10,76.49954654554325,2014,6
2014-06-11,76.46451904855103,2014,6
2014-06-12,76.03717665893625,2014,6
2014-06-13,75.89542897775742,2014,6
2014-06-14,75.77276131502519,2014,6
2014-06-15,75.79778968309476,2014,6
2014-06-16,76.24063556619019,2014,6
2014-06-17,75.75182123325065,2014,6
2014-06-18,75.10916994273428,2014,6
2014-06-19,75.3342499441761,2014,6
2014-06-20,75.22726871367519,2014,6
2014-06-21,75.17319176519412,2014,6
2014-06-22,75.11662680582921,2014,6
2014-06-23,75.25670186841892,2014,6
2014-06-24,75.47369970878455,2014,6
2014-06-25,75.48310478145925,2014,6
2014-06-26,75.38049464932098,2014,6
2014-06-27,75.44335054864672,2014,6
2014-06-28,75.34137574672401,2014,6
2014-06-29,75.33238313933683,2014,6
2014-06-30,75.21795422056523,2014,6
2014-07-01,74.98900179085341,2014,7
2014-07-02,75.02846033015918,2014,7
2014-07-03,74.8324130790122,2014,7
2014-07-04,74.91440147992739,2014,7
2014-07-05,74.95189592121477,2014,7
2014-07-06,74.8485193346138,2014,7
2014-07-07,75.10960549770375,2014,7
2014-07-08,75.11156435588593,2014,7
2014-07-09,75.22705590980311,2014,7
2014-07-10,75.13520776411708,2014,7
2014-07-11,75.08315182013358,2014,7
2014-07-12,74.9670248820611,2014,7
2014-07-13,74.82621943066627,2014,7
2014-07-14,74.49578623418213,2014,7
2014-07-15,74.24698873694686,2014,7
2014-07-16,74.02725677160221,2014,7
2014-07-17,73.97383828398281,2014,7
2014-07-18,73.81827493992238,2014,7
2014-07-19,73.78970828417647,2014,7
2014-07-20,73.92027052766056,2014,7
2014-07-21,73.97630058944384,2014,7
2014-07-22,73.93303893802138,2014,7
2014-07-23,73.728392026239,2014,7
2014-07-24,73.6880947501382,2014,7
2014-07-25,73.87332644111301,2014,7
2014-07-26,74.10986203256076,2014,7
2014-07-27,74.43245010327615,2014,7
2014-07-28,73.67038402996624,2014,7
2014-07-29,73.85053428324031,2014,7
2014-07-30,74.05126282104956,2014,7
2014-07-31,74.31409263172672,2014,7
2014-08-01,74.25429517528895,2014,8
2014-08-02,74.2378404637971,2014,8
2014-08-03,74.08161506939257,2014,8
2014-08-04,73.8462585622564,2014,8
2014-08-05,73.52272180112199,2014,8
2014-08-06,73.90833775232282,2014,8
2014-08-07,73.84933990401483,2014,8
2014-08-08,73.84235804357508,2014,8
2014-08-09,73.97115968681356,2014,8
2014-08-10,74.05078096583503,2014,8
2014-08-11,74.04581578089874,2014,8
2014-08-12,74.09134496328954,2014,8
2014-08-13,73.9934365537329,2014,8
2014-08-14,73.90385547135547,2014,8
2014-08-15,73.80666967856499,2014,8
2014-08-16,73.61571471636867,2014,8
2014-08-17,74.05067646758928,2014,8
2014-08-18,74.35999721107943,2014,8
2014-08-19,74.66306634510738,2014,8
2014-08-20,74.7337073499784,2014,8
2014-08-21,74.68016772210596,2014,8
2014-08-22,74.53332579567189,2014,8
2014-08-23,74.38609999775521,2014,8
2014-08-24,74.51603920185812,2014,8
2014-08-25,74.50310959903045,2014,8
2014-08-26,74.35165229960579,2014,8
2014-08-27,74.0526129792027,2014,8
2014-08-28,74.21192700181943,2014,8
2014-08-29,74.13042741040049,2014,8
2014-08-30,74.18651167400657,2014,8
2014-08-31,73.85103702103295,2014,8
2014-09-01,73.51758144395153,2014,9
2014-09-02,73.48221018563139,2014,9
2014-09-03,73.55236119649244,2014,9
2014-09-04,73.37335180161402,2014,9
2014-09-05,73.40940594226642,2014,9
2014-09-06,73.43105356636575,2014,9
2014-09-07,73.59887221254291,2014,9
2014-09-08,73.67444853949821,2014,9
2014-09-09,73.69962872335962,2014,9
2014-09-10,73.81470070010685,2014,9
2014-09-11,73.7513879884177,2014,9
2014-09-12,73.70585996009794,2014,9
2014-09-13,73.87301125298364,2014,9
2014-09-14,73.94981468654804,2014,9
2014-09-15,74.0578641084455,2014,9
2014-09-16,74.13219332624477,2014,9
2014-09-17,74.30759749888566,2014,9
2014-09-18,74.36705133247082,2014,9
2014-09-19,74.22750063463825,2014,9
2014-09-20,73.79991213618605,2014,9
2014-09-21,73.91754105437734,2014,9
2014-09-22,74.10618805541179,2014,9
2014-09-23,74.22169345464185,2014,9
2014-09-24,74.32081104699209,2014,9
2014-09-25,74.34737718832554,2014,9
2014-09-26,74.35237795816053,2014,9
2014-09-27,74.49214146296427,2014,9
2014-09-28,74.52464370578602,2014,9
2014-09-29,74.9186481536796,2014,9
2014-09-30,74.59658325564583,2014,9
2014-10-01,74.5702619791322,2014,10
2014-10-02,74.67977499396699,2014,10
2014-10-03,74.71210653601386,2014,10
2014-10-04,74.76493454330082,2014,10
2014-10-05,74.84649660572224,2014,10
2014-10-06,74.79365659931574,2014,10
2014-10-07,74.65905750383932,2014,10
2014-10-08,74.35322811886708,2014,10
2014-10-09,74.47025208050846,2014,10
2014-10-10,74.53663936244034,2014,10
2014-10-11,74.37031397805288,2014,10
2014-10-12,74.07971153782287,2014,10
2014-10-13,74.00902281822687,2014,10
2014-10-14,73.46428794938588,2014,10
2014-10-15,73.6883500423813,2014,10
2014-10-16,73.88810947657089,2014,10
2014-10-17,73.9431589231248,2014,10
2014-10-18,73.91758707368413,2014,10
2014-10-19,73.90260679459014,2014,10
2014-10-20,73.98479345750859,2014,10
2014-10-21,74.0676235343811,2014,10
2014-10-22,74.14514155892907,2014,10
2014-10-23,74.07640719063752,2014,10
2014-10-24,73.86909138293449,2014,10
2014-10-25,73.2304673461951,2014,10
2014-10-26,72.83885590018073,2014,10
2014-10-27,73.04263406639456,2014,10
2014-10-28,73.65692272076959,2014,10
2014-10-29,73.54645336917869,2014,10
2014-10-30,73.58276345376873,2014,10
2014-10-31,73.4409487491443,2014,10
2014-11-01,73.45480024975224,2014,11
2014-11-02,73.60858662752483,2014,11
2014-11-03,73.57112742533552,2014,11
2014-11-04,73.56154889555536,2014,11
2014-11-05,73.53345662820048,2014,11
2014-11-06,73.58676715824136,2014,11
2014-11-07,73.4678514841187,2014,11
2014-11-08,73.86407703311973,2014,11
2014-11-09,73.43357030365435,2014,11
2014-11-10,73.40384938017321,2014,11
2014-11-11,73.41534685232565,2014,11
2014-11-12,73.25218358266223,2014,11
2014-11-13,72.98286439900758,2014,11
2014-11-14,72.94494813760996,2014,11
2014-11-15,72.86162950321648,2014,11
2014-11-16,72.9167572162196,2014,11
2014-11-17,73.00881733203273,2014,11
2014-11-18,73.0218771958329,2014,11
2014-11-19,73.0135743553745,2014,11
2014-11-20,72.95340732303795,2014,11
2014-11-21,72.9252623341767,2014,11
2014-11-22,72.81789712037919,2014,11
2014-11-23,72.68515200187778,2014,11
2014-11-24,72.67724346783908,2014,11
2014-11-25,72.64492821009043,2014,11
2014-11-26,72.6140278276294,2014,11
2014-11-27,72.65187554612973,2014,11
2014-11-28,72.65524292354851,2014,11
2014-11-29,72.75135925845467,2014,11
2014-11-30,72.83583725462066,2014,11
2014-12-01,72.75046323319029,2014,12
2014-12-02,73.12453931848708,2014,12
2014-12-03,72.81670624645416,2014,12
2014-12-04,72.69567290362771,2014,12
2014-12-05,72.5092140382366,2014,12
2014-12-06,72.37892340722671,2014,12
2014-12-07,72.28922839770227,2014,12
2014-12-08,72.346469836261,2014,12
2014-12-09,72.306575275398,2014,12
2014-12-10,71.95590222791694,2014,12
2014-12-11,71.61516818941664,2014,12
2014-12-12,71.55094350664373,2014,12
2014-12-13,71.0289265524675,2014,12
2014-12-14,70.81144053409729,2014,12
2014-12-15,71.05953174913482,2014,12
2014-12-16,71.10893821897392,2014,12
2014-12-17,70.87382212656252,2014,12
2014-12-18,70.82403572057004,2014,12
2014-12-19,70.98265339347131,2014,12
2014-12-20,70.77207579750764,2014,12
2014-12-21,70.8334922679263,2014,12
2014-12-22,70.89787230165636,2014,12
2014-12-23,71.0038554721931,2014,12
2014-12-24,71.09341122515323,2014,12
2014-12-25,71.04981134713495,2014,12
2014-12-26,70.77984491140786,2014,12
2014-12-27,70.94471040854035,2014,12
2014-12-28,70.78957159167454,2014,12
2014-12-29,70.89419638304285,2014,12
2014-12-30,70.87132168393286,2014,12
2014-12-31,71.32452748492722,2014,12
2015-01-01,70.7521551043853,2015,1
2015-01-02,70.79775505682517,2015,1
2015-01-03,70.7358799381817,2015,1
2015-01-04,70.95790003598191,2015,1
2015-01-05,71.15899794987675,2015,1
2015-01-06,71.20754528167093,2015,1
2015-01-07,71.19877982928718,2015,1
2015-01-08,71.1144337621078,2015,1
2015-01-09,71.36496281943155,2015,1
2015-01-10,71.40304888884917,2015,1
2015-01-11,71.00486237877848,2015,1
2015-01-12,71.10369297923442,2015,1
2015-01-13,71.12916533204435,2015,1
2015-01-14,70.9217120232804,2015,1
2015-01-15,71.09286133048562,2015,1
2015-01-16,71.14036370220617,2015,1
2015-01-17,71.07841683054355,2015,1
2015-01-18,71.00379971216974,2015,1
2015-01-19,71.06750745493672,2015,1
2015-01-20,71.02752030720333,2015,1
2015-01-21,71.06670052454567,2015,1
2015-01-22,70.96706420118079,2015,1
2015-01-23,71.08319126785692,2015,1
2015-01-24,71.02776680951064,2015,1
2015-01-25,70.95331654295093,2015,1
2015-01-26,70.97059144968928,2015,1
2015-01-27,70.9821068186909,2015,1
2015-01-28,70.85587565526886,2015,1
2015-01-29,70.97348444669862,2015,1
2015-01-30,71.13792418656928,2015,1
2015-01-31,71.46525324708107,2015,1
2015-02-01,71.69916463663388,2015,2
2015-02-02,72.0593423309534,2015,2
2015-02-03,72.26483007367389,2015,2
2015-02-04,72.00825260964059,2015,2
2015-02-05,71.89851157012028,2015,2
2015-02-06,71.99163994381826,2015,2
2015-02-07,72.10256953509484,2015,2
2015-02-08,71.9474662465879,2015,2
2015-02-09,72.06411765050807,2015,2
2015-02-10,72.1137571536329,2015,2
2015-02-11,72.10582641297039,2015,2
2015-02-12,72.2580323824337,2015,2
2015-02-13,72.94485522849787,2015,2
2015-02-14,72.85584123271072,2015,2
2015-02-15,73.46723413097037,2015,2
2015-02-16,73.56156689128674,2015,2
2015-02-17,73.06916048237501,2015,2
2015-02-18,73.12059639821753,2015,2
2015-02-19,72.9576732862262,2015,2
2015-02-20,73.02659854773894,2015,2
2015-02-21,73.4018366980587,2015,2
2015-02-22,73.58823795655479,2015,2
2015-02-23,73.76175300085737,2015,2
2015-02-24,73.95407432585588,2015,2
2015-02-25,73.22127891523934,2015,2
2015-02-26,72.89209131260034,2015,2
2015-02-27,72.98162566136183,2015,2
2015-02-28,72.87291151621623,2015,2
2015-03-01,71.22979353934733,2015,3
2015-03-02,71.44534874506164,2015,3
2015-03-03,71.9772881118909,2015,3
2015-03-04,72.1448020505949,2015,3
2015-03-05,72.4403174391298,2015,3
2015-03-06,73.19264554943112,2015,3
2015-03-07,72.89103452924616,2015,3
2015-03-08,72.97333976665793,2015,3
2015-03-09,72.91568105065912,2015,3
2015-03-10,73.18689733524893,2015,3
2015-03-11,73.50116069978398,2015,3
2015-03-12,73.56504205864996,2015,3
2015-03-13,73.8701986776745,2015,3
2015-03-14,73.35150147025313,2015,3
2015-03-15,72.95431655143601,2015,3
2015-03-16,73.42015763239866,2015,3
2015-03-17,73.32769322642034,2015,3
2015-03-18,73.44285778734071,2015,3
2015-03-19,73.7930043998434,2015,3
2015-03-20,74.53615488409305,2015,3
2015-03-21,74.57571263220186,2015,3
2015-03-22,74.87647039164145,2015,3
2015-03-23,75.06532015039664,2015,3
2015-03-24,75.48372574117685,2015,3
2015-03-25,75.25584845518871,2015,3
2015-03-26,75.52249969952193,2015,3
2015-03-27,75.02856874717308,2015,3
2015-03-28,75.1389216011281,2015,3
2015-03-29,75.08706659401598,2015,3
2015-03-30,74.27346480775176,2015,3
2015-03-31,74.16386233340306,2015,3
2015-04-01,74.37326174586008,2015,4
2015-04-02,74.57790502811392,2015,4
2015-04-03,74.49544318853158,2015,4
2015-04-04,74.20752843526037,2015,4
2015-04-05,74.24864618152671,2015,4
2015-04-06,74.38656509499096,2015,4
2015-04-07,74.15563281292465,2015,4
2015-04-08,74.56707238364979,2015,4
2015-04-09,74.867552723583,2015,4
2015-04-10,75.05973284067235,2015,4
2015-04-11,74.77388651952724,2015,4
2015-04-12,73.7716241738947,2015,4
2015-04-13,73.63150997153959,2015,4
2015-04-14,73.92841002204146,2015,4
2015-04-15,74.22644270636347,2015,4
2015-04-16,74.36769044389963,2015,4
2015-04-17,74.94957381811777,2015,4
2015-04-18,75.29591981077402,2015,4
2015-04-19,75.62004407037996,2015,4
2015-04-20,75.65282328428108,2015,4
2015-04-21,75.72638970307929,2015,4
2015-04-22,75.76758726452186,2015,4
2015-04-23,75.66497317874295,2015,4
2015-04-24,75.41078644437323,2015,4
2015-04-25,75.09941331317786,2015,4
2015-04-26,75.04600104056284,2015,4
2015-04-27,76.14804263796529,2015,4
2015-04-28,75.40132101409264,2015,4
2015-04-29,75.44591143121029,2015,4
2015-04-30,76.14595772077271,2015,4
2015-05-01,75.69425869517485,2015,5
2015-05-02,75.88052619508828,2015,5
2015-05-03,75.95588296387906,2015,5
2015-05-04,76.00536242609675,2015,5
2015-05-05,76.33077204856949,2015,5
2015-05-06,76.21401109368873,2015,5
2015-05-07,76.19500121954613,2015,5
2015-05-08,76.23056007281777,2015,5
2015-05-09,76.25492463267906,2015,5
2015-05-10,75.99605983250801,2015,5
2015-05-11,75.76345155938174,2015,5
2015-05-12,75.37103867733853,2015,5
2015-05-13,75.32499898668311,2015,5
2015-05-14,75.21837445888532,2015,5
2015-05-15,75.28989088235163,2015,5
2015-05-16,75.45770012321005,2015,5
2015-05-17,75.74987526700743,2015,5
2015-05-18,76.15200704011194,2015,5
2015-05-19,76.35769590291238,2015,5
2015-05-20,76.4475456017636,2015,5
2015-05-21,76.74576516011054,2015,5
2015-05-22,76.84966200798239,2015,5
2015-05-23,76.7533765354155,2015,5
2015-05-24,76.6398367397529,2015,5
2015-05-25,76.4795956603993,2015,5
2015-05-26,76.4860263253883,2015,5
2015-05-27,76.45787258256136,2015,5
2015-05-28,76.32832429050904,2015,5
2015-05-29,76.55083992992138,2015,5
2015-05-30,76.43384793870466,2015,5
2015-05-31,76.32673079220109,2015,5
2015-06-01,75.68840760049197,2015,6
2015-06-02,75.5860435041011,2015,6
2015-06-03,75.34286490910175,2015,6
2015-06-04,75.3665905351783,2015,6
2015-06-05,75.54510154940036,2015,6
2015-06-06,75.82282621664062,2015,6
2015-06-07,76.1282902389987,2015,6
2015-06-08,76.0665150595098,2015,6
2015-06-09,75.78505149642034,2015,6
2015-06-10,75.72632720585344,2015,6
2015-06-11,75.46451780314086,2015,6
2015-06-12,75.14820393270313,2015,6
2015-06-13,74.80763654673537,2015,6
2015-06-14,74.46593382966789,2015,6
2015-06-15,74.6090583233767,2015,6
2015-06-16,74.80896111109529,2015,6
2015-06-17,75.0117036561392,2015,6
2015-06-18,75.12593123541554,2015,6
2015-06-19,75.32215892755478,2015,6
2015-06-20,74.9554836152854,2015,6
2015-06-21,74.64827587994385,2015,6
2015-06-22,74.53154593798423,2015,6
2015-06-23,74.5406351916411,2015,6
2015-06-24,74.76416385277308,2015,6
2015-06-25,74.2479050612629,2015,6
2015-06-26,74.61890822256217,2015,6
2015-06-27,74.83014839206017,2015,6
2015-06-28,74.93768705386276,2015,6
2015-06-29,74.67200910961792,2015,6
2015-06-30,74.55679083628705,2015,6
2015-07-01,74.70289811271073,2015,7
2015-07-02,74.84178065269211,2015,7
2015-07-03,75.04555906990156,2015,7
2015-07-04,75.27861525620207,2015,7
2015-07-05,75.16575542347455,2015,7
2015-07-06,74.66887431924688,2015,7
2015-07-07,74.60270605706631,2015,7
2015-07-08,74.54714760245803,2015,7
2015-07-09,74.42138367000128,2015,7
2015-07-10,73.82290057451343,2015,7
2015-07-11,74.0231573426438,2015,7
2015-07-12,74.40349367296854,2015,7
2015-07-13,74.7780171147737,2015,7
2015-07-14,74.99376750095274,2015,7
2015-07-15,74.66808489498068,2015,7
2015-07-16,74.47979375061985,2015,7
2015-07-17,74.32777331628222,2015,7
2015-07-18,74.31782426196496,2015,7
2015-07-19,74.24569425884229,2015,7
2015-07-20,73.97413836875648,2015,7
2015-07-21,74.12026894620922,2015,7
2015-07-22,74.06563704525881,2015,7
2015-07-23,74.51975504811176,2015,7
2015-07-24,74.03118094725394,2015,7
2015-07-25,74.02174916366837,2015,7
2015-07-26,73.90524845593836,2015,7
2015-07-27,74.01690392308412,2015,7
2015-07-28,74.02216711648568,2015,7
2015-07-29,74.18247053235704,2015,7
2015-07-30,74.13379992748422,2015,7
2015-07-31,73.91015760885836,2015,7
2015-08-01,73.6893810255951,2015,8
2015-08-02,73.95811344352747,2015,8
2015-08-03,73.92605582933187,2015,8
2015-08-04,73.9598257707057,2015,8
2015-08-05,73.89004781636615,2015,8
2015-08-06,73.99117510026305,2015,8
2015-08-07,74.05708311110554,2015,8
2015-08-08,74.22243138538516,2015,8
2015-08-09,74.24724061615962,2015,8
2015-08-10,74.43977290184483,2015,8
2015-08-11,74.26647180353974,2015,8
2015-08-12,73.98950686888278,2015,8
2015-08-13,73.97529727867214,2015,8
2015-08-14,74.15113299470346,2015,8
2015-08-15,74.17762297107488,2015,8
2015-08-16,73.9070499181801,2015,8
2015-08-17,74.05863339332629,2015,8
2015-08-18,74.07556337932806,2015,8
2015-08-19,74.1505018162996,2015,8
2015-08-20,73.94667709471257,2015,8
2015-08-21,73.98909351997574,2015,8
2015-08-22,73.9035809173017,2015,8
2015-08-23,74.17739688115482,2015,8
2015-08-24,74.37341529623225,2015,8
2015-08-25,74.42895354611886,2015,8
2015-08-26,74.3938747689916,2015,8
2015-08-27,74.34339277634946,2015,8
2015-08-28,74.1993654317567,2015,8
2015-08-29,74.20786152358535,2015,8
2015-08-30,74.19040121052599,2015,8
2015-08-31,74.20384412598143,2015,8
2015-09-01,74.28934165786279,2015,9
2015-09-02,74.46618142388641,2015,9
2015-09-03,74.40814491689684,2015,9
2015-09-04,74.64987133452378,2015,9
2015-09-05,74.72110762608996,2015,9
2015-09-06,74.55117562421559,2015,9
2015-09-07,74.42488645209228,2015,9
2015-09-08,74.49610933604066,2015,9
2015-09-09,74.64399748113583,2015,9
2015-09-10,74.79532377349206,2015,9
2015-09-11,74.7563257152822,2015,9
2015-09-12,74.73687680131937,2015,9
2015-09-13,74.79104208701159,2015,9
2015-09-14,74.71760491542341,2015,9
2015-09-15,74.48355388514675,2015,9
2015-09-16,74.38530818951901,2015,9
2015-09-17,74.4406941141662,2015,9
2015-09-18,74.46877546401625,2015,9
2015-09-19,74.32497788565557,2015,9
2015-09-20,73.66677561417575,2015,9
2015-09-21,73.74345097331401,2015,9
2015-09-22,74.15799126771762,2015,9
2015-09-23,73.9502945150784,2015,9
2015-09-24,74.15919178950385,2015,9
2015-09-25,74.45646108328651,2015,9
2015-09-26,74.28560224308497,2015,9
2015-09-27,74.41541549940413,2015,9
2015-09-28,74.49500791712777,2015,9
2015-09-29,74.63071109800161,2015,9
2015-09-30,74.68438307323434,2015,9
2015-10-01,74.89141614563444,2015,10
2015-10-02,74.8468057481486,2015,10
2015-10-03,74.75254001265549,2015,10
2015-10-04,74.75232986861788,2015,10
2015-10-05,74.72654338471439,2015,10
2015-10-06,74.77176231364709,2015,10
2015-10-07,74.7410475438808,2015,10
2015-10-08,74.69288292622286,2015,10
2015-10-09,74.80725917330602,2015,10
2015-10-10,74.82421626023503,2015,10
2015-10-11,74.6997637338715,2015,10
2015-10-12,74.63432069472265,2015,10
2015-10-13,75.11420833390976,2015,10
2015-10-14,74.75116482216876,2015,10
2015-10-15,74.36925281905852,2015,10
2015-10-16,74.47217047999588,2015,10
2015-10-17,74.94599783215148,2015,10
2015-10-18,74.69640212805946,2015,10
2015-10-19,75.13563028855918,2015,10
2015-10-20,74.6526615613386,2015,10
2015-10-21,74.58308999991108,2015,10
2015-10-22,74.41834432873077,2015,10
2015-10-23,74.42798795247829,2015,10
2015-10-24,74.27469450183189,2015,10
2015-10-25,74.3574164446073,2015,10
2015-10-26,74.3368313201723,2015,10
2015-10-27,73.86232166634385,2015,10
2015-10-28,73.40479411957327,2015,10
2015-10-29,73.03564341705399,2015,10
2015-10-30,72.95982407857929,2015,10
2015-10-31,73.20329446478866,2015,10
2015-11-01,73.36960272946004,2015,11
2015-11-02,73.54825074559629,2015,11
2015-11-03,73.56787473198561,2015,11
2015-11-04,73.90686495330705,2015,11
2015-11-05,73.27165051105051,2015,11
2015-11-06,73.36480745381236,2015,11
2015-11-07,73.43211547825692,2015,11
2015-11-08,73.24806912170732,2015,11
2015-11-09,73.05662870971588,2015,11
2015-11-10,72.97192704442143,2015,11
2015-11-11,73.22198137072564,2015,11
2015-11-12,73.41369744383306,2015,11
2015-11-13,73.42568688058367,2015,11
2015-11-14,73.38421062732735,2015,11
2015-11-15,73.29419463969275,2015,11
2015-11-16,73.05287855632083,2015,11
2015-11-17,72.90024823139731,2015,11
2015-11-18,72.86131318465065,2015,11
2015-11-19,72.97658613885368,2015,11
2015-11-20,73.00789226467833,2015,11
2015-11-21,73.23700673846388,2015,11
2015-11-22,72.97244060758575,2015,11
2015-11-23,72.9604671129229,2015,11
2015-11-24,72.97333026812706,2015,11
2015-11-25,72.98735829715376,2015,11
2015-11-26,72.97290759203709,2015,11
2015-11-27,72.5592085467575,2015,11
2015-11-28,72.47380136128622,2015,11
2015-11-29,72.73517067911834,2015,11
2015-11-30,72.87121320787095,2015,11
2015-12-01,72.84109564732236,2015,12
2015-12-02,72.50730864222295,2015,12
2015-12-03,72.40574050075733,2015,12
2015-12-04,72.55941824762047,2015,12
2015-12-05,72.60056503342301,2015,12
2015-12-06,72.55297811500188,2015,12
2015-12-07,72.5212150600148,2015,12
2015-12-08,72.42117531834869,2015,12
2015-12-09,72.24917223539377,2015,12
2015-12-10,72.17740589456871,2015,12
2015-12-11,71.68282188402947,2015,12
2015-12-12,71.90019022757559,2015,12
2015-12-13,71.59837374287115,2015,12
2015-12-14,71.50834394074789,2015,12
2015-12-15,71.43841550194814,2015,12
2015-12-16,71.5885904449878,2015,12
2015-12-17,71.48272909263697,2015,12
2015-12-18,71.34739052831742,2015,12
2015-12-19,71.49632082492107,2015,12
2015-12-20,71.52083531312859,2015,12
2015-12-21,71.3543765367641,2015,12
2015-12-22,71.35405731349022,2015,12
2015-12-23,71.20965435332137,2015,12
2015-12-24,70.97961328014256,2015,12
2015-12-25,70.92909888896871,2015,12
2015-12-26,71.29066588924621,2015,12
2015-12-27,71.80370615037208,2015,12
2015-12-28,72.31605803939553,2015,12
2015-12-29,72.54109703704917,2015,12
2015-12-30,72.57214893802592,2015,12
2015-12-31,73.5172360421955,2015,12
2016-01-01,72.33684166303625,2016,1
2016-01-02,72.37275096734753,2016,1
2016-01-03,72.19749202683505,2016,1
2016-01-04,72.13062665640633,2016,1
2016-01-05,72.24267768970783,2016,1
2016-01-06,72.16674544929185,2016,1
2016-01-07,72.19056761549,2016,1
2016-01-08,72.04606275311234,2016,1
2016-01-09,71.82255418918149,2016,1
2016-01-10,72.00247534101544,2016,1
2016-01-11,72.01685922179831,2016,1
2016-01-12,72.35470125898553,2016,1
2016-01-13,71.7440885323759,2016,1
2016-01-14,71.93747597180698,2016,1
2016-01-15,71.39048967738948,2016,1
2016-01-16,71.27270020045381,2016,1
2016-01-17,71.24602505794203,2016,1
2016-01-18,71.16107914072927,2016,1
2016-01-19,70.70932236788757,2016,1
2016-01-20,70.31668958587818,2016,1
2016-01-21,70.60707414687832,2016,1
2016-01-22,70.82107882664059,2016,1
2016-01-23,71.00337363904802,2016,1
2016-01-24,71.16567303035873,2016,1
2016-01-25,71.27930134596443,2016,1
2016-01-26,71.54526491791023,2016,1
2016-01-27,71.79598689238117,2016,1
2016-01-28,72.09039493105999,2016,1
2016-01-29,72.63089619744643,2016,1
2016-01-30,72.51400915950927,2016,1
2016-01-31,72.43687566713224,2016,1
2016-02-01,72.40797314832587,2016,2
2016-02-02,72.3730497602234,2016,2
2016-02-03,72.16147912345545,2016,2
2016-02-04,72.21553872956703,2016,2
2016-02-05,72.84849869172322,2016,2
2016-02-06,72.92692736310511,2016,2
2016-02-07,72.40079112881192,2016,2
2016-02-08,72.41658388295953,2016,2
2016-02-09,72.45916494671972,2016,2
2016-02-10,72.56936619797453,2016,2
2016-02-11,72.25964103656202,2016,2
2016-02-12,72.48167399163721,2016,2
2016-02-13,72.49334443780938,2016,2
2016-02-14,72.58516695839266,2016,2
2016-02-15,72.64307259113895,2016,2
2016-02-16,72.75329915358932,2016,2
2016-02-17,73.17019542358005,2016,2
2016-02-18,73.38261797076935,2016,2
2016-02-19,73.59127432398626,2016,2
2016-02-20,73.49099205528171,2016,2
2016-02-21,73.45512076919529,2016,2
2016-02-22,73.73219033066907,2016,2
2016-02-23,73.68837330758355,2016,2
2016-02-24,73.67947987709958,2016,2
2016-02-25,73.66341107043885,2016,2
2016-02-26,73.61631285846204,2016,2
2016-02-27,73.74188832684538,2016,2
2016-02-28,74.30770814777358,2016,2
2016-02-29,73.95920042881838,2016,2
2016-03-01,74.00790177509569,2016,3
2016-03-02,74.14884464187371,2016,3
2016-03-03,74.26468092717441,2016,3
2016-03-04,74.28434397530033,2016,3
2016-03-05,73.92492180287935,2016,3
2016-03-06,73.67136261107017,2016,3
2016-03-07,73.80918474712195,2016,3
2016-03-08,73.9371445168816,2016,3
2016-03-09,74.1087530690966,2016,3
2016-03-10,74.34457767937198,2016,3
2016-03-11,74.31329298690497,2016,3
2016-03-12,73.77216962700386,2016,3
2016-03-13,73.3446623903941,2016,3
2016-03-14,73.47451392366399,2016,3
2016-03-15,73.79696985286347,2016,3
2016-03-16,73.95521589556061,2016,3
2016-03-17,73.98605574799763,2016,3
2016-03-18,74.44422505893218,2016,3
2016-03-19,75.0423067914871,2016,3
2016-03-20,74.86432992012091,2016,3
2016-03-21,74.66523453818984,2016,3
2016-03-22,74.67290000974592,2016,3
2016-03-23,75.02396056360271,2016,3
2016-03-24,75.25637170994219,2016,3
2016-03-25,75.17475578087819,2016,3
2016-03-26,75.4860023190159,2016,3
2016-03-27,74.85077537975894,2016,3
2016-03-28,74.6951108219479,2016,3
2016-03-29,74.96665403389724,2016,3
2016-03-30,75.26852941242649,2016,3
2016-03-31,75.23198512636314,2016,3
2016-04-01,75.20438969189688,2016,4
2016-04-02,75.52983803241212,2016,4
2016-04-03,75.68381002308652,2016,4
2016-04-04,75.51043644125176,2016,4
2016-04-05,75.31228960341794,2016,4
2016-04-06,75.20760500064074,2016,4
2016-04-07,75.2353256555864,2016,4
2016-04-08,75.50692528952612,2016,4
2016-04-09,75.47672170919321,2016,4
2016-04-10,75.74941698961123,2016,4
2016-04-11,75.58865395054151,2016,4
2016-04-12,75.74351425701396,2016,4
2016-04-13,75.95498109099056,2016,4
2016-04-14,76.18316390295361,2016,4
2016-04-15,76.34808677106186,2016,4
2016-04-16,76.34098003795219,2016,4
2016-04-17,75.82168236856533,2016,4
2016-04-18,75.8122660486306,2016,4
2016-04-19,75.83632397803068,2016,4
2016-04-20,76.05984327350308,2016,4
2016-04-21,76.08956070596588,2016,4
2016-04-22,75.9529095419651,2016,4
2016-04-23,75.82373179272417,2016,4
2016-04-24,75.9781092604164,2016,4
2016-04-25,76.17227779825281,2016,4
2016-04-26,76.32119224044145,2016,4
2016-04-27,76.32925096254526,2016,4
2016-04-28,76.43630697397313,2016,4
2016-04-29,76.58795925590891,2016,4
2016-04-30,76.56342188509191,2016,4
2016-05-01,76.66401021177094,2016,5
2016-05-02,76.56213845886444,2016,5
2016-05-03,76.11382049065499,2016,5
2016-05-04,75.70926673579,2016,5
2016-05-05,75.41757657874513,2016,5
2016-05-06,75.29363689104824,2016,5
2016-05-07,75.67174575812936,2016,5
2016-05-08,76.02475859520071,2016,5
2016-05-09,76.39638062358348,2016,5
2016-05-10,76.09470500839835,2016,5
2016-05-11,75.99097920467574,2016,5
2016-05-12,76.2895569662688,2016,5
2016-05-13,76.27920376337026,2016,5
2016-05-14,76.29547820210966,2016,5
2016-05-15,76.28837118655977,2016,5
2016-05-16,76.1649768856764,2016,5
2016-05-17,76.26952833822136,2016,5
2016-05-18,76.28409050052186,2016,5
2016-05-19,76.4681585801401,2016,5
2016-05-20,76.08572999177882,2016,5
2016-05-21,76.15670543170592,2016,5
2016-05-22,76.35036704324703,2016,5
2016-05-23,76.24909657789703,2016,5
2016-05-24,75.79080216568205,2016,5
2016-05-25,75.91969773576294,2016,5
2016-05-26,76.04221074632272,2016,5
2016-05-27,76.0766941410804,2016,5
2016-05-28,76.04770244369017,2016,5
2016-05-29,75.54787436358014,2016,5
2016-05-30,75.48850405254156,2016,5
2016-05-31,76.23160143822258,2016,5
2016-06-01,76.19404178072763,2016,6
2016-06-02,76.11966839618339,2016,6
2016-06-03,76.40520587186572,2016,6
2016-06-04,76.25196261164287,2016,6
2016-06-05,76.24579025706144,2016,6
2016-06-06,76.06901017320601,2016,6
2016-06-07,75.91895462290954,2016,6
2016-06-08,75.69393830109031,2016,6
2016-06-09,75.71892993655123,2016,6
2016-06-10,76.01325884435595,2016,6
2016-06-11,75.7467966417867,2016,6
2016-06-12,75.64700679506991,2016,6
2016-06-13,75.56020897026025,2016,6
2016-06-14,75.52135243603989,2016,6
2016-06-15,75.4779754549315,2016,6
2016-06-16,75.63997055607288,2016,6
2016-06-17,75.36068065476029,2016,6
2016-06-18,74.9428036675906,2016,6
2016-06-19,75.07097438196,2016,6
2016-06-20,75.03972189888705,2016,6
2016-06-21,74.84042294398648,2016,6
2016-06-22,74.69894506279101,2016,6
2016-06-23,74.90651620800037,2016,6
2016-06-24,75.00831242946228,2016,6
2016-06-25,74.9292692746611,2016,6
2016-06-26,74.98813020746506,2016,6
2016-06-27,74.85409876999121,2016,6
2016-06-28,74.39642984473507,2016,6
2016-06-29,74.6135227099994,2016,6
2016-06-30,74.7720599154734,2016,6
2016-07-01,74.69059392409758,2016,7
2016-07-02,73.98174614593552,2016,7
2016-07-03,73.90845008563748,2016,7
2016-07-04,73.93722439799255,2016,7
2016-07-05,74.08561724853968,2016,7
2016-07-06,74.12236100683832,2016,7
2016-07-07,74.21116952158104,2016,7
2016-07-08,74.25537219171527,2016,7
2016-07-09,73.98573969120712,2016,7
2016-07-10,74.03624124786965,2016,7
2016-07-11,73.94468727477415,2016,7
2016-07-12,73.95564849260303,2016,7
2016-07-13,74.22927168132,2016,7
2016-07-14,74.25974833812018,2016,7
2016-07-15,74.0750778601536,2016,7
2016-07-16,73.5774263992726,2016,7
2016-07-17,73.55280780021283,2016,7
2016-07-18,73.64944503238914,2016,7
2016-07-19,73.79745628483492,2016,7
2016-07-20,74.21805766412548,2016,7
2016-07-21,74.15988934347094,2016,7
2016-07-22,73.84384086739547,2016,7
2016-07-23,73.94090188552384,2016,7
2016-07-24,74.13183713144834,2016,7
2016-07-25,74.1986530808708,2016,7
2016-07-26,74.0396388334359,2016,7
2016-07-27,73.44440491052154,2016,7
2016-07-28,73.74106562908231,2016,7
2016-07-29,73.8665672107892,2016,7
2016-07-30,73.82860174209709,2016,7
2016-07-31,74.67713307350292,2016,7
2016-08-01,73.76044186640382,2016,8
2016-08-02,73.62691554783461,2016,8
2016-08-03,73.82528132865109,2016,8
2016-08-04,73.95689770590377,2016,8
2016-08-05,73.96787408202145,2016,8
2016-08-06,73.68502481915998,2016,8
2016-08-07,73.5576180391053,2016,8
2016-08-08,73.96587104273478,2016,8
2016-08-09,73.84759990126645,2016,8
2016-08-10,73.55520299184909,2016,8
2016-08-11,73.79211722776888,2016,8
2016-08-12,73.88793915257955,2016,8
2016-08-13,74.03062316177181,2016,8
2016-08-14,74.07931747307374,2016,8
2016-08-15,74.04856627071213,2016,8
2016-08-16,74.02113072240621,2016,8
2016-08-17,73.92577089018927,2016,8
2016-08-18,74.03812149484308,2016,8
2016-08-19,74.1329054550737,2016,8
2016-08-20,74.17494036196648,2016,8
2016-08-21,74.16261837630644,2016,8
2016-08-22,73.92653777267232,2016,8
2016-08-23,73.94615217988523,2016,8
2016-08-24,74.10516990721523,2016,8
2016-08-25,74.10841020613366,2016,8
2016-08-26,74.18859147469679,2016,8
2016-08-27,74.13518002714461,2016,8
2016-08-28,74.2696504939516,2016,8
2016-08-29,74.1533047559061,2016,8
2016-08-30,73.95536618403828,2016,8
2016-08-31,73.74953622468621,2016,8
2016-09-01,73.77031608300264,2016,9
2016-09-02,73.83986144688409,2016,9
2016-09-03,73.87120486870829,2016,9
2016-09-04,73.8672196668196,2016,9
2016-09-05,73.87307648132166,2016,9
2016-09-06,73.89741586690766,2016,9
2016-09-07,74.02714957290479,2016,9
2016-09-08,74.0963878086662,2016,9
2016-09-09,74.2201679800162,2016,9
2016-09-10,74.20781316151879,2016,9
2016-09-11,73.94402068392091,2016,9
2016-09-12,73.90456772547225,2016,9
2016-09-13,73.98318534208151,2016,9
2016-09-14,73.99031057716846,2016,9
2016-09-15,74.19016825361265,2016,9
2016-09-16,74.3355787918019,2016,9
2016-09-17,74.32379193309693,2016,9
2016-09-18,74.33364882870949,2016,9
2016-09-19,74.3176951157671,2016,9
2016-09-20,74.22028703509874,2016,9
2016-09-21,74.09199402334363,2016,9
2016-09-22,73.84694339137731,2016,9
2016-09-23,73.90427457844469,2016,9
2016-09-24,73.8350649758713,2016,9
2016-09-25,73.85122024698238,2016,9
2016-09-26,73.98560773207201,2016,9
2016-09-27,74.16834809873502,2016,9
2016-09-28,74.26572195347842,2016,9
2016-09-29,74.15218077903832,2016,9
2016-09-30,74.13301653124486,2016,9
2016-10-01,74.16797697059091,2016,10
2016-10-02,74.32297674972682,2016,10
2016-10-03,74.42824826143291,2016,10
2016-10-04,74.3331621692238,2016,10
2016-10-05,74.06762497839678,2016,10
2016-10-06,74.00969184220024,2016,10
2016-10-07,74.13642601987885,2016,10
2016-10-08,74.00065706891154,2016,10
2016-10-09,73.92726982198327,2016,10
2016-10-10,74.03802704272204,2016,10
2016-10-11,74.02685663788796,2016,10
2016-10-12,73.98322424448959,2016,10
2016-10-13,74.0953562651807,2016,10
2016-10-14,74.22786733601917,2016,10
2016-10-15,74.29964062103937,2016,10
2016-10-16,74.33197461786924,2016,10
2016-10-17,74.31511256092593,2016,10
2016-10-18,74.369251871404,2016,10
2016-10-19,74.33355865172041,2016,10
2016-10-20,74.2440630029553,2016,10
2016-10-21,74.06244089376344,2016,10
2016-10-22,74.15277429899949,2016,10
2016-10-23,74.12897303814069,2016,10
2016-10-24,74.169561086716,2016,10
2016-10-25,73.94685339716769,2016,10
2016-10-26,74.0261973699541,2016,10
2016-10-27,73.91725122578043,2016,10
2016-10-28,73.92823281049365,2016,10
2016-10-29,73.87935037058715,2016,10
2016-10-30,73.75224205415321,2016,10
2016-10-31,73.76107979839291,2016,10
2016-11-01,73.69213584344122,2016,11
2016-11-02,73.7165512149286,2016,11
2016-11-03,73.70557621433404,2016,11
2016-11-04,73.45644582127997,2016,11
2016-11-05,73.29077973797972,2016,11
2016-11-06,73.33584206197577,2016,11
2016-11-07,73.36130491909988,2016,11
2016-11-08,73.37312925690001,2016,11
2016-11-09,73.4533592377112,2016,11
2016-11-10,73.43713221010427,2016,11
2016-11-11,73.49464011398257,2016,11
2016-11-12,73.18913862318244,2016,11
2016-11-13,73.1789169547297,2016,11
2016-11-14,73.09453538148011,2016,11
2016-11-15,73.03715915772625,2016,11
2016-11-16,73.02971727939014,2016,11
2016-11-17,72.9907806269808,2016,11
2016-11-18,73.0052143048216,2016,11
2016-11-19,73.17311920395018,2016,11
2016-11-20,73.10717048356699,2016,11
2016-11-21,73.13963366479153,2016,11
2016-11-22,73.20047810747894,2016,11
2016-11-23,73.13108014840927,2016,11
2016-11-24,73.01814297789164,2016,11
2016-11-25,73.19426968902737,2016,11
2016-11-26,73.23160851478163,2016,11
2016-11-27,73.30069261703706,2016,11
2016-11-28,73.25151976418947,2016,11
2016-11-29,73.06836467148702,2016,11
2016-11-30,72.87542392692762,2016,11
2016-12-01,72.58509761106943,2016,12
2016-12-02,72.4800311131989,2016,12
2016-12-03,72.4963716712731,2016,12
2016-12-04,72.55497908176896,2016,12
2016-12-05,72.47611926922502,2016,12
2016-12-06,72.41526851218252,2016,12
2016-12-07,72.27089625976917,2016,12
2016-12-08,72.23646724531557,2016,12
2016-12-09,72.24645262549309,2016,12
2016-12-10,72.14026546057676,2016,12
2016-12-11,72.34558996975538,2016,12
2016-12-12,72.24317735912004,2016,12
2016-12-13,72.00192179504693,2016,12
2016-12-14,71.9288421341868,2016,12
2016-12-15,72.1685396886014,2016,12
2016-12-16,72.1436498197614,2016,12
2016-12-17,72.12618429082727,2016,12
2016-12-18,72.06627963308205,2016,12
2016-12-19,72.04949977259183,2016,12
2016-12-20,72.03114445592736,2016,12
2016-12-21,72.32695238008495,2016,12
2016-12-22,72.39939156445112,2016,12
2016-12-23,72.45856466805755,2016,12
2016-12-24,72.29841538748647,2016,12
2016-12-25,72.03081999620787,2016,12
2016-12-26,71.79791250543128,2016,12
2016-12-27,71.9061781256147,2016,12
2016-12-28,72.04232810366055,2016,12
2016-12-29,72.09745576679161,2016,12
2016-12-30,72.3850148506017,2016,12
2016-12-31,72.39503019657974,2016,12
2017-01-01,71.69761345505499,2017,1
2017-01-02,71.60936822863914,2017,1
2017-01-03,71.56975912300949,2017,1
2017-01-04,71.61652464896055,2017,1
2017-01-05,71.7466164554856,2017,1
2017-01-06,71.43020776292403,2017,1
2017-01-07,71.13189771306638,2017,1
2017-01-08,71.23413368764515,2017,1
2017-01-09,71.1800005606613,2017,1
2017-01-10,70.67810539685053,2017,1
2017-01-11,70.67595481066742,2017,1
2017-01-12,70.63760020885553,2017,1
2017-01-13,70.75937867189224,2017,1
2017-01-14,70.76764828295654,2017,1
2017-01-15,71.37025663081702,2017,1
2017-01-16,71.19664450342201,2017,1
2017-01-17,71.04274392872095,2017,1
2017-01-18,71.25015960127307,2017,1
2017-01-19,71.39062814244384,2017,1
2017-01-20,71.52121431894994,2017,1
2017-01-21,71.66932746077678,2017,1
2017-01-22,72.18593584786386,2017,1
2017-01-23,72.38258852009716,2017,1
2017-01-24,72.3915151268267,2017,1
2017-01-25,72.27256186225956,2017,1
2017-01-26,71.62572317789935,2017,1
2017-01-27,71.35306742971314,2017,1
2017-01-28,71.3745082762814,2017,1
2017-01-29,71.94998568696182,2017,1
2017-01-30,72.07363915494577,2017,1
2017-01-31,72.15167711267209,2017,1
2017-02-01,72.10526404241418,2017,2
2017-02-02,72.18723821450003,2017,2
2017-02-03,72.3975139638169,2017,2
2017-02-04,72.36189531006359,2017,2
2017-02-05,72.71936864374719,2017,2
2017-02-06,72.23233616252267,2017,2
2017-02-07,72.2039994094344,2017,2
2017-02-08,72.43213113431202,2017,2
2017-02-09,72.36684612865123,2017,2
2017-02-10,72.21621862264122,2017,2
2017-02-11,72.19944793588965,2017,2
2017-02-12,72.425927939384,2017,2
2017-02-13,72.64228334708814,2017,2
2017-02-14,72.85248772980854,2017,2
2017-02-15,73.08630035250857,2017,2
2017-02-16,73.20703441365622,2017,2
2017-02-17,73.46933539223447,2017,2
2017-02-18,73.70816440557145,2017,2
2017-02-19,73.8406521450491,2017,2
2017-02-20,73.54531710532474,2017,2
2017-02-21,73.14692619897133,2017,2
2017-02-22,73.24041410267307,2017,2
2017-02-23,73.30679528622507,2017,2
2017-02-24,73.19695448894836,2017,2
2017-02-25,73.3901508204013,2017,2
2017-02-26,73.48240294174332,2017,2
2017-02-27,73.6454774170985,2017,2
2017-02-28,73.82444966667492,2017,2
2017-03-01,73.77949062522882,2017,3
2017-03-02,73.64566382450198,2017,3
2017-03-03,73.58194981099047,2017,3
2017-03-04,73.58757769788737,2017,3
2017-03-05,73.45050771815247,2017,3
2017-03-06,73.54530536758638,2017,3
2017-03-07,73.40905895912766,2017,3
2017-03-08,73.03209149921746,2017,3
2017-03-09,73.00833225391905,2017,3
2017-03-10,72.52447217230737,2017,3
2017-03-11,72.1023590568043,2017,3
2017-03-12,72.48566735040632,2017,3
2017-03-13,72.88895179389203,2017,3
2017-03-14,73.25647135470979,2017,3
2017-03-15,73.5192226015197,2017,3
2017-03-16,73.58731275130374,2017,3
2017-03-17,73.87827641397425,2017,3
2017-03-18,73.76539193379652,2017,3
2017-03-19,73.97223439207458,2017,3
2017-03-20,73.83013989453663,2017,3
2017-03-21,74.3037512316121,2017,3
2017-03-22,74.65468643390705,2017,3
2017-03-23,75.07553243111097,2017,3
2017-03-24,75.17295448276705,2017,3
2017-03-25,75.15089405815398,2017,3
2017-03-26,75.36129905321407,2017,3
2017-03-27,75.61217052371308,2017,3
2017-03-28,75.62807648847186,2017,3
2017-03-29,75.61769927915132,2017,3
2017-03-30,75.60271003202689,2017,3
2017-03-31,75.7819733326097,2017,3
2017-04-01,75.6014000848124,2017,4
2017-04-02,75.5508610221579,2017,4
2017-04-03,75.51566982323584,2017,4
2017-04-04,75.14275901421392,2017,4
2017-04-05,74.9201003600611,2017,4
2017-04-06,74.94743750407089,2017,4
2017-04-07,74.99251480626698,2017,4
2017-04-08,75.1724234562666,2017,4
2017-04-09,75.26635502865025,2017,4
2017-04-10,75.33640940779829,2017,4
2017-04-11,75.77882376228992,2017,4
2017-04-12,76.13087793625567,2017,4
2017-04-13,76.297388291843,2017,4
2017-04-14,76.35419901040255,2017,4
2017-04-15,76.32663218300252,2017,4
2017-04-16,76.19692029608083,2017,4
2017-04-17,76.41746374641251,2017,4
2017-04-18,76.50325262452027,2017,4
2017-04-19,76.24573066755751,2017,4
2017-04-20,76.23595464136142,2017,4
2017-04-21,75.99527563181557,2017,4
2017-04-22,75.52469684049669,2017,4
2017-04-23,75.5009419740669,2017,4
2017-04-24,75.47915380841077,2017,4
2017-04-25,75.6165145244271,2017,4
2017-04-26,75.80657832254303,2017,4
2017-04-27,75.94673370657033,2017,4
2017-04-28,76.02491902512129,2017,4
2017-04-29,76.05500782512414,2017,4
2017-04-30,75.56568183817915,2017,4
2017-05-01,75.51779105923518,2017,5
2017-05-02,75.7886034303353,2017,5
2017-05-03,75.8675380917959,2017,5
2017-05-04,75.9422876248959,2017,5
2017-05-05,76.21278564096603,2017,5
2017-05-06,76.38753626877906,2017,5
2017-05-07,76.78520789820422,2017,5
2017-05-08,76.55420304168491,2017,5
2017-05-09,76.12079434207438,2017,5
2017-05-10,75.9780491783478,2017,5
2017-05-11,76.0715278488528,2017,5
2017-05-12,76.4473311769741,2017,5
2017-05-13,76.54273074146964,2017,5
2017-05-14,76.5546818669755,2017,5
2017-05-15,76.50847332096312,2017,5
2017-05-16,76.15227669984064,2017,5
2017-05-17,75.94338413262554,2017,5
2017-05-18,76.30283067892913,2017,5
2017-05-19,76.38162013236224,2017,5
2017-05-20,76.29677226265252,2017,5
2017-05-21,75.91832622668505,2017,5
2017-05-22,75.83676673985521,2017,5
2017-05-23,76.2287563705399,2017,5
2017-05-24,76.42112365027585,2017,5
2017-05-25,76.59095489627863,2017,5
2017-05-26,76.54418003708942,2017,5
2017-05-27,76.12901506045696,2017,5
2017-05-28,76.03615049031102,2017,5
2017-05-29,75.50426632260589,2017,5
2017-05-30,75.51237096046697,2017,5
2017-05-31,76.21786107114191,2017,5
2017-06-01,76.02394758316613,2017,6
2017-06-02,75.97304554181841,2017,6
2017-06-03,76.50869054908718,2017,6
2017-06-04,76.57742870416975,2017,6
2017-06-05,76.31225825473278,2017,6
2017-06-06,75.69503929891465,2017,6
2017-06-07,74.8815635189026,2017,6
2017-06-08,74.9400263391173,2017,6
2017-06-09,75.10059154269632,2017,6
2017-06-10,75.20619477817013,2017,6
2017-06-11,74.91159800542451,2017,6
2017-06-12,75.18247511823347,2017,6
2017-06-13,75.26090271589071,2017,6
2017-06-14,75.58156827506471,2017,6
2017-06-15,75.3358365946591,2017,6
2017-06-16,74.82137179088517,2017,6
2017-06-17,75.02787222447651,2017,6
2017-06-18,75.31706262743889,2017,6
2017-06-19,75.06522726280171,2017,6
2017-06-20,74.63991610285994,2017,6
2017-06-21,74.4831943363243,2017,6
2017-06-22,74.65855429451052,2017,6
2017-06-23,74.95640890397748,2017,6
2017-06-24,75.05140575332001,2017,6
2017-06-25,74.996420546439,2017,6
2017-06-26,74.78084255040226,2017,6
2017-06-27,74.58835238855491,2017,6
2017-06-28,73.98906656165879,2017,6
2017-06-29,74.01309192604407,2017,6
2017-06-30,74.03821936144898,2017,6
2017-07-01,74.08143334040835,2017,7
2017-07-02,74.0465258633705,2017,7
2017-07-03,74.1417758642171,2017,7
2017-07-04,74.18473606569118,2017,7
2017-07-05,74.20811163064224,2017,7
2017-07-06,74.23481910221479,2017,7
2017-07-07,74.38732692186157,2017,7
2017-07-08,74.93897385775435,2017,7
2017-07-09,74.42582848512404,2017,7
2017-07-10,74.12307518291772,2017,7
2017-07-11,73.77382917585973,2017,7
2017-07-12,73.62665810445144,2017,7
2017-07-13,73.79649537443757,2017,7
2017-07-14,73.88605843180572,2017,7
2017-07-15,74.03640827608615,2017,7
2017-07-16,74.45339279285511,2017,7
2017-07-17,73.99806309410386,2017,7
2017-07-18,74.07941223946754,2017,7
2017-07-19,74.18367711106816,2017,7
2017-07-20,73.90680727542139,2017,7
2017-07-21,74.07622270476325,2017,7
2017-07-22,74.25129580052263,2017,7
2017-07-23,73.80570443169383,2017,7
2017-07-24,73.63917975431652,2017,7
2017-07-25,73.71005201487874,2017,7
2017-07-26,73.77763893011033,2017,7
2017-07-27,73.8342085294427,2017,7
2017-07-28,74.10869983103416,2017,7
2017-07-29,74.0058462934714,2017,7
2017-07-30,74.04557977980512,2017,7
2017-07-31,74.07579026952054,2017,7
2017-08-01,74.3107140953258,2017,8
2017-08-02,73.92117212296336,2017,8
2017-08-03,74.03141680269091,2017,8
2017-08-04,74.01604778403536,2017,8
2017-08-05,74.06777510936259,2017,8
2017-08-06,74.27442215756369,2017,8
2017-08-07,74.14331136737306,2017,8
2017-08-08,74.04335781392791,2017,8
2017-08-09,73.8539208767678,2017,8
2017-08-10,73.84856140799508,2017,8
2017-08-11,73.88079831951022,2017,8
2017-08-12,73.62703752673788,2017,8
2017-08-13,73.74724975058469,2017,8
2017-08-14,73.8350980598504,2017,8
2017-08-15,74.19354343740187,2017,8
2017-08-16,74.27542506167,2017,8
2017-08-17,74.29331315085831,2017,8
2017-08-18,74.04388472394125,2017,8
2017-08-19,73.7986564542115,2017,8
2017-08-20,73.9008501634685,2017,8
2017-08-21,74.45117125244177,2017,8
2017-08-22,74.1957944806539,2017,8
2017-08-23,74.35589220260638,2017,8
2017-08-24,74.12239049036617,2017,8
2017-08-25,73.88431550364734,2017,8
2017-08-26,74.02585000743534,2017,8
2017-08-27,74.00403627557162,2017,8
2017-08-28,73.66693360195842,2017,8
2017-08-29,73.64081052673062,2017,8
2017-08-30,73.95157103145722,2017,8
2017-08-31,73.98404275051827,2017,8
2017-09-01,73.65111168654573,2017,9
2017-09-02,73.71934719007595,2017,9
2017-09-03,74.08315010656605,2017,9
2017-09-04,74.27515746806867,2017,9
2017-09-05,74.35879233020697,2017,9
2017-09-06,74.27651742465815,2017,9
2017-09-07,74.39518205983742,2017,9
2017-09-08,74.43042274136002,2017,9
2017-09-09,74.414165089983,2017,9
2017-09-10,74.44391005888933,2017,9
2017-09-11,74.58873629418542,2017,9
2017-09-12,74.54223787395306,2017,9
2017-09-13,74.52126728500075,2017,9
2017-09-14,74.31604938570271,2017,9
2017-09-15,74.30421296890503,2017,9
2017-09-16,74.41578994261394,2017,9
2017-09-17,74.2610929149901,2017,9
2017-09-18,74.2131262679868,2017,9
2017-09-19,74.36771329252362,2017,9
2017-09-20,74.05357693677233,2017,9
2017-09-21,73.88889931673988,2017,9
2017-09-22,73.86317982208604,2017,9
2017-09-23,74.05410465543582,2017,9
2017-09-24,74.72919710617742,2017,9
2017-09-25,74.37696168423994,2017,9
2017-09-26,74.55352009875406,2017,9
2017-09-27,74.60436139679403,2017,9
2017-09-28,74.55094825047823,2017,9
2017-09-29,74.36237182622394,2017,9
2017-09-30,74.42435189694241,2017,9
2017-10-01,74.46849068180381,2017,10
2017-10-02,74.43485965289375,2017,10
2017-10-03,74.54616535698693,2017,10
2017-10-04,74.63803185135505,2017,10
2017-10-05,74.70114098742917,2017,10
2017-10-06,74.67332140851308,2017,10
2017-10-07,74.65642881319994,2017,10
2017-10-08,74.6110484437396,2017,10
2017-10-09,74.7584753798929,2017,10
2017-10-10,74.39002908974834,2017,10
2017-10-11,74.42189753462755,2017,10
2017-10-12,74.41038082482044,2017,10
2017-10-13,74.46815110915762,2017,10
2017-10-14,74.45695341156605,2017,10
2017-10-15,74.59164771572874,2017,10
2017-10-16,74.61581259819685,2017,10
2017-10-17,74.62606365858079,2017,10
2017-10-18,74.57495260629564,2017,10
2017-10-19,74.45913668765309,2017,10
2017-10-20,74.20407969082464,2017,10
2017-10-21,74.0645191918996,2017,10
2017-10-22,74.16318439417466,2017,10
2017-10-23,74.22030741531256,2017,10
2017-10-24,74.2207601403566,2017,10
2017-10-25,74.16429882098035,2017,10
2017-10-26,74.16981889770162,2017,10
2017-10-27,73.94706198552929,2017,10
2017-10-28,73.87128726811271,2017,10
2017-10-29,73.77868668710448,2017,10
2017-10-30,73.449551208689,2017,10
2017-10-31,73.39676202367995,2017,10
2017-11-01,73.44868800691629,2017,11
2017-11-02,73.44874886720422,2017,11
2017-11-03,73.43437442758386,2017,11
2017-11-04,73.4204741829872,2017,11
2017-11-05,73.44432555717694,2017,11
2017-11-06,73.48121659564077,2017,11
2017-11-07,73.43085572636815,2017,11
2017-11-08,73.36634903878337,2017,11
2017-11-09,73.30660506092141,2017,11
2017-11-10,73.25214716191279,2017,11
2017-11-11,73.15465256238777,2017,11
2017-11-12,73.02270759458543,2017,11
2017-11-13,73.03415163443675,2017,11
2017-11-14,72.73950871742531,2017,11
2017-11-15,72.56405276590966,2017,11
2017-11-16,72.47635539881452,2017,11
2017-11-17,72.41068479807956,2017,11
2017-11-18,72.59865926292778,2017,11
2017-11-19,72.59437850345856,2017,11
2017-11-20,73.0373181687802,2017,11
2017-11-21,72.45260584370598,2017,11
2017-11-22,72.51997214838389,2017,11
2017-11-23,72.57204952964219,2017,11
2017-11-24,72.65296731942534,2017,11
2017-11-25,72.65907535295152,2017,11
2017-11-26,72.71334639041366,2017,11
2017-11-27,72.69901359124493,2017,11
2017-11-28,72.60871907753537,2017,11
2017-11-29,72.56824925696175,2017,11
2017-11-30,72.42792151220927,2017,11
2017-12-01,72.21958243128137,2017,12
2017-12-02,72.15598625942408,2017,12
2017-12-03,72.20903794713664,2017,12
2017-12-04,71.90184915191959,2017,12
2017-12-05,71.52449390782793,2017,12
2017-12-06,71.6593847372542,2017,12
2017-12-07,71.95728626182823,2017,12
2017-12-08,72.31447079887938,2017,12
2017-12-09,72.29955276179817,2017,12
2017-12-10,72.36351586958129,2017,12
2017-12-11,71.9460734096914,2017,12
2017-12-12,71.74536962701075,2017,12
2017-12-13,71.62878359520138,2017,12
2017-12-14,71.54288056139593,2017,12
2017-12-15,71.50773131125679,2017,12
2017-12-16,71.52617763737709,2017,12
2017-12-17,71.7942519215259,2017,12
2017-12-18,71.73405358934221,2017,12
2017-12-19,71.81558138985108,2017,12
2017-12-20,71.95074078122299,2017,12
2017-12-21,71.91024081454091,2017,12
2017-12-22,71.8695281625872,2017,12
2017-12-23,71.86672202438515,2017,12
2017-12-24,71.93638828743033,2017,12
2017-12-25,71.83829302708423,2017,12
2017-12-26,71.8201817911343,2017,12
2017-12-27,71.96357002648396,2017,12
2017-12-28,71.9794933916282,2017,12
2017-12-29,71.92066964044048,2017,12
2017-12-30,71.69397518261059,2017,12
2017-12-31,72.10547362625152,2017,12
2018-01-01,71.2649432910097,2018,1
2018-01-02,71.12162827173665,2018,1
2018-01-03,70.9644615979936,2018,1
2018-01-04,70.9826326503013,2018,1
2018-01-05,70.98849329142558,2018,1
2018-01-06,70.86606464324316,2018,1
2018-01-07,70.86838137214109,2018,1
2018-01-08,71.00563591907255,2018,1
2018-01-09,71.18974727462215,2018,1
2018-01-10,71.3655021278922,2018,1
2018-01-11,71.4822915902915,2018,1
2018-01-12,71.68387459166628,2018,1
2018-01-13,71.85080367334771,2018,1
2018-01-14,72.02334801009275,2018,1
2018-01-15,71.99141356233129,2018,1
2018-01-16,72.16791550922825,2018,1
2018-01-17,71.88459348709581,2018,1
2018-01-18,71.99227078111389,2018,1
2018-01-19,72.03201857298808,2018,1
2018-01-20,71.9910723428472,2018,1
2018-01-21,72.02388335635966,2018,1
2018-01-22,72.03264349374946,2018,1
2018-01-23,71.56307202286132,2018,1
2018-01-24,71.49063429705606,2018,1
2018-01-25,71.42417398341044,2018,1
2018-01-26,71.45452992620005,2018,1
2018-01-27,71.39537052339765,2018,1
2018-01-28,71.63347416751,2018,1
2018-01-29,71.95875248326865,2018,1
2018-01-30,72.25003607696493,2018,1
2018-01-31,72.4596309746473,2018,1
2018-02-01,72.64683459711384,2018,2
2018-02-02,72.58890563682455,2018,2
2018-02-03,72.41549105877779,2018,2
2018-02-04,72.34508086648,2018,2
2018-02-05,72.20182412219692,2018,2
2018-02-06,72.18120181401535,2018,2
2018-02-07,71.82532447168387,2018,2
2018-02-08,72.4522862961018,2018,2
2018-02-09,72.31251229204707,2018,2
2018-02-10,72.21890702447344,2018,2
2018-02-11,72.09350379681209,2018,2
2018-02-12,71.66785397343396,2018,2
2018-02-13,71.96062933480053,2018,2
2018-02-14,72.09525320868586,2018,2
2018-02-15,72.41739861862769,2018,2
2018-02-16,72.72383059396695,2018,2
2018-02-17,72.89177981290658,2018,2
2018-02-18,73.10089816322156,2018,2
2018-02-19,73.23556085499993,2018,2
2018-02-20,73.37042340227882,2018,2
2018-02-21,73.52876148807705,2018,2
2018-02-22,73.67172477701205,2018,2
2018-02-23,73.6800684235655,2018,2
2018-02-24,73.56576719829093,2018,2
2018-02-25,73.65669425399425,2018,2
2018-02-26,73.54500330073567,2018,2
2018-02-27,73.91735941716328,2018,2
2018-02-28,74.04896549769168,2018,2
2018-03-01,74.09529572103442,2018,3
2018-03-02,74.16795821593915,2018,3
2018-03-03,73.8927782036817,2018,3
2018-03-04,73.87365949708565,2018,3
2018-03-05,73.72750160719164,2018,3
2018-03-06,73.86269726348199,2018,3
2018-03-07,73.98090125970613,2018,3
2018-03-08,74.03263316350794,2018,3
2018-03-09,74.11539412332115,2018,3
2018-03-10,74.29330549624649,2018,3
2018-03-11,74.28443197152255,2018,3
2018-03-12,74.40067043231964,2018,3
2018-03-13,74.69931180569775,2018,3
2018-03-14,74.41306459956368,2018,3
2018-03-15,73.9062964935603,2018,3
2018-03-16,73.62638384248645,2018,3
2018-03-17,73.8639017729382,2018,3
2018-03-18,74.21675477262488,2018,3
2018-03-19,74.83328561693804,2018,3
2018-03-20,74.64077758619027,2018,3
2018-03-21,74.24647203335799,2018,3
2018-03-22,74.35627297761545,2018,3
2018-03-23,74.53367609436415,2018,3
2018-03-24,74.78704075760847,2018,3
2018-03-25,74.95106061062063,2018,3
2018-03-26,75.19915682138414,2018,3
2018-03-27,75.32161881826214,2018,3
2018-03-28,75.51731595301558,2018,3
2018-03-29,75.51911026726565,2018,3
2018-03-30,75.44038622773634,2018,3
2018-03-31,75.24750562478579,2018,3
2018-04-01,75.25509063381789,2018,4
2018-04-02,75.23729221809953,2018,4
2018-04-03,75.34551317756778,2018,4
2018-04-04,75.5492224417633,2018,4
2018-04-05,75.29314911313753,2018,4
2018-04-06,75.17565062427786,2018,4
2018-04-07,75.1229431367822,2018,4
2018-04-08,74.80773608761814,2018,4
2018-04-09,74.85395002320699,2018,4
2018-04-10,74.74174690636464,2018,4
2018-04-11,74.64532954639932,2018,4
2018-04-12,74.70378559058416,2018,4
2018-04-13,75.05147738013399,2018,4
2018-04-14,75.33882214139278,2018,4
2018-04-15,75.550683820358,2018,4
2018-04-16,75.62834152532079,2018,4
2018-04-17,75.77263523345535,2018,4
2018-04-18,75.70642167406871,2018,4
2018-04-19,75.73012781922411,2018,4
2018-04-20,75.26874979005169,2018,4
2018-04-21,75.23009992403003,2018,4
2018-04-22,75.38149469086866,2018,4
2018-04-23,75.69164015488224,2018,4
2018-04-24,76.01131570125125,2018,4
2018-04-25,76.18875307409054,2018,4
2018-04-26,76.04357844455322,2018,4
2018-04-27,76.09639981556319,2018,4
2018-04-28,76.1324162391748,2018,4
2018-04-29,75.96212221424335,2018,4
2018-04-30,75.97552495223427,2018,4
2018-05-01,75.95028719967164,2018,5
2018-05-02,76.13043255641936,2018,5
2018-05-03,75.35606856183156,2018,5
2018-05-04,75.57014923211429,2018,5
2018-05-05,75.95268235599904,2018,5
2018-05-06,75.86062504014654,2018,5
2018-05-07,76.30352824610566,2018,5
2018-05-08,75.67198741651772,2018,5
2018-05-09,76.74346194710893,2018,5
2018-05-10,76.06118951446547,2018,5
2018-05-11,76.41082644232937,2018,5
2018-05-12,76.30426727265706,2018,5
2018-05-13,76.0541055221588,2018,5
2018-05-14,75.51324623766847,2018,5
2018-05-15,75.69615597633305,2018,5
2018-05-16,75.95710143662964,2018,5
2018-05-17,76.19486734648976,2018,5
2018-05-18,76.13730663289417,2018,5
2018-05-19,76.28036291988802,2018,5
2018-05-20,76.34013988458952,2018,5
2018-05-21,76.4962845404713,2018,5
2018-05-22,76.65889020335007,2018,5
2018-05-23,76.43799296801383,2018,5
2018-05-24,76.40572211181325,2018,5
2018-05-25,76.40198655404583,2018,5
2018-05-26,76.61718898270544,2018,5
2018-05-27,76.68870545719699,2018,5
2018-05-28,76.7256884447847,2018,5
2018-05-29,76.51643978877732,2018,5
2018-05-30,76.37066575682441,2018,5
2018-05-31,76.31531547426982,2018,5
2018-06-01,76.46211690598462,2018,6
2018-06-02,75.81026163458463,2018,6
2018-06-03,76.13390278689222,2018,6
2018-06-04,76.16457159450273,2018,6
2018-06-05,76.31226328748227,2018,6
2018-06-06,75.91770952355819,2018,6
2018-06-07,75.93523271446682,2018,6
2018-06-08,75.49759682828778,2018,6
2018-06-09,75.22848275910023,2018,6
2018-06-10,75.27146204243265,2018,6
2018-06-11,75.79987412158987,2018,6
2018-06-12,75.67526964934936,2018,6
2018-06-13,76.0090871678915,2018,6
2018-06-14,75.58945466198458,2018,6
2018-06-15,75.84218222315653,2018,6
2018-06-16,75.38549375747408,2018,6
2018-06-17,75.29016125173516,2018,6
2018-06-18,75.43160954208969,2018,6
2018-06-19,75.79702200212365,2018,6
2018-06-20,75.92605917414375,2018,6
2018-06-21,75.81128106417638,2018,6
2018-06-22,75.51753148070019,2018,6
2018-06-23,75.31440248151031,2018,6
2018-06-24,75.30419471858244,2018,6
2018-06-25,75.34335710960198,2018,6
2018-06-26,74.70386455865807,2018,6
2018-06-27,74.0907794586083,2018,6
2018-06-28,73.79937664496478,2018,6
2018-06-29,74.06035464856637,2018,6
2018-06-30,74.56179713174616,2018,6
2018-07-01,74.64425653394713,2018,7
2018-07-02,74.59423114557886,2018,7
2018-07-03,74.16366578959223,2018,7
2018-07-04,74.08653975952191,2018,7
2018-07-05,74.43685917427109,2018,7
2018-07-06,74.75902293272898,2018,7
2018-07-07,74.76325518364303,2018,7
2018-07-08,74.82596367428799,2018,7
2018-07-09,74.72159969560492,2018,7
2018-07-10,74.49860948667938,2018,7
2018-07-11,74.20639079286688,2018,7
2018-07-12,74.08570514783692,2018,7
2018-07-13,73.90720098017479,2018,7
2018-07-14,74.15521114594634,2018,7
2018-07-15,74.13182243015197,2018,7
2018-07-16,74.53371907918435,2018,7
2018-07-17,74.01252907153815,2018,7
2018-07-18,74.17760510216515,2018,7
2018-07-19,74.2874285043418,2018,7
2018-07-20,74.70555610901829,2018,7
2018-07-21,73.87159494271279,2018,7
2018-07-22,74.1997224811255,2018,7
2018-07-23,73.71036249729855,2018,7
2018-07-24,73.85749009288175,2018,7
2018-07-25,73.79513871589404,2018,7
2018-07-26,73.42431940793203,2018,7
2018-07-27,73.54562996345628,2018,7
2018-07-28,73.88039719483169,2018,7
2018-07-29,74.02999918175895,2018,7
2018-07-30,74.10720544351369,2018,7
2018-07-31,74.0293465145108,2018,7
2018-08-01,74.06684551386532,2018,8
2018-08-02,74.12016407353725,2018,8
2018-08-03,74.16202855872619,2018,8
2018-08-04,74.33894069747046,2018,8
2018-08-05,74.17047057050571,2018,8
2018-08-06,73.85234386594853,2018,8
2018-08-07,73.67777776607716,2018,8
2018-08-08,73.599562912992,2018,8
2018-08-09,74.21595375145365,2018,8
2018-08-10,74.27286767430292,2018,8
2018-08-11,73.98670807686004,2018,8
2018-08-12,73.63742539533536,2018,8
2018-08-13,73.68237530849568,2018,8
2018-08-14,73.97070019045657,2018,8
2018-08-15,73.91605178065265,2018,8
2018-08-16,73.90508816978505,2018,8
2018-08-17,74.11663883903076,2018,8
2018-08-18,74.16691519861759,2018,8
2018-08-19,74.11645773366071,2018,8
2018-08-20,73.8325338579245,2018,8
2018-08-21,73.83754615580901,2018,8
2018-08-22,73.85017461986129,2018,8
2018-08-23,73.9831757390109,2018,8
2018-08-24,73.77990083794299,2018,8
2018-08-25,73.7301968066061,2018,8
2018-08-26,73.69854894087999,2018,8
2018-08-27,73.73256307642973,2018,8
2018-08-28,73.89523891809168,2018,8
2018-08-29,73.91823885836111,2018,8
2018-08-30,74.100765354476,2018,8
2018-08-31,73.8790175252532,2018,8
2018-09-01,73.78431837360326,2018,9
2018-09-02,73.62502022038161,2018,9
2018-09-03,73.73091911133638,2018,9
2018-09-04,74.21769608739237,2018,9
2018-09-05,73.963352184878,2018,9
2018-09-06,73.90968029498305,2018,9
2018-09-07,73.69923659470734,2018,9
2018-09-08,73.85147299780058,2018,9
2018-09-09,74.01161086866973,2018,9
2018-09-10,73.99694009694855,2018,9
2018-09-11,74.17761673111735,2018,9
2018-09-12,74.15052575109107,2018,9
2018-09-13,74.20103789830043,2018,9
2018-09-14,74.32733455429077,2018,9
2018-09-15,74.5593016789519,2018,9
2018-09-16,74.45538612321471,2018,9
2018-09-17,74.45625197447687,2018,9
2018-09-18,74.69890020497023,2018,9
2018-09-19,74.6631411705967,2018,9
2018-09-20,74.4778317450024,2018,9
2018-09-21,74.07948300116986,2018,9
2018-09-22,73.63575256262293,2018,9
2018-09-23,73.71884064888575,2018,9
2018-09-24,73.99240133974698,2018,9
2018-09-25,74.49138552161887,2018,9
2018-09-26,74.46928596082161,2018,9
2018-09-27,74.61463537769012,2018,9
2018-09-28,74.72013779251209,2018,9
2018-09-29,74.70346775871475,2018,9
2018-09-30,74.82754162841078,2018,9
2018-10-01,74.91053141569871,2018,10
2018-10-02,74.88016062425162,2018,10
2018-10-03,75.21342117713557,2018,10
2018-10-04,74.65352035838403,2018,10
2018-10-05,74.6390115933647,2018,10
2018-10-06,74.76527203098503,2018,10
2018-10-07,74.81454662695951,2018,10
2018-10-08,74.81234341108733,2018,10
2018-10-09,74.63845228545233,2018,10
2018-10-10,74.3090650325377,2018,10
2018-10-11,74.14193654585138,2018,10
2018-10-12,73.8373451183112,2018,10
2018-10-13,74.06822892759968,2018,10
2018-10-14,74.28869401104782,2018,10
2018-10-15,74.37208282851387,2018,10
2018-10-16,74.5813320918764,2018,10
2018-10-17,74.29637077891753,2018,10
2018-10-18,74.23169376941615,2018,10
2018-10-19,74.36478582442936,2018,10
2018-10-20,74.39448044387778,2018,10
2018-10-21,74.68984493697779,2018,10
2018-10-22,74.33877804964146,2018,10
2018-10-23,74.32551138819281,2018,10
2018-10-24,74.114339647636,2018,10
2018-10-25,74.10767032898973,2018,10
2018-10-26,74.12094510313331,2018,10
2018-10-27,74.13437744557672,2018,10
2018-10-28,73.84586200142334,2018,10
2018-10-29,73.79650111454161,2018,10
2018-10-30,73.7224833732478,2018,10
2018-10-31,74.13705467679343,2018,10
2018-11-01,74.14461178085435,2018,11
2018-11-02,74.18910517592258,2018,11
2018-11-03,73.88231915139973,2018,11
2018-11-04,73.73587133350578,2018,11
2018-11-05,73.63558477643141,2018,11
2018-11-06,73.55314574872797,2018,11
2018-11-07,73.35430173904604,2018,11
2018-11-08,73.59109261786942,2018,11
2018-11-09,73.71110007606187,2018,11
2018-11-10,73.95066586410867,2018,11
2018-11-11,73.80363026749704,2018,11
2018-11-12,73.73995662970297,2018,11
2018-11-13,73.83623556691809,2018,11
2018-11-14,73.57117774272989,2018,11
2018-11-15,73.4825043942602,2018,11
2018-11-16,73.2375587731234,2018,11
2018-11-17,73.40527354640729,2018,11
2018-11-18,73.60633390698865,2018,11
2018-11-19,73.620227474464,2018,11
2018-11-20,73.48128684211666,2018,11
2018-11-21,73.45704649354815,2018,11
2018-11-22,73.3423353702868,2018,11
2018-11-23,73.39196228580711,2018,11
2018-11-24,73.45414057348225,2018,11
2018-11-25,73.46540449972571,2018,11
2018-11-26,73.40644781252145,2018,11
2018-11-27,73.24515012984452,2018,11
2018-11-28,73.23708197331152,2018,11
2018-11-29,73.11426890842249,2018,11
2018-11-30,73.03285603806385,2018,11
2018-12-01,72.71626403585888,2018,12
2018-12-02,72.32109527043167,2018,12
2018-12-03,72.19564525536543,2018,12
2018-12-04,72.13603772642712,2018,12
2018-12-05,72.10310284215325,2018,12
2018-12-06,72.18396426472593,2018,12
2018-12-07,72.15263465916428,2018,12
2018-12-08,72.17428152227299,2018,12
2018-12-09,72.13363322655752,2018,12
2018-12-10,71.8306864882304,2018,12
2018-12-11,71.95824161893003,2018,12
2018-12-12,71.5793730194812,2018,12
2018-12-13,71.38568902136475,2018,12
2018-12-14,71.39467844955395,2018,12
2018-12-15,71.39201740739483,2018,12
2018-12-16,71.15919774292675,2018,12
2018-12-17,70.75140642794794,2018,12
2018-12-18,70.82762834519284,2018,12
2018-12-19,71.21244530889572,2018,12
2018-12-20,71.48470054777678,2018,12
2018-12-21,71.5452770085727,2018,12
2018-12-22,71.56788557951084,2018,12
2018-12-23,71.65812025216275,2018,12
2018-12-24,71.58347128889243,2018,12
2018-12-25,71.88293576490406,2018,12
2018-12-26,71.37145931404886,2018,12
2018-12-27,71.13056598869002,2018,12
2018-12-28,70.87162236252156,2018,12
2018-12-29,70.97014222402227,2018,12
2018-12-30,71.43410862989545,2018,12
2018-12-31,71.99407330711917,2018,12
2019-01-01,71.66849140020445,2019,1
2019-01-02,71.74477848843198,2019,1
2019-01-03,71.71840228982735,2019,1
2019-01-04,71.4651796363627,2019,1
2019-01-05,71.55299277714624,2019,1
2019-01-06,71.5180870688187,2019,1
2019-01-07,71.07630576094901,2019,1
2019-01-08,71.16767497030634,2019,1
2019-01-09,71.19448612051434,2019,1
2019-01-10,71.23761572942234,2019,1
2019-01-11,71.79564874716533,2019,1
2019-01-12,71.83227525044002,2019,1
2019-01-13,71.39718267695226,2019,1
2019-01-14,71.20971109115806,2019,1
2019-01-15,71.19453371919752,2019,1
2019-01-16,71.54349119445986,2019,1
2019-01-17,71.72138385116637,2019,1
2019-01-18,71.73622586806653,2019,1
2019-01-19,72.00545820429846,2019,1
2019-01-20,72.33476018401016,2019,1
2019-01-21,71.9331148868458,2019,1
2019-01-22,71.33468437813568,2019,1
2019-01-23,71.48162603266627,2019,1
2019-01-24,71.2311006485749,2019,1
2019-01-25,70.75878288023954,2019,1
2019-01-26,70.50136784304657,2019,1
2019-01-27,70.54665894548664,2019,1
2019-01-28,70.54137707196554,2019,1
2019-01-29,70.72330218849379,2019,1
2019-01-30,71.02721955047967,2019,1
2019-01-31,71.55102428628109,2019,1
2019-02-01,71.33940990424583,2019,2
2019-02-02,71.55658094982013,2019,2
2019-02-03,71.8363662583563,2019,2
2019-02-04,72.0786294236879,2019,2
2019-02-05,72.4503657986952,2019,2
2019-02-06,72.17682307845838,2019,2
2019-02-07,71.50357205661123,2019,2
2019-02-08,71.25985662494121,2019,2
2019-02-09,71.12587994452065,2019,2
2019-02-10,71.90339297520825,2019,2
2019-02-11,71.96448825138157,2019,2
2019-02-12,72.38633340047758,2019,2
2019-02-13,72.70537697976812,2019,2
2019-02-14,72.44360389231719,2019,2
2019-02-15,72.14522187844993,2019,2
2019-02-16,71.89951596499806,2019,2
2019-02-17,71.88740357144484,2019,2
2019-02-18,72.1482039383615,2019,2
2019-02-19,72.61099552572591,2019,2
2019-02-20,72.68315437526569,2019,2
2019-02-21,72.93908091778864,2019,2
2019-02-22,73.01597148225795,2019,2
2019-02-23,72.85780366788556,2019,2
2019-02-24,72.91496054009015,2019,2
2019-02-25,72.71016881673297,2019,2
2019-02-26,72.27513378646879,2019,2
2019-02-27,72.16975719800584,2019,2
2019-02-28,72.01601439560689,2019,2
2019-03-01,72.14683004757121,2019,3
2019-03-02,72.13629061230581,2019,3
2019-03-03,72.34339836908373,2019,3
2019-03-04,72.49027323458952,2019,3
2019-03-05,72.7150737661938,2019,3
2019-03-06,72.84356685904339,2019,3
2019-03-07,73.0078657174693,2019,3
2019-03-08,73.16683671160368,2019,3
2019-03-09,73.47709538663621,2019,3
2019-03-10,73.5799195571301,2019,3
2019-03-11,73.6340426681291,2019,3
2019-03-12,73.97015814558084,2019,3
2019-03-13,73.54212073796467,2019,3
2019-03-14,73.5156333051151,2019,3
2019-03-15,73.92197641616542,2019,3
2019-03-16,73.77625208048049,2019,3
2019-03-17,73.77880235205446,2019,3
2019-03-18,74.14857833372926,2019,3
2019-03-19,74.42305874441958,2019,3
2019-03-20,74.0353823650075,2019,3
2019-03-21,74.12864639603073,2019,3
2019-03-22,74.21436750640598,2019,3
2019-03-23,74.3255100891759,2019,3
2019-03-24,74.58793545413626,2019,3
2019-03-25,74.69469460932021,2019,3
2019-03-26,74.55906734481776,2019,3
2019-03-27,74.76631504727013,2019,3
2019-03-28,75.25157828376616,2019,3
2019-03-29,75.50769418256642,2019,3
2019-03-30,75.56449231146236,2019,3
2019-03-31,75.33653082147214,2019,3
2019-04-01,75.19263965598645,2019,4
2019-04-02,75.3517414724744,2019,4
2019-04-03,75.56292516063675,2019,4
2019-04-04,75.72083452575137,2019,4
2019-04-05,75.71148108817988,2019,4
2019-04-06,75.64431401761965,2019,4
2019-04-07,75.73269458993559,2019,4
2019-04-08,75.33687897731285,2019,4
2019-04-09,75.51609849039531,2019,4
2019-04-10,75.68548349190412,2019,4
2019-04-11,75.88732306857254,2019,4
2019-04-12,76.14139371099682,2019,4
2019-04-13,75.89287527782399,2019,4
2019-04-14,76.78533779135887,2019,4
2019-04-15,75.98260904782877,2019,4
2019-04-16,74.68431100949117,2019,4
2019-04-17,73.72589465470196,2019,4
2019-04-18,74.3574446758556,2019,4
2019-04-19,74.76759483878114,2019,4
2019-04-20,75.13994414244586,2019,4
2019-04-21,75.38532120234258,2019,4
2019-04-22,75.63808985114527,2019,4
2019-04-23,76.41173891975293,2019,4
2019-04-24,76.03580956242793,2019,4
2019-04-25,76.23845822324049,2019,4
2019-04-26,76.41186509807709,2019,4
2019-04-27,76.44998071120015,2019,4
2019-04-28,76.3923511120248,2019,4
2019-04-29,76.32909747757216,2019,4
2019-04-30,76.00480650762043,2019,4
2019-05-01,75.8446451523443,2019,5
2019-05-02,75.70284568857217,2019,5
2019-05-03,75.20991555495009,2019,5
2019-05-04,75.31808875027701,2019,5
2019-05-05,76.16246820459854,2019,5
2019-05-06,76.27507917958711,2019,5
2019-05-07,76.3450488004184,2019,5
2019-05-08,76.2374431356828,2019,5
2019-05-09,76.19284863020394,2019,5
2019-05-10,75.9863833152881,2019,5
2019-05-11,75.72648619041748,2019,5
2019-05-12,75.8693677972979,2019,5
2019-05-13,75.94710507073995,2019,5
2019-05-14,75.58694407718947,2019,5
2019-05-15,75.571126429921,2019,5
2019-05-16,75.556740155987,2019,5
2019-05-17,75.45218452400962,2019,5
2019-05-18,75.61818419583611,2019,5
2019-05-19,76.1870343213786,2019,5
2019-05-20,76.24767970958756,2019,5
2019-05-21,76.49069735385133,2019,5
2019-05-22,76.38349662741336,2019,5
2019-05-23,75.93039313326437,2019,5
2019-05-24,75.7238344291233,2019,5
2019-05-25,75.93852713616864,2019,5
2019-05-26,76.424040903706,2019,5
2019-05-27,76.82299183165264,2019,5
2019-05-28,77.18424232416662,2019,5
2019-05-29,76.95146329325244,2019,5
2019-05-30,76.84592917778734,2019,5
2019-05-31,77.03308603501374,2019,5
2019-06-01,76.65252417737385,2019,6
2019-06-02,76.7094738704832,2019,6
2019-06-03,76.21628355936866,2019,6
2019-06-04,76.17857256129165,2019,6
2019-06-05,76.66204607205272,2019,6
2019-06-06,76.48972089455013,2019,6
2019-06-07,76.39610140683325,2019,6
2019-06-08,76.47810387159001,2019,6
2019-06-09,76.83437076810185,2019,6
2019-06-10,76.75313321787232,2019,6
2019-06-11,76.56339176304304,2019,6
2019-06-12,76.02644953646606,2019,6
2019-06-13,75.89979212496277,2019,6
2019-06-14,76.165340869744,2019,6
2019-06-15,76.13690542170814,2019,6
2019-06-16,75.68283868466622,2019,6
2019-06-17,75.50470132795267,2019,6
2019-06-18,75.20919348724638,2019,6
2019-06-19,75.29453855411916,2019,6
2019-06-20,75.42060189158656,2019,6
2019-06-21,75.24011682031596,2019,6
2019-06-22,75.21935226829284,2019,6
2019-06-23,75.13077200941488,2019,6
2019-06-24,75.00809983689925,2019,6
2019-06-25,75.31228026417443,2019,6
2019-06-26,75.309262771145,2019,6
2019-06-27,75.2788206451203,2019,6
2019-06-28,75.18728882754786,2019,6
2019-06-29,75.22006404940086,2019,6
2019-06-30,75.04807214266341,2019,6
2019-07-01,75.08131785679075,2019,7
2019-07-02,74.79414965707915,2019,7
2019-07-03,74.66447491838136,2019,7
2019-07-04,74.68532480997776,2019,7
2019-07-05,74.40264398906564,2019,7
2019-07-06,74.07637339863622,2019,7
2019-07-07,75.28458030858664,2019,7
2019-07-08,74.29807488542409,2019,7
2019-07-09,74.09186041921973,2019,7
2019-07-10,74.29044834372779,2019,7
2019-07-11,74.2652352925238,2019,7
2019-07-12,74.51358877230606,2019,7
2019-07-13,74.53803502178137,2019,7
2019-07-14,74.45975992225233,2019,7
2019-07-15,74.42005793598233,2019,7
2019-07-16,74.43188922270339,2019,7
2019-07-17,74.70643717922636,2019,7
2019-07-18,74.84260446229409,2019,7
2019-07-19,74.67772928909679,2019,7
2019-07-20,74.79370340903854,2019,7
2019-07-21,74.80107221915925,2019,7
2019-07-22,74.68656477092824,2019,7
2019-07-23,74.82541518056567,2019,7
2019-07-24,74.69401429903792,2019,7
2019-07-25,73.67332947803493,2019,7
2019-07-26,73.6737935941293,2019,7
2019-07-27,73.30688273846279,2019,7
2019-07-28,73.36467598280244,2019,7
2019-07-29,73.50931977376422,2019,7
2019-07-30,73.54241724724847,2019,7
2019-07-31,73.58609394410479,2019,7
2019-08-01,73.63140304260033,2019,8
2019-08-02,73.91543000861854,2019,8
2019-08-03,73.69385726324178,2019,8
2019-08-04,73.94360160678434,2019,8
2019-08-05,74.17385949688793,2019,8
2019-08-06,73.84624475599482,2019,8
2019-08-07,73.80204589535356,2019,8
2019-08-08,73.61677675908274,2019,8
2019-08-09,73.5946188389367,2019,8
2019-08-10,73.86769026143995,2019,8
2019-08-11,74.230299049674,2019,8
2019-08-12,74.26991430061587,2019,8
2019-08-13,73.92408581246657,2019,8
2019-08-14,73.68382665499033,2019,8
2019-08-15,73.69499191194787,2019,8
2019-08-16,73.78526091224205,2019,8
2019-08-17,73.51175990490891,2019,8
2019-08-18,73.54901941843508,2019,8
2019-08-19,73.98545578826047,2019,8
2019-08-20,74.12046784420816,2019,8
2019-08-21,74.18452651989826,2019,8
2019-08-22,74.23723569199433,2019,8
2019-08-23,74.07573618162277,2019,8
2019-08-24,74.03842783235658,2019,8
2019-08-25,73.87497915967134,2019,8
2019-08-26,73.99342237512522,2019,8
2019-08-27,74.17939041732663,2019,8
2019-08-28,74.19999834744833,2019,8
2019-08-29,74.36264406827163,2019,8
2019-08-30,74.34911120968682,2019,8
2019-08-31,74.13668375415783,2019,8
2019-09-01,74.07394482541977,2019,9
2019-09-02,74.11702261982396,2019,9
2019-09-03,74.06492280891875,2019,9
2019-09-04,73.94650820909546,2019,9
2019-09-05,74.03634410807281,2019,9
2019-09-06,74.13546875193104,2019,9
2019-09-07,74.0445421583972,2019,9
2019-09-08,73.99312639710051,2019,9
2019-09-09,74.12986924903014,2019,9
2019-09-10,74.24631543686735,2019,9
2019-09-11,74.06026435329011,2019,9
2019-09-12,73.6978301107352,2019,9
2019-09-13,73.74299703589321,2019,9
2019-09-14,73.85446624462966,2019,9
2019-09-15,74.0144500379898,2019,9
2019-09-16,74.06322924822916,2019,9
2019-09-17,74.04372693213607,2019,9
2019-09-18,73.95400706624073,2019,9
2019-09-19,73.9542747423864,2019,9
2019-09-20,74.1256220321629,2019,9
2019-09-21,74.27852382684415,2019,9
2019-09-22,74.0099862967998,2019,9
2019-09-23,73.79772477224256,2019,9
2019-09-24,73.54684557844683,2019,9
2019-09-25,73.43339907230222,2019,9
2019-09-26,73.30509800825624,2019,9
2019-09-27,73.30478978724099,2019,9
2019-09-28,73.11861219483006,2019,9
2019-09-29,72.96168087502373,2019,9
2019-09-30,73.65100187355117,2019,9
2019-10-01,73.81012969609316,2019,10
2019-10-02,74.25335941689873,2019,10
2019-10-03,74.22260514048541,2019,10
2019-10-04,74.00072665334984,2019,10
2019-10-05,74.21913095158979,2019,10
2019-10-06,74.10729159254633,2019,10
2019-10-07,74.01816188355257,2019,10
2019-10-08,74.05936282931202,2019,10
2019-10-09,74.06694333665503,2019,10
2019-10-10,74.15374180491749,2019,10
2019-10-11,74.23287612699664,2019,10
2019-10-12,74.3420028625109,2019,10
2019-10-13,74.39766540167984,2019,10
2019-10-14,74.52937575514805,2019,10
2019-10-15,74.46513227137167,2019,10
2019-10-16,74.25925322469622,2019,10
2019-10-17,74.24016363283783,2019,10
2019-10-18,74.04457957833196,2019,10
2019-10-19,73.78302021463024,2019,10
2019-10-20,73.52445231541907,2019,10
2019-10-21,73.46157417574516,2019,10
2019-10-22,73.5159671168046,2019,10
2019-10-23,73.39621568994714,2019,10
2019-10-24,73.07811636030007,2019,10
2019-10-25,72.89537002423017,2019,10
2019-10-26,72.93713777722843,2019,10
2019-10-27,73.38339836297078,2019,10
2019-10-28,73.6259288204967,2019,10
2019-10-29,73.66820076381056,2019,10
2019-10-30,73.6196621438598,2019,10
2019-10-31,73.35151686465478,2019,10
2019-11-01,73.4722905380624,2019,11
2019-11-02,73.14433895927594,2019,11
2019-11-03,73.10162132059965,2019,11
2019-11-04,73.71226183035425,2019,11
2019-11-05,73.37571755767834,2019,11
2019-11-06,73.14007204690418,2019,11
2019-11-07,72.63401687920134,2019,11
2019-11-08,72.72645179173449,2019,11
2019-11-09,72.81657026854674,2019,11
2019-11-10,72.80525075478684,2019,11
2019-11-11,73.23241989364605,2019,11
2019-11-12,72.93167351906106,2019,11
2019-11-13,72.8376852342443,2019,11
2019-11-14,72.64172442347683,2019,11
2019-11-15,72.62348046420597,2019,11
2019-11-16,72.90770306285981,2019,11
2019-11-17,72.83816152625462,2019,11
2019-11-18,72.71513732874544,2019,11
2019-11-19,72.74058801383032,2019,11
2019-11-20,72.5892798368222,2019,11
2019-11-21,72.57704076224813,2019,11
2019-11-22,72.52142463184411,2019,11
2019-11-23,72.4616853717552,2019,11
2019-11-24,72.53335009915952,2019,11
2019-11-25,72.88142093007325,2019,11
2019-11-26,72.56032856043143,2019,11
2019-11-27,72.31995969594684,2019,11
2019-11-28,72.6314873736925,2019,11
2019-11-29,72.54345002105545,2019,11
2019-11-30,72.06358509697378,2019,11
2019-12-01,71.80149420357296,2019,12
2019-12-02,71.73763355644752,2019,12
2019-12-03,71.76199989993813,2019,12
2019-12-04,71.95908141300548,2019,12
2019-12-05,71.84579074994215,2019,12
2019-12-06,71.73268493855795,2019,12
2019-12-07,71.80157659130323,2019,12
2019-12-08,71.76979376221702,2019,12
2019-12-09,72.13262186893436,2019,12
2019-12-10,71.77868769561495,2019,12
2019-12-11,71.69750037637556,2019,12
2019-12-12,71.30115546484538,2019,12
2019-12-13,70.9174685847771,2019,12
2019-12-14,71.03939325920012,2019,12
2019-12-15,70.86693472522916,2019,12
2019-12-16,71.03486510563685,2019,12
2019-12-17,70.37294680967624,2019,12
2019-12-18,70.54542954087515,2019,12
2019-12-19,70.68469969875554,2019,12
2019-12-20,70.78598266304675,2019,12
2019-12-21,70.9610607158779,2019,12
2019-12-22,70.8952104145254,2019,12
2019-12-23,70.8034361911844,2019,12
2019-12-24,70.76601464099575,2019,12
2019-12-25,70.53687422459468,2019,12
2019-12-26,70.51319826668217,2019,12
2019-12-27,70.17486464210842,2019,12
2019-12-28,70.49217226451627,2019,12
2019-12-29,70.47857157124339,2019,12
2019-12-30,70.09691007931406,2019,12
2019-12-31,70.72298112380972,2019,12
2020-01-01,70.39431914202733,2020,1
2020-01-02,70.69306454734392,2020,1
2020-01-03,70.48745140947551,2020,1
2020-01-04,70.44493868237986,2020,1
2020-01-05,70.44034424871009,2020,1
2020-01-06,70.62354885822381,2020,1
2020-01-07,70.69529769708306,2020,1
2020-01-08,70.40431663726285,2020,1
2020-01-09,70.1693769359891,2020,1
2020-01-10,70.26226133808014,2020,1
2020-01-11,70.6168190334796,2020,1
2020-01-12,71.13785196098124,2020,1
2020-01-13,70.89913689892688,2020,1
2020-01-14,70.85084252169891,2020,1
2020-01-15,70.89898462635448,2020,1
2020-01-16,70.67635946889419,2020,1
2020-01-17,70.7554485184803,2020,1
2020-01-18,70.79560226086855,2020,1
2020-01-19,70.68449402384904,2020,1
2020-01-20,70.79105907107686,2020,1
2020-01-21,71.11019421879772,2020,1
2020-01-22,71.33631050373153,2020,1
2020-01-23,71.3050818001434,2020,1
2020-01-24,71.27631370363582,2020,1
2020-01-25,71.3575726789421,2020,1
2020-01-26,71.68000474241613,2020,1
2020-01-27,71.61422328080477,2020,1
2020-01-28,71.14276210813145,2020,1
2020-01-29,71.22860350834469,2020,1
2020-01-30,71.14920744734096,2020,1
2020-01-31,71.01230011325902,2020,1
2020-02-01,71.11518936767392,2020,2
2020-02-02,71.10057301030733,2020,2
2020-02-03,71.37753249307333,2020,2
2020-02-04,71.24747158989209,2020,2
2020-02-05,71.37930700475314,2020,2
2020-02-06,71.79097398210446,2020,2
2020-02-07,71.14703266816706,2020,2
2020-02-08,71.48970585357027,2020,2
2020-02-09,71.3373413285464,2020,2
2020-02-10,71.67700236934287,2020,2
2020-02-11,71.91069217978828,2020,2
2020-02-12,72.27350658416829,2020,2
2020-02-13,72.79368927537188,2020,2
2020-02-14,72.6949040824364,2020,2
2020-02-15,72.71146218843344,2020,2
2020-02-16,72.8858081794241,2020,2
2020-02-17,72.99112492304984,2020,2
2020-02-18,72.86457040600699,2020,2
2020-02-19,72.95731728955018,2020,2
2020-02-20,72.84441991008987,2020,2
2020-02-21,72.49596472323539,2020,2
2020-02-22,72.63721817242664,2020,2
2020-02-23,72.82281952381037,2020,2
2020-02-24,72.6986121000678,2020,2
2020-02-25,72.38778622024462,2020,2
2020-02-26,72.56958670919128,2020,2
2020-02-27,73.19355084171744,2020,2
2020-02-28,72.99586992972208,2020,2
2020-02-29,73.28610339967798,2020,2
2020-03-01,73.36723858380617,2020,3
2020-03-02,73.46918862494137,2020,3
2020-03-03,73.52346334919567,2020,3
2020-03-04,73.365369059405,2020,3
2020-03-05,72.91912953648897,2020,3
2020-03-06,72.02662068517144,2020,3
2020-03-07,72.20701411311497,2020,3
2020-03-08,72.942763873938,2020,3
2020-03-09,73.14120890143738,2020,3
2020-03-10,72.82991755961714,2020,3
2020-03-11,73.0594080832011,2020,3
2020-03-12,72.86176190070981,2020,3
2020-03-13,73.04064800926815,2020,3
2020-03-14,72.85656698313574,2020,3
2020-03-15,73.16054715508042,2020,3
2020-03-16,73.7605628583198,2020,3
2020-03-17,73.6502292343868,2020,3
2020-03-18,74.20232188010968,2020,3
2020-03-19,74.18626955033419,2020,3
2020-03-20,74.20389886627082,2020,3
2020-03-21,73.91189840998358,2020,3
2020-03-22,74.06566590797283,2020,3
2020-03-23,74.4306094770295,2020,3
2020-03-24,74.36349140911783,2020,3
2020-03-25,74.562496969713,2020,3
2020-03-26,74.15501619415087,2020,3
2020-03-27,73.65625472885773,2020,3
2020-03-28,74.25214806710662,2020,3
2020-03-29,74.66043715510835,2020,3
2020-03-30,74.83177815474806,2020,3
2020-03-31,74.95038708839458,2020,3
2020-04-01,74.7400752650074,2020,4
2020-04-02,74.61904004517004,2020,4
2020-04-03,74.6833261978506,2020,4
2020-04-04,74.82973935280589,2020,4
2020-04-05,75.15300841239846,2020,4
2020-04-06,75.14150696651987,2020,4
2020-04-07,75.21003468484537,2020,4
2020-04-08,74.8276081932394,2020,4
2020-04-09,74.893776248992,2020,4
2020-04-10,75.42932000341712,2020,4
2020-04-11,75.39444756090525,2020,4
2020-04-12,75.8860872413724,2020,4
2020-04-13,76.09551838250364,2020,4
2020-04-14,76.28067076051926,2020,4
2020-04-15,75.67623823087841,2020,4
2020-04-16,75.60177113821554,2020,4
2020-04-17,75.16957578412607,2020,4
2020-04-18,74.96000626732207,2020,4
2020-04-19,75.22669849369512,2020,4
2020-04-20,74.6922227881336,2020,4
2020-04-21,74.76709077531676,2020,4
2020-04-22,75.27258588922561,2020,4
2020-04-23,75.09106308450819,2020,4
2020-04-24,75.02725739029576,2020,4
2020-04-25,74.84903899511552,2020,4
2020-04-26,74.72306183826609,2020,4
2020-04-27,74.68111847674339,2020,4
2020-04-28,75.13312512550657,2020,4
2020-04-29,75.32971776546054,2020,4
2020-04-30,75.71510537352779,2020,4
2020-05-01,75.54165842127846,2020,5
2020-05-02,75.46228636266451,2020,5
2020-05-03,75.44424520273655,2020,5
2020-05-04,75.35235578403619,2020,5
2020-05-05,75.37200215810375,2020,5
2020-05-06,75.67079988264227,2020,5
2020-05-07,75.78256660572256,2020,5
2020-05-08,75.77028711313572,2020,5
2020-05-09,76.32299711704103,2020,5
2020-05-10,75.58069073134176,2020,5
2020-05-11,75.37859034308276,2020,5
2020-05-12,75.43370283094796,2020,5
2020-05-13,75.31453704485519,2020,5
2020-05-14,75.41788494679213,2020,5
2020-05-15,75.6320398890446,2020,5
2020-05-16,75.6984934497291,2020,5
2020-05-17,75.93046109687063,2020,5
2020-05-18,75.81140345490643,2020,5
2020-05-19,75.8382002762991,2020,5
2020-05-20,75.74271355726833,2020,5
2020-05-21,75.98622323479042,2020,5
2020-05-22,76.45616471338876,2020,5
2020-05-23,76.48694867021773,2020,5
2020-05-24,76.55201123163943,2020,5
2020-05-25,76.67838283365874,2020,5
2020-05-26,76.70065427182222,2020,5
2020-05-27,76.53655198965187,2020,5
2020-05-28,76.3669243035645,2020,5
2020-05-29,75.99749215542175,2020,5
2020-05-30,75.4451196414051,2020,5
2020-05-31,75.36059210036171,2020,5
2020-06-01,74.87688200878799,2020,6
2020-06-02,74.65518098244759,2020,6
2020-06-03,74.57123774692786,2020,6
2020-06-04,74.3293955300051,2020,6
2020-06-05,74.40105597353457,2020,6
2020-06-06,74.7211459773777,2020,6
2020-06-07,75.02150283838822,2020,6
2020-06-08,75.32835555493888,2020,6
2020-06-09,75.70308486792128,2020,6
2020-06-10,75.62330640285201,2020,6
2020-06-11,75.08716793199434,2020,6
2020-06-12,74.9582279947349,2020,6
2020-06-13,74.87328858487562,2020,6
2020-06-14,75.10538167792161,2020,6
2020-06-15,75.23245844447635,2020,6
2020-06-16,75.10668828942576,2020,6
2020-06-17,74.88520170146839,2020,6
2020-06-18,74.91077043734033,2020,6
2020-06-19,75.01725133563343,2020,6
2020-06-20,74.93427654942708,2020,6
2020-06-21,74.45406919412908,2020,6
2020-06-22,74.72147167118781,2020,6
2020-06-23,74.76107654300789,2020,6
2020-06-24,74.81391699719302,2020,6
2020-06-25,74.68582886167341,2020,6
2020-06-26,74.57690807095554,2020,6
2020-06-27,74.83343127330046,2020,6
2020-06-28,74.93009419268351,2020,6
2020-06-29,74.74427223835954,2020,6
2020-06-30,75.00426001899716,2020,6
2020-07-01,75.06979388609204,2020,7
2020-07-02,75.09218426584431,2020,7
2020-07-03,75.0034344744363,2020,7
2020-07-04,74.78033903372142,2020,7
2020-07-05,74.17245412098221,2020,7
2020-07-06,74.06452129534155,2020,7
2020-07-07,74.34515250831606,2020,7
2020-07-08,74.44441865786871,2020,7
2020-07-09,74.33546568298843,2020,7
2020-07-10,74.24012313841361,2020,7
2020-07-11,74.25852453449596,2020,7
2020-07-12,74.22911265468396,2020,7
2020-07-13,74.43888711581864,2020,7
2020-07-14,74.40171625066122,2020,7
2020-07-15,74.1968889079325,2020,7
2020-07-16,74.16098059393636,2020,7
2020-07-17,74.37510978028124,2020,7
2020-07-18,74.57425073174339,2020,7
2020-07-19,74.32611357170536,2020,7
2020-07-20,74.1022126980059,2020,7
2020-07-21,73.81474009459025,2020,7
2020-07-22,74.12164092225932,2020,7
2020-07-23,74.0374336544231,2020,7
2020-07-24,74.02944482785429,2020,7
2020-07-25,74.23284570797827,2020,7
2020-07-26,74.67370658660612,2020,7
2020-07-27,74.64990565047492,2020,7
2020-07-28,74.5362423959671,2020,7
2020-07-29,74.08636119267075,2020,7
2020-07-30,74.23608349692692,2020,7
2020-07-31,74.45313860713618,2020,7
2020-08-01,74.43734368372435,2020,8
2020-08-02,74.7451763937697,2020,8
2020-08-03,74.52971266257317,2020,8
2020-08-04,74.42466708704542,2020,8
2020-08-05,74.2967894314081,2020,8
2020-08-06,74.28215541364119,2020,8
2020-08-07,74.22827755695361,2020,8
2020-08-08,74.19197071091384,2020,8
2020-08-09,73.79140986028726,2020,8
2020-08-10,73.71805154475362,2020,8
2020-08-11,73.94538800152566,2020,8
2020-08-12,73.74467867676196,2020,8
2020-08-13,73.78687897365847,2020,8
2020-08-14,73.59711793464035,2020,8
2020-08-15,73.55039895894095,2020,8
2020-08-16,73.58995127329368,2020,8
2020-08-17,73.73137824340036,2020,8
2020-08-18,73.89248778491195,2020,8
2020-08-19,73.62216120381804,2020,8
2020-08-20,73.325479879414,2020,8
2020-08-21,73.44163560936344,2020,8
2020-08-22,73.90063896624909,2020,8
2020-08-23,73.80947547772712,2020,8
2020-08-24,73.8738375615511,2020,8
2020-08-25,74.02121001457259,2020,8
2020-08-26,73.72985369704503,2020,8
2020-08-27,73.55991641739595,2020,8
2020-08-28,73.69700245321427,2020,8
2020-08-29,73.7810356293472,2020,8
2020-08-30,73.90916603470353,2020,8
2020-08-31,73.93566658539092,2020,8
2020-09-01,73.9891213912073,2020,9
2020-09-02,73.97800577185686,2020,9
2020-09-03,74.1905013872859,2020,9
2020-09-04,74.21393774284074,2020,9
2020-09-05,74.44047392500453,2020,9
2020-09-06,74.37751860077053,2020,9
2020-09-07,74.32543381815957,2020,9
2020-09-08,74.49523845593342,2020,9
2020-09-09,74.61030086117894,2020,9
2020-09-10,74.47387794424483,2020,9
2020-09-11,74.2988369513919,2020,9
2020-09-12,74.29709049678226,2020,9
2020-09-13,74.07245752052619,2020,9
2020-09-14,74.23544950835168,2020,9
2020-09-15,73.9675061753237,2020,9
2020-09-16,74.39298995277517,2020,9
2020-09-17,74.42105335650932,2020,9
2020-09-18,74.3964857035498,2020,9
2020-09-19,74.51345812091891,2020,9
2020-09-20,74.47025279473536,2020,9
2020-09-21,74.59014517220304,2020,9
2020-09-22,74.01638719794374,2020,9
2020-09-23,73.89491296349847,2020,9
2020-09-24,74.01193287950541,2020,9
2020-09-25,74.0491408418527,2020,9
2020-09-26,73.67519545717953,2020,9
2020-09-27,73.99832308002654,2020,9
2020-09-28,74.32628270468916,2020,9
2020-09-29,74.3303159049707,2020,9
2020-09-30,74.2768149647266,2020,9
2020-10-01,74.31081742761208,2020,10
2020-10-02,74.46049053641875,2020,10
2020-10-03,74.44661276710694,2020,10
2020-10-04,74.32294197215577,2020,10
2020-10-05,74.52371038597539,2020,10
2020-10-06,74.4507342595384,2020,10
2020-10-07,74.48206450763024,2020,10
2020-10-08,74.51582616536172,2020,10
2020-10-09,74.74126234657145,2020,10
2020-10-10,74.5750825560377,2020,10
2020-10-11,74.27726650040515,2020,10
2020-10-12,74.37441926440725,2020,10
2020-10-13,74.26776454095332,2020,10
2020-10-14,74.23255751105407,2020,10
2020-10-15,74.30370660960833,2020,10
2020-10-16,74.38249276539176,2020,10
2020-10-17,74.45698050230163,2020,10
2020-10-18,74.40741867855515,2020,10
2020-10-19,74.20885753948234,2020,10
2020-10-20,74.13523965038098,2020,10
2020-10-21,74.06008434418337,2020,10
2020-10-22,74.00005855534876,2020,10
2020-10-23,73.9588923598322,2020,10
2020-10-24,73.91959211826689,2020,10
2020-10-25,73.87231377318581,2020,10
2020-10-26,73.92006303911612,2020,10
2020-10-27,73.93956414829863,2020,10
2020-10-28,73.89466356883621,2020,10
2020-10-29,73.87789524509775,2020,10
2020-10-30,73.93830663151998,2020,10
2020-10-31,73.70759075533745,2020,10
2020-11-01,73.68527614379045,2020,11
2020-11-02,73.74834968576783,2020,11
2020-11-03,73.55855417131741,2020,11
2020-11-04,73.50200098993872,2020,11
2020-11-05,73.49315689338644,2020,11
2020-11-06,73.4367042627738,2020,11
2020-11-07,73.40477882631203,2020,11
2020-11-08,73.28777803270107,2020,11
2020-11-09,73.22320525274878,2020,11
2020-11-10,73.19728863926206,2020,11
2020-11-11,73.07042333613887,2020,11
2020-11-12,73.13900006405645,2020,11
2020-11-13,73.21952179630561,2020,11
2020-11-14,73.28793043804,2020,11
2020-11-15,73.05390888899625,2020,11
2020-11-16,72.55951185540603,2020,11
2020-11-17,72.68963358811394,2020,11
2020-11-18,72.56186282019574,2020,11
2020-11-19,72.72756438000644,2020,11
2020-11-20,72.41084985518097,2020,11
2020-11-21,72.13748182018345,2020,11
2020-11-22,72.11589417622257,2020,11
2020-11-23,72.0394538595938,2020,11
2020-11-24,71.99807166934553,2020,11
2020-11-25,71.78666562603456,2020,11
2020-11-26,71.5741944586686,2020,11
2020-11-27,71.52548319492959,2020,11
2020-11-28,72.08014445684934,2020,11
2020-11-29,72.4324805013839,2020,11
2020-11-30,72.66604109795365,2020,11
2020-12-01,72.73979112913676,2020,12
2020-12-02,72.74224427166182,2020,12
2020-12-03,72.54404042399236,2020,12
2020-12-04,72.5843077921053,2020,12
2020-12-05,72.54039790428656,2020,12
2020-12-06,72.55164674395719,2020,12
2020-12-07,72.54037333816413,2020,12
2020-12-08,72.43462627549916,2020,12
2020-12-09,72.33719236077891,2020,12
2020-12-10,72.3526429603788,2020,12
2020-12-11,71.70108839602376,2020,12
2020-12-12,71.42026414617719,2020,12
2020-12-13,71.21386383839284,2020,12
2020-12-14,71.13363689694852,2020,12
2020-12-15,71.09756330138448,2020,12
2020-12-16,70.93808491140096,2020,12
2020-12-17,70.87002232445805,2020,12
2020-12-18,70.80744311289007,2020,12
2020-12-19,71.13831071879247,2020,12
2020-12-20,71.23610925675887,2020,12
2020-12-21,71.47893713248739,2020,12
2020-12-22,71.62294294129596,2020,12
2020-12-23,71.67281918074225,2020,12
2020-12-24,71.6413178674078,2020,12
2020-12-25,71.57612971860826,2020,12
2020-12-26,71.59823051155881,2020,12
2020-12-27,71.45161245304345,2020,12
2020-12-28,70.99781196818664,2020,12
2020-12-29,70.76697586176873,2020,12
2020-12-30,70.77032155300486,2020,12
2020-12-31,70.90652367034292,2020,12
2021-01-01,71.07829347763793,2021,1
2021-01-02,71.25310044822986,2021,1
2021-01-03,71.29748651971639,2021,1
2021-01-04,71.43106655401373,2021,1
2021-01-05,71.34900282827292,2021,1
2021-01-06,71.68179107010663,2021,1
2021-01-07,71.38242804337582,2021,1
2021-01-08,71.30342454839861,2021,1
2021-01-09,71.31732148891336,2021,1
2021-01-10,71.42464767237692,2021,1
2021-01-11,71.40415342153916,2021,1
2021-01-12,71.09552468810263,2021,1
2021-01-13,71.0293522307662,2021,1
2021-01-14,71.11669898274866,2021,1
2021-01-15,71.44219445874387,2021,1
2021-01-16,71.19721190030151,2021,1
2021-01-17,71.78738674835427,2021,1
2021-01-18,71.54849619701312,2021,1
2021-01-19,71.5301694949314,2021,1
2021-01-20,71.68267815304935,2021,1
2021-01-21,71.80790562379639,2021,1
2021-01-22,71.80168885015716,2021,1
2021-01-23,71.64296415470653,2021,1
2021-01-24,71.33619512553416,2021,1
2021-01-25,71.18833389615558,2021,1
2021-01-26,71.27799280931887,2021,1
2021-01-27,71.29500386858396,2021,1
2021-01-28,71.16364903087789,2021,1
2021-01-29,71.10567927651759,2021,1
2021-01-30,71.27476701955288,2021,1
2021-01-31,71.53547594605088,2021,1
2021-02-01,71.93637334924638,2021,2
2021-02-02,72.38897995339035,2021,2
2021-02-03,72.34348976686574,2021,2
2021-02-04,71.94366310571753,2021,2
2021-02-05,71.8837734017485,2021,2
2021-02-06,71.80773267658617,2021,2
2021-02-07,71.91857308725461,2021,2
2021-02-08,72.32423929180456,2021,2
2021-02-09,72.59221395653516,2021,2
2021-02-10,73.11608665014923,2021,2
2021-02-11,72.75738669447828,2021,2
2021-02-12,72.74923453589835,2021,2
2021-02-13,72.95886685738573,2021,2
2021-02-14,72.94819617503813,2021,2
2021-02-15,72.91400337836835,2021,2
2021-02-16,72.74454117288339,2021,2
2021-02-17,72.57617933484897,2021,2
2021-02-18,73.29167494564715,2021,2
2021-02-19,72.54149242966696,2021,2
2021-02-20,72.68715670377507,2021,2
2021-02-21,73.11593917708795,2021,2
2021-02-22,73.35844926202876,2021,2
2021-02-23,73.64121981755497,2021,2
2021-02-24,73.8215830717982,2021,2
2021-02-25,74.21071563263965,2021,2
2021-02-26,74.14695970484766,2021,2
2021-02-27,73.76592592595532,2021,2
2021-02-28,73.76814306475084,2021,2
2021-03-01,73.94169350595458,2021,3
2021-03-02,73.77210224115352,2021,3
2021-03-03,74.02001026102485,2021,3
2021-03-04,74.15998483184737,2021,3
2021-03-05,74.06330098840604,2021,3
2021-03-06,74.12973343468538,2021,3
2021-03-07,74.1933346701558,2021,3
2021-03-08,74.1004717335551,2021,3
2021-03-09,74.2433947989477,2021,3
2021-03-10,74.36424962575609,2021,3
2021-03-11,74.16179739742655,2021,3
2021-03-12,73.82872838965085,2021,3
2021-03-13,73.71523704332698,2021,3
2021-03-14,73.99052920588339,2021,3
2021-03-15,74.42402661382755,2021,3
2021-03-16,74.61508803484192,2021,3
2021-03-17,74.71679111150047,2021,3
2021-03-18,75.62285338837248,2021,3
2021-03-19,74.33794918558907,2021,3
2021-03-20,74.55507160648636,2021,3
2021-03-21,74.72525824989991,2021,3
2021-03-22,75.2561954923306,2021,3
2021-03-23,74.14219764055363,2021,3
2021-03-24,74.55015583359116,2021,3
2021-03-25,74.58083091931823,2021,3
2021-03-26,74.86871826308597,2021,3
2021-03-27,75.20958154644107,2021,3
2021-03-28,75.47015374774348,2021,3
2021-03-29,75.62584794830764,2021,3
2021-03-30,75.40240265946606,2021,3
2021-03-31,75.25390259219736,2021,3
2021-04-01,75.16001539491725,2021,4
2021-04-02,75.19589671070518,2021,4
2021-04-03,75.2961122891016,2021,4
2021-04-04,75.62294018581728,2021,4
2021-04-05,75.45966875686389,2021,4
2021-04-06,75.51608068916414,2021,4
2021-04-07,75.39908421217804,2021,4
2021-04-08,75.14334724127244,2021,4
2021-04-09,75.12413662515594,2021,4
2021-04-10,75.39177031205192,2021,4
2021-04-11,75.46453743235836,2021,4
2021-04-12,75.49807390912122,2021,4
2021-04-13,75.66396558086579,2021,4
2021-04-14,75.59208142233571,2021,4
2021-04-15,75.49205205427582,2021,4
2021-04-16,75.23487362424986,2021,4
2021-04-17,74.76015937968684,2021,4
2021-04-18,75.13538439994473,2021,4
2021-04-19,75.42330542765087,2021,4
2021-04-20,75.10910148032505,2021,4
2021-04-21,74.72976411524435,2021,4
2021-04-22,74.61381308728262,2021,4
2021-04-23,74.98688615755977,2021,4
2021-04-24,75.37514475908536,2021,4
2021-04-25,76.11692644296899,2021,4
2021-04-26,76.05360046577904,2021,4
2021-04-27,76.23728504368225,2021,4
2021-04-28,76.34104885824962,2021,4
2021-04-29,76.21835438064689,2021,4
2021-04-30,76.04494440738533,2021,4
2021-05-01,75.69985652942127,2021,5
2021-05-02,75.47334539277502,2021,5
2021-05-03,75.39064307610919,2021,5
2021-05-04,75.20456961187553,2021,5
2021-05-05,75.33930676301703,2021,5
2021-05-06,75.41507570824342,2021,5
2021-05-07,75.15984995630377,2021,5
2021-05-08,75.35884211459818,2021,5
2021-05-09,75.47689875530608,2021,5
2021-05-10,75.34761827764696,2021,5
2021-05-11,75.0957886244809,2021,5
2021-05-12,74.9548308012878,2021,5
2021-05-13,74.57492521926002,2021,5
2021-05-14,75.14983645531997,2021,5
2021-05-15,75.2766810381359,2021,5
2021-05-16,75.24730672189705,2021,5
2021-05-17,74.97081329924217,2021,5
2021-05-18,74.23863049767361,2021,5
2021-05-19,73.96049485385964,2021,5
2021-05-20,74.50982442445013,2021,5
2021-05-21,74.81813123625463,2021,5
2021-05-22,75.08520983476818,2021,5
2021-05-23,75.17449635426506,2021,5
2021-05-24,75.51131006594343,2021,5
2021-05-25,75.42241979845424,2021,5
2021-05-26,75.77274129842282,2021,5
2021-05-27,75.39058657133644,2021,5
2021-05-28,75.49272882887088,2021,5
2021-05-29,75.67301636190793,2021,5
2021-05-30,75.93647485145563,2021,5
2021-05-31,75.51351432994375,2021,5
2021-06-01,74.91768353577743,2021,6
2021-06-02,75.06366360022035,2021,6
2021-06-03,75.0056630956921,2021,6
2021-06-04,75.43062634110252,2021,6
2021-06-05,75.01214801358752,2021,6
2021-06-06,75.20122481694101,2021,6
2021-06-07,75.43316527390287,2021,6
2021-06-08,75.7335467902074,2021,6
2021-06-09,75.29976009007363,2021,6
2021-06-10,74.98068544440575,2021,6
2021-06-11,74.86245558934252,2021,6
2021-06-12,74.75724784488409,2021,6
2021-06-13,74.57782170322086,2021,6
2021-06-14,74.56091535219892,2021,6
2021-06-15,74.63238201102804,2021,6
2021-06-16,74.31398705717541,2021,6
2021-06-17,74.37129351237733,2021,6
2021-06-18,74.0568883132302,2021,6
2021-06-19,73.97414761497322,2021,6
2021-06-20,74.81214837117695,2021,6
2021-06-21,74.69840221595493,2021,6
2021-06-22,75.27607161259866,2021,6
2021-06-23,74.77532198311366,2021,6
2021-06-24,74.54221586571786,2021,6
2021-06-25,74.7077832224713,2021,6
2021-06-26,74.62258639774508,2021,6
2021-06-27,74.59279362323319,2021,6
2021-06-28,74.94840354600962,2021,6
2021-06-29,75.25290766073292,2021,6
2021-06-30,75.33664121447231,2021,6
2021-07-01,75.04469680688221,2021,7
2021-07-02,74.69911434159029,2021,7
2021-07-03,74.73732483336073,2021,7
2021-07-04,75.0351482889314,2021,7
2021-07-05,75.025432617429,2021,7
2021-07-06,75.315728815856,2021,7
2021-07-07,75.48478589711142,2021,7
2021-07-08,74.73102061678753,2021,7
2021-07-09,74.8224683144377,2021,7
2021-07-10,74.70678869742709,2021,7
2021-07-11,74.45184167696225,2021,7
2021-07-12,74.25816336228124,2021,7
2021-07-13,74.08406027433658,2021,7
2021-07-14,73.99634141075697,2021,7
2021-07-15,74.22219883610444,2021,7
2021-07-16,74.59975926650249,2021,7
2021-07-17,74.61211404534262,2021,7
2021-07-18,74.20859163299026,2021,7
2021-07-19,73.82763996627473,2021,7
2021-07-20,73.69032091919989,2021,7
2021-07-21,73.60179678451948,2021,7
2021-07-22,73.71899208758789,2021,7
2021-07-23,73.89074280512021,2021,7
2021-07-24,74.1766403328733,2021,7
2021-07-25,74.18301685021233,2021,7
2021-07-26,73.94635451439747,2021,7
2021-07-27,73.64817460764024,2021,7
2021-07-28,73.44150013624741,2021,7
2021-07-29,73.29077741369203,2021,7
2021-07-30,73.36847544468657,2021,7
2021-07-31,73.52670834419199,2021,7
2021-08-01,73.6388988038635,2021,8
2021-08-02,73.83734640912147,2021,8
2021-08-03,73.84101013122964,2021,8
2021-08-04,73.95330468746025,2021,8
2021-08-05,74.127434203995,2021,8
2021-08-06,74.19513532114073,2021,8
2021-08-07,74.30308200715551,2021,8
2021-08-08,74.26406730996217,2021,8
2021-08-09,74.32314334101066,2021,8
2021-08-10,74.21478769224464,2021,8
2021-08-11,74.2507329612841,2021,8
2021-08-12,74.23819550623084,2021,8
2021-08-13,74.32100749853869,2021,8
2021-08-14,74.24394799169613,2021,8
2021-08-15,74.19353851584984,2021,8
2021-08-16,74.21630261017721,2021,8
2021-08-17,74.06851135732153,2021,8
2021-08-18,74.02922878661187,2021,8
2021-08-19,73.9035915931476,2021,8
2021-08-20,73.6647357065072,2021,8
2021-08-21,73.61436434500934,2021,8
2021-08-22,73.91564638462839,2021,8
2021-08-23,74.16944946035703,2021,8
2021-08-24,74.32966457824008,2021,8
2021-08-25,74.30146077841152,2021,8
2021-08-26,74.07782778063871,2021,8
2021-08-27,73.99685448730573,2021,8
2021-08-28,73.86848219134198,2021,8
2021-08-29,73.89346804124354,2021,8
2021-08-30,73.83121071988732,2021,8
2021-08-31,73.83114937406873,2021,8
2021-09-01,73.90632009778874,2021,9
2021-09-02,74.28824809694976,2021,9
2021-09-03,74.03108529005766,2021,9
2021-09-04,74.03522519054972,2021,9
2021-09-05,74.26046470416806,2021,9
2021-09-06,74.17854792265597,2021,9
2021-09-07,73.81613108789635,2021,9
2021-09-08,73.90110386690034,2021,9
2021-09-09,73.94173895812054,2021,9
2021-09-10,73.87444409331067,2021,9
2021-09-11,73.59012245353819,2021,9
2021-09-12,73.88516056954641,2021,9
2021-09-13,73.89501778281954,2021,9
2021-09-14,73.94960841091803,2021,9
2021-09-15,73.83500582451907,2021,9
2021-09-16,73.97208778467083,2021,9
2021-09-17,73.72452641368128,2021,9
2021-09-18,73.91877244273302,2021,9
2021-09-19,74.13694551808639,2021,9
2021-09-20,74.15216733771206,2021,9
2021-09-21,73.85204212365663,2021,9
2021-09-22,73.65276944369029,2021,9
2021-09-23,73.6698326634084,2021,9
2021-09-24,73.95115060765932,2021,9
2021-09-25,74.11269260930472,2021,9
2021-09-26,74.02088959819837,2021,9
2021-09-27,73.90717648440432,2021,9
2021-09-28,73.9391559187834,2021,9
2021-09-29,73.86547514924726,2021,9
2021-09-30,74.04215758745737,2021,9
2021-10-01,74.18242904295357,2021,10
2021-10-02,74.13633290936117,2021,10
2021-10-03,74.13352814351609,2021,10
2021-10-04,74.20585654459744,2021,10
2021-10-05,74.23527466795115,2021,10
2021-10-06,74.26617626848355,2021,10
2021-10-07,74.56197388499483,2021,10
2021-10-08,74.59674206822498,2021,10
2021-10-09,74.47095638069375,2021,10
2021-10-10,74.4868960561173,2021,10
2021-10-11,74.34066538221684,2021,10
2021-10-12,74.39854793756065,2021,10
2021-10-13,74.47319565353526,2021,10
2021-10-14,74.4662949297564,2021,10
2021-10-15,74.55165090387854,2021,10
2021-10-16,74.5107324271888,2021,10
2021-10-17,73.60953736095396,2021,10
2021-10-18,73.28817189801467,2021,10
2021-10-19,73.50610745000178,2021,10
2021-10-20,73.77149567118903,2021,10
2021-10-21,73.949686483006,2021,10
2021-10-22,74.33432475431898,2021,10
2021-10-23,73.3898906055803,2021,10
2021-10-24,73.14669583920002,2021,10
2021-10-25,73.23440002580588,2021,10
2021-10-26,73.23345256166417,2021,10
2021-10-27,73.390432206899,2021,10
2021-10-28,73.41292541548364,2021,10
2021-10-29,73.29061739549684,2021,10
2021-10-30,73.32533078134064,2021,10
2021-10-31,73.33254410467092,2021,10
2021-11-01,73.24718757145874,2021,11
2021-11-02,73.15196272245352,2021,11
2021-11-03,73.05039424078508,2021,11
2021-11-04,73.10252960968077,2021,11
2021-11-05,73.01046204787235,2021,11
2021-11-06,72.97747785988875,2021,11
2021-11-07,72.8929827804052,2021,11
2021-11-08,72.92337050548213,2021,11
2021-11-09,73.00661360340955,2021,11
2021-11-10,73.04291180744178,2021,11
2021-11-11,72.84044850235624,2021,11
2021-11-12,72.79402114986769,2021,11
2021-11-13,72.63612949466467,2021,11
2021-11-14,72.73077400619775,2021,11
2021-11-15,72.6071511898814,2021,11
2021-11-16,72.55944351979453,2021,11
2021-11-17,72.67816419812561,2021,11
2021-11-18,72.45897766259905,2021,11
2021-11-19,72.23119654841801,2021,11
2021-11-20,72.46054036375008,2021,11
2021-11-21,72.75009968845237,2021,11
2021-11-22,72.85453263058001,2021,11
2021-11-23,72.93349395089015,2021,11
2021-11-24,72.92510498250444,2021,11
2021-11-25,72.6458218695736,2021,11
2021-11-26,72.59888089998208,2021,11
2021-11-27,72.58780789280029,2021,11
2021-11-28,72.48313085608278,2021,11
2021-11-29,72.21562169389232,2021,11
2021-11-30,72.31429511746661,2021,11
2021-12-01,71.66146258487392,2021,12
2021-12-02,71.50872637328474,2021,12
2021-12-03,71.84557172193584,2021,12
2021-12-04,72.10391927940363,2021,12
2021-12-05,72.49065253383242,2021,12
2021-12-06,72.15350795851242,2021,12
2021-12-07,72.06504052164682,2021,12
2021-12-08,72.10770893148813,2021,12
2021-12-09,71.93330653475434,2021,12
2021-12-10,71.84029256914883,2021,12
2021-12-11,71.76846410761478,2021,12
2021-12-12,71.74780937504524,2021,12
2021-12-13,71.61188908169247,2021,12
2021-12-14,71.48105518937854,2021,12
2021-12-15,71.38859541439363,2021,12
2021-12-16,71.28427559093723,2021,12
2021-12-17,71.01495621575737,2021,12
2021-12-18,70.91622672043445,2021,12
2021-12-19,70.98003484696885,2021,12
2021-12-20,71.14799587305725,2021,12
2021-12-21,71.49867928149729,2021,12
2021-12-22,71.6635011962252,2021,12
2021-12-23,71.68176256917725,2021,12
2021-12-24,71.68154758199292,2021,12
2021-12-25,71.60374622926832,2021,12
2021-12-26,71.23514366565051,2021,12
2021-12-27,71.32466082500785,2021,12
2021-12-28,70.87596675066473,2021,12
2021-12-29,70.4788560891924,2021,12
2021-12-30,70.56860097860947,2021,12
2021-12-31,70.72339090089926,2021,12
2022-01-01,70.88819981577727,2022,1
2022-01-02,71.13052025571363,2022,1
2022-01-03,71.23503705308266,2022,1
2022-01-04,71.29528484076329,2022,1
2022-01-05,70.73395823206157,2022,1
2022-01-06,70.7910621587794,2022,1
2022-01-07,70.9423494404081,2022,1
2022-01-08,72.11456827057657,2022,1
2022-01-09,70.52630709319041,2022,1
2022-01-10,71.00881283627336,2022,1
2022-01-11,70.42561000831654,2022,1
2022-01-12,70.24096095234135,2022,1
2022-01-13,70.28735118554317,2022,1
2022-01-14,70.20858235534178,2022,1
2022-01-15,70.30594357243166,2022,1
2022-01-16,70.44641371488794,2022,1
2022-01-17,70.4724856440756,2022,1
2022-01-18,70.73042549377739,2022,1
2022-01-19,70.87320579005053,2022,1
2022-01-20,70.95723452504151,2022,1
2022-01-21,71.1414615418497,2022,1
2022-01-22,70.80161540023819,2022,1
2022-01-23,70.3847541730022,2022,1
2022-01-24,70.1954801351179,2022,1
2022-01-25,70.40817085977685,2022,1
2022-01-26,70.41994242911646,2022,1
2022-01-27,70.52323101501815,2022,1
2022-01-28,70.74122692919471,2022,1
2022-01-29,71.32728618637869,2022,1
2022-01-30,71.7857154143308,2022,1
2022-01-31,71.73913479601228,2022,1
2022-02-01,71.62001248607145,2022,2
2022-02-02,71.80246378150818,2022,2
2022-02-03,71.32890405899903,2022,2
2022-02-04,70.7548207904514,2022,2
2022-02-05,71.19205104685818,2022,2
2022-02-06,71.4799429438165,2022,2
2022-02-07,71.7903051684501,2022,2
2022-02-08,71.93745077685311,2022,2
2022-02-09,71.67125182345403,2022,2
2022-02-10,71.7976496141836,2022,2
2022-02-11,71.5480165389963,2022,2
2022-02-12,71.90288492843855,2022,2
2022-02-13,72.13825338934124,2022,2
2022-02-14,72.23634275161268,2022,2
2022-02-15,72.27078523750222,2022,2
2022-02-16,72.31345556378616,2022,2
2022-02-17,72.80194834251373,2022,2
2022-02-18,72.93365578917785,2022,2
2022-02-19,72.7584773800408,2022,2
2022-02-20,72.5374979310207,2022,2
2022-02-21,72.73240367911505,2022,2
2022-02-22,72.91530877792276,2022,2
2022-02-23,72.76770112254766,2022,2
2022-02-24,72.79680577441988,2022,2
2022-02-25,72.860066365209,2022,2
2022-02-26,72.62845372350648,2022,2
2022-02-27,72.73901404937365,2022,2
2022-02-28,72.82566413384669,2022,2
2022-03-01,73.0495888939348,2022,3
2022-03-02,73.27909230028776,2022,3
2022-03-03,73.19231994822341,2022,3
2022-03-04,73.32640731254267,2022,3
2022-03-05,73.39631253898591,2022,3
2022-03-06,73.53774327988987,2022,3
2022-03-07,73.68543410073322,2022,3
2022-03-08,73.8674321838321,2022,3
2022-03-09,74.05957132273936,2022,3
2022-03-10,74.13262048161386,2022,3
2022-03-11,74.2495769701574,2022,3
2022-03-12,74.38313156532841,2022,3
2022-03-13,74.75815369478593,2022,3
2022-03-14,75.09489458540662,2022,3
2022-03-15,75.28832543571465,2022,3
2022-03-16,75.5072895517086,2022,3
2022-03-17,75.51681248807104,2022,3
2022-03-18,75.51053896839188,2022,3
2022-03-19,75.32113464307035,2022,3
2022-03-20,75.20574014198417,2022,3
2022-03-21,75.31183627778452,2022,3
2022-03-22,75.25580593004692,2022,3
2022-03-23,75.27092540492805,2022,3
2022-03-24,74.98287262624906,2022,3
2022-03-25,74.89788320048353,2022,3
2022-03-26,75.13213463606394,2022,3
2022-03-27,75.4746957149935,2022,3
2022-03-28,75.59811745563789,2022,3
2022-03-29,75.707310828896,2022,3
2022-03-30,75.63023579149875,2022,3
2022-03-31,75.63836271761495,2022,3
2022-04-01,75.52389811924239,2022,4
2022-04-02,75.52613844580836,2022,4
2022-04-03,75.5938600088157,2022,4
2022-04-04,75.71941620679151,2022,4
2022-04-05,75.69811387727239,2022,4
2022-04-06,75.79486507053444,2022,4
2022-04-07,75.93006358920253,2022,4
2022-04-08,75.96606615098015,2022,4
2022-04-09,75.9203580143553,2022,4
2022-04-10,75.81870977095254,2022,4
2022-04-11,75.90661454513167,2022,4
2022-04-12,75.81532126402212,2022,4
2022-04-13,75.65225152594991,2022,4
2022-04-14,75.63783128048158,2022,4
2022-04-15,75.85462650710261,2022,4
2022-04-16,75.99542824922055,2022,4
2022-04-17,76.05099272688211,2022,4
2022-04-18,76.15139057500504,2022,4
2022-04-19,76.12454739895776,2022,4
2022-04-20,75.91020521498662,2022,4
2022-04-21,75.40656195193883,2022,4
2022-04-22,75.48465832443267,2022,4
2022-04-23,75.75873650307037,2022,4
2022-04-24,75.98893647795838,2022,4
2022-04-25,76.19914867687964,2022,4
2022-04-26,76.29967210452878,2022,4
2022-04-27,76.51764926823067,2022,4
2022-04-28,76.69442237045378,2022,4
2022-04-29,76.5614050116209,2022,4
2022-04-30,76.30046405701029,2022,4
2022-05-01,76.28953152347218,2022,5
2022-05-02,76.01107058313951,2022,5
2022-05-03,75.5658339145397,2022,5
2022-05-04,75.34651767089225,2022,5
2022-05-05,75.58294411275163,2022,5
2022-05-06,75.89797402958217,2022,5
2022-05-07,76.12400402712895,2022,5
2022-05-08,76.28553714922951,2022,5
2022-05-09,76.18570449364988,2022,5
2022-05-10,75.75614627607423,2022,5
2022-05-11,75.63116347478625,2022,5
2022-05-12,75.80569699396868,2022,5
2022-05-13,76.02457370241308,2022,5
2022-05-14,76.31536911944292,2022,5
2022-05-15,76.3721241806567,2022,5
2022-05-16,75.86641617175323,2022,5
2022-05-17,75.75577897906962,2022,5
2022-05-18,75.76720856403418,2022,5
2022-05-19,75.82518128657529,2022,5
2022-05-20,75.71822060839051,2022,5
2022-05-21,75.46263651845616,2022,5
2022-05-22,75.4655333463225,2022,5
2022-05-23,75.06186217920194,2022,5
2022-05-24,74.9185076556461,2022,5
2022-05-25,75.34769235136281,2022,5
2022-05-26,75.63515629159788,2022,5
2022-05-27,75.73035791234337,2022,5
2022-05-28,75.7907644597339,2022,5
2022-05-29,75.89772006939965,2022,5
2022-05-30,75.98355975460308,2022,5
2022-05-31,76.17358560810908,2022,5
2022-06-01,76.12507139441313,2022,6
2022-06-02,76.42032450388481,2022,6
2022-06-03,76.48473524058684,2022,6
2022-06-04,76.48715740392947,2022,6
2022-06-05,76.52331546643632,2022,6
2022-06-06,76.21236351675924,2022,6
2022-06-07,76.72806308907657,2022,6
2022-06-08,76.50893380625146,2022,6
2022-06-09,76.2198055790097,2022,6
2022-06-10,75.98732153438446,2022,6
2022-06-11,75.96424677534512,2022,6
2022-06-12,75.73489914535682,2022,6
2022-06-13,75.82698373231715,2022,6
2022-06-14,75.79733910856677,2022,6
2022-06-15,75.52273249890254,2022,6
2022-06-16,75.05927944511399,2022,6
2022-06-17,74.65898248058382,2022,6
2022-06-18,74.24229667103332,2022,6
2022-06-19,74.19206221699528,2022,6
2022-06-20,74.23405120027819,2022,6
2022-06-21,73.97730663720004,2022,6
2022-06-22,74.55319994988542,2022,6
2022-06-23,74.90963109004755,2022,6
2022-06-24,75.1140928954097,2022,6
2022-06-25,75.0710992100217,2022,6
2022-06-26,75.23130731273153,2022,6
2022-06-27,74.96723872295436,2022,6
2022-06-28,74.89758448948257,2022,6
2022-06-29,74.60919713044373,2022,6
2022-06-30,74.06878214425338,2022,6
2022-07-01,74.25650985005375,2022,7
2022-07-02,74.27424875797745,2022,7
2022-07-03,74.32595888689674,2022,7
2022-07-04,74.44258247826991,2022,7
2022-07-05,74.44979648296474,2022,7
2022-07-06,74.22277923500809,2022,7
2022-07-07,74.38924654168125,2022,7
2022-07-08,74.20003559353485,2022,7
2022-07-09,74.00906245862093,2022,7
2022-07-10,73.83534548061844,2022,7
2022-07-11,73.94037634727792,2022,7
2022-07-12,73.91317942083916,2022,7
2022-07-13,73.95106629474687,2022,7
2022-07-14,73.94267288589342,2022,7
2022-07-15,74.14576325378232,2022,7
2022-07-16,74.24771124874817,2022,7
2022-07-17,74.07596195870964,2022,7
2022-07-18,74.04817593401896,2022,7
2022-07-19,74.21108850064411,2022,7
2022-07-20,74.0032503292606,2022,7
2022-07-21,73.7133853182296,2022,7
2022-07-22,73.78171713024629,2022,7
2022-07-23,73.65759770939513,2022,7
2022-07-24,73.59992783383669,2022,7
2022-07-25,73.60321319252408,2022,7
2022-07-26,73.49818770708858,2022,7
2022-07-27,73.76859395065185,2022,7
2022-07-28,73.90399407545547,2022,7
2022-07-29,74.07042093014479,2022,7
2022-07-30,74.05346313520356,2022,7
2022-07-31,73.99867358860415,2022,7
2022-08-01,74.0054987997688,2022,8
2022-08-02,74.11123384736632,2022,8
2022-08-03,74.1248526266645,2022,8
2022-08-04,73.95718737218225,2022,8
2022-08-05,73.89820665319351,2022,8
2022-08-06,73.95325030630619,2022,8
2022-08-07,73.91278093999922,2022,8
2022-08-08,73.90083911473319,2022,8
2022-08-09,73.92287184940994,2022,8
2022-08-10,73.83295711079819,2022,8
2022-08-11,73.51404712958926,2022,8
2022-08-12,73.973262901974,2022,8
2022-08-13,73.90673703539883,2022,8
2022-08-14,73.61516200816061,2022,8
2022-08-15,73.3055024705817,2022,8
2022-08-16,73.73158395751122,2022,8
2022-08-17,74.01440893088756,2022,8
2022-08-18,74.23552833874847,2022,8
2022-08-19,73.98442810243904,2022,8
2022-08-20,73.73802697732569,2022,8
2022-08-21,73.9628446967048,2022,8
2022-08-22,73.93339856579014,2022,8
2022-08-23,73.83325029019666,2022,8
2022-08-24,73.75328535954223,2022,8
2022-08-25,73.80348605166546,2022,8
2022-08-26,74.18036625460729,2022,8
2022-08-27,74.1595301089363,2022,8
2022-08-28,74.07077317359057,2022,8
2022-08-29,74.02302211575959,2022,8
2022-08-30,74.32497080142196,2022,8
2022-08-31,74.44616378351921,2022,8
2022-09-01,74.25744484960127,2022,9
2022-09-02,74.33583951744015,2022,9
2022-09-03,74.79127378911718,2022,9
2022-09-04,74.23152849091852,2022,9
2022-09-05,74.21135160888511,2022,9
2022-09-06,74.390341380997,2022,9
2022-09-07,74.49488556478696,2022,9
2022-09-08,74.39375003849753,2022,9
2022-09-09,74.52664825316818,2022,9
2022-09-10,74.29420692730884,2022,9
2022-09-11,73.93959685664436,2022,9
2022-09-12,73.70684706624489,2022,9
2022-09-13,73.5910771544755,2022,9
2022-09-14,73.58101045435868,2022,9
2022-09-15,73.57485819426915,2022,9
2022-09-16,73.65906167786832,2022,9
2022-09-17,73.90586067581663,2022,9
2022-09-18,74.2321060008864,2022,9
2022-09-19,74.14517321925959,2022,9
2022-09-20,73.93912985082252,2022,9
2022-09-21,73.88704032342356,2022,9
2022-09-22,73.70603950433458,2022,9
2022-09-23,73.60220506740922,2022,9
2022-09-24,73.49488316574666,2022,9
2022-09-25,73.62154334356472,2022,9
2022-09-26,73.8690366086357,2022,9
2022-09-27,74.15805301829849,2022,9
2022-09-28,74.21803029236054,2022,9
2022-09-29,74.20309036783,2022,9
2022-09-30,74.26928006683679,2022,9
2022-10-01,74.2642056036142,2022,10
2022-10-02,74.2183937272654,2022,10
2022-10-03,74.14720198202835,2022,10
2022-10-04,74.11584293123494,2022,10
2022-10-05,73.96162440483135,2022,10
2022-10-06,73.5461159384305,2022,10
2022-10-07,73.37542482229473,2022,10
2022-10-08,73.41757143406545,2022,10
2022-10-09,73.44784371163323,2022,10
2022-10-10,73.29204577644919,2022,10
2022-10-11,73.31192571144555,2022,10
2022-10-12,73.44719326881456,2022,10
2022-10-13,73.67908967986774,2022,10
2022-10-14,73.73045746310974,2022,10
2022-10-15,73.82559552655096,2022,10
2022-10-16,73.96546568481523,2022,10
2022-10-17,73.97965040647479,2022,10
2022-10-18,73.85477162253804,2022,10
2022-10-19,73.83570410118875,2022,10
2022-10-20,73.6307933429948,2022,10
2022-10-21,73.71136870801215,2022,10
2022-10-22,73.78529668650545,2022,10
2022-10-23,73.73582385013513,2022,10
2022-10-24,73.44145550430655,2022,10
2022-10-25,73.52618912776023,2022,10
2022-10-26,73.70533308937077,2022,10
2022-10-27,73.73926561149722,2022,10
2022-10-28,73.6896134582775,2022,10
2022-10-29,73.61516695938357,2022,10
2022-10-30,73.58922447762261,2022,10
2022-10-31,73.54703660085428,2022,10
2022-11-01,73.42232903371135,2022,11
2022-11-02,73.49560513022954,2022,11
2022-11-03,73.5859154305599,2022,11
2022-11-04,73.81281451099493,2022,11
2022-11-05,73.7575383962559,2022,11
2022-11-06,73.55853950803426,2022,11
2022-11-07,73.37939363178808,2022,11
2022-11-08,73.19875566789608,2022,11
2022-11-09,73.04192028875998,2022,11
2022-11-10,73.06246190643895,2022,11
2022-11-11,72.87918441967564,2022,11
2022-11-12,72.84666559052141,2022,11
2022-11-13,72.80304396104842,2022,11
2022-11-14,72.64335344599395,2022,11
2022-11-15,72.84046141511526,2022,11
2022-11-16,72.79314067890104,2022,11
2022-11-17,72.65795182917685,2022,11
2022-11-18,72.58779987816617,2022,11
2022-11-19,72.44643752713388,2022,11
2022-11-20,72.44082512052053,2022,11
2022-11-21,72.50226021116731,2022,11
2022-11-22,72.64635297411643,2022,11
2022-11-23,72.67313048623838,2022,11
2022-11-24,72.76946823671332,2022,11
2022-11-25,72.74856745688953,2022,11
2022-11-26,72.74296191371509,2022,11
2022-11-27,72.71882252132256,2022,11
2022-11-28,72.62221485076864,2022,11
2022-11-29,72.58168396135204,2022,11
2022-11-30,72.57757048258728,2022,11
2022-12-01,72.56161886762447,2022,12
2022-12-02,72.51770467139971,2022,12
2022-12-03,72.49273451281432,2022,12
2022-12-04,72.40836425771819,2022,12
2022-12-05,72.29861826787455,2022,12
2022-12-06,72.21200357270058,2022,12
2022-12-07,71.99410980681023,2022,12
2022-12-08,71.9123620690647,2022,12
2022-12-09,71.90977309868089,2022,12
2022-12-10,71.84906801523147,2022,12
2022-12-11,72.2210284357383,2022,12
2022-12-12,72.28128945488903,2022,12
2022-12-13,72.68186612349656,2022,12
2022-12-14,72.25784046325033,2022,12
2022-12-15,72.25271012674537,2022,12
2022-12-16,72.36053960882427,2022,12
2022-12-17,72.33715091252756,2022,12
2022-12-18,72.23402036286474,2022,12
2022-12-19,72.08955104990072,2022,12
2022-12-20,71.92364611832087,2022,12
2022-12-21,71.81861554388682,2022,12
2022-12-22,71.66415435017561,2022,12
2022-12-23,71.65270197623914,2022,12
2022-12-24,71.59226575996219,2022,12
2022-12-25,71.19043458273033,2022,12
2022-12-26,71.25781566157792,2022,12
2022-12-27,71.35816004514652,2022,12
2022-12-28,71.60778584969529,2022,12
2022-12-29,71.50712229416712,2022,12
2022-12-30,71.64052616954588,2022,12
2022-12-31,71.29954381712497,2022,12
2023-01-01,71.06759018145628,2023,1
2023-01-02,70.90769449781558,2023,1
2023-01-03,70.50443217722871,2023,1
2023-01-04,70.28164636035369,2023,1
2023-01-05,70.21676207720024,2023,1
2023-01-06,70.54266239315751,2023,1
2023-01-07,70.92608903583513,2023,1
2023-01-08,71.21705825981171,2023,1
2023-01-09,71.31360434688209,2023,1
2023-01-10,71.50245370289532,2023,1
2023-01-11,71.34985692918656,2023,1
2023-01-12,71.44469692334735,2023,1
2023-01-13,71.09352830142623,2023,1
2023-01-14,70.94959211772947,2023,1
2023-01-15,70.79113229178432,2023,1
2023-01-16,70.90761736056797,2023,1
2023-01-17,70.88420947189447,2023,1
2023-01-18,71.0528106404993,2023,1
2023-01-19,71.28412911701722,2023,1
2023-01-20,71.19503138254969,2023,1
2023-01-21,71.56170117604813,2023,1
2023-01-22,71.54067016962334,2023,1
2023-01-23,71.79976624206252,2023,1
2023-01-24,71.51496586022186,2023,1
2023-01-25,71.4330342207273,2023,1
2023-01-26,71.46493887287879,2023,1
2023-01-27,71.65972718259755,2023,1
2023-01-28,71.9923952059618,2023,1
2023-01-29,71.66290230942647,2023,1
2023-01-30,71.55768209614921,2023,1
2023-01-31,71.74503423157432,2023,1
2023-02-01,71.7042149350754,2023,2
2023-02-02,72.01770916959411,2023,2
2023-02-03,72.29033332259196,2023,2
2023-02-04,72.50999151988286,2023,2
2023-02-05,72.70571715995918,2023,2
2023-02-06,72.78813434290173,2023,2
2023-02-07,72.5469623694607,2023,2
2023-02-08,72.48631443339065,2023,2
2023-02-09,72.6676821300641,2023,2
2023-02-10,72.96923604653047,2023,2
2023-02-11,72.97672298476878,2023,2
2023-02-12,72.52977977721437,2023,2
2023-02-13,72.37821767950989,2023,2
2023-02-14,72.8396228033935,2023,2
2023-02-15,73.30321238492945,2023,2
2023-02-16,73.47050041018393,2023,2
2023-02-17,73.50147049678262,2023,2
2023-02-18,73.58114244637254,2023,2
2023-02-19,73.6973616805807,2023,2
2023-02-20,73.79931366497787,2023,2
2023-02-21,73.74250527885901,2023,2
2023-02-22,73.6156956081809,2023,2
2023-02-23,73.58519755251245,2023,2
2023-02-24,73.65190073689546,2023,2
2023-02-25,73.84982723937595,2023,2
2023-02-26,73.83618225857784,2023,2
2023-02-27,73.85832169870652,2023,2
2023-02-28,73.62508445504601,2023,2
2023-03-01,73.67961784452618,2023,3
2023-03-02,73.88843136842905,2023,3
2023-03-03,74.08824091386772,2023,3
2023-03-04,74.0644595161017,2023,3
2023-03-05,73.97585014359055,2023,3
2023-03-06,74.00687018888124,2023,3
2023-03-07,73.579431448773,2023,3
2023-03-08,73.7645550060237,2023,3
2023-03-09,73.908652528439,2023,3
2023-03-10,74.01230871728201,2023,3
2023-03-11,74.23559317853388,2023,3
2023-03-12,74.4436251810081,2023,3
2023-03-13,74.5600260628254,2023,3
2023-03-14,74.5552975801689,2023,3
2023-03-15,74.17831307237195,2023,3
2023-03-16,73.60252737554977,2023,3
2023-03-17,72.86272768356358,2023,3
2023-03-18,72.70300442292333,2023,3
2023-03-19,72.45515359723427,2023,3
2023-03-20,72.38945979880747,2023,3
2023-03-21,72.68392629098899,2023,3
2023-03-22,73.16460248359033,2023,3
2023-03-23,73.50775687726832,2023,3
2023-03-24,73.59014158508977,2023,3
2023-03-25,73.58350222090152,2023,3
2023-03-26,73.80089699802582,2023,3
2023-03-27,73.94108535112447,2023,3
2023-03-28,74.21655206862437,2023,3
2023-03-29,74.32765482205778,2023,3
2023-03-30,74.20127061304564,2023,3
2023-03-31,73.23956825712412,2023,3
2023-04-01,73.20949494183735,2023,4
2023-04-02,73.85504453383915,2023,4
2023-04-03,74.01656114126088,2023,4
2023-04-04,74.12421571290783,2023,4
2023-04-05,74.43373774360265,2023,4
2023-04-06,74.6402378584109,2023,4
2023-04-07,74.67976273798902,2023,4
2023-04-08,74.81512720188114,2023,4
2023-04-09,75.13439768732188,2023,4
2023-04-10,75.33280286101392,2023,4
2023-04-11,75.54503653040031,2023,4
2023-04-12,75.78289759822759,2023,4
2023-04-13,75.95143199019392,2023,4
2023-04-14,76.03430734209034,2023,4
2023-04-15,75.99919752284944,2023,4
2023-04-16,76.04203914979034,2023,4
2023-04-17,76.20844317375331,2023,4
2023-04-18,76.09976895156119,2023,4
2023-04-19,75.70112183328332,2023,4
2023-04-20,75.39996995568536,2023,4
2023-04-21,74.89759871540042,2023,4
2023-04-22,74.9019572005104,2023,4
2023-04-23,74.55373387793323,2023,4
2023-04-24,74.67491441845904,2023,4
2023-04-25,74.82842691567873,2023,4
2023-04-26,74.9144977197597,2023,4
2023-04-27,74.75703040037301,2023,4
2023-04-28,74.45418006807887,2023,4
2023-04-29,73.92064352623639,2023,4
2023-04-30,73.5795772189633,2023,4
2023-05-01,73.18823754305564,2023,5
2023-05-02,73.52268069367817,2023,5
2023-05-03,73.71501331090185,2023,5
2023-05-04,74.03793946994637,2023,5
2023-05-05,74.50176847605893,2023,5
2023-05-06,74.99450465287627,2023,5
2023-05-07,75.22666437451593,2023,5
2023-05-08,75.2928772648422,2023,5
2023-05-09,75.63538161000034,2023,5
2023-05-10,75.89021322011622,2023,5
2023-05-11,76.17585327774299,2023,5
2023-05-12,76.24133586946715,2023,5
2023-05-13,76.27786018233024,2023,5
2023-05-14,76.17310941405638,2023,5
2023-05-15,76.02619064327622,2023,5
2023-05-16,75.92879431354187,2023,5
2023-05-17,75.96389458907204,2023,5
2023-05-18,75.57073909784626,2023,5
2023-05-19,75.88436820157362,2023,5
2023-05-20,76.22891270328259,2023,5
2023-05-21,76.42207206259691,2023,5
2023-05-22,76.31241535863339,2023,5
2023-05-23,76.15553228066987,2023,5
2023-05-24,75.57177398270221,2023,5
2023-05-25,75.353351055282,2023,5
2023-05-26,75.01046613094974,2023,5
2023-05-27,75.17630338709597,2023,5
2023-05-28,75.47591245153997,2023,5
2023-05-29,75.47256729217297,2023,5
2023-05-30,75.25913341027419,2023,5
2023-05-31,75.28041110438905,2023,5
2023-06-01,75.44371790231789,2023,6
2023-06-02,75.72170661837869,2023,6
2023-06-03,76.0063936528366,2023,6
2023-06-04,75.76195152808103,2023,6
2023-06-05,76.00298640158415,2023,6
2023-06-06,76.1480675585167,2023,6
2023-06-07,76.2097223114667,2023,6
2023-06-08,76.45073218915293,2023,6
2023-06-09,76.39411500203163,2023,6
2023-06-10,76.24484985611079,2023,6
2023-06-11,75.89186471684607,2023,6
2023-06-12,76.10233032460948,2023,6
2023-06-13,76.16272748475454,2023,6
2023-06-14,75.8965524539832,2023,6
2023-06-15,75.71843470461036,2023,6
2023-06-16,75.66493408285001,2023,6
2023-06-17,75.45420039966478,2023,6
2023-06-18,75.20737582162344,2023,6
2023-06-19,75.07828375526975,2023,6
2023-06-20,75.25572005285653,2023,6
2023-06-21,75.25103347122406,2023,6
2023-06-22,75.04361441044227,2023,6
2023-06-23,74.87602598900239,2023,6
2023-06-24,74.80966266891724,2023,6
2023-06-25,74.37527134245852,2023,6
2023-06-26,73.90498952017819,2023,6
2023-06-27,74.02914656034505,2023,6
2023-06-28,74.05686100706342,2023,6
2023-06-29,74.0678061415622,2023,6
2023-06-30,74.10566331152688,2023,6
2023-07-01,74.42127916017789,2023,7
2023-07-02,74.55388732622224,2023,7
2023-07-03,74.73663847739732,2023,7
2023-07-04,74.69310844180515,2023,7
2023-07-05,74.24207294769796,2023,7
2023-07-06,73.99682172546444,2023,7
2023-07-07,73.87802029679908,2023,7
2023-07-08,73.53281368913548,2023,7
2023-07-09,73.88319033134901,2023,7
2023-07-10,74.00676394028658,2023,7
2023-07-11,73.98020098119636,2023,7
2023-07-12,74.11154673022685,2023,7
2023-07-13,74.21852540251766,2023,7
2023-07-14,74.30713414000545,2023,7
2023-07-15,74.09459745969504,2023,7
2023-07-16,73.77731377351874,2023,7
2023-07-17,73.89486672376971,2023,7
2023-07-18,73.91650284605129,2023,7
2023-07-19,73.943827599717,2023,7
2023-07-20,74.3358457497703,2023,7
2023-07-21,74.25728865562787,2023,7
2023-07-22,73.81644180378868,2023,7
2023-07-23,74.0591020857225,2023,7
2023-07-24,74.07973854808125,2023,7
2023-07-25,73.8959525130313,2023,7
2023-07-26,73.75661611511568,2023,7
2023-07-27,73.77142222732166,2023,7
2023-07-28,73.76376364596203,2023,7
2023-07-29,73.71974089526694,2023,7
2023-07-30,74.0822147775174,2023,7
2023-07-31,74.32792348361508,2023,7
2023-08-01,74.23869307412596,2023,8
2023-08-02,73.82872328489506,2023,8
2023-08-03,73.78418925148614,2023,8
2023-08-04,73.81033593035879,2023,8
2023-08-05,73.97608261528912,2023,8
2023-08-06,73.90935175469852,2023,8
2023-08-07,73.85375493499788,2023,8
2023-08-08,73.95117967286927,2023,8
2023-08-09,74.0663396297134,2023,8
2023-08-10,74.1789460595516,2023,8
2023-08-11,74.30441309931084,2023,8
2023-08-12,74.19863674513178,2023,8
2023-08-13,73.98163310841987,2023,8
2023-08-14,74.05194192055463,2023,8
2023-08-15,74.64194784118658,2023,8
2023-08-16,74.51720509368016,2023,8
2023-08-17,74.36803884270589,2023,8
2023-08-18,74.13969821705179,2023,8
2023-08-19,74.21957181293128,2023,8
2023-08-20,74.2160400742778,2023,8
2023-08-21,74.34368108476465,2023,8
2023-08-22,74.09199287025656,2023,8
2023-08-23,73.761553237411,2023,8
2023-08-24,73.74841610595482,2023,8
2023-08-25,73.98547054708155,2023,8
2023-08-26,73.9580813016012,2023,8
2023-08-27,74.535895790017,2023,8
2023-08-28,74.23054258882989,2023,8
2023-08-29,74.59397523220437,2023,8
2023-08-30,74.72534796580908,2023,8
2023-08-31,74.949117873748,2023,8
2023-09-01,75.01285724704388,2023,9
2023-09-02,74.9264596309325,2023,9
2023-09-03,74.76500692665944,2023,9
2023-09-04,74.48558122459964,2023,9
2023-09-05,74.4624920655441,2023,9
2023-09-06,74.54511644531497,2023,9
2023-09-07,74.6794267407779,2023,9
2023-09-08,74.06065410708888,2023,9
2023-09-09,74.02276932285749,2023,9
2023-09-10,74.10132626672109,2023,9
2023-09-11,74.211853673121,2023,9
2023-09-12,74.45384675137495,2023,9
2023-09-13,74.31867363074709,2023,9
2023-09-14,74.24693457190571,2023,9
2023-09-15,74.03510064016231,2023,9
2023-09-16,74.0475150508456,2023,9
2023-09-17,73.96797101645521,2023,9
2023-09-18,73.96150279318763,2023,9
2023-09-19,74.07471797453357,2023,9
2023-09-20,74.1117614439631,2023,9
2023-09-21,73.90466939367182,2023,9
2023-09-22,73.74966976551936,2023,9
2023-09-23,73.82704691216306,2023,9
2023-09-24,73.81847349640576,2023,9
2023-09-25,74.2996074252242,2023,9
2023-09-26,74.23525643359785,2023,9
2023-09-27,74.42328840004905,2023,9
2023-09-28,74.57861586861829,2023,9
2023-09-29,74.54089517335436,2023,9
2023-09-30,74.30178400451827,2023,9
2023-10-01,74.1536584093767,2023,10
2023-10-02,74.14867159686766,2023,10
2023-10-03,74.18635720615953,2023,10
2023-10-04,74.18941170786847,2023,10
2023-10-05,74.30635445214901,2023,10
2023-10-06,74.38773746205823,2023,10
2023-10-07,74.55663799149166,2023,10
2023-10-08,74.61012346864962,2023,10
2023-10-09,74.67363982613598,2023,10
2023-10-10,74.49618125169687,2023,10
2023-10-11,74.56604809687765,2023,10
2023-10-12,74.60105213754659,2023,10
2023-10-13,74.69422630820317,2023,10
2023-10-14,74.35536840066015,2023,10
2023-10-15,74.31495878664714,2023,10
2023-10-16,73.77630211878969,2023,10
2023-10-17,73.4531318898828,2023,10
2023-10-18,73.75179408403383,2023,10
2023-10-19,73.90671735580567,2023,10
2023-10-20,74.0193194654387,2023,10
2023-10-21,74.1088282910582,2023,10
2023-10-22,73.8617621970776,2023,10
2023-10-23,73.85417496803875,2023,10
2023-10-24,73.89076088543237,2023,10
2023-10-25,73.94798458543572,2023,10
2023-10-26,74.00696809109601,2023,10
2023-10-27,74.0117162675472,2023,10
2023-10-28,73.93598304809542,2023,10
2023-10-29,73.98754843084897,2023,10
2023-10-30,73.93389102957805,2023,10
2023-10-31,73.99498336909605,2023,10
2023-11-01,73.93749826207015,2023,11
2023-11-02,73.8676935842712,2023,11
2023-11-03,73.73955870127658,2023,11
2023-11-04,73.59562056222529,2023,11
2023-11-05,73.59257703244101,2023,11
2023-11-06,73.57661825639718,2023,11
2023-11-07,73.49637093718285,2023,11
2023-11-08,73.45386474584869,2023,11
2023-11-09,73.47132274432644,2023,11
2023-11-10,73.3888112283488,2023,11
2023-11-11,73.7104500211518,2023,11
2023-11-12,73.15929843397468,2023,11
2023-11-13,73.12260077587406,2023,11
2023-11-14,72.97404291285373,2023,11
2023-11-15,72.97100410825367,2023,11
2023-11-16,72.99454907694091,2023,11
2023-11-17,72.97270880232439,2023,11
2023-11-18,73.11816777986911,2023,11
2023-11-19,73.08563331197158,2023,11
2023-11-20,73.07237992280045,2023,11
2023-11-21,72.88633087933054,2023,11
2023-11-22,72.8649763427596,2023,11
2023-11-23,72.70999828958186,2023,11
2023-11-24,72.71583791410534,2023,11
2023-11-25,72.72370195223655,2023,11
2023-11-26,72.25853125548265,2023,11
2023-11-27,71.70635276021945,2023,11
2023-11-28,71.94076378696248,2023,11
2023-11-29,72.1879614581723,2023,11
2023-11-30,71.99251296791091,2023,11
2023-12-01,72.06971543593893,2023,12
2023-12-02,72.25683443166253,2023,12
2023-12-03,72.33071187204688,2023,12
2023-12-04,71.94140221322387,2023,12
2023-12-05,71.75323586636368,2023,12
2023-12-06,71.66701555769879,2023,12
2023-12-07,71.43107773356206,2023,12
2023-12-08,71.75201148628297,2023,12
2023-12-09,71.93426674234365,2023,12
2023-12-10,71.88863774849496,2023,12
2023-12-11,71.95300613073265,2023,12
2023-12-12,72.00114364020226,2023,12
2023-12-13,71.8102450045467,2023,12
2023-12-14,71.76656711405894,2023,12
2023-12-15,71.75353309685498,2023,12
2023-12-16,71.65990409320428,2023,12
2023-12-17,71.4755236724382,2023,12
2023-12-18,71.32077818080754,2023,12
2023-12-19,71.33924951534235,2023,12
2023-12-20,71.73784561809609,2023,12
2023-12-21,71.72336994427997,2023,12
2023-12-22,71.80415311408726,2023,12
2023-12-23,71.87198159751348,2023,12
2023-12-24,72.06000379294925,2023,12
2023-12-25,72.13375651554641,2023,12
2023-12-26,72.13090079888033,2023,12
2023-12-27,72.02531790215163,2023,12
2023-12-28,71.62077727215595,2023,12
2023-12-29,71.46297280507481,2023,12
2023-12-30,71.23994224298406,2023,12
2023-12-31,71.64943000785306,2023,12
2024-01-01,70.92718484567368,2024,1
2024-01-02,70.84174383253153,2024,1
2024-01-03,70.84375786771511,2024,1
2024-01-04,70.65606792657867,2024,1
2024-01-05,70.68761190361933,2024,1
2024-01-06,70.79160782612513,2024,1
2024-01-07,70.82589870208727,2024,1
2024-01-08,70.88905094250443,2024,1
2024-01-09,71.13521543672108,2024,1
2024-01-10,70.75845610240654,2024,1
2024-01-11,71.67422338103852,2024,1
2024-01-12,71.36890164978745,2024,1
2024-01-13,71.50459990991648,2024,1
2024-01-14,71.54330356233464,2024,1
2024-01-15,71.1862427055208,2024,1
2024-01-16,70.96916277982211,2024,1
2024-01-17,70.82706335120545,2024,1
2024-01-18,70.7186039573865,2024,1
2024-01-19,70.71316991039953,2024,1
2024-01-20,70.78187072872757,2024,1
2024-01-21,70.73640954078556,2024,1
2024-01-22,71.32025100250902,2024,1
2024-01-23,70.79241538829106,2024,1
2024-01-24,70.71651367978326,2024,1
2024-01-25,70.93330777969436,2024,1
2024-01-26,71.30828911236162,2024,1
2024-01-27,71.67517950532898,2024,1
2024-01-28,71.64120213262137,2024,1
2024-01-29,71.81655475913838,2024,1
2024-01-30,71.78592338159149,2024,1
2024-01-31,71.6878134508746,2024,1
2024-02-01,71.51993050423862,2024,2
2024-02-02,71.70559171193084,2024,2
2024-02-03,71.76511689238968,2024,2
2024-02-04,71.65834809301539,2024,2
2024-02-05,71.68571031208936,2024,2
2024-02-06,71.72431502340272,2024,2
2024-02-07,71.81699016939778,2024,2
2024-02-08,71.79719943732886,2024,2
2024-02-09,72.21850677174372,2024,2
2024-02-10,72.32586495906504,2024,2
2024-02-11,72.76829301580383,2024,2
2024-02-12,72.39740883907591,2024,2
2024-02-13,72.38267143946058,2024,2
2024-02-14,72.4396762931966,2024,2
2024-02-15,72.69412159821715,2024,2
2024-02-16,73.0385063357052,2024,2
2024-02-17,73.24866470959397,2024,2
2024-02-18,73.05430211063319,2024,2
2024-02-19,73.04548901755712,2024,2
2024-02-20,72.90543459047143,2024,2
2024-02-21,72.615791703569,2024,2
2024-02-22,72.3451068366045,2024,2
2024-02-23,72.4370554114114,2024,2
2024-02-24,72.45347982323699,2024,2
2024-02-25,72.41636172123232,2024,2
2024-02-26,72.3997380577407,2024,2
2024-02-27,72.54181674560971,2024,2
2024-02-28,72.88262178008392,2024,2
2024-02-29,73.27653730648505,2024,2
2024-03-01,73.47192854952667,2024,3
2024-03-02,72.73148141793915,2024,3
2024-03-03,72.3240731999548,2024,3
2024-03-04,72.41883385766769,2024,3
2024-03-05,72.72339898943153,2024,3
2024-03-06,72.97227154449071,2024,3
2024-03-07,73.75854229952101,2024,3
2024-03-08,73.38246948161411,2024,3
2024-03-09,73.5396042511649,2024,3
2024-03-10,73.71512322897337,2024,3
2024-03-11,74.05262161551913,2024,3
2024-03-12,74.1453413031058,2024,3
2024-03-13,73.9024144363134,2024,3
2024-03-14,74.00513216562399,2024,3
2024-03-15,74.03446186034623,2024,3
2024-03-16,74.09612433954258,2024,3
2024-03-17,74.09113549109203,2024,3
2024-03-18,74.15756329946335,2024,3
2024-03-19,74.19981058800442,2024,3
2024-03-20,73.58830063484311,2024,3
2024-03-21,73.61977059657356,2024,3
2024-03-22,74.11910307147645,2024,3
2024-03-23,74.4277530638652,2024,3
2024-03-24,74.38590802045952,2024,3
2024-03-25,74.66627288807138,2024,3
2024-03-26,74.66938863607403,2024,3
2024-03-27,75.00126056165522,2024,3
2024-03-28,75.12738934795037,2024,3
2024-03-29,75.23560132769194,2024,3
2024-03-30,75.06952194306527,2024,3
2024-03-31,74.92451456631903,2024,3
2024-04-01,74.93875962054616,2024,4
2024-04-02,75.05707618501012,2024,4
2024-04-03,75.2504551749178,2024,4
2024-04-04,75.27286006890597,2024,4
2024-04-05,75.39158734955197,2024,4
2024-04-06,75.4911924020722,2024,4
2024-04-07,75.31306814097414,2024,4
2024-04-08,75.19195038451669,2024,4
2024-04-09,75.74328120923609,2024,4
2024-04-10,75.33543491930028,2024,4
2024-04-11,74.928963690708,2024,4
2024-04-12,75.10599784718256,2024,4
2024-04-13,74.98590195902125,2024,4
2024-04-14,74.9544924934807,2024,4
2024-04-15,75.44120769990641,2024,4
2024-04-16,76.0125876110172,2024,4
2024-04-17,76.37231009536873,2024,4
2024-04-18,76.21046005517633,2024,4
2024-04-19,76.09718346322899,2024,4
2024-04-20,75.41365214390139,2024,4
2024-04-21,75.63249065602143,2024,4
2024-04-22,75.46432038803151,2024,4
2024-04-23,75.66699929139224,2024,4
2024-04-24,75.8922265445688,2024,4
2024-04-25,76.1453295896107,2024,4
2024-04-26,76.13099275098135,2024,4
2024-04-27,75.74225291702088,2024,4
2024-04-28,75.90283924368815,2024,4
2024-04-29,76.11197253555615,2024,4
2024-04-30,75.91561312911911,2024,4
2024-05-01,75.79165985094608,2024,5
2024-05-02,75.84543023964058,2024,5
2024-05-03,76.44044586984525,2024,5
2024-05-04,76.22063211472155,2024,5
2024-05-05,76.1648157079679,2024,5
2024-05-06,76.10226833718359,2024,5
2024-05-07,76.23851611471787,2024,5
2024-05-08,75.80326488802186,2024,5
2024-05-09,75.57034998449798,2024,5
2024-05-10,75.5421617080176,2024,5
2024-05-11,75.60947956849627,2024,5
2024-05-12,75.41737767388109,2024,5
2024-05-13,75.66760195982218,2024,5
2024-05-14,75.92628637657732,2024,5
2024-05-15,76.08761023121012,2024,5
2024-05-16,76.21044837017492,2024,5
2024-05-17,76.01471175450237,2024,5
2024-05-18,76.19097065922824,2024,5
2024-05-19,76.26318050914689,2024,5
2024-05-20,76.15953551558322,2024,5
2024-05-21,76.26455012615835,2024,5
2024-05-22,76.2717759105495,2024,5
2024-05-23,76.31411536772852,2024,5
2024-05-24,76.36919761276401,2024,5
2024-05-25,76.48913835730265,2024,5
2024-05-26,76.59211941151499,2024,5
2024-05-27,76.32444803845233,2024,5
2024-05-28,76.53231354265631,2024,5
2024-05-29,76.62968948488178,2024,5
2024-05-30,76.8968124838042,2024,5
2024-05-31,76.87628067576505,2024,5
2024-06-01,76.35993433582199,2024,6
2024-06-02,76.41012204103104,2024,6
2024-06-03,75.90595603694663,2024,6
2024-06-04,76.02809507242775,2024,6
2024-06-05,75.82830318791018,2024,6
2024-06-06,75.62975503271863,2024,6
2024-06-07,75.81967674337676,2024,6
2024-06-08,75.58884911729265,2024,6
2024-06-09,75.78412570412814,2024,6
2024-06-10,75.77792426525514,2024,6
2024-06-11,75.9455791894606,2024,6
2024-06-12,75.8819416770373,2024,6
2024-06-13,76.10934743409292,2024,6
2024-06-14,75.86730862800695,2024,6
2024-06-15,76.03029488440818,2024,6
2024-06-16,76.10941589141743,2024,6
2024-06-17,76.08801511798114,2024,6
2024-06-18,75.8098296388525,2024,6
2024-06-19,75.74165790172302,2024,6
2024-06-20,75.11889678083574,2024,6
2024-06-21,74.83970896231008,2024,6
2024-06-22,75.0859604021423,2024,6
2024-06-23,75.19607578779971,2024,6
2024-06-24,75.21770481484496,2024,6
2024-06-25,75.51048600196017,2024,6
2024-06-26,75.01019294521079,2024,6
2024-06-27,74.48801124515842,2024,6
2024-06-28,74.43214501882339,2024,6
2024-06-29,74.36597676193814,2024,6
2024-06-30,74.10018522415298,2024,6
2024-07-01,73.94855667007656,2024,7
2024-07-02,74.34855499698037,2024,7
2024-07-03,74.33050309299841,2024,7
2024-07-04,74.11694443405453,2024,7
2024-07-05,74.24519617542944,2024,7
2024-07-06,73.85605415677408,2024,7
2024-07-07,74.07703997899526,2024,7
2024-07-08,74.23925890065092,2024,7
2024-07-09,74.50799045520567,2024,7
2024-07-10,74.62680892821355,2024,7
2024-07-11,74.95156751637839,2024,7
2024-07-12,74.13991316592411,2024,7
2024-07-13,74.1372203383148,2024,7
2024-07-14,74.28471892060197,2024,7
2024-07-15,74.20122868479258,2024,7
2024-07-16,74.34434528793567,2024,7
2024-07-17,74.33055141887088,2024,7
2024-07-18,74.30267646549066,2024,7
2024-07-19,74.2691409358432,2024,7
2024-07-20,74.16820584149991,2024,7
2024-07-21,74.20914246041234,2024,7
2024-07-22,74.03626804771838,2024,7
2024-07-23,73.81548657554185,2024,7
2024-07-24,73.79463933763363,2024,7
2024-07-25,73.89458907221554,2024,7
2024-07-26,74.46093738309393,2024,7
2024-07-27,74.14723030611825,2024,7
2024-07-28,74.28984947873556,2024,7
2024-07-29,74.1007927125856,2024,7
2024-07-30,74.34585959348209,2024,7
2024-07-31,74.32854741101889,2024,7
2024-08-01,73.56217344555328,2024,8
2024-08-02,73.4159127242577,2024,8
2024-08-03,73.41197516475823,2024,8
2024-08-04,73.69794761836357,2024,8
2024-08-05,73.84390438444383,2024,8
2024-08-06,73.60077214527398,2024,8
2024-08-07,73.31953105320747,2024,8
2024-08-08,73.49379328975833,2024,8
2024-08-09,73.7069396431717,2024,8
2024-08-10,73.66962235076264,2024,8
2024-08-11,73.60557541564154,2024,8
2024-08-12,74.01085507468741,2024,8
2024-08-13,74.32894406704712,2024,8
2024-08-14,74.2716583808152,2024,8
2024-08-15,74.30664230915713,2024,8
2024-08-16,74.1135329407593,2024,8
2024-08-17,74.17193140124603,2024,8
2024-08-18,74.25597921383515,2024,8
2024-08-19,74.21754381310024,2024,8
2024-08-20,74.33331016614056,2024,8
2024-08-21,74.11892030561957,2024,8
2024-08-22,74.17989949604794,2024,8
2024-08-23,74.2376210002704,2024,8
2024-08-24,73.68768100144345,2024,8
2024-08-25,73.71234048997036,2024,8
2024-08-26,73.77106066499789,2024,8
2024-08-27,73.65774641404627,2024,8
2024-08-28,73.6280609097625,2024,8
2024-08-29,73.64200195830442,2024,8
2024-08-30,73.9583622961985,2024,8
2024-08-31,73.8905614821378,2024,8
2024-09-01,73.80968153386999,2024,9
2024-09-02,73.83936510630495,2024,9
2024-09-03,73.84008569663474,2024,9
2024-09-04,73.76930552482091,2024,9
2024-09-05,73.9450660366418,2024,9
2024-09-06,73.9671111852037,2024,9
2024-09-07,74.12675648750539,2024,9
2024-09-08,74.0952148913646,2024,9
2024-09-09,74.09863688355904,2024,9
2024-09-10,74.01104232085254,2024,9
2024-09-11,73.85851772393755,2024,9
2024-09-12,73.93993518533317,2024,9
2024-09-13,73.97620506490321,2024,9
2024-09-14,73.78117679035779,2024,9
2024-09-15,73.8487729087334,2024,9
2024-09-16,73.99967910574173,2024,9
2024-09-17,74.38759002282218,2024,9
2024-09-18,74.10637879488127,2024,9
2024-09-19,74.33056705569695,2024,9
2024-09-20,74.75369148363961,2024,9
2024-09-21,74.78485723165848,2024,9
2024-09-22,74.83286337706716,2024,9
2024-09-23,74.97447993586064,2024,9
2024-09-24,74.50442979813539,2024,9
2024-09-25,74.0842736127071,2024,9
2024-09-26,73.4983862817221,2024,9
2024-09-27,73.40510679767921,2024,9
2024-09-28,73.59327470373226,2024,9
2024-09-29,73.99288312023236,2024,9
2024-09-30,74.36747055862776,2024,9
2024-10-01,74.63839001250507,2024,10
2024-10-02,74.7074305381906,2024,10
2024-10-03,74.49062581840523,2024,10
2024-10-04,74.32601568894347,2024,10
2024-10-05,74.15007391705802,2024,10
2024-10-06,74.08620796043508,2024,10
2024-10-07,74.3516721176339,2024,10
2024-10-08,74.35484423406439,2024,10
2024-10-09,74.19532234554906,2024,10
2024-10-10,73.91808088077137,2024,10
2024-10-11,73.89765430556741,2024,10
2024-10-12,73.93604175013121,2024,10
2024-10-13,73.84224557018355,2024,10
2024-10-14,73.69809578328272,2024,10
2024-10-15,73.83396908816205,2024,10
2024-10-16,73.91007467072248,2024,10
2024-10-17,74.04394650970212,2024,10
2024-10-18,74.15543812861675,2024,10
2024-10-19,74.14078461105196,2024,10
2024-10-20,73.97777464555853,2024,10
2024-10-21,74.01777922704588,2024,10
2024-10-22,74.07928101129403,2024,10
2024-10-23,74.00835557547711,2024,10
2024-10-24,73.74484474053148,2024,10
2024-10-25,73.67845987153423,2024,10
2024-10-26,73.9612284762528,2024,10
2024-10-27,74.13457026082006,2024,10
2024-10-28,74.25169000256778,2024,10
2024-10-29,74.31549511794223,2024,10
2024-10-30,74.2622123478376,2024,10
2024-10-31,74.22297566502783,2024,10
2024-11-01,74.15259134466294,2024,11
2024-11-02,74.12133304441107,2024,11
2024-11-03,74.0401294126775,2024,11
2024-11-04,73.9341566574701,2024,11
2024-11-05,73.88656345012798,2024,11
2024-11-06,73.85569825298568,2024,11
2024-11-07,73.78233430718721,2024,11
2024-11-08,73.77520724019803,2024,11
2024-11-09,73.70148118290409,2024,11
2024-11-10,73.95181652027169,2024,11
2024-11-11,73.54889022383277,2024,11
2024-11-12,73.7181264353727,2024,11
2024-11-13,73.19428811278273,2024,11
2024-11-14,73.18982211632144,2024,11
2024-11-15,73.05831009384654,2024,11
2024-11-16,72.93298339491434,2024,11
2024-11-17,72.79983955027251,2024,11
2024-11-18,72.69950824482356,2024,11
2024-11-19,72.60954575577438,2024,11
2024-11-20,72.47681583923834,2024,11
2024-11-21,72.45033813199258,2024,11
2024-11-22,72.49856665994459,2024,11
2024-11-23,72.4256789048898,2024,11
2024-11-24,72.37609922289455,2024,11
2024-11-25,72.25958948450422,2024,11
2024-11-26,72.28169730345144,2024,11
2024-11-27,72.25917248413964,2024,11
2024-11-28,72.3238249253379,2024,11
2024-11-29,72.2494984152533,2024,11
2024-11-30,71.93100495244474,2024,11
2024-12-01,72.063929501467,2024,12
2024-12-02,72.18881736652996,2024,12
2024-12-03,72.4405742545811,2024,12
2024-12-04,72.54318062656175,2024,12
2024-12-05,72.50596886384486,2024,12
2024-12-06,72.37778128895435,2024,12
2024-12-07,72.1691184896629,2024,12
2024-12-08,71.91583235579708,2024,12
2024-12-09,71.49484363146306,2024,12
2024-12-10,71.36438812704014,2024,12
2024-12-11,71.51656772299592,2024,12
2024-12-12,71.31643251593628,2024,12
2024-12-13,71.34030939200436,2024,12
2024-12-14,71.52339316675355,2024,12
2024-12-15,71.77640076570106,2024,12
2024-12-16,71.98453068103221,2024,12
2024-12-17,71.95959840596001,2024,12
2024-12-18,71.93459288797474,2024,12
2024-12-19,71.94308672944773,2024,12
2024-12-20,71.76383095586728,2024,12
2024-12-21,71.71548250341245,2024,12
2024-12-22,71.65708129757103,2024,12
2024-12-23,71.19933692636643,2024,12
2024-12-24,71.16381366399902,2024,12
2024-12-25,71.1642595854629,2024,12
2024-12-26,71.6352551245875,2024,12
2024-12-27,71.34264740599046,2024,12
2024-12-28,71.08173799243426,2024,12
2024-12-29,71.18337675278048,2024,12
2024-12-30,71.0034700323424,2024,12
2024-12-31,70.90636969856293,2024,12
