Date,IndiaAreaWeighted_tmin_C,Year,Month
1951-01-01,67.6711162681257,1951,1
1951-01-02,67.51134440489503,1951,1
1951-01-03,67.43508779343838,1951,1
1951-01-04,67.50756028830907,1951,1
1951-01-05,67.72028266288366,1951,1
1951-01-06,68.02938164457322,1951,1
1951-01-07,68.08454856532538,1951,1
1951-01-08,68.0372543526246,1951,1
1951-01-09,67.95093197833828,1951,1
1951-01-10,67.9418713235568,1951,1
1951-01-11,67.96490096337729,1951,1
1951-01-12,68.12739266450681,1951,1
1951-01-13,68.46879801668663,1951,1
1951-01-14,68.4505876641753,1951,1
1951-01-15,68.58178699217778,1951,1
1951-01-16,68.71473879869957,1951,1
1951-01-17,68.4437062111258,1951,1
1951-01-18,68.18543205948717,1951,1
1951-01-19,68.34366365920299,1951,1
1951-01-20,68.39390885432914,1951,1
1951-01-21,68.14946562167935,1951,1
1951-01-22,67.96207707546631,1951,1
1951-01-23,67.76261718286474,1951,1
1951-01-24,67.76059772002428,1951,1
1951-01-25,67.6994955582224,1951,1
1951-01-26,67.80976804080319,1951,1
1951-01-27,67.84668099389476,1951,1
1951-01-28,67.84851853904301,1951,1
1951-01-29,68.00255049897858,1951,1
1951-01-30,68.18832917763514,1951,1
1951-01-31,68.31095619310413,1951,1
1951-02-01,68.39073306770798,1951,2
1951-02-02,67.90732863061614,1951,2
1951-02-03,67.5385664980189,1951,2
1951-02-04,67.8426092691395,1951,2
1951-02-05,68.3567718238057,1951,2
1951-02-06,68.15074527434426,1951,2
1951-02-07,68.41070569388772,1951,2
1951-02-08,68.58902971092681,1951,2
1951-02-09,68.88657534667533,1951,2
1951-02-10,69.04551935253146,1951,2
1951-02-11,68.70720264747497,1951,2
1951-02-12,68.46861364830836,1951,2
1951-02-13,68.32162704127413,1951,2
1951-02-14,68.38887471399187,1951,2
1951-02-15,68.23017485492613,1951,2
1951-02-16,68.05796663248447,1951,2
1951-02-17,68.36867490676079,1951,2
1951-02-18,68.56781343090131,1951,2
1951-02-19,68.83883558565552,1951,2
1951-02-20,68.95036960823691,1951,2
1951-02-21,68.9641141509419,1951,2
1951-02-22,69.00054564939666,1951,2
1951-02-23,69.26519641720851,1951,2
1951-02-24,69.29473194362127,1951,2
1951-02-25,69.46675346683838,1951,2
1951-02-26,69.4848804477039,1951,2
1951-02-27,69.51911894270077,1951,2
1951-02-28,69.50222799415741,1951,2
1951-03-01,69.54414138520679,1951,3
1951-03-02,69.74442291583071,1951,3
1951-03-03,69.8188581869767,1951,3
1951-03-04,69.82689665995183,1951,3
1951-03-05,69.94474864617463,1951,3
1951-03-06,70.23340442629117,1951,3
1951-03-07,70.47120860797308,1951,3
1951-03-08,70.4550932759301,1951,3
1951-03-09,70.67301481423635,1951,3
1951-03-10,70.81016416156226,1951,3
1951-03-11,70.7122711155921,1951,3
1951-03-12,70.47835138136264,1951,3
1951-03-13,70.14353071539101,1951,3
1951-03-14,70.1896088017763,1951,3
1951-03-15,70.17720352290688,1951,3
1951-03-16,70.48149563476633,1951,3
1951-03-17,70.64127967868261,1951,3
1951-03-18,70.81438642200615,1951,3
1951-03-19,71.04986488543356,1951,3
1951-03-20,70.6539320761174,1951,3
1951-03-21,70.36149500080205,1951,3
1951-03-22,70.51157753567831,1951,3
1951-03-23,70.7859762383072,1951,3
1951-03-24,71.108822687251,1951,3
1951-03-25,70.7237616140415,1951,3
1951-03-26,70.3823253632943,1951,3
1951-03-27,70.58396111102849,1951,3
1951-03-28,70.74580717101941,1951,3
1951-03-29,70.70667909787583,1951,3
1951-03-30,70.66873657734024,1951,3
1951-03-31,70.38697581785162,1951,3
1951-04-01,70.61858969243727,1951,4
1951-04-02,70.92655494786709,1951,4
1951-04-03,70.95689433115552,1951,4
1951-04-04,71.09441164379783,1951,4
1951-04-05,71.23139574228377,1951,4
1951-04-06,71.62988470635447,1951,4
1951-04-07,71.44301836613742,1951,4
1951-04-08,71.27020304258782,1951,4
1951-04-09,71.1018023471973,1951,4
1951-04-10,70.79988806098969,1951,4
1951-04-11,70.86942226736626,1951,4
1951-04-12,71.15959382324172,1951,4
1951-04-13,71.28034436946922,1951,4
1951-04-14,71.54015094608194,1951,4
1951-04-15,71.83749801805993,1951,4
1951-04-16,72.04013671317476,1951,4
1951-04-17,72.20607267617386,1951,4
1951-04-18,72.30803657337809,1951,4
1951-04-19,72.2001182905594,1951,4
1951-04-20,71.49193145924572,1951,4
1951-04-21,71.09553318222335,1951,4
1951-04-22,71.34165551150348,1951,4
1951-04-23,71.72985700577107,1951,4
1951-04-24,72.03384802803762,1951,4
1951-04-25,72.24361162875636,1951,4
1951-04-26,72.26943819199244,1951,4
1951-04-27,72.25718997806084,1951,4
1951-04-28,72.14273143490668,1951,4
1951-04-29,72.36256560426067,1951,4
1951-04-30,72.20959506685054,1951,4
1951-05-01,72.05217864059364,1951,5
1951-05-02,71.99945599858374,1951,5
1951-05-03,71.80031051229548,1951,5
1951-05-04,72.16949138818717,1951,5
1951-05-05,72.4126377973566,1951,5
1951-05-06,72.60704014852764,1951,5
1951-05-07,72.8804503145816,1951,5
1951-05-08,72.93965925310793,1951,5
1951-05-09,72.9379953112618,1951,5
1951-05-10,72.79437090697304,1951,5
1951-05-11,72.74435442551443,1951,5
1951-05-12,72.88513053019066,1951,5
1951-05-13,73.09270567692157,1951,5
1951-05-14,73.2225220113405,1951,5
1951-05-15,72.92694335691299,1951,5
1951-05-16,73.07125165182171,1951,5
1951-05-17,73.16907568751436,1951,5
1951-05-18,72.95172698109722,1951,5
1951-05-19,73.00323449590772,1951,5
1951-05-20,73.10864912235728,1951,5
1951-05-21,73.16517761541517,1951,5
1951-05-22,73.12338931554103,1951,5
1951-05-23,73.0892353994817,1951,5
1951-05-24,72.98637306370294,1951,5
1951-05-25,73.00552722355381,1951,5
1951-05-26,73.24360889723353,1951,5
1951-05-27,73.12351383825273,1951,5
1951-05-28,73.21381125241163,1951,5
1951-05-29,73.12307212039288,1951,5
1951-05-30,72.92812598833528,1951,5
1951-05-31,72.79300371703285,1951,5
1951-06-01,72.88009847035516,1951,6
1951-06-02,72.80289465867884,1951,6
1951-06-03,72.8548436900404,1951,6
1951-06-04,72.99709506844964,1951,6
1951-06-05,72.96850639910969,1951,6
1951-06-06,73.10881239257196,1951,6
1951-06-07,73.37145913227339,1951,6
1951-06-08,73.50630419685983,1951,6
1951-06-09,73.60173492145836,1951,6
1951-06-10,73.63493635085142,1951,6
1951-06-11,73.53196740721044,1951,6
1951-06-12,73.4429422353286,1951,6
1951-06-13,73.22219372401767,1951,6
1951-06-14,73.32716280239373,1951,6
1951-06-15,72.92870343591142,1951,6
1951-06-16,72.59254383751691,1951,6
1951-06-17,72.91032501260321,1951,6
1951-06-18,73.07218392633841,1951,6
1951-06-19,73.15404402902274,1951,6
1951-06-20,73.07589884259154,1951,6
1951-06-21,73.08063910850998,1951,6
1951-06-22,73.12466872170236,1951,6
1951-06-23,73.27464032435324,1951,6
1951-06-24,73.26790235707975,1951,6
1951-06-25,73.17879624529711,1951,6
1951-06-26,73.22283722668678,1951,6
1951-06-27,73.07054122966659,1951,6
1951-06-28,73.01007210358324,1951,6
1951-06-29,73.12401517031421,1951,6
1951-06-30,73.10948170819468,1951,6
1951-07-01,72.76028601771065,1951,7
1951-07-02,72.83321165423162,1951,7
1951-07-03,72.9180361380817,1951,7
1951-07-04,72.67988722473297,1951,7
1951-07-05,72.77843015663166,1951,7
1951-07-06,72.92967889267449,1951,7
1951-07-07,72.77314355390106,1951,7
1951-07-08,72.86640052721953,1951,7
1951-07-09,72.85942774086047,1951,7
1951-07-10,73.20891103749544,1951,7
1951-07-11,73.32001539950676,1951,7
1951-07-12,73.09897134144437,1951,7
1951-07-13,72.99355290857274,1951,7
1951-07-14,72.91653391823282,1951,7
1951-07-15,73.09055874599122,1951,7
1951-07-16,73.12315877876915,1951,7
1951-07-17,73.05496699600495,1951,7
1951-07-18,73.10607811094113,1951,7
1951-07-19,72.92331283804519,1951,7
1951-07-20,72.79956522962156,1951,7
1951-07-21,72.94479882677687,1951,7
1951-07-22,73.01312989294905,1951,7
1951-07-23,73.05428953624141,1951,7
1951-07-24,73.1870598443931,1951,7
1951-07-25,73.07510971638658,1951,7
1951-07-26,72.88631714075375,1951,7
1951-07-27,72.88126371928887,1951,7
1951-07-28,72.9403474381342,1951,7
1951-07-29,72.85923332641819,1951,7
1951-07-30,72.82505630423111,1951,7
1951-07-31,72.85204486072116,1951,7
1951-08-01,72.85421188499039,1951,8
1951-08-02,72.78459766983578,1951,8
1951-08-03,72.91542413769778,1951,8
1951-08-04,72.80136052433686,1951,8
1951-08-05,72.84850786834663,1951,8
1951-08-06,72.89155271285662,1951,8
1951-08-07,72.90445292814184,1951,8
1951-08-08,72.9317627166556,1951,8
1951-08-09,72.8827051030781,1951,8
1951-08-10,72.83104067063222,1951,8
1951-08-11,72.78370846786704,1951,8
1951-08-12,72.66249263819441,1951,8
1951-08-13,72.71594046126283,1951,8
1951-08-14,72.72955787508606,1951,8
1951-08-15,72.74174891405514,1951,8
1951-08-16,72.73150109514762,1951,8
1951-08-17,72.65349726375436,1951,8
1951-08-18,72.68485251052952,1951,8
1951-08-19,72.84870885860697,1951,8
1951-08-20,72.97292867005856,1951,8
1951-08-21,72.89790380895654,1951,8
1951-08-22,72.7207587924131,1951,8
1951-08-23,72.57714006975104,1951,8
1951-08-24,72.64892023314164,1951,8
1951-08-25,72.66621517520275,1951,8
1951-08-26,72.63663529045827,1951,8
1951-08-27,72.58845846179935,1951,8
1951-08-28,72.60022877348705,1951,8
1951-08-29,72.51221156674454,1951,8
1951-08-30,72.49896577665918,1951,8
1951-08-31,72.46402140040081,1951,8
1951-09-01,72.46584804731837,1951,9
1951-09-02,72.5197952710047,1951,9
1951-09-03,72.7283114545508,1951,9
1951-09-04,72.7764843649283,1951,9
1951-09-05,72.71473310414049,1951,9
1951-09-06,72.52830362401366,1951,9
1951-09-07,72.48332233631689,1951,9
1951-09-08,72.57248075223337,1951,9
1951-09-09,72.5495106686295,1951,9
1951-09-10,72.52906561697858,1951,9
1951-09-11,72.41333648012247,1951,9
1951-09-12,72.4514015016238,1951,9
1951-09-13,72.37989529091757,1951,9
1951-09-14,72.38116948890665,1951,9
1951-09-15,72.45194271535952,1951,9
1951-09-16,72.49895231705182,1951,9
1951-09-17,72.42501149876102,1951,9
1951-09-18,72.30502740722885,1951,9
1951-09-19,72.27066121843455,1951,9
1951-09-20,72.22792415743753,1951,9
1951-09-21,72.37535896408683,1951,9
1951-09-22,72.44244744333963,1951,9
1951-09-23,72.55139111248275,1951,9
1951-09-24,72.52380731223866,1951,9
1951-09-25,72.50411718475945,1951,9
1951-09-26,72.32834037088472,1951,9
1951-09-27,72.25237687360536,1951,9
1951-09-28,72.40085019972815,1951,9
1951-09-29,72.42887009742871,1951,9
1951-09-30,72.43764213782627,1951,9
1951-10-01,72.377554536504,1951,10
1951-10-02,72.39126658998364,1951,10
1951-10-03,72.3503772302427,1951,10
1951-10-04,72.29436608277484,1951,10
1951-10-05,72.3134027708383,1951,10
1951-10-06,72.33634271901653,1951,10
1951-10-07,72.2811427408226,1951,10
1951-10-08,72.24706686327421,1951,10
1951-10-09,72.21945314680525,1951,10
1951-10-10,72.11259560860796,1951,10
1951-10-11,72.18516260322853,1951,10
1951-10-12,72.18333204928724,1951,10
1951-10-13,72.2593064926465,1951,10
1951-10-14,72.46079668344701,1951,10
1951-10-15,72.34963132231447,1951,10
1951-10-16,72.11118838063783,1951,10
1951-10-17,72.13084814931375,1951,10
1951-10-18,72.13672127073062,1951,10
1951-10-19,71.9816223799554,1951,10
1951-10-20,71.94010357698669,1951,10
1951-10-21,71.87000002612736,1951,10
1951-10-22,71.67745622102923,1951,10
1951-10-23,71.62537391433214,1951,10
1951-10-24,71.47020854103506,1951,10
1951-10-25,71.35785842200792,1951,10
1951-10-26,71.36465198176526,1951,10
1951-10-27,71.38012975523613,1951,10
1951-10-28,71.47437597022575,1951,10
1951-10-29,71.41831689738207,1951,10
1951-10-30,71.18480908193054,1951,10
1951-10-31,70.89810030238544,1951,10
1951-11-01,70.61337510232298,1951,11
1951-11-02,70.64431018389693,1951,11
1951-11-03,70.62053142448333,1951,11
1951-11-04,70.54455279379607,1951,11
1951-11-05,70.41231059627066,1951,11
1951-11-06,70.39690268303067,1951,11
1951-11-07,70.46351585388388,1951,11
1951-11-08,70.27576542401442,1951,11
1951-11-09,70.16942152322677,1951,11
1951-11-10,70.02264813440381,1951,11
1951-11-11,69.83498394213053,1951,11
1951-11-12,69.80600588202424,1951,11
1951-11-13,69.72049372083949,1951,11
1951-11-14,69.71251890701689,1951,11
1951-11-15,69.80263284658967,1951,11
1951-11-16,69.93599224438964,1951,11
1951-11-17,70.03446021486862,1951,11
1951-11-18,70.0678210994284,1951,11
1951-11-19,69.79812579343194,1951,11
1951-11-20,69.92637761349216,1951,11
1951-11-21,69.89595689890302,1951,11
1951-11-22,70.01071010135371,1951,11
1951-11-23,70.17688961344135,1951,11
1951-11-24,70.15662509053317,1951,11
1951-11-25,70.07338703873575,1951,11
1951-11-26,69.84956231076669,1951,11
1951-11-27,69.64788642864148,1951,11
1951-11-28,69.30195774950842,1951,11
1951-11-29,69.15888584322407,1951,11
1951-11-30,68.92468299855524,1951,11
1951-12-01,68.86681283524686,1951,12
1951-12-02,68.80719604698228,1951,12
1951-12-03,68.7306153217684,1951,12
1951-12-04,68.6073463220866,1951,12
1951-12-05,68.6179855699645,1951,12
1951-12-06,68.51549423583363,1951,12
1951-12-07,68.50467826616918,1951,12
1951-12-08,68.41178180329527,1951,12
1951-12-09,68.21312117904733,1951,12
1951-12-10,68.28031882306358,1951,12
1951-12-11,68.37146467736112,1951,12
1951-12-12,68.53469666259454,1951,12
1951-12-13,68.3648811684118,1951,12
1951-12-14,68.40793186967976,1951,12
1951-12-15,68.38601294574899,1951,12
1951-12-16,68.38307916873804,1951,12
1951-12-17,68.40958416294065,1951,12
1951-12-18,68.43087644139594,1951,12
1951-12-19,68.2909292569914,1951,12
1951-12-20,68.21195198469893,1951,12
1951-12-21,68.03604750179359,1951,12
1951-12-22,67.94603279564386,1951,12
1951-12-23,67.86639622011879,1951,12
1951-12-24,67.88905990801082,1951,12
1951-12-25,67.97015253536784,1951,12
1951-12-26,68.25547568613727,1951,12
1951-12-27,68.24244206831925,1951,12
1951-12-28,68.21325970191094,1951,12
1951-12-29,68.18717301946027,1951,12
1951-12-30,68.1711035872555,1951,12
1951-12-31,68.1922789507623,1951,12
1952-01-01,68.14459288740014,1952,1
1952-01-02,68.09580180245209,1952,1
1952-01-03,68.07726011537119,1952,1
1952-01-04,68.07024590715395,1952,1
1952-01-05,68.08043543193033,1952,1
1952-01-06,68.13407315704923,1952,1
1952-01-07,68.16243642412526,1952,1
1952-01-08,68.73672756479786,1952,1
1952-01-09,68.40179675393581,1952,1
1952-01-10,68.37591850790771,1952,1
1952-01-11,68.3987768935319,1952,1
1952-01-12,68.12586818823756,1952,1
1952-01-13,67.98171530342405,1952,1
1952-01-14,68.19602570904263,1952,1
1952-01-15,68.07824724169356,1952,1
1952-01-16,68.1496755593655,1952,1
1952-01-17,68.23826873239268,1952,1
1952-01-18,68.22023174509287,1952,1
1952-01-19,68.30523360456024,1952,1
1952-01-20,68.33058415290188,1952,1
1952-01-21,68.43485488888558,1952,1
1952-01-22,68.56185853701685,1952,1
1952-01-23,68.75203670040703,1952,1
1952-01-24,68.82722624787071,1952,1
1952-01-25,68.76564172024705,1952,1
1952-01-26,68.65420264982929,1952,1
1952-01-27,68.56781688292926,1952,1
1952-01-28,68.66719349311111,1952,1
1952-01-29,68.8686994215124,1952,1
1952-01-30,68.97735292612109,1952,1
1952-01-31,69.15151441738521,1952,1
1952-02-01,68.95884667241086,1952,2
1952-02-02,69.2784590629024,1952,2
1952-02-03,69.37853512493477,1952,2
1952-02-04,69.08709642395952,1952,2
1952-02-05,68.92032046078523,1952,2
1952-02-06,69.03255741047721,1952,2
1952-02-07,69.12453588851132,1952,2
1952-02-08,69.34818258371523,1952,2
1952-02-09,69.5209458394918,1952,2
1952-02-10,69.5313407642599,1952,2
1952-02-11,69.26314909669206,1952,2
1952-02-12,69.31625786576605,1952,2
1952-02-13,69.41647366311274,1952,2
1952-02-14,69.50407283378851,1952,2
1952-02-15,69.66229208267322,1952,2
1952-02-16,69.73380412283063,1952,2
1952-02-17,69.75119080273066,1952,2
1952-02-18,69.53464516937623,1952,2
1952-02-19,69.6201039907815,1952,2
1952-02-20,70.06653735512312,1952,2
1952-02-21,70.10480014560328,1952,2
1952-02-22,69.84214797072578,1952,2
1952-02-23,69.32752531590951,1952,2
1952-02-24,69.08437252104748,1952,2
1952-02-25,69.10136640842494,1952,2
1952-02-26,69.25053525193987,1952,2
1952-02-27,69.35509805924809,1952,2
1952-02-28,69.69393916316385,1952,2
1952-02-29,69.96752114976805,1952,2
1952-03-01,69.9527512572839,1952,3
1952-03-02,69.47710077119034,1952,3
1952-03-03,69.29794017844036,1952,3
1952-03-04,69.3914548479455,1952,3
1952-03-05,69.75665027788355,1952,3
1952-03-06,70.18930318339594,1952,3
1952-03-07,70.37044687913087,1952,3
1952-03-08,70.4249937184403,1952,3
1952-03-09,70.22836478906463,1952,3
1952-03-10,70.22614352489923,1952,3
1952-03-11,69.99890195730111,1952,3
1952-03-12,70.07758097387801,1952,3
1952-03-13,70.14139286768791,1952,3
1952-03-14,70.55987369076274,1952,3
1952-03-15,70.67991248797273,1952,3
1952-03-16,70.358764781168,1952,3
1952-03-17,69.78183623840557,1952,3
1952-03-18,69.60739921844699,1952,3
1952-03-19,69.57540816096865,1952,3
1952-03-20,69.82027018339787,1952,3
1952-03-21,70.07938936967689,1952,3
1952-03-22,70.57363419059686,1952,3
1952-03-23,70.36768407295642,1952,3
1952-03-24,70.19469079850589,1952,3
1952-03-25,70.34654955024838,1952,3
1952-03-26,70.7060536940037,1952,3
1952-03-27,71.1113590791121,1952,3
1952-03-28,71.41677540555611,1952,3
1952-03-29,71.50756708744609,1952,3
1952-03-30,71.20063097302639,1952,3
1952-03-31,71.51516055712457,1952,3
1952-04-01,71.64431743717171,1952,4
1952-04-02,71.5318829439564,1952,4
1952-04-03,71.07667686005499,1952,4
1952-04-04,71.34461448901865,1952,4
1952-04-05,71.52379456004782,1952,4
1952-04-06,71.79613319645297,1952,4
1952-04-07,72.00317354886613,1952,4
1952-04-08,72.03594833391907,1952,4
1952-04-09,71.96613635898863,1952,4
1952-04-10,71.99876270131402,1952,4
1952-04-11,72.10480895120882,1952,4
1952-04-12,72.09858449350494,1952,4
1952-04-13,72.10769143944114,1952,4
1952-04-14,72.20076453015398,1952,4
1952-04-15,72.15659434518612,1952,4
1952-04-16,72.39649289182822,1952,4
1952-04-17,72.2183682726449,1952,4
1952-04-18,72.43890563142563,1952,4
1952-04-19,72.6914358545265,1952,4
1952-04-20,72.73812307344147,1952,4
1952-04-21,72.70331694300822,1952,4
1952-04-22,72.49311540794271,1952,4
1952-04-23,72.53472515184554,1952,4
1952-04-24,72.58419053259162,1952,4
1952-04-25,72.75267121419333,1952,4
1952-04-26,72.71167006218926,1952,4
1952-04-27,72.73217007364711,1952,4
1952-04-28,73.02310188838693,1952,4
1952-04-29,73.06252497187741,1952,4
1952-04-30,72.9345661641136,1952,4
1952-05-01,72.87185558554904,1952,5
1952-05-02,72.78956848636948,1952,5
1952-05-03,72.88546292312932,1952,5
1952-05-04,73.04639486976599,1952,5
1952-05-05,72.69577239362641,1952,5
1952-05-06,72.58258062302211,1952,5
1952-05-07,72.80357331795278,1952,5
1952-05-08,72.83589245532542,1952,5
1952-05-09,73.03906604337885,1952,5
1952-05-10,73.16343715698129,1952,5
1952-05-11,73.10318247307322,1952,5
1952-05-12,73.1203239516056,1952,5
1952-05-13,73.10471929973764,1952,5
1952-05-14,73.2860746091172,1952,5
1952-05-15,73.30039597511717,1952,5
1952-05-16,73.12982974780655,1952,5
1952-05-17,73.26119810529653,1952,5
1952-05-18,73.37902260919435,1952,5
1952-05-19,73.34086424987935,1952,5
1952-05-20,73.31533195107272,1952,5
1952-05-21,73.47051687142282,1952,5
1952-05-22,73.14305181435071,1952,5
1952-05-23,73.14539938043924,1952,5
1952-05-24,73.26892131981677,1952,5
1952-05-25,73.39580047094593,1952,5
1952-05-26,73.39458473796952,1952,5
1952-05-27,73.58660508214047,1952,5
1952-05-28,73.72994225111906,1952,5
1952-05-29,73.50063137841735,1952,5
1952-05-30,73.47065653265129,1952,5
1952-05-31,73.66027138445874,1952,5
1952-06-01,73.7392715435821,1952,6
1952-06-02,73.49136069629131,1952,6
1952-06-03,72.97314620872491,1952,6
1952-06-04,72.90384842348531,1952,6
1952-06-05,72.84425220933805,1952,6
1952-06-06,72.98679928698833,1952,6
1952-06-07,73.0518081681662,1952,6
1952-06-08,73.28923719045406,1952,6
1952-06-09,73.11505365895088,1952,6
1952-06-10,73.26103257224241,1952,6
1952-06-11,73.5030542546517,1952,6
1952-06-12,73.66114092686233,1952,6
1952-06-13,73.86100654356304,1952,6
1952-06-14,73.78813962922858,1952,6
1952-06-15,73.54828935791788,1952,6
1952-06-16,73.48021980224982,1952,6
1952-06-17,73.52778157781856,1952,6
1952-06-18,73.31285702508934,1952,6
1952-06-19,73.21867505284138,1952,6
1952-06-20,73.20214441452163,1952,6
1952-06-21,73.0141221676571,1952,6
1952-06-22,72.79451564902048,1952,6
1952-06-23,72.78881296136879,1952,6
1952-06-24,72.79695089133806,1952,6
1952-06-25,73.0164543608089,1952,6
1952-06-26,73.02865608918512,1952,6
1952-06-27,72.97292868212712,1952,6
1952-06-28,72.99382799626949,1952,6
1952-06-29,72.97099112634491,1952,6
1952-06-30,72.97428095359645,1952,6
1952-07-01,72.97181176766435,1952,7
1952-07-02,72.95931186542904,1952,7
1952-07-03,73.03598832893834,1952,7
1952-07-04,72.95943928655149,1952,7
1952-07-05,73.06199752878626,1952,7
1952-07-06,73.03222054066075,1952,7
1952-07-07,73.13827499014063,1952,7
1952-07-08,73.00359927522763,1952,7
1952-07-09,72.99809725423896,1952,7
1952-07-10,73.0024284636694,1952,7
1952-07-11,72.98738941479404,1952,7
1952-07-12,72.98271527820282,1952,7
1952-07-13,73.02677310160274,1952,7
1952-07-14,73.00767360158409,1952,7
1952-07-15,72.88671294730361,1952,7
1952-07-16,72.93547846269847,1952,7
1952-07-17,72.71495531880718,1952,7
1952-07-18,72.81386806884099,1952,7
1952-07-19,72.85445109540817,1952,7
1952-07-20,72.78206540167706,1952,7
1952-07-21,72.70966627832237,1952,7
1952-07-22,72.76605697007227,1952,7
1952-07-23,72.82962146276572,1952,7
1952-07-24,72.71643958237324,1952,7
1952-07-25,72.7004812390627,1952,7
1952-07-26,72.65570520397755,1952,7
1952-07-27,72.70611305177533,1952,7
1952-07-28,72.68600708927177,1952,7
1952-07-29,72.7396204830298,1952,7
1952-07-30,72.72413491879696,1952,7
1952-07-31,72.7450628539482,1952,7
1952-08-01,72.72901352676591,1952,8
1952-08-02,72.7256822841023,1952,8
1952-08-03,72.75068556834134,1952,8
1952-08-04,72.54467447832836,1952,8
1952-08-05,72.54049230618622,1952,8
1952-08-06,72.5832779704854,1952,8
1952-08-07,72.7412123847163,1952,8
1952-08-08,72.94755017837359,1952,8
1952-08-09,72.68702298818022,1952,8
1952-08-10,72.71434114114378,1952,8
1952-08-11,72.75437015245501,1952,8
1952-08-12,72.63404817002169,1952,8
1952-08-13,72.61532468771695,1952,8
1952-08-14,72.6877183003877,1952,8
1952-08-15,72.7940757881332,1952,8
1952-08-16,72.81922256826688,1952,8
1952-08-17,72.76850141379644,1952,8
1952-08-18,72.64082677917854,1952,8
1952-08-19,72.6418075544352,1952,8
1952-08-20,72.5910454881469,1952,8
1952-08-21,72.53210789016508,1952,8
1952-08-22,72.61764655609545,1952,8
1952-08-23,72.73223631584652,1952,8
1952-08-24,72.79183463402275,1952,8
1952-08-25,72.73334641034926,1952,8
1952-08-26,72.43358875505781,1952,8
1952-08-27,72.40897077321526,1952,8
1952-08-28,72.39862651840488,1952,8
1952-08-29,72.48727892251134,1952,8
1952-08-30,72.47099547876384,1952,8
1952-08-31,72.5411777975418,1952,8
1952-09-01,72.55050710330856,1952,9
1952-09-02,72.54015961260902,1952,9
1952-09-03,72.52328669770415,1952,9
1952-09-04,72.50809072673538,1952,9
1952-09-05,72.49810247511336,1952,9
1952-09-06,72.46167264733009,1952,9
1952-09-07,72.4512155769473,1952,9
1952-09-08,72.44252182271048,1952,9
1952-09-09,72.42714315715507,1952,9
1952-09-10,72.40004920180068,1952,9
1952-09-11,72.37138865241306,1952,9
1952-09-12,72.37480142840943,1952,9
1952-09-13,72.37961343705115,1952,9
1952-09-14,72.3804884415863,1952,9
1952-09-15,72.33918356431732,1952,9
1952-09-16,72.32526208203306,1952,9
1952-09-17,72.32793978430283,1952,9
1952-09-18,72.3088885881918,1952,9
1952-09-19,72.30053375533419,1952,9
1952-09-20,72.2945491586552,1952,9
1952-09-21,72.28570208793936,1952,9
1952-09-22,72.28374268992332,1952,9
1952-09-23,72.2533542170753,1952,9
1952-09-24,72.22391230696867,1952,9
1952-09-25,72.20489929054479,1952,9
1952-09-26,72.16196676652896,1952,9
1952-09-27,72.12526905288996,1952,9
1952-09-28,72.1111681570673,1952,9
1952-09-29,72.09792732401255,1952,9
1952-09-30,72.06752792323589,1952,9
1952-10-01,72.2522327414249,1952,10
1952-10-02,72.25791864537068,1952,10
1952-10-03,72.26765835352603,1952,10
1952-10-04,72.20404470199153,1952,10
1952-10-05,72.11484898317758,1952,10
1952-10-06,72.07990724500205,1952,10
1952-10-07,72.13429351951888,1952,10
1952-10-08,72.10699607689892,1952,10
1952-10-09,71.95316798732185,1952,10
1952-10-10,71.80061494764297,1952,10
1952-10-11,71.74224984520629,1952,10
1952-10-12,71.80758219061096,1952,10
1952-10-13,71.76506821515962,1952,10
1952-10-14,71.60060345708503,1952,10
1952-10-15,71.63127743138737,1952,10
1952-10-16,71.90889033382895,1952,10
1952-10-17,71.80763894489463,1952,10
1952-10-18,71.55208085072636,1952,10
1952-10-19,71.33873507975727,1952,10
1952-10-20,71.16377088826248,1952,10
1952-10-21,71.03098115843865,1952,10
1952-10-22,70.96746338533411,1952,10
1952-10-23,70.9782449889142,1952,10
1952-10-24,70.91391949154729,1952,10
1952-10-25,70.6366770124081,1952,10
1952-10-26,70.57348927983332,1952,10
1952-10-27,70.1874838949081,1952,10
1952-10-28,70.0515809200312,1952,10
1952-10-29,69.89310992149763,1952,10
1952-10-30,69.78805434512762,1952,10
1952-10-31,69.90404215687843,1952,10
1952-11-01,70.00361878181285,1952,11
1952-11-02,69.98858209654198,1952,11
1952-11-03,70.03393306581071,1952,11
1952-11-04,69.97455805697923,1952,11
1952-11-05,70.00710207757864,1952,11
1952-11-06,70.07376452304364,1952,11
1952-11-07,70.05881193137483,1952,11
1952-11-08,69.97680920515121,1952,11
1952-11-09,69.95869034284196,1952,11
1952-11-10,69.77095782756513,1952,11
1952-11-11,69.79550304781372,1952,11
1952-11-12,69.85212515931246,1952,11
1952-11-13,69.71371926904352,1952,11
1952-11-14,69.39432982922844,1952,11
1952-11-15,69.1256038359236,1952,11
1952-11-16,68.97493553709994,1952,11
1952-11-17,68.91175824789535,1952,11
1952-11-18,68.94176305119241,1952,11
1952-11-19,68.90002826487336,1952,11
1952-11-20,68.83659577860085,1952,11
1952-11-21,68.86883600135559,1952,11
1952-11-22,68.89156719702217,1952,11
1952-11-23,68.73353064754957,1952,11
1952-11-24,68.67868738502189,1952,11
1952-11-25,68.69882396138337,1952,11
1952-11-26,68.64608051205997,1952,11
1952-11-27,68.64304010051988,1952,11
1952-11-28,68.52053405235355,1952,11
1952-11-29,68.41645461110478,1952,11
1952-11-30,68.30606820420601,1952,11
1952-12-01,68.49061059603115,1952,12
1952-12-02,68.67930627102602,1952,12
1952-12-03,68.59078385835339,1952,12
1952-12-04,68.66250112291002,1952,12
1952-12-05,68.51771555321977,1952,12
1952-12-06,68.61810755699074,1952,12
1952-12-07,68.72306268874304,1952,12
1952-12-08,68.82127068379413,1952,12
1952-12-09,68.96942371699566,1952,12
1952-12-10,69.01998235910139,1952,12
1952-12-11,68.99037551723391,1952,12
1952-12-12,68.78635659388895,1952,12
1952-12-13,68.69240078932499,1952,12
1952-12-14,68.62999646173184,1952,12
1952-12-15,68.46849499623137,1952,12
1952-12-16,68.48676755283982,1952,12
1952-12-17,68.7175875554835,1952,12
1952-12-18,68.77040020081482,1952,12
1952-12-19,68.82192679945383,1952,12
1952-12-20,68.82227416178434,1952,12
1952-12-21,68.71736365420774,1952,12
1952-12-22,68.76191547285994,1952,12
1952-12-23,68.75079372897649,1952,12
1952-12-24,68.80316451568602,1952,12
1952-12-25,68.71205825690433,1952,12
1952-12-26,68.66116876549293,1952,12
1952-12-27,68.55354134407271,1952,12
1952-12-28,68.30961421394794,1952,12
1952-12-29,68.26882344793259,1952,12
1952-12-30,68.43688820550067,1952,12
1952-12-31,68.69624283106472,1952,12
1953-01-01,68.41789211155358,1953,1
1953-01-02,68.28595824086052,1953,1
1953-01-03,68.12457228100382,1953,1
1953-01-04,68.22858554346577,1953,1
1953-01-05,68.44309167432625,1953,1
1953-01-06,68.70522345726003,1953,1
1953-01-07,68.70201258584338,1953,1
1953-01-08,68.68150488327221,1953,1
1953-01-09,68.95308359368651,1953,1
1953-01-10,68.77683555132978,1953,1
1953-01-11,68.97413723716213,1953,1
1953-01-12,68.75963180518954,1953,1
1953-01-13,68.80292586516731,1953,1
1953-01-14,68.75940298105942,1953,1
1953-01-15,68.95477597362532,1953,1
1953-01-16,68.76036311970003,1953,1
1953-01-17,68.09501687866856,1953,1
1953-01-18,67.76137852898377,1953,1
1953-01-19,67.86231910104503,1953,1
1953-01-20,68.17177986105835,1953,1
1953-01-21,68.24551798160117,1953,1
1953-01-22,68.07381010074046,1953,1
1953-01-23,67.96753125441198,1953,1
1953-01-24,67.67796046537592,1953,1
1953-01-25,67.63712744269674,1953,1
1953-01-26,67.88386107134123,1953,1
1953-01-27,68.20034379817773,1953,1
1953-01-28,68.44747222733156,1953,1
1953-01-29,68.35533062487055,1953,1
1953-01-30,68.25052571123604,1953,1
1953-01-31,68.32946695146238,1953,1
1953-02-01,68.3315243633414,1953,2
1953-02-02,68.33727158754569,1953,2
1953-02-03,68.45706287915482,1953,2
1953-02-04,68.56595057183648,1953,2
1953-02-05,68.9637522621887,1953,2
1953-02-06,68.86117890430724,1953,2
1953-02-07,68.84047460156086,1953,2
1953-02-08,68.8184059833557,1953,2
1953-02-09,68.86090217767789,1953,2
1953-02-10,69.05246114095635,1953,2
1953-02-11,69.24771576050806,1953,2
1953-02-12,69.35499758397847,1953,2
1953-02-13,69.44768269945648,1953,2
1953-02-14,69.59185404890808,1953,2
1953-02-15,69.85837753395687,1953,2
1953-02-16,69.92278041703811,1953,2
1953-02-17,69.83624580176281,1953,2
1953-02-18,69.91193589505008,1953,2
1953-02-19,69.63955117526184,1953,2
1953-02-20,69.51644174774637,1953,2
1953-02-21,69.5375474683038,1953,2
1953-02-22,69.79793986689853,1953,2
1953-02-23,70.03089801933984,1953,2
1953-02-24,70.16770741821004,1953,2
1953-02-25,70.2855461492242,1953,2
1953-02-26,70.09614513689883,1953,2
1953-02-27,70.18336659578468,1953,2
1953-02-28,70.4958302635551,1953,2
1953-03-01,70.60869540952551,1953,3
1953-03-02,70.69025401081942,1953,3
1953-03-03,70.71746283573775,1953,3
1953-03-04,70.65798785186962,1953,3
1953-03-05,70.72026572489904,1953,3
1953-03-06,70.81857450156242,1953,3
1953-03-07,70.86291168483604,1953,3
1953-03-08,71.00229605923998,1953,3
1953-03-09,71.00693104251786,1953,3
1953-03-10,70.9531796777397,1953,3
1953-03-11,71.24071553458495,1953,3
1953-03-12,71.1802540090697,1953,3
1953-03-13,71.07206345961944,1953,3
1953-03-14,70.31781309988726,1953,3
1953-03-15,70.68045604779125,1953,3
1953-03-16,71.11315670488933,1953,3
1953-03-17,71.3924822634304,1953,3
1953-03-18,71.44476860684026,1953,3
1953-03-19,71.46723854328644,1953,3
1953-03-20,71.2533923214302,1953,3
1953-03-21,71.15106772220511,1953,3
1953-03-22,71.01897522352279,1953,3
1953-03-23,71.18267126062516,1953,3
1953-03-24,71.39757707500951,1953,3
1953-03-25,71.54169547186227,1953,3
1953-03-26,72.01224149276324,1953,3
1953-03-27,72.15501804238703,1953,3
1953-03-28,71.52004542441209,1953,3
1953-03-29,70.93331032291702,1953,3
1953-03-30,70.77021363998865,1953,3
1953-03-31,70.97574861986203,1953,3
1953-04-01,71.12201415870945,1953,4
1953-04-02,71.23556436639896,1953,4
1953-04-03,71.26658074003939,1953,4
1953-04-04,71.38577716003714,1953,4
1953-04-05,71.6858921479625,1953,4
1953-04-06,71.96533845867788,1953,4
1953-04-07,72.16809842796381,1953,4
1953-04-08,72.01791950461069,1953,4
1953-04-09,72.39238495528855,1953,4
1953-04-10,72.4583831201935,1953,4
1953-04-11,72.10077282444833,1953,4
1953-04-12,72.34742394430495,1953,4
1953-04-13,72.56087484233473,1953,4
1953-04-14,72.63278332339301,1953,4
1953-04-15,72.31097555589284,1953,4
1953-04-16,72.02159194246812,1953,4
1953-04-17,71.96221688563239,1953,4
1953-04-18,72.18388971391258,1953,4
1953-04-19,71.73684892667154,1953,4
1953-04-20,71.82147383943227,1953,4
1953-04-21,71.86003632655137,1953,4
1953-04-22,71.9843571909708,1953,4
1953-04-23,71.98501039625103,1953,4
1953-04-24,72.10021244351371,1953,4
1953-04-25,72.22814207909695,1953,4
1953-04-26,72.49847724136727,1953,4
1953-04-27,72.55323798113864,1953,4
1953-04-28,72.72613313160502,1953,4
1953-04-29,72.82695073380305,1953,4
1953-04-30,72.80583289982533,1953,4
1953-05-01,72.72598518288308,1953,5
1953-05-02,73.01102279337368,1953,5
1953-05-03,73.00631067737204,1953,5
1953-05-04,73.01272958889646,1953,5
1953-05-05,73.11917168530523,1953,5
1953-05-06,73.14740643841247,1953,5
1953-05-07,73.06149575855434,1953,5
1953-05-08,72.91579029641078,1953,5
1953-05-09,73.02877319363058,1953,5
1953-05-10,73.12124687750081,1953,5
1953-05-11,73.34445016460883,1953,5
1953-05-12,73.29237147968111,1953,5
1953-05-13,73.21130778424117,1953,5
1953-05-14,73.12379549161493,1953,5
1953-05-15,73.31900462893626,1953,5
1953-05-16,73.13136404361983,1953,5
1953-05-17,73.07926603397237,1953,5
1953-05-18,73.21334623938121,1953,5
1953-05-19,73.2103774014805,1953,5
1953-05-20,73.2643490912226,1953,5
1953-05-21,73.19040614016319,1953,5
1953-05-22,73.08825602255604,1953,5
1953-05-23,73.13647760696533,1953,5
1953-05-24,73.19651540046318,1953,5
1953-05-25,73.30102129433838,1953,5
1953-05-26,73.59494632716671,1953,5
1953-05-27,73.6148587750751,1953,5
1953-05-28,73.61934484942586,1953,5
1953-05-29,73.56185032828871,1953,5
1953-05-30,73.66798744269568,1953,5
1953-05-31,73.66483833040147,1953,5
1953-06-01,73.81059914814352,1953,6
1953-06-02,73.86244591246282,1953,6
1953-06-03,73.83907980881035,1953,6
1953-06-04,73.6963999661368,1953,6
1953-06-05,73.66229415492965,1953,6
1953-06-06,73.71736457215289,1953,6
1953-06-07,73.56259108221398,1953,6
1953-06-08,73.53835804727187,1953,6
1953-06-09,73.53033163441766,1953,6
1953-06-10,73.74878465079094,1953,6
1953-06-11,73.78259063516842,1953,6
1953-06-12,74.02255074805664,1953,6
1953-06-13,73.87748317895016,1953,6
1953-06-14,73.55921310242665,1953,6
1953-06-15,73.14444994136599,1953,6
1953-06-16,72.79319650988745,1953,6
1953-06-17,72.9117008697969,1953,6
1953-06-18,73.09878001171687,1953,6
1953-06-19,73.07968024372705,1953,6
1953-06-20,73.09221660131284,1953,6
1953-06-21,73.20378308225753,1953,6
1953-06-22,73.21402030377982,1953,6
1953-06-23,72.9339933840584,1953,6
1953-06-24,72.76290832956006,1953,6
1953-06-25,73.02269657585082,1953,6
1953-06-26,73.14260000129285,1953,6
1953-06-27,73.05305352826483,1953,6
1953-06-28,73.04324003977341,1953,6
1953-06-29,73.23063947965568,1953,6
1953-06-30,73.08869124665522,1953,6
1953-07-01,73.27453390447505,1953,7
1953-07-02,73.35682075019214,1953,7
1953-07-03,73.13482141405444,1953,7
1953-07-04,73.07257416681516,1953,7
1953-07-05,73.07445708615168,1953,7
1953-07-06,72.93049158161925,1953,7
1953-07-07,72.88126228096884,1953,7
1953-07-08,72.86954378000694,1953,7
1953-07-09,72.91001527959185,1953,7
1953-07-10,72.69016971412503,1953,7
1953-07-11,72.61902103928972,1953,7
1953-07-12,72.57109432930181,1953,7
1953-07-13,72.63581210571255,1953,7
1953-07-14,72.56890289744433,1953,7
1953-07-15,72.63046980052883,1953,7
1953-07-16,72.77087669533739,1953,7
1953-07-17,72.89326992643538,1953,7
1953-07-18,72.88984538681672,1953,7
1953-07-19,72.80048530058968,1953,7
1953-07-20,73.08689748903572,1953,7
1953-07-21,73.13522638421794,1953,7
1953-07-22,72.96637042792034,1953,7
1953-07-23,72.79726964626546,1953,7
1953-07-24,72.89006246753286,1953,7
1953-07-25,73.04696499145099,1953,7
1953-07-26,73.10878959172798,1953,7
1953-07-27,72.98651020593701,1953,7
1953-07-28,72.93208653570055,1953,7
1953-07-29,72.99671907382606,1953,7
1953-07-30,72.908383198375,1953,7
1953-07-31,72.92711617894824,1953,7
1953-08-01,72.9197968054041,1953,8
1953-08-02,72.90862060730615,1953,8
1953-08-03,72.7062503461736,1953,8
1953-08-04,72.6631364215975,1953,8
1953-08-05,72.76452796200434,1953,8
1953-08-06,72.72221681209778,1953,8
1953-08-07,72.7411799638011,1953,8
1953-08-08,72.72610070010694,1953,8
1953-08-09,72.6705771249638,1953,8
1953-08-10,72.72210834453605,1953,8
1953-08-11,72.8375058008162,1953,8
1953-08-12,72.82869023711311,1953,8
1953-08-13,72.81541964069402,1953,8
1953-08-14,72.83209908587243,1953,8
1953-08-15,72.84467913808402,1953,8
1953-08-16,72.93782015534296,1953,8
1953-08-17,73.03073997058782,1953,8
1953-08-18,73.01010475078513,1953,8
1953-08-19,72.90651212336984,1953,8
1953-08-20,72.85571947593186,1953,8
1953-08-21,72.87071885629247,1953,8
1953-08-22,72.86195139143747,1953,8
1953-08-23,72.6895614177274,1953,8
1953-08-24,72.49692728273878,1953,8
1953-08-25,72.35488575020887,1953,8
1953-08-26,72.37716197506582,1953,8
1953-08-27,72.34624768023885,1953,8
1953-08-28,72.30416610224131,1953,8
1953-08-29,72.43611395413501,1953,8
1953-08-30,72.61805301993753,1953,8
1953-08-31,72.57433635685386,1953,8
1953-09-01,72.60370628307868,1953,9
1953-09-02,72.52063172238921,1953,9
1953-09-03,72.67302834165648,1953,9
1953-09-04,72.7030441815534,1953,9
1953-09-05,72.68986483580804,1953,9
1953-09-06,72.7795408697395,1953,9
1953-09-07,72.70668040301294,1953,9
1953-09-08,72.62099264185866,1953,9
1953-09-09,72.48724775083762,1953,9
1953-09-10,72.42199691793188,1953,9
1953-09-11,72.36275169461491,1953,9
1953-09-12,72.46637422080124,1953,9
1953-09-13,72.43793119137872,1953,9
1953-09-14,72.35916679199894,1953,9
1953-09-15,72.24044720674668,1953,9
1953-09-16,71.92596916827262,1953,9
1953-09-17,71.89823626464147,1953,9
1953-09-18,71.95115328127416,1953,9
1953-09-19,72.03731381633322,1953,9
1953-09-20,72.13996572239692,1953,9
1953-09-21,72.27377950652783,1953,9
1953-09-22,72.27350843605372,1953,9
1953-09-23,72.29773270261273,1953,9
1953-09-24,72.43439221753712,1953,9
1953-09-25,72.51851312371053,1953,9
1953-09-26,72.46575990909969,1953,9
1953-09-27,72.3336000396542,1953,9
1953-09-28,72.43692438165941,1953,9
1953-09-29,72.42526775381326,1953,9
1953-09-30,72.47620927777805,1953,9
1953-10-01,72.31716111768917,1953,10
1953-10-02,72.28582272415301,1953,10
1953-10-03,72.13464056630208,1953,10
1953-10-04,72.01613277319105,1953,10
1953-10-05,71.8116341378018,1953,10
1953-10-06,71.58897776115046,1953,10
1953-10-07,71.5435083625212,1953,10
1953-10-08,71.45848539207535,1953,10
1953-10-09,71.35792739142482,1953,10
1953-10-10,71.30133879971953,1953,10
1953-10-11,71.34700614138409,1953,10
1953-10-12,71.35900256718699,1953,10
1953-10-13,71.38924324894163,1953,10
1953-10-14,71.32218144999487,1953,10
1953-10-15,71.35029430254549,1953,10
1953-10-16,71.32836397269237,1953,10
1953-10-17,71.34664834263651,1953,10
1953-10-18,71.27051416180863,1953,10
1953-10-19,71.08741365583505,1953,10
1953-10-20,70.95093526846098,1953,10
1953-10-21,70.7708052274282,1953,10
1953-10-22,70.52771124517623,1953,10
1953-10-23,70.5619393395959,1953,10
1953-10-24,70.626013411587,1953,10
1953-10-25,70.74812296642703,1953,10
1953-10-26,70.81466925527857,1953,10
1953-10-27,70.8339928092751,1953,10
1953-10-28,70.85825240315192,1953,10
1953-10-29,70.74141677962135,1953,10
1953-10-30,70.52964271355617,1953,10
1953-10-31,70.23061041898144,1953,10
1953-11-01,70.07508872502194,1953,11
1953-11-02,69.9828914556898,1953,11
1953-11-03,69.86145179871454,1953,11
1953-11-04,69.98495805885868,1953,11
1953-11-05,69.88153579293278,1953,11
1953-11-06,69.88201076439083,1953,11
1953-11-07,69.98419689184101,1953,11
1953-11-08,70.02394441144654,1953,11
1953-11-09,69.87540142853078,1953,11
1953-11-10,69.84604735292037,1953,11
1953-11-11,69.8323653517043,1953,11
1953-11-12,69.82743151368857,1953,11
1953-11-13,69.808773543669,1953,11
1953-11-14,69.6762142957075,1953,11
1953-11-15,69.38738155261295,1953,11
1953-11-16,69.15777021579447,1953,11
1953-11-17,68.96429944251382,1953,11
1953-11-18,68.71869043823523,1953,11
1953-11-19,68.7460906460275,1953,11
1953-11-20,68.67819792287115,1953,11
1953-11-21,68.76097025178208,1953,11
1953-11-22,68.7521597652119,1953,11
1953-11-23,68.7778405977318,1953,11
1953-11-24,68.96911474823267,1953,11
1953-11-25,68.97656470033178,1953,11
1953-11-26,69.01959801111389,1953,11
1953-11-27,68.97726082534211,1953,11
1953-11-28,68.9241010153128,1953,11
1953-11-29,68.85729114697664,1953,11
1953-11-30,68.76993468994472,1953,11
1953-12-01,68.79445085240349,1953,12
1953-12-02,68.85950955778966,1953,12
1953-12-03,68.80694755619663,1953,12
1953-12-04,68.73356202571773,1953,12
1953-12-05,68.62525518253656,1953,12
1953-12-06,68.6734332413713,1953,12
1953-12-07,68.60875460648721,1953,12
1953-12-08,68.6637215208638,1953,12
1953-12-09,68.70413592513873,1953,12
1953-12-10,68.74369587092278,1953,12
1953-12-11,68.73504025710741,1953,12
1953-12-12,68.79693728538832,1953,12
1953-12-13,68.81247446574473,1953,12
1953-12-14,68.82223594469605,1953,12
1953-12-15,68.7453108865597,1953,12
1953-12-16,68.53676091477664,1953,12
1953-12-17,68.47195138936763,1953,12
1953-12-18,68.38621815049214,1953,12
1953-12-19,68.37088495308045,1953,12
1953-12-20,68.38921396354307,1953,12
1953-12-21,68.43400881539785,1953,12
1953-12-22,68.37489759646463,1953,12
1953-12-23,68.5050963657993,1953,12
1953-12-24,68.59648854479285,1953,12
1953-12-25,68.61356173047287,1953,12
1953-12-26,68.74369856493969,1953,12
1953-12-27,68.75383933513943,1953,12
1953-12-28,68.67589395781137,1953,12
1953-12-29,68.69392799152882,1953,12
1953-12-30,68.57287753681538,1953,12
1953-12-31,68.6742833283928,1953,12
1954-01-01,67.82852374287314,1954,1
1954-01-02,67.9975869655995,1954,1
1954-01-03,68.1223071670301,1954,1
1954-01-04,67.92947428036636,1954,1
1954-01-05,68.02589563002974,1954,1
1954-01-06,68.44093833156676,1954,1
1954-01-07,68.89401895352397,1954,1
1954-01-08,68.99246666651833,1954,1
1954-01-09,68.76610516628703,1954,1
1954-01-10,68.39442309208322,1954,1
1954-01-11,68.03605856508653,1954,1
1954-01-12,67.71040857279489,1954,1
1954-01-13,67.49025019113466,1954,1
1954-01-14,67.6031392925862,1954,1
1954-01-15,67.77366713561881,1954,1
1954-01-16,67.76439412980325,1954,1
1954-01-17,67.85528826686696,1954,1
1954-01-18,68.3026800394376,1954,1
1954-01-19,68.56327657091013,1954,1
1954-01-20,68.54672557234535,1954,1
1954-01-21,68.05253119846391,1954,1
1954-01-22,67.57233845513545,1954,1
1954-01-23,67.25319772258942,1954,1
1954-01-24,67.39247799700273,1954,1
1954-01-25,67.41005237636303,1954,1
1954-01-26,67.58761027349139,1954,1
1954-01-27,67.92029519509907,1954,1
1954-01-28,68.25470376011437,1954,1
1954-01-29,68.3118605600324,1954,1
1954-01-30,68.69852034050211,1954,1
1954-01-31,68.92336281577927,1954,1
1954-02-01,69.19510175483371,1954,2
1954-02-02,69.48769637629316,1954,2
1954-02-03,69.48364759222778,1954,2
1954-02-04,69.58969791358605,1954,2
1954-02-05,68.95365883983139,1954,2
1954-02-06,68.71443803568033,1954,2
1954-02-07,68.64835977755683,1954,2
1954-02-08,68.92882842366582,1954,2
1954-02-09,69.15384189113175,1954,2
1954-02-10,69.32182202101096,1954,2
1954-02-11,69.47365346383037,1954,2
1954-02-12,69.71014843793836,1954,2
1954-02-13,69.82278612375761,1954,2
1954-02-14,69.89155594350856,1954,2
1954-02-15,69.96743716032039,1954,2
1954-02-16,69.80989065444234,1954,2
1954-02-17,69.93147541916233,1954,2
1954-02-18,70.03410582104534,1954,2
1954-02-19,70.25533477202525,1954,2
1954-02-20,69.94842488595623,1954,2
1954-02-21,69.49342139961236,1954,2
1954-02-22,69.46134579694964,1954,2
1954-02-23,69.40876488946138,1954,2
1954-02-24,69.77898229220634,1954,2
1954-02-25,69.14787106287689,1954,2
1954-02-26,69.26468404539025,1954,2
1954-02-27,69.47991402587617,1954,2
1954-02-28,69.6497115211509,1954,2
1954-03-01,69.75753074355653,1954,3
1954-03-02,69.85481870062888,1954,3
1954-03-03,69.58349257048862,1954,3
1954-03-04,69.43934750401496,1954,3
1954-03-05,69.22608214927368,1954,3
1954-03-06,69.14235599262382,1954,3
1954-03-07,69.30466606653317,1954,3
1954-03-08,69.42183848271416,1954,3
1954-03-09,69.49509925577578,1954,3
1954-03-10,70.01833680041163,1954,3
1954-03-11,70.41066562232733,1954,3
1954-03-12,70.62333331295065,1954,3
1954-03-13,70.61910269382871,1954,3
1954-03-14,70.56951634205157,1954,3
1954-03-15,70.4653006020703,1954,3
1954-03-16,70.41002115377565,1954,3
1954-03-17,70.54308872243894,1954,3
1954-03-18,70.78865775743613,1954,3
1954-03-19,70.8698004631188,1954,3
1954-03-20,70.87533362734646,1954,3
1954-03-21,71.05803535506637,1954,3
1954-03-22,71.2919358414055,1954,3
1954-03-23,71.453310726308,1954,3
1954-03-24,71.08985632946788,1954,3
1954-03-25,70.68792041456489,1954,3
1954-03-26,70.68573163591385,1954,3
1954-03-27,71.06573698436176,1954,3
1954-03-28,71.32697621624615,1954,3
1954-03-29,71.60464607444247,1954,3
1954-03-30,71.71935426496921,1954,3
1954-03-31,71.76784612189168,1954,3
1954-04-01,71.35797334163007,1954,4
1954-04-02,71.3426908114563,1954,4
1954-04-03,71.23495989536876,1954,4
1954-04-04,71.27733178196716,1954,4
1954-04-05,71.23284067625774,1954,4
1954-04-06,71.46114319411404,1954,4
1954-04-07,71.60801834112719,1954,4
1954-04-08,71.94373248936758,1954,4
1954-04-09,71.90050191337843,1954,4
1954-04-10,72.14107494224253,1954,4
1954-04-11,72.34822852760855,1954,4
1954-04-12,72.17880544085737,1954,4
1954-04-13,72.11536309277835,1954,4
1954-04-14,72.26460068189887,1954,4
1954-04-15,72.28216677058332,1954,4
1954-04-16,72.34491684280896,1954,4
1954-04-17,72.5898594856199,1954,4
1954-04-18,72.58402732755242,1954,4
1954-04-19,72.45196983599139,1954,4
1954-04-20,72.50384263634477,1954,4
1954-04-21,72.68835176593495,1954,4
1954-04-22,72.87599681853628,1954,4
1954-04-23,73.06111748993175,1954,4
1954-04-24,73.06118485834818,1954,4
1954-04-25,72.65571355611706,1954,4
1954-04-26,72.47471616417752,1954,4
1954-04-27,72.6769130869156,1954,4
1954-04-28,72.58025106351258,1954,4
1954-04-29,72.5911165706976,1954,4
1954-04-30,72.52526945350243,1954,4
1954-05-01,72.58393133211447,1954,5
1954-05-02,72.8924751933644,1954,5
1954-05-03,72.76765495506575,1954,5
1954-05-04,72.8634877098655,1954,5
1954-05-05,72.98307570271012,1954,5
1954-05-06,73.15444035020883,1954,5
1954-05-07,72.79052834440155,1954,5
1954-05-08,73.06386460971387,1954,5
1954-05-09,73.26409567833961,1954,5
1954-05-10,73.31062046911322,1954,5
1954-05-11,73.2912244482965,1954,5
1954-05-12,73.02909837725036,1954,5
1954-05-13,72.98041739863773,1954,5
1954-05-14,72.9667694890901,1954,5
1954-05-15,72.82964624573385,1954,5
1954-05-16,72.95592239114593,1954,5
1954-05-17,73.06141218600138,1954,5
1954-05-18,73.2336835686378,1954,5
1954-05-19,73.41151432265474,1954,5
1954-05-20,73.54529167334879,1954,5
1954-05-21,73.51718646063453,1954,5
1954-05-22,73.43280997254507,1954,5
1954-05-23,73.50590848041215,1954,5
1954-05-24,73.43420560847841,1954,5
1954-05-25,73.43015772031211,1954,5
1954-05-26,73.42125693425794,1954,5
1954-05-27,73.53928561723396,1954,5
1954-05-28,73.59930379866591,1954,5
1954-05-29,73.76961895807094,1954,5
1954-05-30,73.61294521651901,1954,5
1954-05-31,73.75578686522124,1954,5
1954-06-01,73.5431514529,1954,6
1954-06-02,73.07115090074703,1954,6
1954-06-03,73.13871601894978,1954,6
1954-06-04,73.208496327834,1954,6
1954-06-05,72.97850382687072,1954,6
1954-06-06,73.03556902544338,1954,6
1954-06-07,73.2358849587581,1954,6
1954-06-08,73.29038895657719,1954,6
1954-06-09,73.5104316595729,1954,6
1954-06-10,73.47164029057895,1954,6
1954-06-11,73.40134947649369,1954,6
1954-06-12,73.23607046141244,1954,6
1954-06-13,73.12538514095756,1954,6
1954-06-14,73.10661388418146,1954,6
1954-06-15,73.2255499239769,1954,6
1954-06-16,73.0744443848823,1954,6
1954-06-17,73.16906205980894,1954,6
1954-06-18,73.08513561900725,1954,6
1954-06-19,73.14081499240677,1954,6
1954-06-20,73.22853865638469,1954,6
1954-06-21,73.34150845430057,1954,6
1954-06-22,73.27537088853931,1954,6
1954-06-23,73.34815351780273,1954,6
1954-06-24,73.30987323208785,1954,6
1954-06-25,73.44499199280133,1954,6
1954-06-26,73.32966984014156,1954,6
1954-06-27,73.16888426361974,1954,6
1954-06-28,73.32250871059581,1954,6
1954-06-29,73.39704314533812,1954,6
1954-06-30,73.37838402679499,1954,6
1954-07-01,74.10136344602394,1954,7
1954-07-02,73.18831080646417,1954,7
1954-07-03,73.39970670261918,1954,7
1954-07-04,73.99337387842502,1954,7
1954-07-05,73.96498175219371,1954,7
1954-07-06,73.43178922742696,1954,7
1954-07-07,73.53563093202169,1954,7
1954-07-08,73.29809138204351,1954,7
1954-07-09,73.07420137852091,1954,7
1954-07-10,72.86448858946125,1954,7
1954-07-11,72.70665081237375,1954,7
1954-07-12,72.69987990817995,1954,7
1954-07-13,72.76291343679,1954,7
1954-07-14,73.0523317867469,1954,7
1954-07-15,72.86736407623727,1954,7
1954-07-16,72.75489009785714,1954,7
1954-07-17,72.79272714698217,1954,7
1954-07-18,72.84224124967677,1954,7
1954-07-19,72.8317962454099,1954,7
1954-07-20,72.79578245862662,1954,7
1954-07-21,72.74496409775692,1954,7
1954-07-22,72.83263158520735,1954,7
1954-07-23,72.94227440266226,1954,7
1954-07-24,72.97060079586431,1954,7
1954-07-25,73.08235235965482,1954,7
1954-07-26,72.98529391968316,1954,7
1954-07-27,72.95446060879424,1954,7
1954-07-28,72.9768571974054,1954,7
1954-07-29,72.71354524780037,1954,7
1954-07-30,72.72779610233816,1954,7
1954-07-31,72.92585884816292,1954,7
1954-08-01,72.89843954783419,1954,8
1954-08-02,72.77569002709826,1954,8
1954-08-03,72.70971426972922,1954,8
1954-08-04,72.86410379932238,1954,8
1954-08-05,73.0313467694076,1954,8
1954-08-06,72.86483447342823,1954,8
1954-08-07,72.81415193800083,1954,8
1954-08-08,72.81498110526414,1954,8
1954-08-09,72.66579170878349,1954,8
1954-08-10,72.7281132440201,1954,8
1954-08-11,72.79903577104629,1954,8
1954-08-12,72.66280927113462,1954,8
1954-08-13,72.61928749855622,1954,8
1954-08-14,72.73322463939854,1954,8
1954-08-15,72.70205349359253,1954,8
1954-08-16,72.67247489948312,1954,8
1954-08-17,72.82289327022094,1954,8
1954-08-18,72.93713437254848,1954,8
1954-08-19,72.76915899686622,1954,8
1954-08-20,72.68695451015158,1954,8
1954-08-21,72.75546406856805,1954,8
1954-08-22,72.74890627735647,1954,8
1954-08-23,72.64109469280824,1954,8
1954-08-24,72.5766671855691,1954,8
1954-08-25,72.48236048335917,1954,8
1954-08-26,72.54651404601391,1954,8
1954-08-27,72.51455994242198,1954,8
1954-08-28,72.6122384037745,1954,8
1954-08-29,72.71924229663783,1954,8
1954-08-30,72.77231447232427,1954,8
1954-08-31,72.78886005386151,1954,8
1954-09-01,72.80220110299018,1954,9
1954-09-02,72.6448130106805,1954,9
1954-09-03,72.75813704537347,1954,9
1954-09-04,72.7102562505548,1954,9
1954-09-05,72.80446746519902,1954,9
1954-09-06,72.79273235663,1954,9
1954-09-07,72.64449806203699,1954,9
1954-09-08,72.60016695445303,1954,9
1954-09-09,72.58776942786379,1954,9
1954-09-10,72.65075889178803,1954,9
1954-09-11,72.60101476149559,1954,9
1954-09-12,72.56223215894533,1954,9
1954-09-13,72.57811937064844,1954,9
1954-09-14,72.54548696456816,1954,9
1954-09-15,72.47349797802316,1954,9
1954-09-16,72.45273862094791,1954,9
1954-09-17,72.50713211304227,1954,9
1954-09-18,72.52945280182034,1954,9
1954-09-19,72.61709786377244,1954,9
1954-09-20,72.55954601672782,1954,9
1954-09-21,72.51473345998296,1954,9
1954-09-22,72.41909345695109,1954,9
1954-09-23,72.43794941754844,1954,9
1954-09-24,72.38527321110759,1954,9
1954-09-25,72.27201886410244,1954,9
1954-09-26,72.1646119968628,1954,9
1954-09-27,72.16132895526813,1954,9
1954-09-28,72.36810992372642,1954,9
1954-09-29,72.32083464868204,1954,9
1954-09-30,72.10838992950112,1954,9
1954-10-01,71.98866327550708,1954,10
1954-10-02,71.90237736756941,1954,10
1954-10-03,71.95973997418011,1954,10
1954-10-04,71.6155943521215,1954,10
1954-10-05,71.40731934157274,1954,10
1954-10-06,71.111123649443,1954,10
1954-10-07,71.01850836700224,1954,10
1954-10-08,70.96775879789729,1954,10
1954-10-09,70.90488667864159,1954,10
1954-10-10,71.03432854091322,1954,10
1954-10-11,71.16369452781501,1954,10
1954-10-12,71.18087471343344,1954,10
1954-10-13,71.14126991907672,1954,10
1954-10-14,71.04684144037338,1954,10
1954-10-15,70.93170637079491,1954,10
1954-10-16,70.84169239097257,1954,10
1954-10-17,70.74124334460855,1954,10
1954-10-18,70.80304235041892,1954,10
1954-10-19,70.84350396507804,1954,10
1954-10-20,70.85463526251972,1954,10
1954-10-21,70.59203817204272,1954,10
1954-10-22,70.47253874726347,1954,10
1954-10-23,70.69000344768243,1954,10
1954-10-24,70.83419360022428,1954,10
1954-10-25,70.70078330603913,1954,10
1954-10-26,70.53603786333316,1954,10
1954-10-27,70.29705528721588,1954,10
1954-10-28,69.95797828806884,1954,10
1954-10-29,69.77195388379613,1954,10
1954-10-30,69.64068874424053,1954,10
1954-10-31,69.73651876902296,1954,10
1954-11-01,69.78354238281877,1954,11
1954-11-02,69.9046960396226,1954,11
1954-11-03,69.90113119351196,1954,11
1954-11-04,69.73412948625514,1954,11
1954-11-05,69.66177324903003,1954,11
1954-11-06,69.59580707722773,1954,11
1954-11-07,69.46225226682638,1954,11
1954-11-08,69.44175677455867,1954,11
1954-11-09,69.37999850535451,1954,11
1954-11-10,69.31013095750494,1954,11
1954-11-11,69.30358468157685,1954,11
1954-11-12,69.21736126828878,1954,11
1954-11-13,69.09655321813652,1954,11
1954-11-14,69.03482459223338,1954,11
1954-11-15,68.95575708648244,1954,11
1954-11-16,68.88255686611666,1954,11
1954-11-17,68.88479559386626,1954,11
1954-11-18,68.96166383719849,1954,11
1954-11-19,68.96728662558886,1954,11
1954-11-20,68.92589365607283,1954,11
1954-11-21,69.01329934834935,1954,11
1954-11-22,68.97754843719005,1954,11
1954-11-23,69.2322293350634,1954,11
1954-11-24,69.27164645634662,1954,11
1954-11-25,69.08346071040876,1954,11
1954-11-26,68.86214239521138,1954,11
1954-11-27,68.78291398512455,1954,11
1954-11-28,68.9511586432521,1954,11
1954-11-29,68.91658278558913,1954,11
1954-11-30,68.95482543295265,1954,11
1954-12-01,68.9512800586241,1954,12
1954-12-02,69.17399900434573,1954,12
1954-12-03,69.11300522807353,1954,12
1954-12-04,69.10480561632751,1954,12
1954-12-05,69.07136906370002,1954,12
1954-12-06,68.92258040175197,1954,12
1954-12-07,68.52399273647778,1954,12
1954-12-08,68.29405775708204,1954,12
1954-12-09,68.47660071732828,1954,12
1954-12-10,68.43139587127082,1954,12
1954-12-11,68.42554090815878,1954,12
1954-12-12,68.36514355547277,1954,12
1954-12-13,68.04644234479352,1954,12
1954-12-14,68.09568441140578,1954,12
1954-12-15,68.22102449553518,1954,12
1954-12-16,68.24701660943241,1954,12
1954-12-17,68.36061993140964,1954,12
1954-12-18,68.6301001247988,1954,12
1954-12-19,68.76106480480017,1954,12
1954-12-20,68.55153024190558,1954,12
1954-12-21,68.27574809759088,1954,12
1954-12-22,68.01784351068312,1954,12
1954-12-23,67.9913117048182,1954,12
1954-12-24,68.14245952098744,1954,12
1954-12-25,68.35925342061972,1954,12
1954-12-26,68.27578392019261,1954,12
1954-12-27,68.31651335249043,1954,12
1954-12-28,68.11207948477798,1954,12
1954-12-29,67.91673696575447,1954,12
1954-12-30,67.83457811788017,1954,12
1954-12-31,67.59035720750046,1954,12
1955-01-01,67.28303390843293,1955,1
1955-01-02,67.18085254131763,1955,1
1955-01-03,66.91502893483263,1955,1
1955-01-04,66.93845580151313,1955,1
1955-01-05,66.95879710802843,1955,1
1955-01-06,67.32448606338896,1955,1
1955-01-07,67.44944826415865,1955,1
1955-01-08,67.8144687812467,1955,1
1955-01-09,67.94197679704124,1955,1
1955-01-10,68.0185724132301,1955,1
1955-01-11,68.21423884691211,1955,1
1955-01-12,68.19673615558487,1955,1
1955-01-13,68.01686091729354,1955,1
1955-01-14,68.17032822175622,1955,1
1955-01-15,68.17730911858709,1955,1
1955-01-16,68.3668895323779,1955,1
1955-01-17,68.30736146759942,1955,1
1955-01-18,68.47530867855879,1955,1
1955-01-19,68.3406732612787,1955,1
1955-01-20,68.36209872967487,1955,1
1955-01-21,68.6146516552759,1955,1
1955-01-22,68.84479332688358,1955,1
1955-01-23,68.83035515835557,1955,1
1955-01-24,68.92383871861591,1955,1
1955-01-25,68.71633981480267,1955,1
1955-01-26,68.51139483734018,1955,1
1955-01-27,68.30223705684297,1955,1
1955-01-28,68.44367838689674,1955,1
1955-01-29,68.71591984703834,1955,1
1955-01-30,68.90298478476616,1955,1
1955-01-31,68.99984515907525,1955,1
1955-02-01,68.82174113639167,1955,2
1955-02-02,68.45992036667852,1955,2
1955-02-03,68.66594982706424,1955,2
1955-02-04,68.80697307287537,1955,2
1955-02-05,68.43597272021793,1955,2
1955-02-06,68.04386728095399,1955,2
1955-02-07,68.09764980476417,1955,2
1955-02-08,68.22922294695248,1955,2
1955-02-09,68.27684258857342,1955,2
1955-02-10,68.70078420785696,1955,2
1955-02-11,68.2924664390328,1955,2
1955-02-12,68.21768559248623,1955,2
1955-02-13,68.38678103979038,1955,2
1955-02-14,68.66114038969724,1955,2
1955-02-15,68.66108561669778,1955,2
1955-02-16,68.7582756252993,1955,2
1955-02-17,68.84041722501506,1955,2
1955-02-18,69.0470899568903,1955,2
1955-02-19,69.11388904297543,1955,2
1955-02-20,69.30464916505831,1955,2
1955-02-21,69.42356020409879,1955,2
1955-02-22,69.61457518190308,1955,2
1955-02-23,69.74888438460793,1955,2
1955-02-24,69.76848490285403,1955,2
1955-02-25,69.64481285836865,1955,2
1955-02-26,69.67443051076222,1955,2
1955-02-27,69.79439013047444,1955,2
1955-02-28,70.14797360826688,1955,2
1955-03-01,70.09533392112036,1955,3
1955-03-02,69.79360035151842,1955,3
1955-03-03,69.71875394932637,1955,3
1955-03-04,69.48947817707622,1955,3
1955-03-05,69.35041291328858,1955,3
1955-03-06,69.64618975370551,1955,3
1955-03-07,69.71743697105448,1955,3
1955-03-08,69.87818407568102,1955,3
1955-03-09,70.01684660479478,1955,3
1955-03-10,70.02056861571849,1955,3
1955-03-11,70.27488828730958,1955,3
1955-03-12,70.34196438661687,1955,3
1955-03-13,70.46211998882622,1955,3
1955-03-14,70.53579361591774,1955,3
1955-03-15,70.75828248541654,1955,3
1955-03-16,70.8782197312802,1955,3
1955-03-17,70.67848204377817,1955,3
1955-03-18,70.50125291397812,1955,3
1955-03-19,70.61458249461974,1955,3
1955-03-20,70.93798320445856,1955,3
1955-03-21,71.29783688613675,1955,3
1955-03-22,71.28834948323178,1955,3
1955-03-23,71.3806644220125,1955,3
1955-03-24,71.48640263250009,1955,3
1955-03-25,71.55819103243039,1955,3
1955-03-26,71.27560595819227,1955,3
1955-03-27,71.08267513051673,1955,3
1955-03-28,71.15000000288585,1955,3
1955-03-29,71.48502051501275,1955,3
1955-03-30,71.72849369039177,1955,3
1955-03-31,71.46415951293156,1955,3
1955-04-01,71.1229648954459,1955,4
1955-04-02,71.0795849201426,1955,4
1955-04-03,70.76156259414923,1955,4
1955-04-04,70.64087697773606,1955,4
1955-04-05,70.69316067845644,1955,4
1955-04-06,70.70024949316155,1955,4
1955-04-07,70.9416288445051,1955,4
1955-04-08,71.11086366504233,1955,4
1955-04-09,71.23298683933831,1955,4
1955-04-10,71.29093679335678,1955,4
1955-04-11,71.39719831913978,1955,4
1955-04-12,71.65413904825363,1955,4
1955-04-13,71.53485809412102,1955,4
1955-04-14,71.06171683127242,1955,4
1955-04-15,70.69870143084198,1955,4
1955-04-16,70.47300279415869,1955,4
1955-04-17,70.72756091163554,1955,4
1955-04-18,70.70218037403072,1955,4
1955-04-19,70.84150521256215,1955,4
1955-04-20,70.86737985178002,1955,4
1955-04-21,71.22496471823197,1955,4
1955-04-22,71.49194907607615,1955,4
1955-04-23,71.37926308977792,1955,4
1955-04-24,71.6506029882541,1955,4
1955-04-25,71.79007222691321,1955,4
1955-04-26,71.9800970956965,1955,4
1955-04-27,72.05998194737316,1955,4
1955-04-28,72.20874475763429,1955,4
1955-04-29,72.33918727195466,1955,4
1955-04-30,72.1585053342489,1955,4
1955-05-01,72.21140294808914,1955,5
1955-05-02,72.1169906875486,1955,5
1955-05-03,71.85667060693613,1955,5
1955-05-04,71.85979271983865,1955,5
1955-05-05,72.01171286275203,1955,5
1955-05-06,72.1729877623122,1955,5
1955-05-07,72.40676435518411,1955,5
1955-05-08,72.32234568005215,1955,5
1955-05-09,72.45418279201343,1955,5
1955-05-10,72.6271420399352,1955,5
1955-05-11,72.46981480885296,1955,5
1955-05-12,72.3684750910217,1955,5
1955-05-13,72.23192166008421,1955,5
1955-05-14,72.3164317892633,1955,5
1955-05-15,72.40013355535955,1955,5
1955-05-16,72.17183756443669,1955,5
1955-05-17,72.22506886936712,1955,5
1955-05-18,72.4668942929024,1955,5
1955-05-19,72.6162549936719,1955,5
1955-05-20,72.57666837754627,1955,5
1955-05-21,72.46561095334285,1955,5
1955-05-22,72.50075724570263,1955,5
1955-05-23,72.69122551169598,1955,5
1955-05-24,72.87337249256683,1955,5
1955-05-25,72.80056508592445,1955,5
1955-05-26,72.81307504116779,1955,5
1955-05-27,72.9086614523532,1955,5
1955-05-28,72.87355920977463,1955,5
1955-05-29,72.77637689551057,1955,5
1955-05-30,72.96139447525725,1955,5
1955-05-31,73.1317046231775,1955,5
1955-06-01,73.113287763474,1955,6
1955-06-02,73.20191457475617,1955,6
1955-06-03,73.13039890489523,1955,6
1955-06-04,73.18047853983711,1955,6
1955-06-05,73.24781391676532,1955,6
1955-06-06,73.1995373847211,1955,6
1955-06-07,73.08597966260365,1955,6
1955-06-08,73.13992662572073,1955,6
1955-06-09,72.82065831747917,1955,6
1955-06-10,72.76447063154346,1955,6
1955-06-11,72.77670701037475,1955,6
1955-06-12,73.04315836024689,1955,6
1955-06-13,73.0417910526552,1955,6
1955-06-14,73.04544323217034,1955,6
1955-06-15,73.00384888382618,1955,6
1955-06-16,72.90636366138797,1955,6
1955-06-17,72.64064038316063,1955,6
1955-06-18,72.63950111580351,1955,6
1955-06-19,72.66103313900338,1955,6
1955-06-20,72.65479909127673,1955,6
1955-06-21,72.49834463521381,1955,6
1955-06-22,72.75738769386822,1955,6
1955-06-23,72.81867347001554,1955,6
1955-06-24,72.80682623050596,1955,6
1955-06-25,72.88190749462336,1955,6
1955-06-26,72.75836067022253,1955,6
1955-06-27,72.6421402727077,1955,6
1955-06-28,72.36211768685708,1955,6
1955-06-29,72.38946134975954,1955,6
1955-06-30,72.36347183050749,1955,6
1955-07-01,72.3459995051561,1955,7
1955-07-02,72.31568791466718,1955,7
1955-07-03,72.30872245457496,1955,7
1955-07-04,72.29683258813657,1955,7
1955-07-05,72.46493573780025,1955,7
1955-07-06,72.47533822640901,1955,7
1955-07-07,72.46647744422391,1955,7
1955-07-08,72.34248048078007,1955,7
1955-07-09,72.51786992347269,1955,7
1955-07-10,72.71169620909346,1955,7
1955-07-11,72.48127826709228,1955,7
1955-07-12,72.53127066413168,1955,7
1955-07-13,72.69459822038269,1955,7
1955-07-14,72.73653294076497,1955,7
1955-07-15,72.73184689627782,1955,7
1955-07-16,72.65835889979796,1955,7
1955-07-17,72.56004505403052,1955,7
1955-07-18,72.47025757941736,1955,7
1955-07-19,72.36022582178728,1955,7
1955-07-20,72.3831036042113,1955,7
1955-07-21,72.47431668608638,1955,7
1955-07-22,72.48309348251153,1955,7
1955-07-23,72.53179687038113,1955,7
1955-07-24,72.56269988100138,1955,7
1955-07-25,72.64762806815058,1955,7
1955-07-26,72.59301340908617,1955,7
1955-07-27,72.60727166778312,1955,7
1955-07-28,72.49322788427573,1955,7
1955-07-29,72.6349847334635,1955,7
1955-07-30,72.50205654494508,1955,7
1955-07-31,72.48051284793668,1955,7
1955-08-01,72.46145383373738,1955,8
1955-08-02,72.379322565131,1955,8
1955-08-03,72.4838515830746,1955,8
1955-08-04,72.49611336103818,1955,8
1955-08-05,72.37418329938296,1955,8
1955-08-06,72.41355553558462,1955,8
1955-08-07,72.23368824596754,1955,8
1955-08-08,72.2397145576757,1955,8
1955-08-09,72.24555186749241,1955,8
1955-08-10,72.36740857300343,1955,8
1955-08-11,72.32520326740166,1955,8
1955-08-12,72.35663133017046,1955,8
1955-08-13,72.3296855158999,1955,8
1955-08-14,72.44771118075153,1955,8
1955-08-15,72.41615501238574,1955,8
1955-08-16,72.18135870475547,1955,8
1955-08-17,72.11125646256596,1955,8
1955-08-18,72.19020225828424,1955,8
1955-08-19,72.23945955761519,1955,8
1955-08-20,72.27755312535177,1955,8
1955-08-21,72.19836009382375,1955,8
1955-08-22,72.26657788931739,1955,8
1955-08-23,72.33259740440565,1955,8
1955-08-24,72.28571257850497,1955,8
1955-08-25,72.26711835782176,1955,8
1955-08-26,72.33177222273893,1955,8
1955-08-27,72.41162051538242,1955,8
1955-08-28,72.54587328288494,1955,8
1955-08-29,72.38252590693018,1955,8
1955-08-30,72.34581605301061,1955,8
1955-08-31,72.30495235050043,1955,8
1955-09-01,72.36781415669145,1955,9
1955-09-02,72.26951130493889,1955,9
1955-09-03,72.31539323048106,1955,9
1955-09-04,72.30542768307026,1955,9
1955-09-05,72.34754871257144,1955,9
1955-09-06,72.25494411042824,1955,9
1955-09-07,72.2404270871108,1955,9
1955-09-08,72.22611065051169,1955,9
1955-09-09,72.16318671260795,1955,9
1955-09-10,72.05112989440613,1955,9
1955-09-11,72.13997328308368,1955,9
1955-09-12,72.19881920321386,1955,9
1955-09-13,72.16795588203395,1955,9
1955-09-14,72.0968428565073,1955,9
1955-09-15,72.0458885289141,1955,9
1955-09-16,72.08289798147736,1955,9
1955-09-17,72.13180772841143,1955,9
1955-09-18,72.14168397470313,1955,9
1955-09-19,72.13570457322442,1955,9
1955-09-20,72.12379002988838,1955,9
1955-09-21,72.24586924422795,1955,9
1955-09-22,72.20102778146858,1955,9
1955-09-23,72.07103921508514,1955,9
1955-09-24,72.00906868087048,1955,9
1955-09-25,71.96097360837173,1955,9
1955-09-26,71.86029453444921,1955,9
1955-09-27,71.92727795510606,1955,9
1955-09-28,72.02119844436596,1955,9
1955-09-29,72.14291832297623,1955,9
1955-09-30,72.18545176288501,1955,9
1955-10-01,72.14644861170324,1955,10
1955-10-02,72.032372735308,1955,10
1955-10-03,72.00413977035785,1955,10
1955-10-04,71.88112398466743,1955,10
1955-10-05,71.72064567092981,1955,10
1955-10-06,71.6628647057543,1955,10
1955-10-07,71.70255656815246,1955,10
1955-10-08,71.64943490797151,1955,10
1955-10-09,71.57345668721884,1955,10
1955-10-10,71.4497790013006,1955,10
1955-10-11,71.43622401292549,1955,10
1955-10-12,71.45377987599409,1955,10
1955-10-13,71.35159827595625,1955,10
1955-10-14,71.25012203373603,1955,10
1955-10-15,71.22522360636007,1955,10
1955-10-16,71.15100506149534,1955,10
1955-10-17,71.00534468673249,1955,10
1955-10-18,71.1243701175443,1955,10
1955-10-19,70.95752600865895,1955,10
1955-10-20,70.83968460169211,1955,10
1955-10-21,70.87509753625585,1955,10
1955-10-22,70.99330166138321,1955,10
1955-10-23,71.05024315066952,1955,10
1955-10-24,71.01716377996586,1955,10
1955-10-25,70.92905747148053,1955,10
1955-10-26,70.69284265366058,1955,10
1955-10-27,70.3807398909406,1955,10
1955-10-28,69.99421342439409,1955,10
1955-10-29,69.84997118296312,1955,10
1955-10-30,69.82144432195255,1955,10
1955-10-31,69.86702227479721,1955,10
1955-11-01,69.88048186441186,1955,11
1955-11-02,69.70700032691816,1955,11
1955-11-03,69.52494949549283,1955,11
1955-11-04,69.48038740896308,1955,11
1955-11-05,69.52416650591745,1955,11
1955-11-06,69.62001923452341,1955,11
1955-11-07,69.74758968092473,1955,11
1955-11-08,69.29075802846405,1955,11
1955-11-09,68.87097500190649,1955,11
1955-11-10,68.62695196826922,1955,11
1955-11-11,68.60104132014806,1955,11
1955-11-12,68.70779672638535,1955,11
1955-11-13,68.72337181271855,1955,11
1955-11-14,68.63628721168661,1955,11
1955-11-15,68.60950522006702,1955,11
1955-11-16,68.60444616091367,1955,11
1955-11-17,68.57764946507561,1955,11
1955-11-18,68.62557873501422,1955,11
1955-11-19,68.71249437346331,1955,11
1955-11-20,68.72721998118263,1955,11
1955-11-21,68.68115913846816,1955,11
1955-11-22,68.78093497741645,1955,11
1955-11-23,69.11742838393336,1955,11
1955-11-24,69.22347664066291,1955,11
1955-11-25,69.1148549435157,1955,11
1955-11-26,68.90638930489152,1955,11
1955-11-27,68.53574461044569,1955,11
1955-11-28,68.6306779951382,1955,11
1955-11-29,68.74240357787919,1955,11
1955-11-30,68.90760020843851,1955,11
1955-12-01,68.5807059719545,1955,12
1955-12-02,68.56363408599387,1955,12
1955-12-03,68.55962796292872,1955,12
1955-12-04,68.56790478711049,1955,12
1955-12-05,68.53618303615397,1955,12
1955-12-06,68.46879295945726,1955,12
1955-12-07,68.39224525169188,1955,12
1955-12-08,68.37083176772092,1955,12
1955-12-09,68.36241522642935,1955,12
1955-12-10,68.34246558527212,1955,12
1955-12-11,68.33529950191551,1955,12
1955-12-12,68.34451004274756,1955,12
1955-12-13,68.27443804572336,1955,12
1955-12-14,68.20537442698983,1955,12
1955-12-15,68.37077951682164,1955,12
1955-12-16,68.3195672993746,1955,12
1955-12-17,68.37175785001672,1955,12
1955-12-18,68.270232024764,1955,12
1955-12-19,68.0348165097588,1955,12
1955-12-20,67.81756171912419,1955,12
1955-12-21,67.77406407190536,1955,12
1955-12-22,67.96528612045293,1955,12
1955-12-23,67.79094895483973,1955,12
1955-12-24,67.5052644849313,1955,12
1955-12-25,67.11397130643446,1955,12
1955-12-26,67.00162227624845,1955,12
1955-12-27,67.13875861675727,1955,12
1955-12-28,67.13859206287916,1955,12
1955-12-29,67.22952522245701,1955,12
1955-12-30,67.4782930533063,1955,12
1955-12-31,67.69085134030101,1955,12
1956-01-01,67.82011382470576,1956,1
1956-01-02,67.76775104719293,1956,1
1956-01-03,67.74590792085787,1956,1
1956-01-04,67.73814056264396,1956,1
1956-01-05,67.75137019900673,1956,1
1956-01-06,67.80410738395777,1956,1
1956-01-07,67.83288576705294,1956,1
1956-01-08,67.87387425142167,1956,1
1956-01-09,68.36943655987,1956,1
1956-01-10,68.31982237757728,1956,1
1956-01-11,68.45117144431904,1956,1
1956-01-12,68.61950146160753,1956,1
1956-01-13,68.48135225340518,1956,1
1956-01-14,68.37546386567568,1956,1
1956-01-15,68.0215661639668,1956,1
1956-01-16,67.85679340074303,1956,1
1956-01-17,67.88886219466306,1956,1
1956-01-18,68.0134972351236,1956,1
1956-01-19,68.18722445338365,1956,1
1956-01-20,68.05538808009364,1956,1
1956-01-21,67.70492899511258,1956,1
1956-01-22,67.49556123009667,1956,1
1956-01-23,67.5392521538583,1956,1
1956-01-24,67.83733225556166,1956,1
1956-01-25,68.1076143454004,1956,1
1956-01-26,68.26355948833834,1956,1
1956-01-27,68.3456838826643,1956,1
1956-01-28,68.31933290447728,1956,1
1956-01-29,68.08022939256858,1956,1
1956-01-30,68.01609106334412,1956,1
1956-01-31,68.05203809016545,1956,1
1956-02-01,68.32093501603627,1956,2
1956-02-02,68.41967557553501,1956,2
1956-02-03,68.45288373788033,1956,2
1956-02-04,68.24030568044806,1956,2
1956-02-05,67.83647413866667,1956,2
1956-02-06,67.56967004103907,1956,2
1956-02-07,67.54911016755736,1956,2
1956-02-08,67.65813540063635,1956,2
1956-02-09,67.73199928884794,1956,2
1956-02-10,67.7702946618707,1956,2
1956-02-11,67.72648315406279,1956,2
1956-02-12,67.9233305863175,1956,2
1956-02-13,68.06628421661117,1956,2
1956-02-14,68.25557679671918,1956,2
1956-02-15,68.34146839185102,1956,2
1956-02-16,68.40335913073181,1956,2
1956-02-17,68.2318440788412,1956,2
1956-02-18,67.879317859831,1956,2
1956-02-19,68.04012916627623,1956,2
1956-02-20,68.24771589915842,1956,2
1956-02-21,68.40882916527075,1956,2
1956-02-22,68.56264557579807,1956,2
1956-02-23,68.79682163748772,1956,2
1956-02-24,69.07724787807477,1956,2
1956-02-25,69.39909343572415,1956,2
1956-02-26,69.56269674055144,1956,2
1956-02-27,69.89295509141175,1956,2
1956-02-28,69.99407876479212,1956,2
1956-02-29,69.60142842142217,1956,2
1956-03-01,69.30883398371188,1956,3
1956-03-02,69.16149995292402,1956,3
1956-03-03,69.41923119585462,1956,3
1956-03-04,69.66721167651447,1956,3
1956-03-05,69.83580135804067,1956,3
1956-03-06,70.1397179780867,1956,3
1956-03-07,70.31091877587409,1956,3
1956-03-08,70.52514691775387,1956,3
1956-03-09,70.4104593042318,1956,3
1956-03-10,70.1449676463488,1956,3
1956-03-11,70.35662551799946,1956,3
1956-03-12,70.2387118443974,1956,3
1956-03-13,70.13470729124242,1956,3
1956-03-14,70.17160107738674,1956,3
1956-03-15,70.43732956313242,1956,3
1956-03-16,70.27884926714083,1956,3
1956-03-17,70.20282283750211,1956,3
1956-03-18,70.08548388410664,1956,3
1956-03-19,70.25935537528545,1956,3
1956-03-20,70.38531518763824,1956,3
1956-03-21,70.60390181999027,1956,3
1956-03-22,70.74924506400747,1956,3
1956-03-23,70.33514399602456,1956,3
1956-03-24,70.29551861444428,1956,3
1956-03-25,70.58110183654811,1956,3
1956-03-26,70.83625721416134,1956,3
1956-03-27,70.97679046989134,1956,3
1956-03-28,70.87181864116626,1956,3
1956-03-29,71.01291585060434,1956,3
1956-03-30,71.28962429094038,1956,3
1956-03-31,71.29661211982662,1956,3
1956-04-01,71.06600399115551,1956,4
1956-04-02,71.29818123720567,1956,4
1956-04-03,71.69845608867503,1956,4
1956-04-04,71.54875411070142,1956,4
1956-04-05,71.06986190763715,1956,4
1956-04-06,70.7876615556817,1956,4
1956-04-07,70.83219023054805,1956,4
1956-04-08,71.22636309928708,1956,4
1956-04-09,71.25566641628576,1956,4
1956-04-10,71.27584159872987,1956,4
1956-04-11,71.17750355880727,1956,4
1956-04-12,71.17644643312721,1956,4
1956-04-13,71.2885665605734,1956,4
1956-04-14,71.26733135961138,1956,4
1956-04-15,71.31801477687598,1956,4
1956-04-16,71.42468233964648,1956,4
1956-04-17,71.807995396446,1956,4
1956-04-18,72.03505200265113,1956,4
1956-04-19,72.25370506143872,1956,4
1956-04-20,72.37094224871234,1956,4
1956-04-21,72.47595927349748,1956,4
1956-04-22,72.41039362430469,1956,4
1956-04-23,72.16432217226068,1956,4
1956-04-24,72.12146950659312,1956,4
1956-04-25,72.37311285518618,1956,4
1956-04-26,72.48108688669532,1956,4
1956-04-27,72.23018293835673,1956,4
1956-04-28,72.17367545081919,1956,4
1956-04-29,72.26960886710614,1956,4
1956-04-30,72.27991540610269,1956,4
1956-05-01,72.53541691879998,1956,5
1956-05-02,72.5938568083897,1956,5
1956-05-03,72.78603703797519,1956,5
1956-05-04,73.11536211126051,1956,5
1956-05-05,72.96110167391801,1956,5
1956-05-06,72.93951012551759,1956,5
1956-05-07,72.7224445822508,1956,5
1956-05-08,72.7595463845551,1956,5
1956-05-09,72.80979790992819,1956,5
1956-05-10,73.25116804617741,1956,5
1956-05-11,73.2827902676753,1956,5
1956-05-12,73.29393646986371,1956,5
1956-05-13,72.78422815356792,1956,5
1956-05-14,72.82200559301047,1956,5
1956-05-15,72.78278312678869,1956,5
1956-05-16,72.69210607091192,1956,5
1956-05-17,72.99862945846135,1956,5
1956-05-18,73.15832508101661,1956,5
1956-05-19,72.75435480033326,1956,5
1956-05-20,72.42994450111473,1956,5
1956-05-21,72.72169787789875,1956,5
1956-05-22,72.82866172469474,1956,5
1956-05-23,73.17790607010795,1956,5
1956-05-24,73.21642883495848,1956,5
1956-05-25,73.10526261924073,1956,5
1956-05-26,72.98437459561767,1956,5
1956-05-27,72.85401048505982,1956,5
1956-05-28,73.0297673646095,1956,5
1956-05-29,72.81397327994017,1956,5
1956-05-30,72.89444478639307,1956,5
1956-05-31,72.73999781605671,1956,5
1956-06-01,72.64270659413374,1956,6
1956-06-02,72.67174020506752,1956,6
1956-06-03,72.68491174413676,1956,6
1956-06-04,72.6796298860349,1956,6
1956-06-05,72.81252799880548,1956,6
1956-06-06,72.69163766166953,1956,6
1956-06-07,72.88365677904079,1956,6
1956-06-08,72.94329912674874,1956,6
1956-06-09,72.70737323969675,1956,6
1956-06-10,72.7688621843485,1956,6
1956-06-11,72.78439633744365,1956,6
1956-06-12,72.89051178809035,1956,6
1956-06-13,72.91627968894852,1956,6
1956-06-14,72.97704965254856,1956,6
1956-06-15,72.82720031711783,1956,6
1956-06-16,72.76220456243082,1956,6
1956-06-17,72.93599594843795,1956,6
1956-06-18,72.71205715644314,1956,6
1956-06-19,72.68885496525084,1956,6
1956-06-20,72.51645305769115,1956,6
1956-06-21,72.54314667395386,1956,6
1956-06-22,72.69081289389524,1956,6
1956-06-23,72.69772188249087,1956,6
1956-06-24,72.52674043747858,1956,6
1956-06-25,72.39337947002852,1956,6
1956-06-26,72.49483740646288,1956,6
1956-06-27,72.4390725701794,1956,6
1956-06-28,72.38192132215137,1956,6
1956-06-29,72.31853954024133,1956,6
1956-06-30,72.26180532007335,1956,6
1956-07-01,72.45980261341089,1956,7
1956-07-02,72.33645747120553,1956,7
1956-07-03,72.1738900959149,1956,7
1956-07-04,72.20393608982677,1956,7
1956-07-05,72.29676475548429,1956,7
1956-07-06,72.37143549471477,1956,7
1956-07-07,72.35877069586572,1956,7
1956-07-08,72.375578730085,1956,7
1956-07-09,72.41966782881923,1956,7
1956-07-10,72.52702529803757,1956,7
1956-07-11,72.50529772425321,1956,7
1956-07-12,72.29720760834303,1956,7
1956-07-13,72.37325886543474,1956,7
1956-07-14,72.17589220867245,1956,7
1956-07-15,72.32379470105172,1956,7
1956-07-16,72.49482194852511,1956,7
1956-07-17,72.42680302060664,1956,7
1956-07-18,72.59144341825946,1956,7
1956-07-19,72.71532510737761,1956,7
1956-07-20,72.56681898781078,1956,7
1956-07-21,72.33559976996901,1956,7
1956-07-22,72.33698043630739,1956,7
1956-07-23,72.30025658153559,1956,7
1956-07-24,72.27355057879903,1956,7
1956-07-25,72.16517963815922,1956,7
1956-07-26,72.18369581874123,1956,7
1956-07-27,72.08118575076132,1956,7
1956-07-28,72.19562927990506,1956,7
1956-07-29,72.29701444508186,1956,7
1956-07-30,72.38654078638355,1956,7
1956-07-31,72.15467565650958,1956,7
1956-08-01,72.26175810115589,1956,8
1956-08-02,72.27767225502487,1956,8
1956-08-03,72.3795481961535,1956,8
1956-08-04,72.383161281765,1956,8
1956-08-05,72.5184794265417,1956,8
1956-08-06,72.49126247953217,1956,8
1956-08-07,72.41473725097983,1956,8
1956-08-08,72.22416865890749,1956,8
1956-08-09,72.26997446004515,1956,8
1956-08-10,72.26102064015768,1956,8
1956-08-11,72.37093910709733,1956,8
1956-08-12,72.24046957595642,1956,8
1956-08-13,72.37808331588803,1956,8
1956-08-14,72.29147269763362,1956,8
1956-08-15,72.3098042989589,1956,8
1956-08-16,72.05026969125716,1956,8
1956-08-17,72.2345180521981,1956,8
1956-08-18,72.2353605582619,1956,8
1956-08-19,72.21816629131483,1956,8
1956-08-20,72.11254982217247,1956,8
1956-08-21,71.95520051847201,1956,8
1956-08-22,71.90161087225621,1956,8
1956-08-23,71.85162145468628,1956,8
1956-08-24,71.86039276489232,1956,8
1956-08-25,71.83469551487815,1956,8
1956-08-26,71.89360458733903,1956,8
1956-08-27,71.85669221810993,1956,8
1956-08-28,72.00055557864883,1956,8
1956-08-29,72.06642801885216,1956,8
1956-08-30,72.23178171379304,1956,8
1956-08-31,72.12896877672372,1956,8
1956-09-01,72.34285305187508,1956,9
1956-09-02,72.39143402761263,1956,9
1956-09-03,72.38129881968524,1956,9
1956-09-04,72.42883619210633,1956,9
1956-09-05,72.23720350362422,1956,9
1956-09-06,72.1465431451914,1956,9
1956-09-07,72.1958513202818,1956,9
1956-09-08,72.21301803160806,1956,9
1956-09-09,71.98990375529579,1956,9
1956-09-10,71.88917337642891,1956,9
1956-09-11,71.91773218716276,1956,9
1956-09-12,71.87672584299227,1956,9
1956-09-13,71.89635225185003,1956,9
1956-09-14,71.94884427541673,1956,9
1956-09-15,71.89669350588788,1956,9
1956-09-16,71.85351117220726,1956,9
1956-09-17,71.92159715929411,1956,9
1956-09-18,71.96928846348689,1956,9
1956-09-19,72.02810950601247,1956,9
1956-09-20,72.15914688258928,1956,9
1956-09-21,72.08131518144317,1956,9
1956-09-22,72.10864057533472,1956,9
1956-09-23,72.03508953869887,1956,9
1956-09-24,71.92543507838104,1956,9
1956-09-25,71.81969796601126,1956,9
1956-09-26,71.77197245614215,1956,9
1956-09-27,71.73010236945501,1956,9
1956-09-28,71.81836686047689,1956,9
1956-09-29,71.81520564700426,1956,9
1956-09-30,71.81494333886982,1956,9
1956-10-01,71.85979502581536,1956,10
1956-10-02,72.01054623651943,1956,10
1956-10-03,71.95246751801125,1956,10
1956-10-04,71.70396939660964,1956,10
1956-10-05,71.50502952616708,1956,10
1956-10-06,71.72069060739254,1956,10
1956-10-07,71.71176422924685,1956,10
1956-10-08,71.56341266116486,1956,10
1956-10-09,71.3089065627467,1956,10
1956-10-10,71.21868059468073,1956,10
1956-10-11,71.38797643035689,1956,10
1956-10-12,71.35558016474081,1956,10
1956-10-13,71.35535211726885,1956,10
1956-10-14,71.09399099461129,1956,10
1956-10-15,70.86294747057173,1956,10
1956-10-16,70.82027538383373,1956,10
1956-10-17,70.46480085302636,1956,10
1956-10-18,70.61597285779754,1956,10
1956-10-19,70.40230576499907,1956,10
1956-10-20,70.37444548933365,1956,10
1956-10-21,70.49238887024325,1956,10
1956-10-22,70.62300887928595,1956,10
1956-10-23,70.72324435457293,1956,10
1956-10-24,70.7268276687522,1956,10
1956-10-25,70.68942921572348,1956,10
1956-10-26,70.6600696874887,1956,10
1956-10-27,70.6851555340019,1956,10
1956-10-28,70.55825714423149,1956,10
1956-10-29,70.59118424694408,1956,10
1956-10-30,70.60514637587396,1956,10
1956-10-31,70.73877236256654,1956,10
1956-11-01,70.50433988113164,1956,11
1956-11-02,70.50551856319187,1956,11
1956-11-03,70.334301302525,1956,11
1956-11-04,70.01407280109022,1956,11
1956-11-05,69.72848696141119,1956,11
1956-11-06,69.70618197410518,1956,11
1956-11-07,69.56244292522206,1956,11
1956-11-08,69.48071516334808,1956,11
1956-11-09,69.5179312533422,1956,11
1956-11-10,69.49910634789371,1956,11
1956-11-11,69.1098004847285,1956,11
1956-11-12,69.23702864926864,1956,11
1956-11-13,69.07447456751564,1956,11
1956-11-14,68.9764156027038,1956,11
1956-11-15,69.00240352050834,1956,11
1956-11-16,69.02288071955215,1956,11
1956-11-17,69.01361452197764,1956,11
1956-11-18,69.0169688853838,1956,11
1956-11-19,68.92265403014561,1956,11
1956-11-20,68.78534700293906,1956,11
1956-11-21,68.84719546550924,1956,11
1956-11-22,69.03349552221636,1956,11
1956-11-23,69.07941624364405,1956,11
1956-11-24,68.54273378803717,1956,11
1956-11-25,68.48712920626119,1956,11
1956-11-26,68.80797348172361,1956,11
1956-11-27,68.69672119542656,1956,11
1956-11-28,68.40542642650296,1956,11
1956-11-29,68.20436437023419,1956,11
1956-11-30,68.15969227043217,1956,11
1956-12-01,68.14819908402383,1956,12
1956-12-02,68.27012588266868,1956,12
1956-12-03,68.4500189479256,1956,12
1956-12-04,68.65757664091173,1956,12
1956-12-05,68.69978430694331,1956,12
1956-12-06,68.70476611462821,1956,12
1956-12-07,68.6615960599184,1956,12
1956-12-08,68.51116327346442,1956,12
1956-12-09,68.22217605831236,1956,12
1956-12-10,67.7031149077938,1956,12
1956-12-11,67.65770397708492,1956,12
1956-12-12,68.96296782641195,1956,12
1956-12-13,67.73222755201746,1956,12
1956-12-14,67.70825041221065,1956,12
1956-12-15,67.76811848674097,1956,12
1956-12-16,67.41902049892478,1956,12
1956-12-17,67.61453427337625,1956,12
1956-12-18,67.51451212297931,1956,12
1956-12-19,67.62010862762045,1956,12
1956-12-20,68.00418704401395,1956,12
1956-12-21,68.07921987604455,1956,12
1956-12-22,68.0859110660499,1956,12
1956-12-23,67.87420904111563,1956,12
1956-12-24,68.06871961584197,1956,12
1956-12-25,68.17334768267045,1956,12
1956-12-26,68.42178755404035,1956,12
1956-12-27,68.45606092084394,1956,12
1956-12-28,68.56354010612442,1956,12
1956-12-29,68.66406347773106,1956,12
1956-12-30,68.4065125384686,1956,12
1956-12-31,68.2418816682493,1956,12
1957-01-01,68.4947906757887,1957,1
1957-01-02,68.50881884088712,1957,1
1957-01-03,68.57636129961556,1957,1
1957-01-04,68.56166044997438,1957,1
1957-01-05,68.40168416546538,1957,1
1957-01-06,68.16751971741957,1957,1
1957-01-07,68.21382971490307,1957,1
1957-01-08,68.5795357351617,1957,1
1957-01-09,68.84557519566201,1957,1
1957-01-10,68.31290736143656,1957,1
1957-01-11,68.39030061206408,1957,1
1957-01-12,68.49007221796938,1957,1
1957-01-13,68.30060801817234,1957,1
1957-01-14,68.38544585818786,1957,1
1957-01-15,68.25292044529006,1957,1
1957-01-16,68.47794974733831,1957,1
1957-01-17,68.83062328550126,1957,1
1957-01-18,68.90824924173134,1957,1
1957-01-19,68.84124125048432,1957,1
1957-01-20,68.6616412323927,1957,1
1957-01-21,68.56873566879642,1957,1
1957-01-22,68.49556068875161,1957,1
1957-01-23,68.38415758624824,1957,1
1957-01-24,68.31296527239334,1957,1
1957-01-25,68.16787992969907,1957,1
1957-01-26,68.20514762813117,1957,1
1957-01-27,68.50570263065933,1957,1
1957-01-28,68.4921381173449,1957,1
1957-01-29,68.57731279334186,1957,1
1957-01-30,68.69652805654431,1957,1
1957-01-31,68.37448303063225,1957,1
1957-02-01,68.01487140293668,1957,2
1957-02-02,68.14001138324187,1957,2
1957-02-03,68.34321976319819,1957,2
1957-02-04,68.52203773650339,1957,2
1957-02-05,68.3927489760284,1957,2
1957-02-06,68.25601406219913,1957,2
1957-02-07,68.47620004072928,1957,2
1957-02-08,68.51985477245569,1957,2
1957-02-09,68.2852929919576,1957,2
1957-02-10,68.16280996911955,1957,2
1957-02-11,67.87383154796845,1957,2
1957-02-12,67.73007289164028,1957,2
1957-02-13,67.85225305181893,1957,2
1957-02-14,67.94239039982035,1957,2
1957-02-15,68.01270895697608,1957,2
1957-02-16,68.16620425139821,1957,2
1957-02-17,68.42990782734539,1957,2
1957-02-18,68.89234424567508,1957,2
1957-02-19,69.21320942697085,1957,2
1957-02-20,69.34964100514043,1957,2
1957-02-21,69.13486133756878,1957,2
1957-02-22,69.04422487232075,1957,2
1957-02-23,69.24494403924187,1957,2
1957-02-24,69.3367370534873,1957,2
1957-02-25,69.04336769010222,1957,2
1957-02-26,68.92314161127042,1957,2
1957-02-27,68.98144133920913,1957,2
1957-02-28,69.09040370876014,1957,2
1957-03-01,69.2897754208594,1957,3
1957-03-02,69.46560597506642,1957,3
1957-03-03,69.66226292547509,1957,3
1957-03-04,69.657248229221,1957,3
1957-03-05,69.73091373998236,1957,3
1957-03-06,69.26503058377115,1957,3
1957-03-07,69.24379099022583,1957,3
1957-03-08,69.53333768302224,1957,3
1957-03-09,69.37843588279074,1957,3
1957-03-10,70.00304022738072,1957,3
1957-03-11,69.8149991799963,1957,3
1957-03-12,69.65961349905028,1957,3
1957-03-13,69.32244065930718,1957,3
1957-03-14,69.52271744510784,1957,3
1957-03-15,69.80395041061108,1957,3
1957-03-16,69.9706870964073,1957,3
1957-03-17,70.27666498664418,1957,3
1957-03-18,70.51597607871527,1957,3
1957-03-19,70.53289111018834,1957,3
1957-03-20,70.57051837060261,1957,3
1957-03-21,70.47997123638197,1957,3
1957-03-22,70.33621367244027,1957,3
1957-03-23,70.21451725550862,1957,3
1957-03-24,70.42065448350377,1957,3
1957-03-25,70.52911918901735,1957,3
1957-03-26,70.29101197391036,1957,3
1957-03-27,70.33804159331773,1957,3
1957-03-28,70.52198455940645,1957,3
1957-03-29,70.50498312172773,1957,3
1957-03-30,70.32059743682666,1957,3
1957-03-31,70.32265322389216,1957,3
1957-04-01,70.85284999909298,1957,4
1957-04-02,70.99202954005229,1957,4
1957-04-03,71.01719123904985,1957,4
1957-04-04,71.44408781726744,1957,4
1957-04-05,71.48342585740967,1957,4
1957-04-06,71.8131018461409,1957,4
1957-04-07,71.41380156316589,1957,4
1957-04-08,71.27701384651341,1957,4
1957-04-09,71.02055295182433,1957,4
1957-04-10,71.45167116957253,1957,4
1957-04-11,71.63945251295482,1957,4
1957-04-12,71.81022762641436,1957,4
1957-04-13,71.90393387806972,1957,4
1957-04-14,72.2066836021386,1957,4
1957-04-15,72.27619969528014,1957,4
1957-04-16,72.43638931244011,1957,4
1957-04-17,72.4684394634379,1957,4
1957-04-18,72.2886210774324,1957,4
1957-04-19,72.34207207318616,1957,4
1957-04-20,72.4792036879857,1957,4
1957-04-21,72.20779222525533,1957,4
1957-04-22,71.8749420022773,1957,4
1957-04-23,71.97732856688683,1957,4
1957-04-24,72.32821464182732,1957,4
1957-04-25,72.2525295163587,1957,4
1957-04-26,72.35865825710263,1957,4
1957-04-27,72.21160428888302,1957,4
1957-04-28,72.24883995850399,1957,4
1957-04-29,72.21920721795468,1957,4
1957-04-30,72.34652394169767,1957,4
1957-05-01,72.23143288574298,1957,5
1957-05-02,72.71431703082068,1957,5
1957-05-03,72.76586537627401,1957,5
1957-05-04,72.81679607779483,1957,5
1957-05-05,72.7747759327592,1957,5
1957-05-06,72.86856363913029,1957,5
1957-05-07,72.66139512778045,1957,5
1957-05-08,72.55763597238705,1957,5
1957-05-09,72.6757758566952,1957,5
1957-05-10,72.85318522548377,1957,5
1957-05-11,72.93765320225876,1957,5
1957-05-12,72.83931796585631,1957,5
1957-05-13,72.46945623367792,1957,5
1957-05-14,72.66577949230675,1957,5
1957-05-15,72.71810733283968,1957,5
1957-05-16,72.87478469417904,1957,5
1957-05-17,72.94088248976412,1957,5
1957-05-18,72.84884799071357,1957,5
1957-05-19,72.62634096173657,1957,5
1957-05-20,72.38947735285677,1957,5
1957-05-21,72.49828966486058,1957,5
1957-05-22,72.5234639999211,1957,5
1957-05-23,72.6570054625718,1957,5
1957-05-24,72.81964681030142,1957,5
1957-05-25,73.01004239780785,1957,5
1957-05-26,73.137397735314,1957,5
1957-05-27,72.9959519790708,1957,5
1957-05-28,73.13095770786232,1957,5
1957-05-29,73.19374203836942,1957,5
1957-05-30,73.44956421530536,1957,5
1957-05-31,73.2227032082487,1957,5
1957-06-01,73.20825577608261,1957,6
1957-06-02,72.83800113027037,1957,6
1957-06-03,72.58031337749173,1957,6
1957-06-04,72.57533253705121,1957,6
1957-06-05,72.79985034172024,1957,6
1957-06-06,72.7308154587874,1957,6
1957-06-07,72.83809777606864,1957,6
1957-06-08,72.9527103541072,1957,6
1957-06-09,73.06649014557293,1957,6
1957-06-10,73.1800369713622,1957,6
1957-06-11,73.18946329842453,1957,6
1957-06-12,73.28866063241237,1957,6
1957-06-13,73.21564266160256,1957,6
1957-06-14,73.01872918588528,1957,6
1957-06-15,73.18456633693711,1957,6
1957-06-16,73.36239009822569,1957,6
1957-06-17,73.48600230191175,1957,6
1957-06-18,73.42133244986367,1957,6
1957-06-19,73.49877793577971,1957,6
1957-06-20,73.2927810665347,1957,6
1957-06-21,73.30976083463452,1957,6
1957-06-22,73.09982467434838,1957,6
1957-06-23,73.16100437570977,1957,6
1957-06-24,73.02555000231911,1957,6
1957-06-25,73.043693724567,1957,6
1957-06-26,73.04736621871682,1957,6
1957-06-27,72.92556945007475,1957,6
1957-06-28,72.87155351267764,1957,6
1957-06-29,72.74207955872774,1957,6
1957-06-30,72.73549885124518,1957,6
1957-07-01,72.91709987963415,1957,7
1957-07-02,72.998597992934,1957,7
1957-07-03,72.947869735314,1957,7
1957-07-04,73.09819610530604,1957,7
1957-07-05,73.02657733560908,1957,7
1957-07-06,73.03214825470823,1957,7
1957-07-07,73.04290978041408,1957,7
1957-07-08,72.93298259399751,1957,7
1957-07-09,72.87683546084702,1957,7
1957-07-10,72.74140549673092,1957,7
1957-07-11,72.74350498788304,1957,7
1957-07-12,72.82537864133282,1957,7
1957-07-13,72.67856937381539,1957,7
1957-07-14,72.64932950583035,1957,7
1957-07-15,72.78510804350677,1957,7
1957-07-16,73.02392019234162,1957,7
1957-07-17,72.94655491752212,1957,7
1957-07-18,72.82483130720622,1957,7
1957-07-19,72.75913561483146,1957,7
1957-07-20,72.80635249469786,1957,7
1957-07-21,72.74363166147408,1957,7
1957-07-22,72.66591736551123,1957,7
1957-07-23,72.52589327609759,1957,7
1957-07-24,72.3939832469727,1957,7
1957-07-25,72.48230564459537,1957,7
1957-07-26,72.4667448670081,1957,7
1957-07-27,72.53711702822125,1957,7
1957-07-28,72.74134577162698,1957,7
1957-07-29,72.8295899295211,1957,7
1957-07-30,72.72215924220285,1957,7
1957-07-31,72.55534610939812,1957,7
1957-08-01,72.46967126732946,1957,8
1957-08-02,72.59338019267119,1957,8
1957-08-03,72.71928840459223,1957,8
1957-08-04,72.94416195323845,1957,8
1957-08-05,72.91609979644399,1957,8
1957-08-06,72.82088104331763,1957,8
1957-08-07,72.5906774052263,1957,8
1957-08-08,72.51958987242706,1957,8
1957-08-09,72.57985700307735,1957,8
1957-08-10,72.7018608572027,1957,8
1957-08-11,72.72563306877805,1957,8
1957-08-12,72.61130620504707,1957,8
1957-08-13,72.33747134239196,1957,8
1957-08-14,72.47677180551925,1957,8
1957-08-15,72.55207603337314,1957,8
1957-08-16,72.72879980849106,1957,8
1957-08-17,72.73034057135996,1957,8
1957-08-18,72.71297894245679,1957,8
1957-08-19,72.65674056755071,1957,8
1957-08-20,72.68012132077898,1957,8
1957-08-21,72.8407355972162,1957,8
1957-08-22,72.92824758979866,1957,8
1957-08-23,72.82503794410991,1957,8
1957-08-24,72.5852910781635,1957,8
1957-08-25,72.65749458251278,1957,8
1957-08-26,72.6125817421763,1957,8
1957-08-27,72.55087658181563,1957,8
1957-08-28,72.531392605437,1957,8
1957-08-29,72.44479535166876,1957,8
1957-08-30,72.45203357974822,1957,8
1957-08-31,72.40663513665899,1957,8
1957-09-01,72.29816661554392,1957,9
1957-09-02,72.22800944290496,1957,9
1957-09-03,72.23156322237054,1957,9
1957-09-04,72.23593136300323,1957,9
1957-09-05,72.27692751603546,1957,9
1957-09-06,72.23299425110105,1957,9
1957-09-07,72.26887166291002,1957,9
1957-09-08,72.26772372711923,1957,9
1957-09-09,72.3552797429971,1957,9
1957-09-10,72.36353685784343,1957,9
1957-09-11,72.28577054710372,1957,9
1957-09-12,72.31886628740475,1957,9
1957-09-13,72.4232879043667,1957,9
1957-09-14,72.3273202637011,1957,9
1957-09-15,72.10358129032687,1957,9
1957-09-16,72.15485788594283,1957,9
1957-09-17,72.27780773485362,1957,9
1957-09-18,72.23523676053513,1957,9
1957-09-19,72.0318738033139,1957,9
1957-09-20,71.99754689644882,1957,9
1957-09-21,72.03490322821175,1957,9
1957-09-22,72.10064930620402,1957,9
1957-09-23,72.04683963294075,1957,9
1957-09-24,72.12311878201584,1957,9
1957-09-25,72.22086829001492,1957,9
1957-09-26,72.10970715528467,1957,9
1957-09-27,72.00774216883502,1957,9
1957-09-28,71.92038800667909,1957,9
1957-09-29,71.90459495185786,1957,9
1957-09-30,71.80100449749426,1957,9
1957-10-01,71.76726418543952,1957,10
1957-10-02,71.72991449568325,1957,10
1957-10-03,71.74276123941524,1957,10
1957-10-04,71.66541459343206,1957,10
1957-10-05,71.74186721497723,1957,10
1957-10-06,71.72403681485525,1957,10
1957-10-07,71.7705440441991,1957,10
1957-10-08,71.71894245886702,1957,10
1957-10-09,71.69654855618012,1957,10
1957-10-10,71.53032232766716,1957,10
1957-10-11,71.58283609745128,1957,10
1957-10-12,71.59143427541248,1957,10
1957-10-13,71.49013628322115,1957,10
1957-10-14,71.4437272671304,1957,10
1957-10-15,71.4423069322865,1957,10
1957-10-16,71.59089599043995,1957,10
1957-10-17,71.36706888260106,1957,10
1957-10-18,71.22009828344777,1957,10
1957-10-19,71.10367612342444,1957,10
1957-10-20,71.2181038164429,1957,10
1957-10-21,71.17034423385385,1957,10
1957-10-22,70.90093938568603,1957,10
1957-10-23,71.09324336281293,1957,10
1957-10-24,71.06266098979751,1957,10
1957-10-25,70.89727505816414,1957,10
1957-10-26,70.56221191271622,1957,10
1957-10-27,70.24276366098654,1957,10
1957-10-28,70.23944509637826,1957,10
1957-10-29,70.20477372163383,1957,10
1957-10-30,70.09119802552681,1957,10
1957-10-31,70.06064755016469,1957,10
1957-11-01,70.02103572782322,1957,11
1957-11-02,70.1301578773676,1957,11
1957-11-03,70.15216171004084,1957,11
1957-11-04,70.07345741773821,1957,11
1957-11-05,69.926644202201,1957,11
1957-11-06,69.77529557380623,1957,11
1957-11-07,69.7999260074799,1957,11
1957-11-08,70.02413961025748,1957,11
1957-11-09,69.92196808699339,1957,11
1957-11-10,70.07066525844772,1957,11
1957-11-11,70.01221189122765,1957,11
1957-11-12,70.08402014138524,1957,11
1957-11-13,70.1674803549367,1957,11
1957-11-14,70.28410118377147,1957,11
1957-11-15,70.08574037775081,1957,11
1957-11-16,70.01240639140397,1957,11
1957-11-17,69.95913768672747,1957,11
1957-11-18,69.90054163534984,1957,11
1957-11-19,69.92499574413118,1957,11
1957-11-20,70.03896798417975,1957,11
1957-11-21,69.73912141755851,1957,11
1957-11-22,69.5783678167896,1957,11
1957-11-23,69.37421757711039,1957,11
1957-11-24,69.41131896512732,1957,11
1957-11-25,69.59747476485461,1957,11
1957-11-26,69.37205137928774,1957,11
1957-11-27,69.20477056318335,1957,11
1957-11-28,69.05254988496128,1957,11
1957-11-29,68.98330010716586,1957,11
1957-11-30,68.80908943604796,1957,11
1957-12-01,68.66431874223795,1957,12
1957-12-02,68.78998561695639,1957,12
1957-12-03,68.98783067758738,1957,12
1957-12-04,69.19102466008636,1957,12
1957-12-05,69.32319194333876,1957,12
1957-12-06,69.33943592846028,1957,12
1957-12-07,69.4328155146926,1957,12
1957-12-08,69.20456546539192,1957,12
1957-12-09,69.25014664246513,1957,12
1957-12-10,69.26582274311481,1957,12
1957-12-11,69.24843378399548,1957,12
1957-12-12,69.2393791901387,1957,12
1957-12-13,68.93433902108755,1957,12
1957-12-14,68.57511221339907,1957,12
1957-12-15,68.49468880267374,1957,12
1957-12-16,68.53508691216814,1957,12
1957-12-17,68.76505614151515,1957,12
1957-12-18,68.56398792336057,1957,12
1957-12-19,68.59972558882,1957,12
1957-12-20,68.58757189393108,1957,12
1957-12-21,68.39140440638063,1957,12
1957-12-22,68.31929914487989,1957,12
1957-12-23,68.25279173756097,1957,12
1957-12-24,68.18313122404396,1957,12
1957-12-25,68.22539000860846,1957,12
1957-12-26,68.30642715459429,1957,12
1957-12-27,68.1539657658431,1957,12
1957-12-28,68.31557811844267,1957,12
1957-12-29,68.3119833191832,1957,12
1957-12-30,68.55918043283563,1957,12
1957-12-31,68.72820127697675,1957,12
1958-01-01,68.81552266612628,1958,1
1958-01-02,69.06314710401966,1958,1
1958-01-03,69.12130667906723,1958,1
1958-01-04,69.24980926771212,1958,1
1958-01-05,68.87362729574438,1958,1
1958-01-06,68.6752115574451,1958,1
1958-01-07,68.51895587940807,1958,1
1958-01-08,68.49650656838814,1958,1
1958-01-09,68.39577249126768,1958,1
1958-01-10,68.28824860267657,1958,1
1958-01-11,68.79219654714649,1958,1
1958-01-12,68.68652514840305,1958,1
1958-01-13,68.7964991249954,1958,1
1958-01-14,69.02298756285228,1958,1
1958-01-15,68.80589935233839,1958,1
1958-01-16,68.63523087407714,1958,1
1958-01-17,68.47941484283047,1958,1
1958-01-18,68.0176359637835,1958,1
1958-01-19,67.86684157233725,1958,1
1958-01-20,67.9295175087986,1958,1
1958-01-21,67.97993897684316,1958,1
1958-01-22,68.18815704569467,1958,1
1958-01-23,68.10244530711876,1958,1
1958-01-24,68.20918947202148,1958,1
1958-01-25,68.56647015901179,1958,1
1958-01-26,68.87296729950889,1958,1
1958-01-27,69.08235306378405,1958,1
1958-01-28,69.20319591174639,1958,1
1958-01-29,68.87080115007745,1958,1
1958-01-30,68.74214153006757,1958,1
1958-01-31,68.43029127672878,1958,1
1958-02-01,68.24180729238286,1958,2
1958-02-02,68.42661232545477,1958,2
1958-02-03,68.52088423642503,1958,2
1958-02-04,68.64052504573655,1958,2
1958-02-05,69.03505216305823,1958,2
1958-02-06,69.0153524019456,1958,2
1958-02-07,68.91640602711132,1958,2
1958-02-08,68.8571780006041,1958,2
1958-02-09,68.6887541979388,1958,2
1958-02-10,68.53507893714423,1958,2
1958-02-11,68.5882690099981,1958,2
1958-02-12,68.71030518516864,1958,2
1958-02-13,69.00976835091092,1958,2
1958-02-14,68.88046912409314,1958,2
1958-02-15,68.7666971003727,1958,2
1958-02-16,68.46535546370677,1958,2
1958-02-17,68.65007962069046,1958,2
1958-02-18,69.0317375198361,1958,2
1958-02-19,69.5130113803573,1958,2
1958-02-20,69.4646666373446,1958,2
1958-02-21,69.20023185172658,1958,2
1958-02-22,69.30636371023938,1958,2
1958-02-23,69.30179985978215,1958,2
1958-02-24,69.39581254781874,1958,2
1958-02-25,69.46807885711247,1958,2
1958-02-26,69.86472595615001,1958,2
1958-02-27,69.99975480978006,1958,2
1958-02-28,69.78964731313728,1958,2
1958-03-01,69.68300741126785,1958,3
1958-03-02,69.77026527935418,1958,3
1958-03-03,69.87524574764514,1958,3
1958-03-04,69.53716354208042,1958,3
1958-03-05,69.47581253174428,1958,3
1958-03-06,69.51135486357934,1958,3
1958-03-07,69.7189225548484,1958,3
1958-03-08,69.88527552556694,1958,3
1958-03-09,70.00734581757615,1958,3
1958-03-10,70.42902266384144,1958,3
1958-03-11,70.46522846752008,1958,3
1958-03-12,70.56142705655847,1958,3
1958-03-13,70.46341002321554,1958,3
1958-03-14,70.52780378992068,1958,3
1958-03-15,70.51582043729121,1958,3
1958-03-16,70.41732603843863,1958,3
1958-03-17,70.41940127878082,1958,3
1958-03-18,70.48306564878133,1958,3
1958-03-19,70.59157502475537,1958,3
1958-03-20,70.8635013132473,1958,3
1958-03-21,71.06683853510444,1958,3
1958-03-22,71.1596369092256,1958,3
1958-03-23,71.27628439668217,1958,3
1958-03-24,70.98249646233594,1958,3
1958-03-25,71.15202801697512,1958,3
1958-03-26,71.34164781091182,1958,3
1958-03-27,71.67611769248242,1958,3
1958-03-28,71.80844939705005,1958,3
1958-03-29,71.64013541508515,1958,3
1958-03-30,71.483564663106,1958,3
1958-03-31,71.4500864217447,1958,3
1958-04-01,71.47798981393645,1958,4
1958-04-02,71.87462129386611,1958,4
1958-04-03,71.5891353741523,1958,4
1958-04-04,71.51119024031205,1958,4
1958-04-05,71.52563518597469,1958,4
1958-04-06,71.72464580895455,1958,4
1958-04-07,72.0073397960233,1958,4
1958-04-08,72.1386780111163,1958,4
1958-04-09,72.09245483288262,1958,4
1958-04-10,72.16585342030479,1958,4
1958-04-11,71.96593079014197,1958,4
1958-04-12,71.79856861647868,1958,4
1958-04-13,71.82845177183495,1958,4
1958-04-14,72.14088016470082,1958,4
1958-04-15,72.2225833698968,1958,4
1958-04-16,72.46422469190462,1958,4
1958-04-17,72.628259130071,1958,4
1958-04-18,72.411336474583,1958,4
1958-04-19,72.32729139027359,1958,4
1958-04-20,72.20639393596434,1958,4
1958-04-21,72.08014780426433,1958,4
1958-04-22,72.22514298235149,1958,4
1958-04-23,72.69650207762442,1958,4
1958-04-24,73.12111660126956,1958,4
1958-04-25,73.22886330203265,1958,4
1958-04-26,73.49006106589194,1958,4
1958-04-27,73.21600422852785,1958,4
1958-04-28,72.91379567733368,1958,4
1958-04-29,72.62894613603935,1958,4
1958-04-30,72.52938573667431,1958,4
1958-05-01,72.74639657225174,1958,5
1958-05-02,72.8055313981186,1958,5
1958-05-03,72.81837518397293,1958,5
1958-05-04,72.73626486287215,1958,5
1958-05-05,72.7444390603535,1958,5
1958-05-06,72.68560660535604,1958,5
1958-05-07,72.67179495168124,1958,5
1958-05-08,72.77784074130756,1958,5
1958-05-09,72.75529448953334,1958,5
1958-05-10,73.14025564786985,1958,5
1958-05-11,73.13027615586651,1958,5
1958-05-12,72.67217268852822,1958,5
1958-05-13,72.6774801274009,1958,5
1958-05-14,73.0740551919422,1958,5
1958-05-15,72.99895329908003,1958,5
1958-05-16,72.79866194556769,1958,5
1958-05-17,72.75952718251241,1958,5
1958-05-18,72.6305564635282,1958,5
1958-05-19,72.83550402583037,1958,5
1958-05-20,72.97650761932204,1958,5
1958-05-21,73.20507983608663,1958,5
1958-05-22,73.42576387683576,1958,5
1958-05-23,73.54719783669853,1958,5
1958-05-24,73.5229161681224,1958,5
1958-05-25,73.42294256251614,1958,5
1958-05-26,73.36274173806925,1958,5
1958-05-27,73.16483525457868,1958,5
1958-05-28,72.955469056764,1958,5
1958-05-29,73.10866743440717,1958,5
1958-05-30,73.06793435046366,1958,5
1958-05-31,73.18433540337755,1958,5
1958-06-01,73.26355318354862,1958,6
1958-06-02,73.21528399324825,1958,6
1958-06-03,73.29937875894345,1958,6
1958-06-04,73.4142119490636,1958,6
1958-06-05,73.61816126981583,1958,6
1958-06-06,73.61392268564875,1958,6
1958-06-07,73.46111912950552,1958,6
1958-06-08,73.46226862566488,1958,6
1958-06-09,73.54780075483092,1958,6
1958-06-10,73.59598563966759,1958,6
1958-06-11,73.64400405307961,1958,6
1958-06-12,73.65850205053893,1958,6
1958-06-13,73.46317131527988,1958,6
1958-06-14,73.6550618295329,1958,6
1958-06-15,73.9217406260845,1958,6
1958-06-16,73.94440635774613,1958,6
1958-06-17,73.79609021669374,1958,6
1958-06-18,73.73945519115168,1958,6
1958-06-19,73.78646331548407,1958,6
1958-06-20,73.5223914311005,1958,6
1958-06-21,73.15108959136693,1958,6
1958-06-22,73.00500816094949,1958,6
1958-06-23,73.20589387569198,1958,6
1958-06-24,73.13467928004057,1958,6
1958-06-25,73.20148349367847,1958,6
1958-06-26,73.23221187842671,1958,6
1958-06-27,73.21262057697342,1958,6
1958-06-28,72.96879924400372,1958,6
1958-06-29,72.96354592209933,1958,6
1958-06-30,72.92987822354475,1958,6
1958-07-01,72.98661318731307,1958,7
1958-07-02,73.04206954634928,1958,7
1958-07-03,73.13361168064115,1958,7
1958-07-04,72.9351800851596,1958,7
1958-07-05,72.89197512988733,1958,7
1958-07-06,73.26602353500992,1958,7
1958-07-07,73.19883437622026,1958,7
1958-07-08,72.85333617099145,1958,7
1958-07-09,72.71034641109988,1958,7
1958-07-10,72.669662795942,1958,7
1958-07-11,72.75547862662506,1958,7
1958-07-12,72.77457808725934,1958,7
1958-07-13,72.95038905973813,1958,7
1958-07-14,72.89828006744847,1958,7
1958-07-15,72.67721543090701,1958,7
1958-07-16,72.75187130454394,1958,7
1958-07-17,72.71267094671211,1958,7
1958-07-18,72.75485102767908,1958,7
1958-07-19,72.78351298281497,1958,7
1958-07-20,72.73828345425886,1958,7
1958-07-21,72.81537245111525,1958,7
1958-07-22,72.79422630321378,1958,7
1958-07-23,72.83021346523195,1958,7
1958-07-24,72.7365011372471,1958,7
1958-07-25,72.72799607225535,1958,7
1958-07-26,72.68448137671655,1958,7
1958-07-27,72.63900760994699,1958,7
1958-07-28,72.70601151738853,1958,7
1958-07-29,72.74774008694325,1958,7
1958-07-30,72.74624159240155,1958,7
1958-07-31,72.78335737121417,1958,7
1958-08-01,72.83324020563245,1958,8
1958-08-02,72.7680833381693,1958,8
1958-08-03,72.69620412370813,1958,8
1958-08-04,72.568394869768,1958,8
1958-08-05,72.63201859629879,1958,8
1958-08-06,72.53242267364685,1958,8
1958-08-07,72.57121307657137,1958,8
1958-08-08,72.6146335457179,1958,8
1958-08-09,72.83905655591789,1958,8
1958-08-10,72.77474425735768,1958,8
1958-08-11,72.69541283417438,1958,8
1958-08-12,72.68682985827502,1958,8
1958-08-13,72.71328386504679,1958,8
1958-08-14,72.65513851658673,1958,8
1958-08-15,72.73010136283577,1958,8
1958-08-16,72.74778218715902,1958,8
1958-08-17,72.65073654452176,1958,8
1958-08-18,72.62453374826204,1958,8
1958-08-19,72.6707735155994,1958,8
1958-08-20,72.71629421549889,1958,8
1958-08-21,72.73344655443155,1958,8
1958-08-22,72.59931563466833,1958,8
1958-08-23,72.67139992126013,1958,8
1958-08-24,72.72330950364324,1958,8
1958-08-25,72.68983583897378,1958,8
1958-08-26,72.61642511608328,1958,8
1958-08-27,72.56864984967238,1958,8
1958-08-28,72.69392232998307,1958,8
1958-08-29,72.64311848867335,1958,8
1958-08-30,72.632099964919,1958,8
1958-08-31,72.67723463118598,1958,8
1958-09-01,72.65700482608979,1958,9
1958-09-02,72.57641646558808,1958,9
1958-09-03,72.64004632698727,1958,9
1958-09-04,72.60325184606542,1958,9
1958-09-05,72.7245502938623,1958,9
1958-09-06,72.61510713849002,1958,9
1958-09-07,72.55541118729761,1958,9
1958-09-08,72.53423365426607,1958,9
1958-09-09,72.58633476749296,1958,9
1958-09-10,72.5692600934345,1958,9
1958-09-11,72.49463182498283,1958,9
1958-09-12,72.52446669306718,1958,9
1958-09-13,72.52599629225308,1958,9
1958-09-14,72.50858630628245,1958,9
1958-09-15,72.3675648011009,1958,9
1958-09-16,72.42345545201991,1958,9
1958-09-17,72.33744532743495,1958,9
1958-09-18,72.30495145392975,1958,9
1958-09-19,72.24999703129897,1958,9
1958-09-20,72.31121354596087,1958,9
1958-09-21,72.35297024719152,1958,9
1958-09-22,72.1881759510378,1958,9
1958-09-23,72.33650477006913,1958,9
1958-09-24,72.343229312024,1958,9
1958-09-25,72.33071366091406,1958,9
1958-09-26,72.17803470966213,1958,9
1958-09-27,72.14656756749945,1958,9
1958-09-28,72.17678872115523,1958,9
1958-09-29,72.15275006995326,1958,9
1958-09-30,72.49463012035038,1958,9
1958-10-01,72.49410438103487,1958,10
1958-10-02,72.48943553589869,1958,10
1958-10-03,72.0194096661668,1958,10
1958-10-04,72.03326646047755,1958,10
1958-10-05,72.0121056181513,1958,10
1958-10-06,71.88912082431361,1958,10
1958-10-07,72.00823469173632,1958,10
1958-10-08,72.16831789871398,1958,10
1958-10-09,72.1820107859345,1958,10
1958-10-10,72.08611892208583,1958,10
1958-10-11,71.91665982404717,1958,10
1958-10-12,71.80629530697446,1958,10
1958-10-13,71.77279092185226,1958,10
1958-10-14,71.68872133062933,1958,10
1958-10-15,71.59976476029388,1958,10
1958-10-16,71.57516765423709,1958,10
1958-10-17,71.56012176215484,1958,10
1958-10-18,71.42883470435989,1958,10
1958-10-19,71.39283809251427,1958,10
1958-10-20,71.38678575321876,1958,10
1958-10-21,71.36646307468652,1958,10
1958-10-22,71.39311842233195,1958,10
1958-10-23,71.32816744026755,1958,10
1958-10-24,71.2410660707426,1958,10
1958-10-25,71.07126786466546,1958,10
1958-10-26,70.84171478972053,1958,10
1958-10-27,70.59532951667745,1958,10
1958-10-28,70.51488916277468,1958,10
1958-10-29,70.5113152764188,1958,10
1958-10-30,70.57104673238588,1958,10
1958-10-31,70.53631565187415,1958,10
1958-11-01,70.54678273660475,1958,11
1958-11-02,70.59119779616826,1958,11
1958-11-03,70.65224433707473,1958,11
1958-11-04,70.55621887024765,1958,11
1958-11-05,70.37436932690768,1958,11
1958-11-06,70.17404927289046,1958,11
1958-11-07,69.96990838319888,1958,11
1958-11-08,69.867621393579,1958,11
1958-11-09,69.83853313035368,1958,11
1958-11-10,69.82217746387394,1958,11
1958-11-11,69.86669708983716,1958,11
1958-11-12,69.9221738949625,1958,11
1958-11-13,69.92169489039952,1958,11
1958-11-14,69.81904161166152,1958,11
1958-11-15,69.72400998870884,1958,11
1958-11-16,69.6408873615018,1958,11
1958-11-17,69.39752343796162,1958,11
1958-11-18,69.31832996120326,1958,11
1958-11-19,69.44165109587252,1958,11
1958-11-20,69.48498223391456,1958,11
1958-11-21,69.43903821681653,1958,11
1958-11-22,69.54614364283255,1958,11
1958-11-23,69.69649464064821,1958,11
1958-11-24,69.82954865878553,1958,11
1958-11-25,70.03340111398123,1958,11
1958-11-26,70.07066059966783,1958,11
1958-11-27,70.08560654721799,1958,11
1958-11-28,70.16428692176078,1958,11
1958-11-29,70.06539556008033,1958,11
1958-11-30,69.82874756917985,1958,11
1958-12-01,69.59609612950099,1958,12
1958-12-02,69.38704707576017,1958,12
1958-12-03,69.2285030921887,1958,12
1958-12-04,69.27286757782545,1958,12
1958-12-05,69.10508700701719,1958,12
1958-12-06,68.87682712479466,1958,12
1958-12-07,68.9972719147228,1958,12
1958-12-08,69.03506196531588,1958,12
1958-12-09,69.12417448104908,1958,12
1958-12-10,69.04558402831908,1958,12
1958-12-11,68.87627425165628,1958,12
1958-12-12,68.97569540239986,1958,12
1958-12-13,69.2731641527395,1958,12
1958-12-14,69.29870478535962,1958,12
1958-12-15,69.18078624269316,1958,12
1958-12-16,68.95926654874498,1958,12
1958-12-17,68.82681873143402,1958,12
1958-12-18,68.82488605457088,1958,12
1958-12-19,68.77442214184097,1958,12
1958-12-20,68.87014030656854,1958,12
1958-12-21,69.09187319308323,1958,12
1958-12-22,68.98382485367067,1958,12
1958-12-23,68.73303139003858,1958,12
1958-12-24,68.41197939013485,1958,12
1958-12-25,68.23547947256428,1958,12
1958-12-26,68.32221285018502,1958,12
1958-12-27,68.50988909378093,1958,12
1958-12-28,68.37233796148044,1958,12
1958-12-29,68.278807841505,1958,12
1958-12-30,68.2790480844859,1958,12
1958-12-31,68.2080942830798,1958,12
1959-01-01,67.95299944997033,1959,1
1959-01-02,67.97900576194694,1959,1
1959-01-03,67.85595693738637,1959,1
1959-01-04,68.3255595511262,1959,1
1959-01-05,68.3451123027601,1959,1
1959-01-06,68.41573813397434,1959,1
1959-01-07,68.29774198234715,1959,1
1959-01-08,68.09960355067678,1959,1
1959-01-09,68.05371576172334,1959,1
1959-01-10,68.13172207543685,1959,1
1959-01-11,68.15983491531219,1959,1
1959-01-12,68.18197498087129,1959,1
1959-01-13,68.25696280602969,1959,1
1959-01-14,68.2276443095168,1959,1
1959-01-15,68.21291822531786,1959,1
1959-01-16,68.72962402531917,1959,1
1959-01-17,68.70026616091982,1959,1
1959-01-18,69.06048194973752,1959,1
1959-01-19,69.33177787749774,1959,1
1959-01-20,69.0902451143924,1959,1
1959-01-21,68.87724764547326,1959,1
1959-01-22,68.51537683309387,1959,1
1959-01-23,68.32757049379967,1959,1
1959-01-24,68.38347485078683,1959,1
1959-01-25,68.77559966670003,1959,1
1959-01-26,69.00634008913337,1959,1
1959-01-27,68.73401821134546,1959,1
1959-01-28,69.1309621097493,1959,1
1959-01-29,68.90963876979043,1959,1
1959-01-30,68.65136463447449,1959,1
1959-01-31,68.20849822668895,1959,1
1959-02-01,67.96367072827252,1959,2
1959-02-02,68.02201272595907,1959,2
1959-02-03,68.51042911927905,1959,2
1959-02-04,69.16554670638284,1959,2
1959-02-05,68.86933111293324,1959,2
1959-02-06,68.54061705729647,1959,2
1959-02-07,68.25291992044062,1959,2
1959-02-08,68.34880009263823,1959,2
1959-02-09,68.51355140067805,1959,2
1959-02-10,68.80890519960204,1959,2
1959-02-11,69.23962513607347,1959,2
1959-02-12,69.49430601223189,1959,2
1959-02-13,69.27389427835791,1959,2
1959-02-14,69.17698543885005,1959,2
1959-02-15,69.169890532925,1959,2
1959-02-16,69.23508035477555,1959,2
1959-02-17,68.80487541082888,1959,2
1959-02-18,68.78548443535476,1959,2
1959-02-19,69.29682534938239,1959,2
1959-02-20,69.24058502747118,1959,2
1959-02-21,69.02109639128352,1959,2
1959-02-22,69.09919813773067,1959,2
1959-02-23,69.41475259677533,1959,2
1959-02-24,69.40380519983778,1959,2
1959-02-25,69.33863607392782,1959,2
1959-02-26,69.18104376976709,1959,2
1959-02-27,69.36069043300098,1959,2
1959-02-28,69.65677926273518,1959,2
1959-03-01,69.76355487466188,1959,3
1959-03-02,69.93947677343458,1959,3
1959-03-03,69.8745572111699,1959,3
1959-03-04,69.6083808561394,1959,3
1959-03-05,69.47050530913152,1959,3
1959-03-06,69.43956207310595,1959,3
1959-03-07,69.23745055409043,1959,3
1959-03-08,69.38741641567492,1959,3
1959-03-09,69.57040013990562,1959,3
1959-03-10,69.87054873668046,1959,3
1959-03-11,69.7190356212519,1959,3
1959-03-12,69.78219649293251,1959,3
1959-03-13,69.63387667476003,1959,3
1959-03-14,69.59910847518898,1959,3
1959-03-15,69.65343438171828,1959,3
1959-03-16,69.75173326159607,1959,3
1959-03-17,69.91682273927475,1959,3
1959-03-18,70.01551726304834,1959,3
1959-03-19,70.14989118506513,1959,3
1959-03-20,70.27869317916533,1959,3
1959-03-21,70.3483006852213,1959,3
1959-03-22,70.58352783459353,1959,3
1959-03-23,70.89549301670628,1959,3
1959-03-24,71.11152727951803,1959,3
1959-03-25,71.29882414465884,1959,3
1959-03-26,71.23804801375499,1959,3
1959-03-27,70.91873087791379,1959,3
1959-03-28,71.01521195054043,1959,3
1959-03-29,71.20343869322052,1959,3
1959-03-30,71.31544504675388,1959,3
1959-03-31,70.97736407731897,1959,3
1959-04-01,70.7579583189548,1959,4
1959-04-02,70.72108173870296,1959,4
1959-04-03,70.97338940974055,1959,4
1959-04-04,71.12806494373228,1959,4
1959-04-05,71.3007876997678,1959,4
1959-04-06,71.10292765614103,1959,4
1959-04-07,71.11912563371834,1959,4
1959-04-08,71.30051365339601,1959,4
1959-04-09,71.41300963599578,1959,4
1959-04-10,71.83046867405692,1959,4
1959-04-11,71.93963951342485,1959,4
1959-04-12,71.81257389910697,1959,4
1959-04-13,71.82983781687898,1959,4
1959-04-14,71.92832932782183,1959,4
1959-04-15,72.06920698649532,1959,4
1959-04-16,72.18390163389007,1959,4
1959-04-17,72.16505554897283,1959,4
1959-04-18,71.64698962490586,1959,4
1959-04-19,71.60564051293399,1959,4
1959-04-20,71.61039787808356,1959,4
1959-04-21,71.88629525916285,1959,4
1959-04-22,71.99379531978698,1959,4
1959-04-23,71.94427784768916,1959,4
1959-04-24,71.95248842356139,1959,4
1959-04-25,72.16870490113386,1959,4
1959-04-26,72.28404653390841,1959,4
1959-04-27,72.50248576451565,1959,4
1959-04-28,72.50820329754377,1959,4
1959-04-29,72.74844732693398,1959,4
1959-04-30,72.66710996946334,1959,4
1959-05-01,72.65343997815067,1959,5
1959-05-02,72.53393086306548,1959,5
1959-05-03,72.53678174770299,1959,5
1959-05-04,72.73351460197587,1959,5
1959-05-05,72.74412557285793,1959,5
1959-05-06,72.68983613597818,1959,5
1959-05-07,72.5473951224623,1959,5
1959-05-08,72.41268355336545,1959,5
1959-05-09,72.44665599214909,1959,5
1959-05-10,72.51435156458125,1959,5
1959-05-11,72.59733940807196,1959,5
1959-05-12,72.79236537648859,1959,5
1959-05-13,72.92574124610435,1959,5
1959-05-14,73.02164878810063,1959,5
1959-05-15,72.93946555454191,1959,5
1959-05-16,72.76987839030895,1959,5
1959-05-17,72.82555946967376,1959,5
1959-05-18,72.85663149798388,1959,5
1959-05-19,72.71308138825415,1959,5
1959-05-20,72.44186824076193,1959,5
1959-05-21,72.49160420007327,1959,5
1959-05-22,72.77864931811956,1959,5
1959-05-23,72.97948275724174,1959,5
1959-05-24,73.05738733422736,1959,5
1959-05-25,72.99379024375438,1959,5
1959-05-26,73.03729539129024,1959,5
1959-05-27,72.94063638773864,1959,5
1959-05-28,72.38061418639674,1959,5
1959-05-29,72.22551911119487,1959,5
1959-05-30,72.19524350479011,1959,5
1959-05-31,72.29568916643024,1959,5
1959-06-01,72.52260164810987,1959,6
1959-06-02,72.58075396010948,1959,6
1959-06-03,72.57647367923886,1959,6
1959-06-04,72.85685123097063,1959,6
1959-06-05,72.82380660472919,1959,6
1959-06-06,72.72075131751916,1959,6
1959-06-07,72.81504557112247,1959,6
1959-06-08,72.97261891519625,1959,6
1959-06-09,72.96838230194,1959,6
1959-06-10,73.03871422586329,1959,6
1959-06-11,72.87721240461384,1959,6
1959-06-12,72.89858416746738,1959,6
1959-06-13,73.06063567537045,1959,6
1959-06-14,72.98210843171995,1959,6
1959-06-15,73.00934094532899,1959,6
1959-06-16,72.97573291475068,1959,6
1959-06-17,73.02268833104884,1959,6
1959-06-18,73.01343187770091,1959,6
1959-06-19,73.03860035948776,1959,6
1959-06-20,72.95702793674049,1959,6
1959-06-21,73.13387867147186,1959,6
1959-06-22,73.01158866539446,1959,6
1959-06-23,72.92403526423345,1959,6
1959-06-24,72.79127958745799,1959,6
1959-06-25,72.90725768477965,1959,6
1959-06-26,72.79711223944275,1959,6
1959-06-27,72.63591963913113,1959,6
1959-06-28,72.54285854604431,1959,6
1959-06-29,72.54736431607785,1959,6
1959-06-30,72.50783450019311,1959,6
1959-07-01,72.55234438752706,1959,7
1959-07-02,72.60878558850017,1959,7
1959-07-03,72.74545214691582,1959,7
1959-07-04,72.45534053093601,1959,7
1959-07-05,72.45581209665112,1959,7
1959-07-06,72.32522035403169,1959,7
1959-07-07,72.3877395100391,1959,7
1959-07-08,72.56994919462097,1959,7
1959-07-09,72.54484437387111,1959,7
1959-07-10,72.5007607984488,1959,7
1959-07-11,72.42001124336393,1959,7
1959-07-12,72.47194678230017,1959,7
1959-07-13,72.35916510547096,1959,7
1959-07-14,72.34891539285033,1959,7
1959-07-15,72.52900589311764,1959,7
1959-07-16,72.67535891098161,1959,7
1959-07-17,72.67586806678027,1959,7
1959-07-18,72.47839292755941,1959,7
1959-07-19,72.46777186780477,1959,7
1959-07-20,72.43574445507252,1959,7
1959-07-21,72.43178754063565,1959,7
1959-07-22,72.37928002703907,1959,7
1959-07-23,72.40360332843767,1959,7
1959-07-24,72.44890681435623,1959,7
1959-07-25,72.37837035977488,1959,7
1959-07-26,72.30432695408105,1959,7
1959-07-27,71.99459096912386,1959,7
1959-07-28,72.23729376659624,1959,7
1959-07-29,72.23948109523968,1959,7
1959-07-30,72.27433694195996,1959,7
1959-07-31,72.393832700763,1959,7
1959-08-01,72.35709917192217,1959,8
1959-08-02,72.31880252148672,1959,8
1959-08-03,72.31326881932084,1959,8
1959-08-04,72.38596429756574,1959,8
1959-08-05,72.38960858975062,1959,8
1959-08-06,72.47903070525778,1959,8
1959-08-07,72.48419928444454,1959,8
1959-08-08,72.46333011591155,1959,8
1959-08-09,72.39321570409865,1959,8
1959-08-10,72.39173478103004,1959,8
1959-08-11,72.42391219061354,1959,8
1959-08-12,72.4969084855606,1959,8
1959-08-13,72.41749539599553,1959,8
1959-08-14,72.25494996051455,1959,8
1959-08-15,72.15966013180548,1959,8
1959-08-16,72.2196748263012,1959,8
1959-08-17,72.20702731972348,1959,8
1959-08-18,72.18912225440987,1959,8
1959-08-19,72.0029939469767,1959,8
1959-08-20,72.18914568324686,1959,8
1959-08-21,72.29944384488859,1959,8
1959-08-22,72.33064179264451,1959,8
1959-08-23,72.39157334314737,1959,8
1959-08-24,72.46633183858387,1959,8
1959-08-25,72.37416788438507,1959,8
1959-08-26,72.30776685263115,1959,8
1959-08-27,72.22333108369533,1959,8
1959-08-28,72.4047248714981,1959,8
1959-08-29,72.51226103535134,1959,8
1959-08-30,72.42029388779119,1959,8
1959-08-31,72.36111294221683,1959,8
1959-09-01,72.3898562216914,1959,9
1959-09-02,72.43002688638761,1959,9
1959-09-03,72.42907347457341,1959,9
1959-09-04,72.35563076114956,1959,9
1959-09-05,72.33131853184375,1959,9
1959-09-06,72.19823034226165,1959,9
1959-09-07,72.12425079510227,1959,9
1959-09-08,72.02183992899653,1959,9
1959-09-09,71.9942177212801,1959,9
1959-09-10,71.99321399203761,1959,9
1959-09-11,72.07361542353158,1959,9
1959-09-12,72.23681393703514,1959,9
1959-09-13,72.32804996659407,1959,9
1959-09-14,72.34388624317316,1959,9
1959-09-15,72.25345177719211,1959,9
1959-09-16,72.09511798992403,1959,9
1959-09-17,72.18623184710492,1959,9
1959-09-18,72.19765807466287,1959,9
1959-09-19,72.10782791739636,1959,9
1959-09-20,72.11901389458184,1959,9
1959-09-21,72.050359525035,1959,9
1959-09-22,72.0726974102774,1959,9
1959-09-23,72.2566573008552,1959,9
1959-09-24,72.07615154804843,1959,9
1959-09-25,72.23764530106294,1959,9
1959-09-26,72.12434490923835,1959,9
1959-09-27,72.01434916684364,1959,9
1959-09-28,71.73734227290646,1959,9
1959-09-29,72.09120498770167,1959,9
1959-09-30,72.10438109415607,1959,9
1959-10-01,72.09231841542953,1959,10
1959-10-02,71.73135363938569,1959,10
1959-10-03,71.78308447296878,1959,10
1959-10-04,71.68719751005634,1959,10
1959-10-05,71.68213880887842,1959,10
1959-10-06,71.62595424076926,1959,10
1959-10-07,71.6084750938588,1959,10
1959-10-08,71.75440808637524,1959,10
1959-10-09,71.73388463983645,1959,10
1959-10-10,71.61703729661598,1959,10
1959-10-11,71.49566233971622,1959,10
1959-10-12,71.48358940860888,1959,10
1959-10-13,71.49387011279643,1959,10
1959-10-14,71.43565188623545,1959,10
1959-10-15,71.39439939376463,1959,10
1959-10-16,71.40513983009205,1959,10
1959-10-17,71.34479718813743,1959,10
1959-10-18,71.30571815065147,1959,10
1959-10-19,71.29368879034271,1959,10
1959-10-20,71.17833525345851,1959,10
1959-10-21,71.35801543577728,1959,10
1959-10-22,71.17678608667029,1959,10
1959-10-23,71.1056685910251,1959,10
1959-10-24,70.80730412495964,1959,10
1959-10-25,70.6610542591343,1959,10
1959-10-26,70.52025976349185,1959,10
1959-10-27,70.55236840991051,1959,10
1959-10-28,70.58028791855682,1959,10
1959-10-29,70.58396420408474,1959,10
1959-10-30,70.21836870201676,1959,10
1959-10-31,70.1820352586067,1959,10
1959-11-01,70.28619769418043,1959,11
1959-11-02,70.32321047747502,1959,11
1959-11-03,70.33759099681379,1959,11
1959-11-04,70.21784074010115,1959,11
1959-11-05,70.27728154148315,1959,11
1959-11-06,70.29477657117421,1959,11
1959-11-07,70.08581705909572,1959,11
1959-11-08,70.10343555801734,1959,11
1959-11-09,70.0619029793045,1959,11
1959-11-10,69.79441857856565,1959,11
1959-11-11,69.63582973146102,1959,11
1959-11-12,69.543895930977,1959,11
1959-11-13,69.52309333671205,1959,11
1959-11-14,69.34774731256688,1959,11
1959-11-15,69.28339544054995,1959,11
1959-11-16,69.2208854657884,1959,11
1959-11-17,69.09997460415076,1959,11
1959-11-18,69.05086166594863,1959,11
1959-11-19,68.9821989681858,1959,11
1959-11-20,68.90940386192723,1959,11
1959-11-21,68.68197577465214,1959,11
1959-11-22,68.60162280396113,1959,11
1959-11-23,68.47702770913143,1959,11
1959-11-24,68.52498180563325,1959,11
1959-11-25,68.71794834751958,1959,11
1959-11-26,68.74073212184459,1959,11
1959-11-27,68.6285745438797,1959,11
1959-11-28,68.74399900779683,1959,11
1959-11-29,68.98648766458102,1959,11
1959-11-30,68.9721755444849,1959,11
1959-12-01,68.92754121220636,1959,12
1959-12-02,68.74721924466184,1959,12
1959-12-03,68.83075141264061,1959,12
1959-12-04,68.70715719204442,1959,12
1959-12-05,68.97015423266073,1959,12
1959-12-06,68.83910682123054,1959,12
1959-12-07,68.81401693915933,1959,12
1959-12-08,68.6617755040339,1959,12
1959-12-09,68.60777926405972,1959,12
1959-12-10,68.61312487453033,1959,12
1959-12-11,68.62460882893147,1959,12
1959-12-12,68.83881008998972,1959,12
1959-12-13,68.932236510398,1959,12
1959-12-14,68.78338373025602,1959,12
1959-12-15,68.89569771646536,1959,12
1959-12-16,69.0157491022784,1959,12
1959-12-17,68.33712371763285,1959,12
1959-12-18,68.31885587768137,1959,12
1959-12-19,68.13959467241887,1959,12
1959-12-20,68.13072074074756,1959,12
1959-12-21,68.00680324295372,1959,12
1959-12-22,67.82485991393735,1959,12
1959-12-23,67.44482995701965,1959,12
1959-12-24,67.30559691252475,1959,12
1959-12-25,67.17152727740145,1959,12
1959-12-26,67.57712837360985,1959,12
1959-12-27,67.5220686417464,1959,12
1959-12-28,67.63709191139768,1959,12
1959-12-29,67.79822590706124,1959,12
1959-12-30,67.67728441308626,1959,12
1959-12-31,68.10357014999252,1959,12
1960-01-01,68.46930149260898,1960,1
1960-01-02,68.6787819035497,1960,1
1960-01-03,68.83912492763623,1960,1
1960-01-04,68.81366442675969,1960,1
1960-01-05,68.453472367598,1960,1
1960-01-06,68.43945682440688,1960,1
1960-01-07,68.43598868913726,1960,1
1960-01-08,68.45056653691807,1960,1
1960-01-09,68.21574455749514,1960,1
1960-01-10,68.07416137879355,1960,1
1960-01-11,68.08838669893065,1960,1
1960-01-12,68.15863337338195,1960,1
1960-01-13,68.30851332053071,1960,1
1960-01-14,68.18806536108585,1960,1
1960-01-15,68.22838179183942,1960,1
1960-01-16,68.21076116136932,1960,1
1960-01-17,68.02698615451973,1960,1
1960-01-18,67.64860174199676,1960,1
1960-01-19,67.54501426614107,1960,1
1960-01-20,67.77524818307086,1960,1
1960-01-21,67.97626418730603,1960,1
1960-01-22,67.69543105288292,1960,1
1960-01-23,67.67062908785658,1960,1
1960-01-24,67.45625760362748,1960,1
1960-01-25,67.49818430265174,1960,1
1960-01-26,67.62644935705966,1960,1
1960-01-27,67.60174183416045,1960,1
1960-01-28,67.633189836918,1960,1
1960-01-29,67.95758284595782,1960,1
1960-01-30,68.27516602980924,1960,1
1960-01-31,68.4842460916304,1960,1
1960-02-01,68.84647063334452,1960,2
1960-02-02,68.59670516770825,1960,2
1960-02-03,68.3512659075341,1960,2
1960-02-04,68.09280965059425,1960,2
1960-02-05,68.23415094911496,1960,2
1960-02-06,68.43751106195313,1960,2
1960-02-07,68.49599606299972,1960,2
1960-02-08,68.5243088228485,1960,2
1960-02-09,68.73739409217097,1960,2
1960-02-10,68.98901995349686,1960,2
1960-02-11,69.12209935935037,1960,2
1960-02-12,69.24985439266386,1960,2
1960-02-13,69.20101757389362,1960,2
1960-02-14,69.3659101700942,1960,2
1960-02-15,69.40319298558452,1960,2
1960-02-16,69.49908509753828,1960,2
1960-02-17,69.42339536670778,1960,2
1960-02-18,69.4112950796147,1960,2
1960-02-19,69.2973490398743,1960,2
1960-02-20,69.24834976978394,1960,2
1960-02-21,69.29271840445438,1960,2
1960-02-22,69.38515648063601,1960,2
1960-02-23,69.49914816478969,1960,2
1960-02-24,69.40372079838654,1960,2
1960-02-25,69.36774412319888,1960,2
1960-02-26,69.40376576167236,1960,2
1960-02-27,69.63592946280484,1960,2
1960-02-28,69.83628463518238,1960,2
1960-02-29,69.86944321571625,1960,2
1960-03-01,69.8693355145764,1960,3
1960-03-02,69.8180224843021,1960,3
1960-03-03,69.8751421159999,1960,3
1960-03-04,70.3301464286659,1960,3
1960-03-05,70.45093412377935,1960,3
1960-03-06,70.22167727721023,1960,3
1960-03-07,70.10016435207933,1960,3
1960-03-08,70.0100409948118,1960,3
1960-03-09,70.05551586023236,1960,3
1960-03-10,70.29311903945322,1960,3
1960-03-11,70.17329206929111,1960,3
1960-03-12,70.00544159114519,1960,3
1960-03-13,70.16817515382593,1960,3
1960-03-14,70.25548276844042,1960,3
1960-03-15,70.36005091131435,1960,3
1960-03-16,70.68339016947483,1960,3
1960-03-17,70.58000295666056,1960,3
1960-03-18,70.50816893108471,1960,3
1960-03-19,70.4212321014165,1960,3
1960-03-20,70.39339088774463,1960,3
1960-03-21,70.17140299622649,1960,3
1960-03-22,69.67735934755414,1960,3
1960-03-23,69.19596416755103,1960,3
1960-03-24,69.31124668383835,1960,3
1960-03-25,69.60207776551103,1960,3
1960-03-26,70.10725278673048,1960,3
1960-03-27,70.72760822056881,1960,3
1960-03-28,70.75608993703783,1960,3
1960-03-29,70.778089545993,1960,3
1960-03-30,70.99300531276451,1960,3
1960-03-31,71.11905698163784,1960,3
1960-04-01,71.11829020379857,1960,4
1960-04-02,71.0298893208997,1960,4
1960-04-03,70.99756582220026,1960,4
1960-04-04,71.11129841052633,1960,4
1960-04-05,71.34386082861946,1960,4
1960-04-06,70.86096548937378,1960,4
1960-04-07,70.89687207408609,1960,4
1960-04-08,71.2091706653478,1960,4
1960-04-09,71.51834231564138,1960,4
1960-04-10,71.22864708798126,1960,4
1960-04-11,71.0497829641344,1960,4
1960-04-12,71.31559429049736,1960,4
1960-04-13,71.59295746809752,1960,4
1960-04-14,71.82326975311874,1960,4
1960-04-15,72.03456384063946,1960,4
1960-04-16,72.33007118013924,1960,4
1960-04-17,72.46946851814,1960,4
1960-04-18,72.40828734015754,1960,4
1960-04-19,72.00802092394277,1960,4
1960-04-20,71.89609754621581,1960,4
1960-04-21,71.89708330052193,1960,4
1960-04-22,72.08526657177788,1960,4
1960-04-23,72.22212357781108,1960,4
1960-04-24,72.12044464983211,1960,4
1960-04-25,72.11231170874971,1960,4
1960-04-26,71.9820336400518,1960,4
1960-04-27,72.09440272821735,1960,4
1960-04-28,72.01112865004679,1960,4
1960-04-29,72.1391002546812,1960,4
1960-04-30,72.3041755802229,1960,4
1960-05-01,72.34562375487855,1960,5
1960-05-02,72.70006886803986,1960,5
1960-05-03,72.75013082300478,1960,5
1960-05-04,72.84984477623749,1960,5
1960-05-05,72.58894706558803,1960,5
1960-05-06,72.30892421630243,1960,5
1960-05-07,72.25957643795152,1960,5
1960-05-08,72.09364394112472,1960,5
1960-05-09,72.00422836851938,1960,5
1960-05-10,72.24551587598,1960,5
1960-05-11,72.42691576654184,1960,5
1960-05-12,72.69310207974935,1960,5
1960-05-13,72.96036892487618,1960,5
1960-05-14,73.02128967463558,1960,5
1960-05-15,73.05263500479549,1960,5
1960-05-16,72.64270631729923,1960,5
1960-05-17,72.6690461077392,1960,5
1960-05-18,72.65345231365171,1960,5
1960-05-19,72.86444022618873,1960,5
1960-05-20,73.03456245343504,1960,5
1960-05-21,73.08826374783446,1960,5
1960-05-22,73.2197084034775,1960,5
1960-05-23,73.3951885634217,1960,5
1960-05-24,73.31425070230893,1960,5
1960-05-25,73.23214664488825,1960,5
1960-05-26,73.06193502256797,1960,5
1960-05-27,73.18841293549968,1960,5
1960-05-28,73.17797316992124,1960,5
1960-05-29,73.01006498633217,1960,5
1960-05-30,72.8359888767246,1960,5
1960-05-31,73.03921170867349,1960,5
1960-06-01,73.27394551071484,1960,6
1960-06-02,73.26860069166887,1960,6
1960-06-03,73.36425039461652,1960,6
1960-06-04,73.34400953585019,1960,6
1960-06-05,73.18464270580093,1960,6
1960-06-06,73.23003795026499,1960,6
1960-06-07,73.42282740855678,1960,6
1960-06-08,73.35423942734568,1960,6
1960-06-09,73.70610093068464,1960,6
1960-06-10,73.73272699188304,1960,6
1960-06-11,73.58147621308632,1960,6
1960-06-12,73.49411579726718,1960,6
1960-06-13,73.57625578849047,1960,6
1960-06-14,73.34430744822046,1960,6
1960-06-15,72.90044142074032,1960,6
1960-06-16,72.56955775037055,1960,6
1960-06-17,72.58061388447011,1960,6
1960-06-18,72.71747568690418,1960,6
1960-06-19,72.97281978141794,1960,6
1960-06-20,73.00568476682011,1960,6
1960-06-21,73.08687331906981,1960,6
1960-06-22,72.85785911484096,1960,6
1960-06-23,72.78797477524505,1960,6
1960-06-24,73.01398531929253,1960,6
1960-06-25,72.99457914403305,1960,6
1960-06-26,72.9673439379675,1960,6
1960-06-27,72.72761438969957,1960,6
1960-06-28,72.7209776381541,1960,6
1960-06-29,72.83706380224304,1960,6
1960-06-30,72.96817870807881,1960,6
1960-07-01,73.00396955699804,1960,7
1960-07-02,73.04534988669272,1960,7
1960-07-03,73.00259148775851,1960,7
1960-07-04,72.7823962349528,1960,7
1960-07-05,72.82618256449706,1960,7
1960-07-06,72.78016350312654,1960,7
1960-07-07,72.70172735545805,1960,7
1960-07-08,72.49847028955014,1960,7
1960-07-09,72.5138615462884,1960,7
1960-07-10,72.52680052354737,1960,7
1960-07-11,72.57066263733537,1960,7
1960-07-12,72.57629990895673,1960,7
1960-07-13,72.61428467943871,1960,7
1960-07-14,72.66721747674504,1960,7
1960-07-15,72.66791627587743,1960,7
1960-07-16,72.74003383425134,1960,7
1960-07-17,72.76815361134535,1960,7
1960-07-18,72.74518785373006,1960,7
1960-07-19,72.6405494799341,1960,7
1960-07-20,72.72772719820789,1960,7
1960-07-21,72.84438897972245,1960,7
1960-07-22,72.96985050337007,1960,7
1960-07-23,72.9380750681052,1960,7
1960-07-24,72.94031761440276,1960,7
1960-07-25,72.84989154404181,1960,7
1960-07-26,72.66025943716029,1960,7
1960-07-27,72.75700232483972,1960,7
1960-07-28,72.77014571139448,1960,7
1960-07-29,72.94469422275377,1960,7
1960-07-30,72.91325358771748,1960,7
1960-07-31,72.86057293795952,1960,7
1960-08-01,72.73577913422386,1960,8
1960-08-02,72.71540751093991,1960,8
1960-08-03,72.79371640244085,1960,8
1960-08-04,72.8248008598012,1960,8
1960-08-05,72.71114401784925,1960,8
1960-08-06,72.70698813390545,1960,8
1960-08-07,72.72847022692524,1960,8
1960-08-08,72.71284391032198,1960,8
1960-08-09,72.65784304838606,1960,8
1960-08-10,72.56628218503178,1960,8
1960-08-11,72.69257644182034,1960,8
1960-08-12,72.67329991297126,1960,8
1960-08-13,72.67807848149532,1960,8
1960-08-14,72.70843633679866,1960,8
1960-08-15,72.68405943363683,1960,8
1960-08-16,72.6161798391607,1960,8
1960-08-17,72.6141982346057,1960,8
1960-08-18,72.61364481374494,1960,8
1960-08-19,72.70777940383415,1960,8
1960-08-20,72.76335243170983,1960,8
1960-08-21,72.62947001617016,1960,8
1960-08-22,72.6102079935263,1960,8
1960-08-23,72.55092028174418,1960,8
1960-08-24,72.50491181333481,1960,8
1960-08-25,72.54580356979523,1960,8
1960-08-26,72.48725790318584,1960,8
1960-08-27,72.51386020175246,1960,8
1960-08-28,72.53164034890798,1960,8
1960-08-29,72.52274956350814,1960,8
1960-08-30,72.48174549918025,1960,8
1960-08-31,72.46160029541029,1960,8
1960-09-01,72.46870285876783,1960,9
1960-09-02,72.44545552250322,1960,9
1960-09-03,72.45245783354585,1960,9
1960-09-04,72.42615518736203,1960,9
1960-09-05,72.3731358635383,1960,9
1960-09-06,72.45996707713341,1960,9
1960-09-07,72.52320507671868,1960,9
1960-09-08,72.49819185858617,1960,9
1960-09-09,72.4843592043582,1960,9
1960-09-10,72.44159155229192,1960,9
1960-09-11,72.39822637548437,1960,9
1960-09-12,72.38877137181449,1960,9
1960-09-13,72.4182333728014,1960,9
1960-09-14,72.36306842809581,1960,9
1960-09-15,72.33868710091785,1960,9
1960-09-16,72.12964740183877,1960,9
1960-09-17,72.09086168736758,1960,9
1960-09-18,72.12011145251165,1960,9
1960-09-19,72.28469089305239,1960,9
1960-09-20,72.51546850943562,1960,9
1960-09-21,72.44349014289895,1960,9
1960-09-22,72.72007613014063,1960,9
1960-09-23,72.61988739422632,1960,9
1960-09-24,72.63549322079126,1960,9
1960-09-25,72.53713595636928,1960,9
1960-09-26,72.39262653724046,1960,9
1960-09-27,72.3954850789461,1960,9
1960-09-28,72.25974104968905,1960,9
1960-09-29,72.10103047690426,1960,9
1960-09-30,72.09538548079027,1960,9
1960-10-01,71.99901666882012,1960,10
1960-10-02,72.06816206844417,1960,10
1960-10-03,72.07670856054295,1960,10
1960-10-04,71.7517318677319,1960,10
1960-10-05,71.7866388198015,1960,10
1960-10-06,71.6755392802646,1960,10
1960-10-07,71.84365505710521,1960,10
1960-10-08,72.04683424534646,1960,10
1960-10-09,72.23429278039671,1960,10
1960-10-10,72.07032696071435,1960,10
1960-10-11,71.9072347741782,1960,10
1960-10-12,71.81866553919117,1960,10
1960-10-13,71.72993547503663,1960,10
1960-10-14,71.69567196269216,1960,10
1960-10-15,71.53627868125791,1960,10
1960-10-16,71.44050144809164,1960,10
1960-10-17,71.2719113349749,1960,10
1960-10-18,71.08037994252379,1960,10
1960-10-19,70.88650632577372,1960,10
1960-10-20,70.68667011252488,1960,10
1960-10-21,70.61209944283888,1960,10
1960-10-22,70.65366479954999,1960,10
1960-10-23,70.58897877258568,1960,10
1960-10-24,70.47861480553385,1960,10
1960-10-25,70.35220512745252,1960,10
1960-10-26,70.23596124079191,1960,10
1960-10-27,70.16583721770144,1960,10
1960-10-28,70.10394617813377,1960,10
1960-10-29,70.19154830008384,1960,10
1960-10-30,70.39982769722229,1960,10
1960-10-31,70.31582037606722,1960,10
1960-11-01,70.10633070079614,1960,11
1960-11-02,70.04736297950357,1960,11
1960-11-03,70.1650488906969,1960,11
1960-11-04,70.15380375003889,1960,11
1960-11-05,70.15897176771863,1960,11
1960-11-06,69.9350970446332,1960,11
1960-11-07,69.70258091003116,1960,11
1960-11-08,69.8730933849038,1960,11
1960-11-09,69.741494474729,1960,11
1960-11-10,69.69019462963558,1960,11
1960-11-11,69.67767021790925,1960,11
1960-11-12,69.52448323445294,1960,11
1960-11-13,69.53657174712403,1960,11
1960-11-14,69.47887255233239,1960,11
1960-11-15,69.36276883844725,1960,11
1960-11-16,69.36780888818191,1960,11
1960-11-17,69.23239530296607,1960,11
1960-11-18,69.21941149093297,1960,11
1960-11-19,69.08372610945065,1960,11
1960-11-20,68.98667256894815,1960,11
1960-11-21,69.0847532504106,1960,11
1960-11-22,69.08611849312231,1960,11
1960-11-23,69.04185467444019,1960,11
1960-11-24,68.98854012829113,1960,11
1960-11-25,68.7104611239394,1960,11
1960-11-26,68.48258069782645,1960,11
1960-11-27,68.3795724043742,1960,11
1960-11-28,68.39027759949829,1960,11
1960-11-29,68.34251276561865,1960,11
1960-11-30,68.12915197047029,1960,11
1960-12-01,68.0929500759393,1960,12
1960-12-02,68.09626432374986,1960,12
1960-12-03,68.27906801720148,1960,12
1960-12-04,68.65871989068619,1960,12
1960-12-05,68.94622956982961,1960,12
1960-12-06,68.91225683714842,1960,12
1960-12-07,68.94703402568872,1960,12
1960-12-08,68.96370038470327,1960,12
1960-12-09,69.0422535058802,1960,12
1960-12-10,68.94591405803324,1960,12
1960-12-11,68.67492880029017,1960,12
1960-12-12,68.61700743409004,1960,12
1960-12-13,68.6856377751495,1960,12
1960-12-14,68.71078888299495,1960,12
1960-12-15,68.85521425660059,1960,12
1960-12-16,68.60318778086975,1960,12
1960-12-17,68.59746919304591,1960,12
1960-12-18,68.47235100510652,1960,12
1960-12-19,68.3829550773669,1960,12
1960-12-20,68.26897035124648,1960,12
1960-12-21,68.35219189816907,1960,12
1960-12-22,68.25980581175557,1960,12
1960-12-23,68.34492740798238,1960,12
1960-12-24,68.35841034767245,1960,12
1960-12-25,68.40137157899832,1960,12
1960-12-26,68.46202337223556,1960,12
1960-12-27,68.50721017944866,1960,12
1960-12-28,68.75399689970973,1960,12
1960-12-29,69.18550628503479,1960,12
1960-12-30,69.17692355503064,1960,12
1960-12-31,68.94149403062511,1960,12
1961-01-01,68.80684362259193,1961,1
1961-01-02,68.85926517028408,1961,1
1961-01-03,68.5467503636677,1961,1
1961-01-04,68.1796970641955,1961,1
1961-01-05,67.84850211311736,1961,1
1961-01-06,67.99802967713916,1961,1
1961-01-07,68.01780424643839,1961,1
1961-01-08,68.09381730719885,1961,1
1961-01-09,67.8230621260434,1961,1
1961-01-10,68.1110933865168,1961,1
1961-01-11,68.0887394481311,1961,1
1961-01-12,68.02534716619535,1961,1
1961-01-13,67.89101517718416,1961,1
1961-01-14,68.05661405432032,1961,1
1961-01-15,68.16488004165258,1961,1
1961-01-16,68.21308809273125,1961,1
1961-01-17,68.54692159078357,1961,1
1961-01-18,68.68319683839255,1961,1
1961-01-19,68.71126352800522,1961,1
1961-01-20,68.67120243054136,1961,1
1961-01-21,68.58582599219571,1961,1
1961-01-22,68.58930547795683,1961,1
1961-01-23,68.53131310385635,1961,1
1961-01-24,68.36575411568197,1961,1
1961-01-25,68.54236473321201,1961,1
1961-01-26,68.58340508871588,1961,1
1961-01-27,68.70817229868825,1961,1
1961-01-28,68.85190647016441,1961,1
1961-01-29,68.87450752620194,1961,1
1961-01-30,69.09421011357232,1961,1
1961-01-31,69.44302719147295,1961,1
1961-02-01,69.7330128200322,1961,2
1961-02-02,69.77002132580459,1961,2
1961-02-03,69.34628465516246,1961,2
1961-02-04,69.30906358325593,1961,2
1961-02-05,69.66336892110296,1961,2
1961-02-06,69.39423374168234,1961,2
1961-02-07,69.16272371801018,1961,2
1961-02-08,68.3900348211641,1961,2
1961-02-09,68.08403146873496,1961,2
1961-02-10,68.30838276614386,1961,2
1961-02-11,68.79341168086441,1961,2
1961-02-12,68.66872828753868,1961,2
1961-02-13,68.69520049047716,1961,2
1961-02-14,68.44062503280468,1961,2
1961-02-15,68.34166938540349,1961,2
1961-02-16,68.09092786611455,1961,2
1961-02-17,68.32595304307016,1961,2
1961-02-18,68.70432489653864,1961,2
1961-02-19,68.79749877618366,1961,2
1961-02-20,68.96121254528562,1961,2
1961-02-21,68.91201651328151,1961,2
1961-02-22,68.83663271542649,1961,2
1961-02-23,68.99908237632992,1961,2
1961-02-24,68.95239219792784,1961,2
1961-02-25,68.87445907108244,1961,2
1961-02-26,68.78618355050686,1961,2
1961-02-27,68.88337419492056,1961,2
1961-02-28,69.17527182266268,1961,2
1961-03-01,69.41180064524173,1961,3
1961-03-02,69.85233164192474,1961,3
1961-03-03,69.73568270020621,1961,3
1961-03-04,69.95944497797902,1961,3
1961-03-05,70.30103741963626,1961,3
1961-03-06,69.89951648619174,1961,3
1961-03-07,69.78686245603284,1961,3
1961-03-08,69.79904964277293,1961,3
1961-03-09,69.78259270088289,1961,3
1961-03-10,70.53134959456574,1961,3
1961-03-11,70.71429760417485,1961,3
1961-03-12,70.86688547098707,1961,3
1961-03-13,70.82086872237366,1961,3
1961-03-14,70.95882735968647,1961,3
1961-03-15,71.06244547862931,1961,3
1961-03-16,71.11589698156081,1961,3
1961-03-17,71.25940856912652,1961,3
1961-03-18,70.93070583919484,1961,3
1961-03-19,70.87221645281731,1961,3
1961-03-20,70.60589661130963,1961,3
1961-03-21,70.49417572700135,1961,3
1961-03-22,70.58766255303519,1961,3
1961-03-23,70.99540605951087,1961,3
1961-03-24,70.88697478123703,1961,3
1961-03-25,70.7454716586135,1961,3
1961-03-26,70.40394975999934,1961,3
1961-03-27,70.25240972630742,1961,3
1961-03-28,70.3549635235191,1961,3
1961-03-29,70.57030111603494,1961,3
1961-03-30,70.67210154343323,1961,3
1961-03-31,70.90619489109706,1961,3
1961-04-01,70.91015804047947,1961,4
1961-04-02,70.80208776008968,1961,4
1961-04-03,70.88459392338737,1961,4
1961-04-04,71.305503085291,1961,4
1961-04-05,71.2593694522512,1961,4
1961-04-06,71.43487307205157,1961,4
1961-04-07,71.2340930688327,1961,4
1961-04-08,71.13100978051568,1961,4
1961-04-09,71.39855595456378,1961,4
1961-04-10,71.56465117710594,1961,4
1961-04-11,71.58891061183215,1961,4
1961-04-12,71.88030971839984,1961,4
1961-04-13,71.69453294354864,1961,4
1961-04-14,71.80945272733068,1961,4
1961-04-15,71.5528840661219,1961,4
1961-04-16,71.5267899755159,1961,4
1961-04-17,71.65898881141453,1961,4
1961-04-18,71.87834641909576,1961,4
1961-04-19,72.04311979705875,1961,4
1961-04-20,72.32719257554879,1961,4
1961-04-21,72.32607350206584,1961,4
1961-04-22,72.09991696872635,1961,4
1961-04-23,71.74793081924003,1961,4
1961-04-24,71.65845012048344,1961,4
1961-04-25,71.59626594170672,1961,4
1961-04-26,71.80989116641041,1961,4
1961-04-27,71.86645731842268,1961,4
1961-04-28,72.18135561902544,1961,4
1961-04-29,72.37359913202464,1961,4
1961-04-30,72.32073758960333,1961,4
1961-05-01,72.28275878239093,1961,5
1961-05-02,72.2887305307724,1961,5
1961-05-03,72.41345583370949,1961,5
1961-05-04,72.52096151814833,1961,5
1961-05-05,72.48550166042263,1961,5
1961-05-06,72.40071049181671,1961,5
1961-05-07,72.09666729699046,1961,5
1961-05-08,72.12674493504763,1961,5
1961-05-09,72.37287948355069,1961,5
1961-05-10,72.52297330424143,1961,5
1961-05-11,72.76418984883071,1961,5
1961-05-12,72.5870413352771,1961,5
1961-05-13,72.57218082451396,1961,5
1961-05-14,72.41843899894695,1961,5
1961-05-15,72.57879409386662,1961,5
1961-05-16,72.60615558317981,1961,5
1961-05-17,72.82637198102837,1961,5
1961-05-18,73.00450166274037,1961,5
1961-05-19,73.20461178280088,1961,5
1961-05-20,73.05092544509984,1961,5
1961-05-21,72.89535957671612,1961,5
1961-05-22,72.53590721889493,1961,5
1961-05-23,72.62366902746653,1961,5
1961-05-24,72.84937203095116,1961,5
1961-05-25,72.85275434559874,1961,5
1961-05-26,72.82781194705584,1961,5
1961-05-27,72.78227868210749,1961,5
1961-05-28,72.96090825007751,1961,5
1961-05-29,73.01583889293573,1961,5
1961-05-30,73.01167461748652,1961,5
1961-05-31,73.11362684727636,1961,5
1961-06-01,73.17359233994483,1961,6
1961-06-02,73.28572808160547,1961,6
1961-06-03,73.2452452589841,1961,6
1961-06-04,73.03355336142042,1961,6
1961-06-05,72.96529406637563,1961,6
1961-06-06,72.71928589594015,1961,6
1961-06-07,72.68409885489113,1961,6
1961-06-08,72.68549377034591,1961,6
1961-06-09,72.7234458385038,1961,6
1961-06-10,72.81359683726942,1961,6
1961-06-11,72.74725488906451,1961,6
1961-06-12,72.5730664487352,1961,6
1961-06-13,72.61102100932933,1961,6
1961-06-14,72.47706734480403,1961,6
1961-06-15,72.60797230415533,1961,6
1961-06-16,72.73372256672955,1961,6
1961-06-17,72.8362980453938,1961,6
1961-06-18,72.81220605850713,1961,6
1961-06-19,72.61459874892218,1961,6
1961-06-20,72.43735623639446,1961,6
1961-06-21,72.42084924409421,1961,6
1961-06-22,72.30851989731318,1961,6
1961-06-23,72.31821514967683,1961,6
1961-06-24,72.36573781694885,1961,6
1961-06-25,72.36221078029708,1961,6
1961-06-26,72.38337643434473,1961,6
1961-06-27,72.52786626959579,1961,6
1961-06-28,72.63090408050046,1961,6
1961-06-29,72.61494451228106,1961,6
1961-06-30,72.66103165069923,1961,6
1961-07-01,72.63373785628337,1961,7
1961-07-02,72.58227506290648,1961,7
1961-07-03,72.71854250595516,1961,7
1961-07-04,72.67215297330348,1961,7
1961-07-05,72.5227976920506,1961,7
1961-07-06,72.48415307863321,1961,7
1961-07-07,72.55222899325715,1961,7
1961-07-08,72.47889597638105,1961,7
1961-07-09,72.56887728364693,1961,7
1961-07-10,72.54537512062498,1961,7
1961-07-11,72.45020485465423,1961,7
1961-07-12,72.60086753394354,1961,7
1961-07-13,72.51612636236175,1961,7
1961-07-14,72.34921218803295,1961,7
1961-07-15,72.35669056407608,1961,7
1961-07-16,72.42417930091001,1961,7
1961-07-17,72.22139697014072,1961,7
1961-07-18,72.29420595476492,1961,7
1961-07-19,72.36460224164176,1961,7
1961-07-20,72.49580598058708,1961,7
1961-07-21,72.41784434006104,1961,7
1961-07-22,72.40681817359949,1961,7
1961-07-23,72.43473396455066,1961,7
1961-07-24,72.47468718489267,1961,7
1961-07-25,72.49173479023946,1961,7
1961-07-26,72.23404279010532,1961,7
1961-07-27,72.34992912431137,1961,7
1961-07-28,72.84166203635087,1961,7
1961-07-29,72.74324777628529,1961,7
1961-07-30,72.60334127819114,1961,7
1961-07-31,72.7408233652635,1961,7
1961-08-01,72.74170641898613,1961,8
1961-08-02,72.64508960018722,1961,8
1961-08-03,72.70680678226248,1961,8
1961-08-04,72.73704807447689,1961,8
1961-08-05,72.7106546981259,1961,8
1961-08-06,72.66696057326543,1961,8
1961-08-07,72.80155134834459,1961,8
1961-08-08,72.77027759447179,1961,8
1961-08-09,72.67486000664047,1961,8
1961-08-10,72.6592447712788,1961,8
1961-08-11,72.69707062798753,1961,8
1961-08-12,72.6946027599484,1961,8
1961-08-13,72.89041334452924,1961,8
1961-08-14,72.84711883045253,1961,8
1961-08-15,72.7461854725858,1961,8
1961-08-16,72.60217984873664,1961,8
1961-08-17,72.53753242782003,1961,8
1961-08-18,72.60177332687347,1961,8
1961-08-19,72.71749817237126,1961,8
1961-08-20,72.76171474976502,1961,8
1961-08-21,72.48765514130598,1961,8
1961-08-22,72.53595900876238,1961,8
1961-08-23,72.55909346736875,1961,8
1961-08-24,72.59857649462792,1961,8
1961-08-25,72.65696731902614,1961,8
1961-08-26,72.62929902547683,1961,8
1961-08-27,72.70767720778838,1961,8
1961-08-28,72.73100296077396,1961,8
1961-08-29,72.63658493100499,1961,8
1961-08-30,72.52976366801586,1961,8
1961-08-31,72.49224259155123,1961,8
1961-09-01,72.4522821116711,1961,9
1961-09-02,72.19722688842565,1961,9
1961-09-03,72.19571427544967,1961,9
1961-09-04,72.17479765930761,1961,9
1961-09-05,72.15150069193767,1961,9
1961-09-06,72.17021646765562,1961,9
1961-09-07,72.2067264132784,1961,9
1961-09-08,72.12755174351861,1961,9
1961-09-09,72.13232142813564,1961,9
1961-09-10,72.12387058072174,1961,9
1961-09-11,72.05433651536484,1961,9
1961-09-12,72.10704523166397,1961,9
1961-09-13,72.15694093942192,1961,9
1961-09-14,72.17725363448069,1961,9
1961-09-15,72.10314300853182,1961,9
1961-09-16,72.06710844564924,1961,9
1961-09-17,72.12059600634382,1961,9
1961-09-18,72.18610118876194,1961,9
1961-09-19,72.3023726789604,1961,9
1961-09-20,72.17388408398668,1961,9
1961-09-21,72.09723709181846,1961,9
1961-09-22,72.03995030817008,1961,9
1961-09-23,71.89355800865414,1961,9
1961-09-24,71.97520605446674,1961,9
1961-09-25,72.0652375638233,1961,9
1961-09-26,72.01391414294143,1961,9
1961-09-27,71.97432057014363,1961,9
1961-09-28,71.93870132610604,1961,9
1961-09-29,72.13698955833087,1961,9
1961-09-30,72.12493035907883,1961,9
1961-10-01,72.03732161998686,1961,10
1961-10-02,71.84809999329609,1961,10
1961-10-03,71.7965807575585,1961,10
1961-10-04,71.76494827707288,1961,10
1961-10-05,71.91756470723114,1961,10
1961-10-06,71.90539550813352,1961,10
1961-10-07,71.9105130339137,1961,10
1961-10-08,71.73982094122455,1961,10
1961-10-09,71.73777973664832,1961,10
1961-10-10,71.58796962452155,1961,10
1961-10-11,71.60457459775886,1961,10
1961-10-12,71.50769671032798,1961,10
1961-10-13,71.48657316995846,1961,10
1961-10-14,71.38395479907433,1961,10
1961-10-15,71.07774585973543,1961,10
1961-10-16,70.90241655546598,1961,10
1961-10-17,70.55162194438395,1961,10
1961-10-18,70.43225273156197,1961,10
1961-10-19,70.25341794315509,1961,10
1961-10-20,70.58192283878883,1961,10
1961-10-21,70.66001202839895,1961,10
1961-10-22,70.60051594785868,1961,10
1961-10-23,70.44342382181594,1961,10
1961-10-24,70.42394164872832,1961,10
1961-10-25,70.27826867541599,1961,10
1961-10-26,70.34375888030694,1961,10
1961-10-27,70.26177068505973,1961,10
1961-10-28,70.3431213571467,1961,10
1961-10-29,70.57806353765808,1961,10
1961-10-30,70.24841369468157,1961,10
1961-10-31,70.26640875717834,1961,10
1961-11-01,70.24601081210795,1961,11
1961-11-02,70.25220748022878,1961,11
1961-11-03,70.20111871427594,1961,11
1961-11-04,70.12469091980483,1961,11
1961-11-05,70.17509135552284,1961,11
1961-11-06,70.06941422034708,1961,11
1961-11-07,69.9507000804117,1961,11
1961-11-08,69.94579944386842,1961,11
1961-11-09,69.86196505678325,1961,11
1961-11-10,69.72946393740115,1961,11
1961-11-11,69.72919936682084,1961,11
1961-11-12,69.61187721505989,1961,11
1961-11-13,70.07528740692335,1961,11
1961-11-14,69.90271197373713,1961,11
1961-11-15,69.71487899974207,1961,11
1961-11-16,69.69200909476417,1961,11
1961-11-17,69.34591256421159,1961,11
1961-11-18,69.07907083941535,1961,11
1961-11-19,69.12549052787374,1961,11
1961-11-20,69.06501588030414,1961,11
1961-11-21,68.98823975469148,1961,11
1961-11-22,68.89551601716734,1961,11
1961-11-23,68.8164739059825,1961,11
1961-11-24,68.8062380852229,1961,11
1961-11-25,68.74900846458111,1961,11
1961-11-26,68.88334879466755,1961,11
1961-11-27,68.95822700721617,1961,11
1961-11-28,68.76827483250038,1961,11
1961-11-29,68.65818651873306,1961,11
1961-11-30,68.74491844496974,1961,11
1961-12-01,68.57765588383367,1961,12
1961-12-02,68.21733383240976,1961,12
1961-12-03,68.3307873022617,1961,12
1961-12-04,68.20619042431703,1961,12
1961-12-05,68.11407929577678,1961,12
1961-12-06,68.02882786749593,1961,12
1961-12-07,67.93261035901254,1961,12
1961-12-08,67.97395265299764,1961,12
1961-12-09,68.15519460419878,1961,12
1961-12-10,68.21357247136672,1961,12
1961-12-11,68.22904421978673,1961,12
1961-12-12,68.05042599422613,1961,12
1961-12-13,68.09656248298207,1961,12
1961-12-14,68.12721393266744,1961,12
1961-12-15,67.9422742238397,1961,12
1961-12-16,68.02718458708502,1961,12
1961-12-17,68.40653042438262,1961,12
1961-12-18,68.5905837296185,1961,12
1961-12-19,68.04874625591125,1961,12
1961-12-20,67.66222293949976,1961,12
1961-12-21,67.60862894242504,1961,12
1961-12-22,67.52666134269009,1961,12
1961-12-23,67.40034797273724,1961,12
1961-12-24,67.4057319068242,1961,12
1961-12-25,67.3515380210063,1961,12
1961-12-26,67.26968558615347,1961,12
1961-12-27,67.22255089796478,1961,12
1961-12-28,67.25439259547109,1961,12
1961-12-29,67.37638905363427,1961,12
1961-12-30,67.50895578336124,1961,12
1961-12-31,67.68626357463268,1961,12
1962-01-01,67.62308342706095,1962,1
1962-01-02,67.38039425203421,1962,1
1962-01-03,67.17129512581418,1962,1
1962-01-04,67.14762810838798,1962,1
1962-01-05,67.3263216452917,1962,1
1962-01-06,67.3869473224974,1962,1
1962-01-07,67.46687379791004,1962,1
1962-01-08,67.59721086567933,1962,1
1962-01-09,67.55586251112916,1962,1
1962-01-10,67.68375421544584,1962,1
1962-01-11,67.7014460454181,1962,1
1962-01-12,68.07369106618711,1962,1
1962-01-13,68.04886875363579,1962,1
1962-01-14,67.63213417374517,1962,1
1962-01-15,67.18184661081368,1962,1
1962-01-16,66.97794168022726,1962,1
1962-01-17,67.00731476165144,1962,1
1962-01-18,67.22792421617461,1962,1
1962-01-19,67.25594648248469,1962,1
1962-01-20,67.43990986225087,1962,1
1962-01-21,67.7188831336872,1962,1
1962-01-22,67.576882779404,1962,1
1962-01-23,67.73863591581373,1962,1
1962-01-24,68.13253720617149,1962,1
1962-01-25,68.54749804148341,1962,1
1962-01-26,68.34064236807531,1962,1
1962-01-27,68.0886645248011,1962,1
1962-01-28,67.73439729794117,1962,1
1962-01-29,67.94158112165,1962,1
1962-01-30,67.81181355800767,1962,1
1962-01-31,67.94980435767455,1962,1
1962-02-01,68.00360280549451,1962,2
1962-02-02,68.13880653000717,1962,2
1962-02-03,68.22002464108024,1962,2
1962-02-04,68.36349470726732,1962,2
1962-02-05,68.64607946360564,1962,2
1962-02-06,68.64129930914895,1962,2
1962-02-07,69.06496830875786,1962,2
1962-02-08,68.91906086530948,1962,2
1962-02-09,68.72954502893043,1962,2
1962-02-10,68.8300654611296,1962,2
1962-02-11,68.97114905639941,1962,2
1962-02-12,69.09784915735409,1962,2
1962-02-13,68.9425592918596,1962,2
1962-02-14,68.73461495093343,1962,2
1962-02-15,68.70289619551248,1962,2
1962-02-16,68.92072590063698,1962,2
1962-02-17,69.27128936546973,1962,2
1962-02-18,69.16193195811205,1962,2
1962-02-19,68.9009760343146,1962,2
1962-02-20,69.03082943240094,1962,2
1962-02-21,69.08623089161112,1962,2
1962-02-22,69.24725640505376,1962,2
1962-02-23,69.11095301151055,1962,2
1962-02-24,69.2799069207927,1962,2
1962-02-25,69.41956895571096,1962,2
1962-02-26,69.34342179252039,1962,2
1962-02-27,69.19096624347786,1962,2
1962-02-28,68.98767079046391,1962,2
1962-03-01,69.04655272035333,1962,3
1962-03-02,69.0788497433251,1962,3
1962-03-03,69.5807833166052,1962,3
1962-03-04,69.89681985999441,1962,3
1962-03-05,69.35031672527414,1962,3
1962-03-06,69.09687869049048,1962,3
1962-03-07,68.99491178234327,1962,3
1962-03-08,69.17602775426984,1962,3
1962-03-09,69.32826400511898,1962,3
1962-03-10,69.38780201506964,1962,3
1962-03-11,69.51026711547402,1962,3
1962-03-12,69.63018002910724,1962,3
1962-03-13,69.70320752363048,1962,3
1962-03-14,69.94111262125472,1962,3
1962-03-15,70.08336746177041,1962,3
1962-03-16,70.33418836550803,1962,3
1962-03-17,70.32596191942143,1962,3
1962-03-18,70.3054499104668,1962,3
1962-03-19,70.31358469049601,1962,3
1962-03-20,70.35597257442927,1962,3
1962-03-21,70.32127483443854,1962,3
1962-03-22,70.18861876805414,1962,3
1962-03-23,70.24790381797195,1962,3
1962-03-24,70.34082949080523,1962,3
1962-03-25,70.60278604804913,1962,3
1962-03-26,70.81054821848046,1962,3
1962-03-27,70.80466211219884,1962,3
1962-03-28,70.79809375076475,1962,3
1962-03-29,71.00967425323238,1962,3
1962-03-30,71.15708611369917,1962,3
1962-03-31,71.19766365220244,1962,3
1962-04-01,71.18421853195852,1962,4
1962-04-02,70.93526295406136,1962,4
1962-04-03,70.93529883934589,1962,4
1962-04-04,71.03684837383884,1962,4
1962-04-05,71.40879188576785,1962,4
1962-04-06,71.55724339025409,1962,4
1962-04-07,71.6602172355419,1962,4
1962-04-08,71.75311228239774,1962,4
1962-04-09,71.77551083861452,1962,4
1962-04-10,71.72850872661371,1962,4
1962-04-11,71.5991811630031,1962,4
1962-04-12,71.3368709443098,1962,4
1962-04-13,71.34920732466293,1962,4
1962-04-14,71.3603460922366,1962,4
1962-04-15,71.60172188961376,1962,4
1962-04-16,71.49843363929256,1962,4
1962-04-17,71.35737974563936,1962,4
1962-04-18,71.07914815112973,1962,4
1962-04-19,71.36475088668321,1962,4
1962-04-20,71.72091823010213,1962,4
1962-04-21,71.79700857949166,1962,4
1962-04-22,71.912059287328,1962,4
1962-04-23,72.11968548314924,1962,4
1962-04-24,72.3927430057006,1962,4
1962-04-25,72.43735529171408,1962,4
1962-04-26,72.36090283803576,1962,4
1962-04-27,72.24618013610747,1962,4
1962-04-28,72.38881130743535,1962,4
1962-04-29,72.22836507129885,1962,4
1962-04-30,72.26542066543195,1962,4
1962-05-01,72.26795218399002,1962,5
1962-05-02,72.30864140881823,1962,5
1962-05-03,72.1881922341017,1962,5
1962-05-04,72.19305258234681,1962,5
1962-05-05,72.07438184214271,1962,5
1962-05-06,72.01368412299064,1962,5
1962-05-07,72.10868961180614,1962,5
1962-05-08,71.93400011781479,1962,5
1962-05-09,72.07926738318042,1962,5
1962-05-10,72.19783963285343,1962,5
1962-05-11,71.95131648473644,1962,5
1962-05-12,71.89318792013697,1962,5
1962-05-13,72.09835495079031,1962,5
1962-05-14,72.46938715199698,1962,5
1962-05-15,72.65093506961408,1962,5
1962-05-16,72.49306128044537,1962,5
1962-05-17,72.42329922679896,1962,5
1962-05-18,72.61873710560485,1962,5
1962-05-19,72.73714873614578,1962,5
1962-05-20,72.60884785578801,1962,5
1962-05-21,72.58277731080373,1962,5
1962-05-22,72.81525453963688,1962,5
1962-05-23,72.77114283275817,1962,5
1962-05-24,73.00802582047909,1962,5
1962-05-25,73.12430125567,1962,5
1962-05-26,73.12769799361492,1962,5
1962-05-27,73.21151806776912,1962,5
1962-05-28,73.18600690988198,1962,5
1962-05-29,73.10702391939772,1962,5
1962-05-30,73.23380361887484,1962,5
1962-05-31,73.05690904618005,1962,5
1962-06-01,72.84781005952482,1962,6
1962-06-02,72.82928410238507,1962,6
1962-06-03,72.69222738742992,1962,6
1962-06-04,72.8564814207897,1962,6
1962-06-05,72.87795655133563,1962,6
1962-06-06,72.62959596352454,1962,6
1962-06-07,72.72003531547547,1962,6
1962-06-08,72.7991748964413,1962,6
1962-06-09,73.00688172848723,1962,6
1962-06-10,72.92522307302102,1962,6
1962-06-11,72.79952371945622,1962,6
1962-06-12,72.65422531401312,1962,6
1962-06-13,72.40378511633526,1962,6
1962-06-14,72.4148476285483,1962,6
1962-06-15,72.59240179783535,1962,6
1962-06-16,72.7863506096034,1962,6
1962-06-17,72.99327070824437,1962,6
1962-06-18,73.07389252031024,1962,6
1962-06-19,73.04069947327797,1962,6
1962-06-20,73.02856845409768,1962,6
1962-06-21,72.97419065100443,1962,6
1962-06-22,72.84601790904901,1962,6
1962-06-23,72.67792624826245,1962,6
1962-06-24,72.61900398061316,1962,6
1962-06-25,72.62103268891195,1962,6
1962-06-26,72.90402922020237,1962,6
1962-06-27,72.91901654739326,1962,6
1962-06-28,72.97989826938415,1962,6
1962-06-29,72.92995653263623,1962,6
1962-06-30,72.50368368464864,1962,6
1962-07-01,72.58150929050164,1962,7
1962-07-02,72.45831741551535,1962,7
1962-07-03,72.86141671341723,1962,7
1962-07-04,72.89068167317303,1962,7
1962-07-05,72.80842890138574,1962,7
1962-07-06,72.63696184718872,1962,7
1962-07-07,72.40561087053113,1962,7
1962-07-08,72.36114050734153,1962,7
1962-07-09,72.47931761545554,1962,7
1962-07-10,72.66893724301653,1962,7
1962-07-11,72.76290921285378,1962,7
1962-07-12,72.67485170330086,1962,7
1962-07-13,72.65075486753295,1962,7
1962-07-14,72.66555328562467,1962,7
1962-07-15,72.86680698753149,1962,7
1962-07-16,72.41004731636122,1962,7
1962-07-17,72.21973183825551,1962,7
1962-07-18,72.16623792256024,1962,7
1962-07-19,72.14104025992305,1962,7
1962-07-20,72.25688144551815,1962,7
1962-07-21,72.33465748960812,1962,7
1962-07-22,72.35930947903314,1962,7
1962-07-23,72.39833940653638,1962,7
1962-07-24,72.4217241980476,1962,7
1962-07-25,72.41820968429391,1962,7
1962-07-26,72.51393360544557,1962,7
1962-07-27,72.44718061930514,1962,7
1962-07-28,72.45038028136258,1962,7
1962-07-29,72.4749515486733,1962,7
1962-07-30,72.37184790841488,1962,7
1962-07-31,72.42490045925884,1962,7
1962-08-01,72.40629852951166,1962,8
1962-08-02,72.42463109126902,1962,8
1962-08-03,72.34118618238962,1962,8
1962-08-04,72.3430772890402,1962,8
1962-08-05,72.41377703629708,1962,8
1962-08-06,72.32051602262464,1962,8
1962-08-07,72.34893588619411,1962,8
1962-08-08,72.41755682324707,1962,8
1962-08-09,72.48825960596893,1962,8
1962-08-10,72.5001443074151,1962,8
1962-08-11,72.48916486938931,1962,8
1962-08-12,72.34046076666752,1962,8
1962-08-13,72.23414768691782,1962,8
1962-08-14,72.21475075535842,1962,8
1962-08-15,72.20702403372935,1962,8
1962-08-16,72.23771244420494,1962,8
1962-08-17,72.27933208342253,1962,8
1962-08-18,72.09727854907237,1962,8
1962-08-19,72.03296473179886,1962,8
1962-08-20,72.09005035625582,1962,8
1962-08-21,72.13710041517035,1962,8
1962-08-22,72.13181184111335,1962,8
1962-08-23,72.06689245365206,1962,8
1962-08-24,72.12376635446687,1962,8
1962-08-25,72.32836580568217,1962,8
1962-08-26,72.34083476649826,1962,8
1962-08-27,72.29400724790766,1962,8
1962-08-28,72.21848833123465,1962,8
1962-08-29,72.18398621019688,1962,8
1962-08-30,72.1851103752993,1962,8
1962-08-31,72.1936138851449,1962,8
1962-09-01,72.36467997805242,1962,9
1962-09-02,72.3791866499148,1962,9
1962-09-03,72.36327251018012,1962,9
1962-09-04,72.29587025296026,1962,9
1962-09-05,72.3462358205114,1962,9
1962-09-06,72.2577252866412,1962,9
1962-09-07,72.24374325363769,1962,9
1962-09-08,72.18393140136169,1962,9
1962-09-09,72.14172073965477,1962,9
1962-09-10,72.14039446409333,1962,9
1962-09-11,72.12011473642534,1962,9
1962-09-12,72.12666696110561,1962,9
1962-09-13,72.0413426699578,1962,9
1962-09-14,72.04885432701698,1962,9
1962-09-15,72.05811569311521,1962,9
1962-09-16,72.06468765729579,1962,9
1962-09-17,72.01240305188637,1962,9
1962-09-18,72.05118642322005,1962,9
1962-09-19,72.18327406642123,1962,9
1962-09-20,72.11175324406533,1962,9
1962-09-21,71.83046246556624,1962,9
1962-09-22,71.66548887843457,1962,9
1962-09-23,71.69263402865428,1962,9
1962-09-24,71.722236569169,1962,9
1962-09-25,71.55672610799272,1962,9
1962-09-26,71.617723057316,1962,9
1962-09-27,71.40668682143584,1962,9
1962-09-28,71.4535080756678,1962,9
1962-09-29,71.43963894888977,1962,9
1962-09-30,71.34735938332408,1962,9
1962-10-01,71.22943270971601,1962,10
1962-10-02,71.07023317519595,1962,10
1962-10-03,71.06629850554131,1962,10
1962-10-04,71.16002504616601,1962,10
1962-10-05,71.22526591800707,1962,10
1962-10-06,71.17520823588976,1962,10
1962-10-07,71.01201407211298,1962,10
1962-10-08,70.92928034212973,1962,10
1962-10-09,70.76371446794747,1962,10
1962-10-10,70.69785711860747,1962,10
1962-10-11,70.50864012356085,1962,10
1962-10-12,70.45248404657319,1962,10
1962-10-13,70.44736306384121,1962,10
1962-10-14,70.57145272656436,1962,10
1962-10-15,70.55260473755449,1962,10
1962-10-16,70.41037246558611,1962,10
1962-10-17,70.4793548385159,1962,10
1962-10-18,70.53356622490251,1962,10
1962-10-19,70.49374412708883,1962,10
1962-10-20,70.31783123244054,1962,10
1962-10-21,70.22959365569932,1962,10
1962-10-22,70.26861239168436,1962,10
1962-10-23,70.34728922231572,1962,10
1962-10-24,70.3840546081242,1962,10
1962-10-25,70.43514316019126,1962,10
1962-10-26,70.59890490066735,1962,10
1962-10-27,70.81954625067839,1962,10
1962-10-28,70.7870464180757,1962,10
1962-10-29,70.60068298732027,1962,10
1962-10-30,70.46357008828609,1962,10
1962-10-31,70.26290959307794,1962,10
1962-11-01,70.1630098042754,1962,11
1962-11-02,70.17200357081768,1962,11
1962-11-03,70.24350316785971,1962,11
1962-11-04,70.05747360486143,1962,11
1962-11-05,69.94017428250436,1962,11
1962-11-06,69.78065054741211,1962,11
1962-11-07,69.57868652327821,1962,11
1962-11-08,69.29917677460054,1962,11
1962-11-09,69.23107601007395,1962,11
1962-11-10,69.05550040081084,1962,11
1962-11-11,69.0137357990788,1962,11
1962-11-12,69.06578813416871,1962,11
1962-11-13,69.0173011338799,1962,11
1962-11-14,69.09346251567956,1962,11
1962-11-15,69.11951335950056,1962,11
1962-11-16,69.16888712347253,1962,11
1962-11-17,69.16396755478279,1962,11
1962-11-18,69.28262133197397,1962,11
1962-11-19,69.38736132213748,1962,11
1962-11-20,69.37884339994127,1962,11
1962-11-21,69.32604340265684,1962,11
1962-11-22,69.00581531736599,1962,11
1962-11-23,68.88510765388885,1962,11
1962-11-24,68.80323043030845,1962,11
1962-11-25,68.70152356548864,1962,11
1962-11-26,68.65936986631904,1962,11
1962-11-27,68.41019100517158,1962,11
1962-11-28,68.18100002220655,1962,11
1962-11-29,68.18278539012162,1962,11
1962-11-30,68.53301945561365,1962,11
1962-12-01,68.97256662084277,1962,12
1962-12-02,69.01905326161777,1962,12
1962-12-03,69.10088240659375,1962,12
1962-12-04,69.3040286118441,1962,12
1962-12-05,69.68251357939296,1962,12
1962-12-06,69.64273376120646,1962,12
1962-12-07,69.45626187477733,1962,12
1962-12-08,69.25919717986842,1962,12
1962-12-09,68.94833122326203,1962,12
1962-12-10,68.55927744820421,1962,12
1962-12-11,68.22652413806023,1962,12
1962-12-12,68.05215528390411,1962,12
1962-12-13,68.00774043843896,1962,12
1962-12-14,68.3055312833549,1962,12
1962-12-15,68.49233788021623,1962,12
1962-12-16,68.6264916944194,1962,12
1962-12-17,68.72222825466808,1962,12
1962-12-18,68.63806633394094,1962,12
1962-12-19,68.37290558892599,1962,12
1962-12-20,68.43883507689519,1962,12
1962-12-21,68.33288052880582,1962,12
1962-12-22,68.30553206154904,1962,12
1962-12-23,68.5180359809789,1962,12
1962-12-24,68.42375952981543,1962,12
1962-12-25,68.36198599909156,1962,12
1962-12-26,68.36485443281995,1962,12
1962-12-27,68.33138530520888,1962,12
1962-12-28,68.16903285428776,1962,12
1962-12-29,67.88146190964414,1962,12
1962-12-30,67.56159069142105,1962,12
1962-12-31,67.49073636338765,1962,12
1963-01-01,67.50555619645294,1963,1
1963-01-02,67.41134314094448,1963,1
1963-01-03,67.40997535509064,1963,1
1963-01-04,67.35959409087044,1963,1
1963-01-05,67.41843086042536,1963,1
1963-01-06,67.34999644351963,1963,1
1963-01-07,67.52119449192601,1963,1
1963-01-08,67.80943599269803,1963,1
1963-01-09,68.01206032048212,1963,1
1963-01-10,68.40348458986239,1963,1
1963-01-11,68.25512408355199,1963,1
1963-01-12,68.23580658881501,1963,1
1963-01-13,68.10972934684882,1963,1
1963-01-14,68.35227196774026,1963,1
1963-01-15,68.5099125087898,1963,1
1963-01-16,68.17560110145962,1963,1
1963-01-17,67.85526576489633,1963,1
1963-01-18,67.65336856336171,1963,1
1963-01-19,67.59914366207734,1963,1
1963-01-20,67.75797178629233,1963,1
1963-01-21,67.8194125061873,1963,1
1963-01-22,67.61848128774135,1963,1
1963-01-23,67.44755865069988,1963,1
1963-01-24,67.52909254430423,1963,1
1963-01-25,67.85806012822142,1963,1
1963-01-26,68.03218748148775,1963,1
1963-01-27,67.92198975231076,1963,1
1963-01-28,67.94100878789406,1963,1
1963-01-29,67.98008393273484,1963,1
1963-01-30,68.12935767970505,1963,1
1963-01-31,68.20211454224481,1963,1
1963-02-01,68.1467780515069,1963,2
1963-02-02,68.14100004372511,1963,2
1963-02-03,68.16561514017941,1963,2
1963-02-04,68.15706033799815,1963,2
1963-02-05,68.31086591498386,1963,2
1963-02-06,68.47766835694394,1963,2
1963-02-07,68.57251942240931,1963,2
1963-02-08,68.79594885167576,1963,2
1963-02-09,68.81987630793259,1963,2
1963-02-10,68.53300936987719,1963,2
1963-02-11,68.78141006694102,1963,2
1963-02-12,68.96977922966263,1963,2
1963-02-13,68.56917966529245,1963,2
1963-02-14,68.98962262065531,1963,2
1963-02-15,69.24169945328535,1963,2
1963-02-16,69.29817418955882,1963,2
1963-02-17,69.12744139730682,1963,2
1963-02-18,69.10596027449049,1963,2
1963-02-19,69.15171692117119,1963,2
1963-02-20,69.27460696554911,1963,2
1963-02-21,69.4104488788108,1963,2
1963-02-22,69.53313962823549,1963,2
1963-02-23,69.61799804130456,1963,2
1963-02-24,69.50346536113501,1963,2
1963-02-25,69.47414982595087,1963,2
1963-02-26,69.50857635311615,1963,2
1963-02-27,69.51603801541789,1963,2
1963-02-28,69.68088223156842,1963,2
1963-03-01,69.70491635764384,1963,3
1963-03-02,69.83920851398626,1963,3
1963-03-03,70.03992287531605,1963,3
1963-03-04,70.2063694760091,1963,3
1963-03-05,70.21048663607003,1963,3
1963-03-06,70.04831879836082,1963,3
1963-03-07,70.14712020887993,1963,3
1963-03-08,70.54519084696537,1963,3
1963-03-09,70.74778339959711,1963,3
1963-03-10,70.32908156227923,1963,3
1963-03-11,69.8285307388878,1963,3
1963-03-12,69.76091155013796,1963,3
1963-03-13,69.78725285880027,1963,3
1963-03-14,69.9557387869408,1963,3
1963-03-15,70.26005966528108,1963,3
1963-03-16,70.48053868847524,1963,3
1963-03-17,70.16429658420837,1963,3
1963-03-18,70.11353225890169,1963,3
1963-03-19,70.069236369256,1963,3
1963-03-20,70.08965580939403,1963,3
1963-03-21,70.27986248706411,1963,3
1963-03-22,70.6334864111063,1963,3
1963-03-23,70.8631493893384,1963,3
1963-03-24,71.10082070724657,1963,3
1963-03-25,70.59069180506174,1963,3
1963-03-26,70.1170684636307,1963,3
1963-03-27,70.15562505463475,1963,3
1963-03-28,70.30998287732304,1963,3
1963-03-29,70.53990725752905,1963,3
1963-03-30,70.81841398081839,1963,3
1963-03-31,70.91533091671198,1963,3
1963-04-01,71.21341628139149,1963,4
1963-04-02,71.20816665150632,1963,4
1963-04-03,71.28968620908131,1963,4
1963-04-04,71.05222998295744,1963,4
1963-04-05,71.22479771649554,1963,4
1963-04-06,71.54999645005643,1963,4
1963-04-07,71.39352193838397,1963,4
1963-04-08,71.5652722907975,1963,4
1963-04-09,71.37492794506653,1963,4
1963-04-10,71.31818803974,1963,4
1963-04-11,71.22150643793323,1963,4
1963-04-12,70.97734648756685,1963,4
1963-04-13,71.3569339127741,1963,4
1963-04-14,71.44326767378269,1963,4
1963-04-15,71.5456851260293,1963,4
1963-04-16,71.71440191657052,1963,4
1963-04-17,71.80397180138856,1963,4
1963-04-18,71.78135395134483,1963,4
1963-04-19,71.72895624058538,1963,4
1963-04-20,71.4842585116644,1963,4
1963-04-21,71.46823336931506,1963,4
1963-04-22,71.49470314852762,1963,4
1963-04-23,71.45325069584149,1963,4
1963-04-24,71.50860372294545,1963,4
1963-04-25,71.14996340441357,1963,4
1963-04-26,71.33514780747167,1963,4
1963-04-27,71.74976055657794,1963,4
1963-04-28,71.90780428280709,1963,4
1963-04-29,71.91015763442763,1963,4
1963-04-30,71.79853675299488,1963,4
1963-05-01,71.80123678130818,1963,5
1963-05-02,71.86360141606094,1963,5
1963-05-03,72.01335873599132,1963,5
1963-05-04,71.9368336300836,1963,5
1963-05-05,72.10650365820126,1963,5
1963-05-06,72.19999446712896,1963,5
1963-05-07,72.51511745619966,1963,5
1963-05-08,72.65111345648423,1963,5
1963-05-09,72.37393824295124,1963,5
1963-05-10,72.13956966687385,1963,5
1963-05-11,72.06288758515211,1963,5
1963-05-12,72.04442261204103,1963,5
1963-05-13,72.29287335004956,1963,5
1963-05-14,72.29295556785473,1963,5
1963-05-15,72.43990210009956,1963,5
1963-05-16,72.07185703821293,1963,5
1963-05-17,72.17034984927857,1963,5
1963-05-18,72.11950731540186,1963,5
1963-05-19,72.2312572501893,1963,5
1963-05-20,72.45941310628722,1963,5
1963-05-21,72.62123144527058,1963,5
1963-05-22,72.57391777367664,1963,5
1963-05-23,72.5420978140284,1963,5
1963-05-24,72.65608394467641,1963,5
1963-05-25,72.49799777381942,1963,5
1963-05-26,72.76769548646999,1963,5
1963-05-27,72.80167793141258,1963,5
1963-05-28,72.93356995908414,1963,5
1963-05-29,72.73749510652988,1963,5
1963-05-30,72.817558396618,1963,5
1963-05-31,72.92864720915277,1963,5
1963-06-01,73.1030558682091,1963,6
1963-06-02,73.1874368546647,1963,6
1963-06-03,73.03640752107277,1963,6
1963-06-04,72.67846850703894,1963,6
1963-06-05,72.61067059260716,1963,6
1963-06-06,72.58559650025342,1963,6
1963-06-07,72.36840528264688,1963,6
1963-06-08,72.45833260835785,1963,6
1963-06-09,72.48884831917026,1963,6
1963-06-10,72.42657461529429,1963,6
1963-06-11,72.4433828180277,1963,6
1963-06-12,72.30387860885064,1963,6
1963-06-13,72.53579862376107,1963,6
1963-06-14,72.58451712427147,1963,6
1963-06-15,72.45738785545105,1963,6
1963-06-16,72.454069282438,1963,6
1963-06-17,72.55255395493964,1963,6
1963-06-18,72.57806623897507,1963,6
1963-06-19,72.53031242584609,1963,6
1963-06-20,72.76596011860995,1963,6
1963-06-21,72.77555312235047,1963,6
1963-06-22,72.63509606933252,1963,6
1963-06-23,72.71512557016604,1963,6
1963-06-24,72.5932760983492,1963,6
1963-06-25,72.49960267716624,1963,6
1963-06-26,72.70131203514613,1963,6
1963-06-27,72.67455203050056,1963,6
1963-06-28,72.73377957988312,1963,6
1963-06-29,72.6316030244511,1963,6
1963-06-30,72.4909677607678,1963,6
1963-07-01,72.50130734465483,1963,7
1963-07-02,72.49370217234896,1963,7
1963-07-03,72.65782518280538,1963,7
1963-07-04,72.66336530979551,1963,7
1963-07-05,72.8628573272622,1963,7
1963-07-06,72.74853568268934,1963,7
1963-07-07,72.5965180283975,1963,7
1963-07-08,72.4907983453684,1963,7
1963-07-09,72.41649913172377,1963,7
1963-07-10,72.47851346211827,1963,7
1963-07-11,72.54435716391421,1963,7
1963-07-12,72.43359234988765,1963,7
1963-07-13,72.33861202624243,1963,7
1963-07-14,72.38768415744653,1963,7
1963-07-15,72.38849237565276,1963,7
1963-07-16,72.31392451830062,1963,7
1963-07-17,72.35659920751874,1963,7
1963-07-18,72.53565325470855,1963,7
1963-07-19,72.58395832120836,1963,7
1963-07-20,72.50965343525347,1963,7
1963-07-21,72.45286833942009,1963,7
1963-07-22,72.37562347982957,1963,7
1963-07-23,72.48509486923393,1963,7
1963-07-24,72.5803410069866,1963,7
1963-07-25,72.49766699776173,1963,7
1963-07-26,72.51247409862904,1963,7
1963-07-27,72.51254501573662,1963,7
1963-07-28,72.42249906069661,1963,7
1963-07-29,72.42957218371807,1963,7
1963-07-30,72.206127909713,1963,7
1963-07-31,72.21139897713597,1963,7
1963-08-01,72.37844154850565,1963,8
1963-08-02,72.47218885632533,1963,8
1963-08-03,72.62146418665493,1963,8
1963-08-04,72.52087056351591,1963,8
1963-08-05,72.41291641057235,1963,8
1963-08-06,72.51953219138768,1963,8
1963-08-07,72.59359302389157,1963,8
1963-08-08,72.465153520987,1963,8
1963-08-09,72.432497851254,1963,8
1963-08-10,72.32875017072325,1963,8
1963-08-11,72.30033438370711,1963,8
1963-08-12,72.23768567704823,1963,8
1963-08-13,72.30402137605677,1963,8
1963-08-14,72.34713193810737,1963,8
1963-08-15,72.36110640356142,1963,8
1963-08-16,72.40090097691089,1963,8
1963-08-17,72.38657829151947,1963,8
1963-08-18,72.3127024202324,1963,8
1963-08-19,72.3891262646725,1963,8
1963-08-20,72.256545961931,1963,8
1963-08-21,72.16662486298428,1963,8
1963-08-22,72.11730469871327,1963,8
1963-08-23,72.22514269842655,1963,8
1963-08-24,72.39686740901752,1963,8
1963-08-25,72.35696321576366,1963,8
1963-08-26,72.25133412733597,1963,8
1963-08-27,72.20363750198621,1963,8
1963-08-28,72.207976724343,1963,8
1963-08-29,72.28427827354491,1963,8
1963-08-30,72.25743497315247,1963,8
1963-08-31,72.28684264273286,1963,8
1963-09-01,72.2626116460508,1963,9
1963-09-02,72.22788419838238,1963,9
1963-09-03,72.08417945125416,1963,9
1963-09-04,72.05722464307854,1963,9
1963-09-05,72.11062003499323,1963,9
1963-09-06,72.18005724421185,1963,9
1963-09-07,72.3065183240355,1963,9
1963-09-08,72.24581413597285,1963,9
1963-09-09,72.2847311506215,1963,9
1963-09-10,72.27882800575465,1963,9
1963-09-11,72.2960796437111,1963,9
1963-09-12,72.23545745305067,1963,9
1963-09-13,72.2558345661642,1963,9
1963-09-14,72.22916941953804,1963,9
1963-09-15,72.09865540167583,1963,9
1963-09-16,71.87009061666406,1963,9
1963-09-17,71.93380604241516,1963,9
1963-09-18,71.7397839708626,1963,9
1963-09-19,71.58488805853331,1963,9
1963-09-20,71.50873750820294,1963,9
1963-09-21,71.55127039832666,1963,9
1963-09-22,71.60417953391634,1963,9
1963-09-23,71.6250559063995,1963,9
1963-09-24,71.63147025928008,1963,9
1963-09-25,71.69245944057467,1963,9
1963-09-26,71.6906213675576,1963,9
1963-09-27,71.64077405737223,1963,9
1963-09-28,71.50000078046986,1963,9
1963-09-29,71.53962056727273,1963,9
1963-09-30,71.53854892123834,1963,9
1963-10-01,71.56043417597019,1963,10
1963-10-02,71.49244214424755,1963,10
1963-10-03,71.54120261164361,1963,10
1963-10-04,71.54822689601893,1963,10
1963-10-05,71.41699361557504,1963,10
1963-10-06,71.56332718928252,1963,10
1963-10-07,71.69156106597467,1963,10
1963-10-08,71.53940737130867,1963,10
1963-10-09,71.34123044674958,1963,10
1963-10-10,71.39041133819465,1963,10
1963-10-11,71.28910997241978,1963,10
1963-10-12,71.41370454476815,1963,10
1963-10-13,71.40885761250581,1963,10
1963-10-14,71.31999579755406,1963,10
1963-10-15,71.30542424875395,1963,10
1963-10-16,71.31080379808056,1963,10
1963-10-17,71.14628513925315,1963,10
1963-10-18,71.13786359138618,1963,10
1963-10-19,71.09442966228806,1963,10
1963-10-20,71.10227957384264,1963,10
1963-10-21,70.96475067498443,1963,10
1963-10-22,70.9319425378996,1963,10
1963-10-23,70.95626469597815,1963,10
1963-10-24,70.76537258531756,1963,10
1963-10-25,70.66830009018403,1963,10
1963-10-26,70.5270837303672,1963,10
1963-10-27,70.50165100369689,1963,10
1963-10-28,70.5377278788422,1963,10
1963-10-29,70.51571012988697,1963,10
1963-10-30,70.56473056131988,1963,10
1963-10-31,70.56558387893787,1963,10
1963-11-01,70.67818686469055,1963,11
1963-11-02,70.33322544897,1963,11
1963-11-03,70.15027090742967,1963,11
1963-11-04,69.98742806848261,1963,11
1963-11-05,69.91756164195908,1963,11
1963-11-06,69.74997315486198,1963,11
1963-11-07,69.6608999183288,1963,11
1963-11-08,69.68657966975195,1963,11
1963-11-09,69.79391438693291,1963,11
1963-11-10,69.75968136765024,1963,11
1963-11-11,69.7308973261522,1963,11
1963-11-12,69.69081349286229,1963,11
1963-11-13,69.69518374487355,1963,11
1963-11-14,69.78771459275285,1963,11
1963-11-15,69.82185756761046,1963,11
1963-11-16,69.74644794581474,1963,11
1963-11-17,69.68534387860076,1963,11
1963-11-18,69.96766483798177,1963,11
1963-11-19,70.0214114269554,1963,11
1963-11-20,70.02095099586357,1963,11
1963-11-21,70.11860066505582,1963,11
1963-11-22,70.02072426255724,1963,11
1963-11-23,69.55768203661916,1963,11
1963-11-24,69.39920358662464,1963,11
1963-11-25,69.49401859163267,1963,11
1963-11-26,69.48409117342301,1963,11
1963-11-27,69.95508578845624,1963,11
1963-11-28,69.9871596385095,1963,11
1963-11-29,70.00072922053796,1963,11
1963-11-30,69.8211585097503,1963,11
1963-12-01,69.69813043468322,1963,12
1963-12-02,69.1098811918007,1963,12
1963-12-03,69.12869386247195,1963,12
1963-12-04,69.138340103887,1963,12
1963-12-05,68.93345306644251,1963,12
1963-12-06,68.81350976753855,1963,12
1963-12-07,68.90583923226492,1963,12
1963-12-08,69.05797836660952,1963,12
1963-12-09,68.94711569626698,1963,12
1963-12-10,68.7138030315875,1963,12
1963-12-11,68.8045160178485,1963,12
1963-12-12,69.08305218308854,1963,12
1963-12-13,69.13869944319036,1963,12
1963-12-14,68.45279588970662,1963,12
1963-12-15,68.43674020817906,1963,12
1963-12-16,68.11600925391832,1963,12
1963-12-17,67.93694853488094,1963,12
1963-12-18,67.74186443756065,1963,12
1963-12-19,67.89158047533175,1963,12
1963-12-20,67.93656371512125,1963,12
1963-12-21,67.80876338103955,1963,12
1963-12-22,67.85126269856454,1963,12
1963-12-23,67.96051054118873,1963,12
1963-12-24,67.85316193503286,1963,12
1963-12-25,68.02229425616204,1963,12
1963-12-26,68.02565822623744,1963,12
1963-12-27,68.36640181469663,1963,12
1963-12-28,68.29650602373214,1963,12
1963-12-29,68.40424271957262,1963,12
1963-12-30,68.08240731689241,1963,12
1963-12-31,68.13248010675458,1963,12
1964-01-01,68.16515761405053,1964,1
1964-01-02,68.03064552107392,1964,1
1964-01-03,68.05745690837719,1964,1
1964-01-04,68.12227577984211,1964,1
1964-01-05,68.24599261148018,1964,1
1964-01-06,68.52159032067587,1964,1
1964-01-07,68.5484461481218,1964,1
1964-01-08,68.71487342694569,1964,1
1964-01-09,68.66133506095257,1964,1
1964-01-10,68.45212091702436,1964,1
1964-01-11,68.36931404635685,1964,1
1964-01-12,68.36193895317861,1964,1
1964-01-13,67.97039602837275,1964,1
1964-01-14,67.95280499640612,1964,1
1964-01-15,67.53016026268294,1964,1
1964-01-16,67.64558862618676,1964,1
1964-01-17,67.43655935848696,1964,1
1964-01-18,67.2992239839848,1964,1
1964-01-19,67.5118005550335,1964,1
1964-01-20,67.73693498066906,1964,1
1964-01-21,68.34276826094923,1964,1
1964-01-22,68.50917051982536,1964,1
1964-01-23,68.13013949503237,1964,1
1964-01-24,68.01188123383267,1964,1
1964-01-25,67.85399237743331,1964,1
1964-01-26,67.5619197403176,1964,1
1964-01-27,67.40116535065317,1964,1
1964-01-28,67.78981369229027,1964,1
1964-01-29,67.8598580932116,1964,1
1964-01-30,68.00376211248609,1964,1
1964-01-31,68.07527976398018,1964,1
1964-02-01,68.19294624884965,1964,2
1964-02-02,68.0188469643605,1964,2
1964-02-03,68.16727860048957,1964,2
1964-02-04,68.19473575203209,1964,2
1964-02-05,67.88678658180424,1964,2
1964-02-06,68.11780165331716,1964,2
1964-02-07,68.22375913357271,1964,2
1964-02-08,68.45036093131341,1964,2
1964-02-09,68.74026635069964,1964,2
1964-02-10,68.81537633569289,1964,2
1964-02-11,68.64864151458589,1964,2
1964-02-12,68.67678224436595,1964,2
1964-02-13,68.87216678139995,1964,2
1964-02-14,69.10163354628612,1964,2
1964-02-15,69.17624656383927,1964,2
1964-02-16,69.40659908687132,1964,2
1964-02-17,69.51535396280129,1964,2
1964-02-18,69.5355442910637,1964,2
1964-02-19,69.37870086073718,1964,2
1964-02-20,69.525673271801,1964,2
1964-02-21,69.62670532178312,1964,2
1964-02-22,69.69597079190234,1964,2
1964-02-23,69.6230258573311,1964,2
1964-02-24,69.14945311484628,1964,2
1964-02-25,69.07317073001059,1964,2
1964-02-26,69.0703338304165,1964,2
1964-02-27,69.22781512198682,1964,2
1964-02-28,69.39408416400948,1964,2
1964-02-29,69.51359493453627,1964,2
1964-03-01,69.50298878299623,1964,3
1964-03-02,69.45565362475769,1964,3
1964-03-03,69.7001065113902,1964,3
1964-03-04,69.66104629353211,1964,3
1964-03-05,69.54741133810252,1964,3
1964-03-06,69.55555423565885,1964,3
1964-03-07,69.50040623550257,1964,3
1964-03-08,69.77294108499126,1964,3
1964-03-09,69.93941580224345,1964,3
1964-03-10,70.06460994856688,1964,3
1964-03-11,70.1226789871566,1964,3
1964-03-12,70.38339735987931,1964,3
1964-03-13,70.3930988119318,1964,3
1964-03-14,70.36647659185869,1964,3
1964-03-15,70.5061507137226,1964,3
1964-03-16,70.66736057299241,1964,3
1964-03-17,70.84688575234425,1964,3
1964-03-18,70.96407314961112,1964,3
1964-03-19,71.04246656392347,1964,3
1964-03-20,70.83006132160003,1964,3
1964-03-21,70.88069442516475,1964,3
1964-03-22,70.90754354723579,1964,3
1964-03-23,71.07293072715258,1964,3
1964-03-24,71.01335400672014,1964,3
1964-03-25,71.19200274215615,1964,3
1964-03-26,71.00913812396755,1964,3
1964-03-27,71.04996931490398,1964,3
1964-03-28,70.97907947535496,1964,3
1964-03-29,71.05230605798694,1964,3
1964-03-30,71.08881785020046,1964,3
1964-03-31,71.33365634596564,1964,3
1964-04-01,71.16470982841771,1964,4
1964-04-02,71.19641467543475,1964,4
1964-04-03,71.32753905934823,1964,4
1964-04-04,71.16101592164574,1964,4
1964-04-05,71.12993569588494,1964,4
1964-04-06,71.44805829813846,1964,4
1964-04-07,71.51422636923512,1964,4
1964-04-08,71.751530615283,1964,4
1964-04-09,71.93370923463286,1964,4
1964-04-10,71.90785470498484,1964,4
1964-04-11,72.00236353628573,1964,4
1964-04-12,72.13156525471398,1964,4
1964-04-13,72.01451861508994,1964,4
1964-04-14,71.98846409795755,1964,4
1964-04-15,71.90457232847899,1964,4
1964-04-16,71.9032270316857,1964,4
1964-04-17,71.7090042507178,1964,4
1964-04-18,71.9487344741167,1964,4
1964-04-19,71.85906211971655,1964,4
1964-04-20,71.65234569963424,1964,4
1964-04-21,71.8608953238034,1964,4
1964-04-22,71.9354677775662,1964,4
1964-04-23,71.85937098438141,1964,4
1964-04-24,71.88887007603799,1964,4
1964-04-25,72.2325922183291,1964,4
1964-04-26,72.35685384952097,1964,4
1964-04-27,72.45711632212833,1964,4
1964-04-28,72.5442800008101,1964,4
1964-04-29,72.54368050824225,1964,4
1964-04-30,72.61344314399821,1964,4
1964-05-01,72.22791501424271,1964,5
1964-05-02,72.32623430269737,1964,5
1964-05-03,72.41469191220838,1964,5
1964-05-04,72.644513987488,1964,5
1964-05-05,72.59667467514289,1964,5
1964-05-06,72.45132204343888,1964,5
1964-05-07,72.41498316409543,1964,5
1964-05-08,72.45543706916563,1964,5
1964-05-09,72.74111716323245,1964,5
1964-05-10,72.64958136225967,1964,5
1964-05-11,72.24265409256991,1964,5
1964-05-12,71.76898804879812,1964,5
1964-05-13,71.6582548323577,1964,5
1964-05-14,71.84398819635621,1964,5
1964-05-15,72.20068188885324,1964,5
1964-05-16,72.40845037413577,1964,5
1964-05-17,72.37919624832652,1964,5
1964-05-18,72.36039652114744,1964,5
1964-05-19,72.44447242067848,1964,5
1964-05-20,72.63599878268369,1964,5
1964-05-21,72.37288508483363,1964,5
1964-05-22,72.10788703942136,1964,5
1964-05-23,72.05834967594939,1964,5
1964-05-24,72.12429574812361,1964,5
1964-05-25,72.14079144835324,1964,5
1964-05-26,72.1419261972651,1964,5
1964-05-27,72.62011243684383,1964,5
1964-05-28,72.64653355674648,1964,5
1964-05-29,72.71917124390619,1964,5
1964-05-30,72.86699860186775,1964,5
1964-05-31,72.69069508459764,1964,5
1964-06-01,72.9079858955887,1964,6
1964-06-02,73.05505391196496,1964,6
1964-06-03,73.16721625582737,1964,6
1964-06-04,73.24616087778607,1964,6
1964-06-05,73.28453193604496,1964,6
1964-06-06,73.19251019002051,1964,6
1964-06-07,72.96666626762374,1964,6
1964-06-08,72.74598338211658,1964,6
1964-06-09,72.89408023866714,1964,6
1964-06-10,73.17279628727563,1964,6
1964-06-11,73.1893445813286,1964,6
1964-06-12,73.09723288638173,1964,6
1964-06-13,73.03331808249442,1964,6
1964-06-14,72.99879085754382,1964,6
1964-06-15,72.99317777966301,1964,6
1964-06-16,72.84010031828127,1964,6
1964-06-17,72.8710906609639,1964,6
1964-06-18,72.79707818256172,1964,6
1964-06-19,72.8293247400472,1964,6
1964-06-20,73.12679713272925,1964,6
1964-06-21,73.12445173356673,1964,6
1964-06-22,72.71956665368764,1964,6
1964-06-23,72.75279479946742,1964,6
1964-06-24,72.84006719233027,1964,6
1964-06-25,72.7867396330319,1964,6
1964-06-26,72.8047365411211,1964,6
1964-06-27,72.66656081988398,1964,6
1964-06-28,72.74536607805054,1964,6
1964-06-29,72.81370439433391,1964,6
1964-06-30,72.80881598168088,1964,6
1964-07-01,72.94917316689022,1964,7
1964-07-02,72.93531183964552,1964,7
1964-07-03,72.98038772354353,1964,7
1964-07-04,72.86343504909186,1964,7
1964-07-05,72.67229997530664,1964,7
1964-07-06,72.51154171464331,1964,7
1964-07-07,72.58994556567676,1964,7
1964-07-08,72.46667805193977,1964,7
1964-07-09,72.49718326808922,1964,7
1964-07-10,72.47900280971805,1964,7
1964-07-11,72.40022530859038,1964,7
1964-07-12,72.43748789990133,1964,7
1964-07-13,72.4765514615629,1964,7
1964-07-14,72.61058652608472,1964,7
1964-07-15,72.45341335342526,1964,7
1964-07-16,72.43744022324083,1964,7
1964-07-17,72.50804672190354,1964,7
1964-07-18,72.2113215136391,1964,7
1964-07-19,72.19328366711225,1964,7
1964-07-20,72.26237882007945,1964,7
1964-07-21,72.32847300644039,1964,7
1964-07-22,72.66629062641061,1964,7
1964-07-23,72.6734065049755,1964,7
1964-07-24,72.35973003781946,1964,7
1964-07-25,72.10832308463134,1964,7
1964-07-26,72.00408308383288,1964,7
1964-07-27,72.18577459505073,1964,7
1964-07-28,72.23410795043597,1964,7
1964-07-29,72.27581063006534,1964,7
1964-07-30,72.27168938921446,1964,7
1964-07-31,72.11242687512433,1964,7
1964-08-01,72.25073581500453,1964,8
1964-08-02,72.352851208682,1964,8
1964-08-03,72.40985309684083,1964,8
1964-08-04,72.39178193238831,1964,8
1964-08-05,72.33126863571567,1964,8
1964-08-06,72.30666133065886,1964,8
1964-08-07,72.30559333497594,1964,8
1964-08-08,72.40482217779825,1964,8
1964-08-09,72.5708459576217,1964,8
1964-08-10,72.6560654180061,1964,8
1964-08-11,72.68850957243619,1964,8
1964-08-12,72.34811104619567,1964,8
1964-08-13,72.56500401669506,1964,8
1964-08-14,72.6321857908941,1964,8
1964-08-15,72.49014896835915,1964,8
1964-08-16,72.21579672865619,1964,8
1964-08-17,72.20084188933275,1964,8
1964-08-18,72.33185729585949,1964,8
1964-08-19,72.4850050761585,1964,8
1964-08-20,72.52154113109187,1964,8
1964-08-21,72.14893861137857,1964,8
1964-08-22,72.19036062101618,1964,8
1964-08-23,72.18381066278435,1964,8
1964-08-24,72.1801014266949,1964,8
1964-08-25,72.18153435225635,1964,8
1964-08-26,72.14070605016263,1964,8
1964-08-27,72.04618672994921,1964,8
1964-08-28,72.12656727157636,1964,8
1964-08-29,72.21814227408038,1964,8
1964-08-30,72.28341044752095,1964,8
1964-08-31,72.25523132083772,1964,8
1964-09-01,72.08456431779102,1964,9
1964-09-02,71.96940083865243,1964,9
1964-09-03,71.94524074945318,1964,9
1964-09-04,72.09772127534788,1964,9
1964-09-05,72.07017109363227,1964,9
1964-09-06,72.12201943748067,1964,9
1964-09-07,71.9941673977135,1964,9
1964-09-08,72.04678848473003,1964,9
1964-09-09,71.92715479528476,1964,9
1964-09-10,72.22529843861028,1964,9
1964-09-11,72.19194082181868,1964,9
1964-09-12,72.31048331098391,1964,9
1964-09-13,71.93174937731949,1964,9
1964-09-14,72.4112450894838,1964,9
1964-09-15,72.3308235841139,1964,9
1964-09-16,72.26237315878905,1964,9
1964-09-17,72.14178166908938,1964,9
1964-09-18,72.20577738752344,1964,9
1964-09-19,72.35307719818006,1964,9
1964-09-20,72.23414572168112,1964,9
1964-09-21,72.15288148642372,1964,9
1964-09-22,72.1427708078687,1964,9
1964-09-23,71.84548557489047,1964,9
1964-09-24,71.70537851338287,1964,9
1964-09-25,71.69201798362812,1964,9
1964-09-26,71.78480605174643,1964,9
1964-09-27,71.71172783774111,1964,9
1964-09-28,71.8189876041244,1964,9
1964-09-29,71.8707218383963,1964,9
1964-09-30,71.50102440601557,1964,9
1964-10-01,71.48506234971784,1964,10
1964-10-02,71.53818970975239,1964,10
1964-10-03,71.52760788144431,1964,10
1964-10-04,71.5495438085621,1964,10
1964-10-05,71.52916024802843,1964,10
1964-10-06,71.39925333538392,1964,10
1964-10-07,71.32140920725595,1964,10
1964-10-08,71.3800894113452,1964,10
1964-10-09,71.48157782683415,1964,10
1964-10-10,71.50246995452771,1964,10
1964-10-11,71.47447944887311,1964,10
1964-10-12,71.2961769404032,1964,10
1964-10-13,71.19717438981606,1964,10
1964-10-14,71.20780903555023,1964,10
1964-10-15,71.17000973808905,1964,10
1964-10-16,71.12734130837603,1964,10
1964-10-17,70.99921850268652,1964,10
1964-10-18,70.87141961859382,1964,10
1964-10-19,70.6951213485159,1964,10
1964-10-20,70.79144746789554,1964,10
1964-10-21,70.78337919583362,1964,10
1964-10-22,70.54436805880877,1964,10
1964-10-23,70.22259408482195,1964,10
1964-10-24,70.13206245103443,1964,10
1964-10-25,70.0824368098056,1964,10
1964-10-26,69.91721836352167,1964,10
1964-10-27,69.99654714870094,1964,10
1964-10-28,70.36557472534005,1964,10
1964-10-29,70.4805389216544,1964,10
1964-10-30,70.40302775672014,1964,10
1964-10-31,70.21911173939705,1964,10
1964-11-01,70.28645272176607,1964,11
1964-11-02,70.37556473487221,1964,11
1964-11-03,70.33188420023595,1964,11
1964-11-04,70.15305433372919,1964,11
1964-11-05,70.10266653430142,1964,11
1964-11-06,69.78814935274852,1964,11
1964-11-07,69.40667802781729,1964,11
1964-11-08,69.38540123629288,1964,11
1964-11-09,69.69863213017207,1964,11
1964-11-10,69.70508148734001,1964,11
1964-11-11,69.62179822272189,1964,11
1964-11-12,69.44197504098945,1964,11
1964-11-13,69.23204199405482,1964,11
1964-11-14,69.03254561245102,1964,11
1964-11-15,69.04899356460811,1964,11
1964-11-16,69.1173354918335,1964,11
1964-11-17,69.17455196167975,1964,11
1964-11-18,69.27919332042677,1964,11
1964-11-19,69.47474951710848,1964,11
1964-11-20,69.28596873647982,1964,11
1964-11-21,69.11836410853947,1964,11
1964-11-22,69.0246692936831,1964,11
1964-11-23,68.84573606613644,1964,11
1964-11-24,68.72116280013046,1964,11
1964-11-25,68.39388171736572,1964,11
1964-11-26,68.6044817728333,1964,11
1964-11-27,68.58250979775883,1964,11
1964-11-28,68.51828602122775,1964,11
1964-11-29,68.38689209501483,1964,11
1964-11-30,68.50133370043022,1964,11
1964-12-01,68.62913832404122,1964,12
1964-12-02,68.4549828662229,1964,12
1964-12-03,68.53324220279967,1964,12
1964-12-04,68.65980548750169,1964,12
1964-12-05,68.7854310426685,1964,12
1964-12-06,68.67567766353704,1964,12
1964-12-07,68.56392920743629,1964,12
1964-12-08,68.47057489374589,1964,12
1964-12-09,68.52323537732617,1964,12
1964-12-10,68.2810433357974,1964,12
1964-12-11,68.48955706250567,1964,12
1964-12-12,68.17218315582338,1964,12
1964-12-13,67.91187058977503,1964,12
1964-12-14,67.88776946983789,1964,12
1964-12-15,67.67864421339623,1964,12
1964-12-16,67.63078163334157,1964,12
1964-12-17,67.39882306776788,1964,12
1964-12-18,67.5586101259434,1964,12
1964-12-19,67.73945173388273,1964,12
1964-12-20,67.87665338705204,1964,12
1964-12-21,68.07268898608861,1964,12
1964-12-22,68.29816893665094,1964,12
1964-12-23,68.57634046754414,1964,12
1964-12-24,68.6020008840687,1964,12
1964-12-25,68.64117374009172,1964,12
1964-12-26,68.16178183820601,1964,12
1964-12-27,68.00719094061334,1964,12
1964-12-28,67.84190451010691,1964,12
1964-12-29,67.79674747357942,1964,12
1964-12-30,68.04231565431714,1964,12
1964-12-31,68.2752805129602,1964,12
1965-01-01,68.3983128922486,1965,1
1965-01-02,68.72236400776178,1965,1
1965-01-03,68.86642187870765,1965,1
1965-01-04,68.62181664176317,1965,1
1965-01-05,68.44962881800379,1965,1
1965-01-06,68.39658086645623,1965,1
1965-01-07,68.33328652412197,1965,1
1965-01-08,68.27195850681215,1965,1
1965-01-09,68.21202357462467,1965,1
1965-01-10,68.14494205060224,1965,1
1965-01-11,68.03993380216201,1965,1
1965-01-12,67.98940659813303,1965,1
1965-01-13,68.22498002571685,1965,1
1965-01-14,68.34446101711688,1965,1
1965-01-15,68.43847454247144,1965,1
1965-01-16,68.59107831890272,1965,1
1965-01-17,68.71191656610279,1965,1
1965-01-18,68.60553584957785,1965,1
1965-01-19,68.64939823928171,1965,1
1965-01-20,68.60916693194825,1965,1
1965-01-21,68.52208835282453,1965,1
1965-01-22,68.42473645398181,1965,1
1965-01-23,68.3642223663437,1965,1
1965-01-24,68.19907990672984,1965,1
1965-01-25,68.18603218478441,1965,1
1965-01-26,68.50812941746132,1965,1
1965-01-27,68.46598283555986,1965,1
1965-01-28,68.41578029438247,1965,1
1965-01-29,68.46116609004899,1965,1
1965-01-30,68.60487821000852,1965,1
1965-01-31,68.69139996961738,1965,1
1965-02-01,68.70735607847881,1965,2
1965-02-02,68.60445495895017,1965,2
1965-02-03,68.82742000953421,1965,2
1965-02-04,69.07524077654527,1965,2
1965-02-05,69.04904290115134,1965,2
1965-02-06,69.20675708862859,1965,2
1965-02-07,68.93264047486252,1965,2
1965-02-08,68.58507403815373,1965,2
1965-02-09,68.34604392280886,1965,2
1965-02-10,68.3325654450011,1965,2
1965-02-11,68.82900517450342,1965,2
1965-02-12,69.25463517350217,1965,2
1965-02-13,68.78387195521286,1965,2
1965-02-14,68.50023150897756,1965,2
1965-02-15,68.40581118977202,1965,2
1965-02-16,68.20447156878348,1965,2
1965-02-17,68.76531091585319,1965,2
1965-02-18,69.05062577855604,1965,2
1965-02-19,69.22277027474793,1965,2
1965-02-20,69.06333895120126,1965,2
1965-02-21,68.72148722722119,1965,2
1965-02-22,68.60687987197743,1965,2
1965-02-23,68.56555933928988,1965,2
1965-02-24,68.5266275406377,1965,2
1965-02-25,68.60191576125567,1965,2
1965-02-26,68.578934048022,1965,2
1965-02-27,68.8422842084756,1965,2
1965-02-28,69.02954551895071,1965,2
1965-03-01,69.20144655209307,1965,3
1965-03-02,69.19707356196552,1965,3
1965-03-03,68.74118843113447,1965,3
1965-03-04,69.03175176914753,1965,3
1965-03-05,69.23181346736743,1965,3
1965-03-06,69.4605068174026,1965,3
1965-03-07,69.83063801964016,1965,3
1965-03-08,69.61734321375656,1965,3
1965-03-09,69.74099964865258,1965,3
1965-03-10,69.80876866695331,1965,3
1965-03-11,69.88473347449352,1965,3
1965-03-12,69.6928621592654,1965,3
1965-03-13,69.45607008761873,1965,3
1965-03-14,69.60709027569949,1965,3
1965-03-15,69.76199874197933,1965,3
1965-03-16,70.22059366559084,1965,3
1965-03-17,70.38530360680492,1965,3
1965-03-18,70.5682541638592,1965,3
1965-03-19,70.06691370125202,1965,3
1965-03-20,69.76797681683097,1965,3
1965-03-21,69.47954304731115,1965,3
1965-03-22,69.92394574238013,1965,3
1965-03-23,69.62434163868976,1965,3
1965-03-24,69.62580455729294,1965,3
1965-03-25,69.91252044108437,1965,3
1965-03-26,70.54544576093451,1965,3
1965-03-27,70.84294861376162,1965,3
1965-03-28,70.85638662612351,1965,3
1965-03-29,70.90480627733356,1965,3
1965-03-30,70.83391572025197,1965,3
1965-03-31,70.48498380422522,1965,3
1965-04-01,70.27462585060331,1965,4
1965-04-02,69.6849491206185,1965,4
1965-04-03,69.59697325356679,1965,4
1965-04-04,70.02694210614766,1965,4
1965-04-05,70.40962847628322,1965,4
1965-04-06,70.77753742551411,1965,4
1965-04-07,71.03360182635828,1965,4
1965-04-08,71.21038406370398,1965,4
1965-04-09,71.2437818618921,1965,4
1965-04-10,71.44412689286719,1965,4
1965-04-11,71.30851480473908,1965,4
1965-04-12,71.72675046812346,1965,4
1965-04-13,71.6561736391165,1965,4
1965-04-14,71.46488267807017,1965,4
1965-04-15,71.43116388192,1965,4
1965-04-16,71.74823987763023,1965,4
1965-04-17,71.91027597906572,1965,4
1965-04-18,71.97632980058418,1965,4
1965-04-19,71.32863506472451,1965,4
1965-04-20,71.17411559358158,1965,4
1965-04-21,70.96249879370603,1965,4
1965-04-22,71.24648906353393,1965,4
1965-04-23,71.56866975381965,1965,4
1965-04-24,71.67908022641231,1965,4
1965-04-25,71.76971325829253,1965,4
1965-04-26,71.89875078518999,1965,4
1965-04-27,71.80301666801964,1965,4
1965-04-28,71.77309739913885,1965,4
1965-04-29,72.08754422842858,1965,4
1965-04-30,72.26436867733842,1965,4
1965-05-01,72.32958586476357,1965,5
1965-05-02,72.52760795925384,1965,5
1965-05-03,72.30874697605522,1965,5
1965-05-04,72.12078397852615,1965,5
1965-05-05,72.19877496127576,1965,5
1965-05-06,72.28743357182515,1965,5
1965-05-07,72.17671173541292,1965,5
1965-05-08,71.96065249335403,1965,5
1965-05-09,72.20171035508125,1965,5
1965-05-10,72.19892811313443,1965,5
1965-05-11,72.18238361954063,1965,5
1965-05-12,71.93896958413524,1965,5
1965-05-13,72.09079726802977,1965,5
1965-05-14,72.27958518126272,1965,5
1965-05-15,72.56826123576703,1965,5
1965-05-16,72.60622790394287,1965,5
1965-05-17,72.75042880553437,1965,5
1965-05-18,72.80140803122755,1965,5
1965-05-19,72.7568168871349,1965,5
1965-05-20,72.54248092299618,1965,5
1965-05-21,72.45156417712667,1965,5
1965-05-22,72.36389398547789,1965,5
1965-05-23,72.21770319041606,1965,5
1965-05-24,72.19018935944005,1965,5
1965-05-25,72.27068695353427,1965,5
1965-05-26,72.52357392204708,1965,5
1965-05-27,72.6377723239201,1965,5
1965-05-28,72.77083626384537,1965,5
1965-05-29,72.83923620603039,1965,5
1965-05-30,72.89414080527176,1965,5
1965-05-31,73.22909752208463,1965,5
1965-06-01,73.30290919083153,1965,6
1965-06-02,73.28810294414338,1965,6
1965-06-03,73.13662750551892,1965,6
1965-06-04,73.35577102341662,1965,6
1965-06-05,72.98969671776236,1965,6
1965-06-06,72.56013619427944,1965,6
1965-06-07,72.38903551874185,1965,6
1965-06-08,72.63503437144149,1965,6
1965-06-09,73.13086595779616,1965,6
1965-06-10,73.11460232362911,1965,6
1965-06-11,73.12322322250527,1965,6
1965-06-12,73.05007011406235,1965,6
1965-06-13,73.1607138517338,1965,6
1965-06-14,73.34516930125022,1965,6
1965-06-15,73.27406105416799,1965,6
1965-06-16,73.34857049285581,1965,6
1965-06-17,73.31077994714188,1965,6
1965-06-18,72.92008819380781,1965,6
1965-06-19,72.46071501459787,1965,6
1965-06-20,72.9360777524125,1965,6
1965-06-21,72.92251003795381,1965,6
1965-06-22,72.6667244249581,1965,6
1965-06-23,72.51248223195635,1965,6
1965-06-24,72.63509991113013,1965,6
1965-06-25,72.65322751041866,1965,6
1965-06-26,72.37030570813499,1965,6
1965-06-27,72.44871451629342,1965,6
1965-06-28,72.62484369006258,1965,6
1965-06-29,72.69728298139765,1965,6
1965-06-30,72.79094611816801,1965,6
1965-07-01,72.75510641229941,1965,7
1965-07-02,72.36767843097597,1965,7
1965-07-03,72.07025508984408,1965,7
1965-07-04,72.02815389761544,1965,7
1965-07-05,72.13870102966618,1965,7
1965-07-06,72.40604144466478,1965,7
1965-07-07,72.55560939911926,1965,7
1965-07-08,72.45640888181158,1965,7
1965-07-09,72.33529328361004,1965,7
1965-07-10,72.2051595251563,1965,7
1965-07-11,72.31027971814054,1965,7
1965-07-12,72.42764824337594,1965,7
1965-07-13,72.50881553896626,1965,7
1965-07-14,72.59894762530342,1965,7
1965-07-15,72.53761786803844,1965,7
1965-07-16,72.3484907226038,1965,7
1965-07-17,72.17960259174225,1965,7
1965-07-18,72.1497193750864,1965,7
1965-07-19,72.10475191854148,1965,7
1965-07-20,72.16591428383559,1965,7
1965-07-21,72.16495242765178,1965,7
1965-07-22,72.22063695156659,1965,7
1965-07-23,72.25083799489246,1965,7
1965-07-24,72.27302626163458,1965,7
1965-07-25,72.19764595694838,1965,7
1965-07-26,72.06244234142278,1965,7
1965-07-27,72.12131094555681,1965,7
1965-07-28,72.14245556073625,1965,7
1965-07-29,72.0975707963572,1965,7
1965-07-30,72.05905613151722,1965,7
1965-07-31,72.03294515678422,1965,7
1965-08-01,72.02591992542587,1965,8
1965-08-02,72.07763940612578,1965,8
1965-08-03,72.17102367635164,1965,8
1965-08-04,72.12316665878132,1965,8
1965-08-05,72.15186391915496,1965,8
1965-08-06,72.14027671924943,1965,8
1965-08-07,72.17431405065405,1965,8
1965-08-08,72.21000932472832,1965,8
1965-08-09,72.2134034931129,1965,8
1965-08-10,72.15802873484994,1965,8
1965-08-11,72.15022232497027,1965,8
1965-08-12,72.10707678338055,1965,8
1965-08-13,72.19307008944173,1965,8
1965-08-14,72.30852803300009,1965,8
1965-08-15,72.27159247539713,1965,8
1965-08-16,72.12244407756312,1965,8
1965-08-17,72.18107531216906,1965,8
1965-08-18,72.31570548950491,1965,8
1965-08-19,72.51613813889043,1965,8
1965-08-20,72.28099599451414,1965,8
1965-08-21,72.05042145253034,1965,8
1965-08-22,72.06913570666686,1965,8
1965-08-23,72.06028827066497,1965,8
1965-08-24,71.98638173636309,1965,8
1965-08-25,71.9305748343063,1965,8
1965-08-26,71.9739744963858,1965,8
1965-08-27,72.0304562944474,1965,8
1965-08-28,71.88590355549131,1965,8
1965-08-29,71.8199145119741,1965,8
1965-08-30,71.89515247811512,1965,8
1965-08-31,71.98384907343423,1965,8
1965-09-01,72.02524539301331,1965,9
1965-09-02,72.09969040306125,1965,9
1965-09-03,71.93494427469426,1965,9
1965-09-04,71.81475576362996,1965,9
1965-09-05,72.07256547152109,1965,9
1965-09-06,72.08353276041605,1965,9
1965-09-07,72.05152688779707,1965,9
1965-09-08,72.08049297091976,1965,9
1965-09-09,71.98835690375056,1965,9
1965-09-10,71.86589884903724,1965,9
1965-09-11,71.89437753448418,1965,9
1965-09-12,71.91354783444622,1965,9
1965-09-13,71.82233199038701,1965,9
1965-09-14,71.93933843299142,1965,9
1965-09-15,72.03270909491391,1965,9
1965-09-16,71.93676481056173,1965,9
1965-09-17,71.82650480140134,1965,9
1965-09-18,71.66091049308578,1965,9
1965-09-19,71.69823513406507,1965,9
1965-09-20,71.69763134479142,1965,9
1965-09-21,71.63967316635201,1965,9
1965-09-22,71.62379876043897,1965,9
1965-09-23,71.52058922351576,1965,9
1965-09-24,71.50839318158772,1965,9
1965-09-25,71.71174043491484,1965,9
1965-09-26,71.59672557752884,1965,9
1965-09-27,71.57388414328916,1965,9
1965-09-28,71.63944153116887,1965,9
1965-09-29,71.53761362928752,1965,9
1965-09-30,71.48346866744706,1965,9
1965-10-01,71.50008831309196,1965,10
1965-10-02,71.43383620161441,1965,10
1965-10-03,71.39805533243086,1965,10
1965-10-04,71.3034407362393,1965,10
1965-10-05,71.41718041866997,1965,10
1965-10-06,71.381046585042,1965,10
1965-10-07,71.38585107632876,1965,10
1965-10-08,71.3242125394027,1965,10
1965-10-09,71.19237282918321,1965,10
1965-10-10,71.24990663785525,1965,10
1965-10-11,71.21837503139345,1965,10
1965-10-12,71.1072584175568,1965,10
1965-10-13,71.12376652620222,1965,10
1965-10-14,71.00183156200167,1965,10
1965-10-15,71.02507094495927,1965,10
1965-10-16,71.11459366238392,1965,10
1965-10-17,70.8664705381695,1965,10
1965-10-18,70.889662245439,1965,10
1965-10-19,70.78323258110254,1965,10
1965-10-20,70.88786853840878,1965,10
1965-10-21,70.8424330332766,1965,10
1965-10-22,70.81861663361668,1965,10
1965-10-23,70.79821300692086,1965,10
1965-10-24,70.79034472250316,1965,10
1965-10-25,70.79191600387948,1965,10
1965-10-26,70.76412043278579,1965,10
1965-10-27,70.80686488821215,1965,10
1965-10-28,70.65519884044394,1965,10
1965-10-29,70.53458949568054,1965,10
1965-10-30,70.47061168668695,1965,10
1965-10-31,70.4496481418532,1965,10
1965-11-01,70.43312353925232,1965,11
1965-11-02,70.38360148783,1965,11
1965-11-03,70.47132499030664,1965,11
1965-11-04,70.53935923913012,1965,11
1965-11-05,70.31538837417116,1965,11
1965-11-06,70.0930857697888,1965,11
1965-11-07,69.91341576266896,1965,11
1965-11-08,69.72172256276306,1965,11
1965-11-09,69.64773844573337,1965,11
1965-11-10,69.54461255000898,1965,11
1965-11-11,69.33575251973507,1965,11
1965-11-12,69.3912477978169,1965,11
1965-11-13,69.37848809826139,1965,11
1965-11-14,69.51095715671173,1965,11
1965-11-15,69.2701057817648,1965,11
1965-11-16,69.26073183427293,1965,11
1965-11-17,69.39819468124894,1965,11
1965-11-18,69.21919480472721,1965,11
1965-11-19,69.00806180322796,1965,11
1965-11-20,68.90919089658951,1965,11
1965-11-21,68.94321397953652,1965,11
1965-11-22,68.98171258440208,1965,11
1965-11-23,69.25076590259854,1965,11
1965-11-24,69.23378375278763,1965,11
1965-11-25,69.12843806046989,1965,11
1965-11-26,69.21163022570985,1965,11
1965-11-27,69.65230844226504,1965,11
1965-11-28,69.52746920283941,1965,11
1965-11-29,69.28117974004225,1965,11
1965-11-30,69.27203493836042,1965,11
1965-12-01,69.00544499031301,1965,12
1965-12-02,68.92606229899229,1965,12
1965-12-03,68.92947237004542,1965,12
1965-12-04,68.94381224132415,1965,12
1965-12-05,68.87343164254492,1965,12
1965-12-06,68.47981542329087,1965,12
1965-12-07,68.38401001968266,1965,12
1965-12-08,68.92769374346976,1965,12
1965-12-09,68.62981662077107,1965,12
1965-12-10,68.98189378106115,1965,12
1965-12-11,69.09056780161065,1965,12
1965-12-12,69.02378040677803,1965,12
1965-12-13,68.89982589049161,1965,12
1965-12-14,68.62021732981685,1965,12
1965-12-15,68.50005970225145,1965,12
1965-12-16,68.1292194048563,1965,12
1965-12-17,68.05946517655053,1965,12
1965-12-18,67.80134342759472,1965,12
1965-12-19,67.84653430518058,1965,12
1965-12-20,67.88347905954629,1965,12
1965-12-21,67.96731272022595,1965,12
1965-12-22,67.86660761374587,1965,12
1965-12-23,67.79042148771646,1965,12
1965-12-24,68.1843673072501,1965,12
1965-12-25,67.95891047866684,1965,12
1965-12-26,67.7948295526219,1965,12
1965-12-27,67.66698475374348,1965,12
1965-12-28,68.12365937076586,1965,12
1965-12-29,67.97208756141613,1965,12
1965-12-30,67.84981115272086,1965,12
1965-12-31,67.43083044435915,1965,12
1966-01-01,67.50055098862214,1966,1
1966-01-02,67.84179939404305,1966,1
1966-01-03,68.28654022396421,1966,1
1966-01-04,68.3282771119635,1966,1
1966-01-05,67.97108727067827,1966,1
1966-01-06,67.81355174220921,1966,1
1966-01-07,68.23097521212215,1966,1
1966-01-08,68.30100009615462,1966,1
1966-01-09,68.5130063528116,1966,1
1966-01-10,68.52272072340955,1966,1
1966-01-11,68.72780147633834,1966,1
1966-01-12,68.648091612325,1966,1
1966-01-13,68.55281551449254,1966,1
1966-01-14,68.65555969922293,1966,1
1966-01-15,68.60970139598749,1966,1
1966-01-16,68.51350477856619,1966,1
1966-01-17,68.49947651294327,1966,1
1966-01-18,68.34202456974145,1966,1
1966-01-19,68.18715360843257,1966,1
1966-01-20,68.15419222997585,1966,1
1966-01-21,68.24760880584292,1966,1
1966-01-22,67.8395756994051,1966,1
1966-01-23,68.22769681824145,1966,1
1966-01-24,68.55387745985892,1966,1
1966-01-25,68.73172456668527,1966,1
1966-01-26,68.83771360860709,1966,1
1966-01-27,68.48006199998075,1966,1
1966-01-28,68.61673028388371,1966,1
1966-01-29,68.60260706811987,1966,1
1966-01-30,68.51969021328935,1966,1
1966-01-31,68.58131334473725,1966,1
1966-02-01,68.54269960094734,1966,2
1966-02-02,68.18415206756625,1966,2
1966-02-03,68.1789025567687,1966,2
1966-02-04,68.41946808870439,1966,2
1966-02-05,68.34994077478667,1966,2
1966-02-06,68.64667650382441,1966,2
1966-02-07,68.75964956308118,1966,2
1966-02-08,68.92555330161129,1966,2
1966-02-09,69.18873961862926,1966,2
1966-02-10,69.35099885242076,1966,2
1966-02-11,69.50271216784502,1966,2
1966-02-12,69.60010771780114,1966,2
1966-02-13,69.39925693830072,1966,2
1966-02-14,69.37481385564786,1966,2
1966-02-15,69.18258446358811,1966,2
1966-02-16,69.233312642101,1966,2
1966-02-17,69.27454638602413,1966,2
1966-02-18,69.21375473699801,1966,2
1966-02-19,69.06511169777413,1966,2
1966-02-20,68.97786814870653,1966,2
1966-02-21,69.3057427393007,1966,2
1966-02-22,69.2776765270416,1966,2
1966-02-23,69.56165084035366,1966,2
1966-02-24,69.38422731970549,1966,2
1966-02-25,69.52786167592559,1966,2
1966-02-26,69.96563064629939,1966,2
1966-02-27,69.90372079755961,1966,2
1966-02-28,69.88417937487355,1966,2
1966-03-01,69.76433521731997,1966,3
1966-03-02,69.59378761291032,1966,3
1966-03-03,69.91086138890536,1966,3
1966-03-04,70.34685455167153,1966,3
1966-03-05,70.06905106446776,1966,3
1966-03-06,69.58936081888517,1966,3
1966-03-07,69.29847087918252,1966,3
1966-03-08,68.96973017195876,1966,3
1966-03-09,69.2171148459891,1966,3
1966-03-10,69.44652570281058,1966,3
1966-03-11,69.43897587175746,1966,3
1966-03-12,69.43818311504808,1966,3
1966-03-13,69.50739443425354,1966,3
1966-03-14,69.68006307069321,1966,3
1966-03-15,69.84048754469573,1966,3
1966-03-16,70.13860992280019,1966,3
1966-03-17,70.67953792319251,1966,3
1966-03-18,70.87392308733247,1966,3
1966-03-19,70.33646588666993,1966,3
1966-03-20,69.98481144947208,1966,3
1966-03-21,69.65306921460248,1966,3
1966-03-22,70.05338754758186,1966,3
1966-03-23,70.7587148248796,1966,3
1966-03-24,70.92475550581585,1966,3
1966-03-25,71.08316362764283,1966,3
1966-03-26,71.18023866265675,1966,3
1966-03-27,70.96982502335786,1966,3
1966-03-28,70.52761303604025,1966,3
1966-03-29,70.57717774973905,1966,3
1966-03-30,70.50431456076699,1966,3
1966-03-31,70.64837132660466,1966,3
1966-04-01,70.93395598282552,1966,4
1966-04-02,71.12746539983232,1966,4
1966-04-03,71.04208805299119,1966,4
1966-04-04,71.34988657298052,1966,4
1966-04-05,71.65762679747354,1966,4
1966-04-06,71.68526781405782,1966,4
1966-04-07,71.41384525432456,1966,4
1966-04-08,71.24331830678955,1966,4
1966-04-09,71.35749638825142,1966,4
1966-04-10,71.43582985885247,1966,4
1966-04-11,71.3390761319205,1966,4
1966-04-12,71.47381864633262,1966,4
1966-04-13,71.78193247990905,1966,4
1966-04-14,72.11787657807524,1966,4
1966-04-15,72.22220666301129,1966,4
1966-04-16,72.01712968313758,1966,4
1966-04-17,71.82385925766496,1966,4
1966-04-18,71.50869508510944,1966,4
1966-04-19,71.44722781231526,1966,4
1966-04-20,71.6330913587963,1966,4
1966-04-21,71.89002808742332,1966,4
1966-04-22,71.99974332966912,1966,4
1966-04-23,71.82841648205968,1966,4
1966-04-24,72.01073357819119,1966,4
1966-04-25,72.27275573272873,1966,4
1966-04-26,72.4312468515536,1966,4
1966-04-27,72.29336993920928,1966,4
1966-04-28,72.3356595434771,1966,4
1966-04-29,72.31743233284402,1966,4
1966-04-30,72.34272650864277,1966,4
1966-05-01,72.28742305750815,1966,5
1966-05-02,72.1513962404452,1966,5
1966-05-03,72.0017834152936,1966,5
1966-05-04,72.31962806780919,1966,5
1966-05-05,72.1272853079067,1966,5
1966-05-06,72.38434792040707,1966,5
1966-05-07,72.50912009531754,1966,5
1966-05-08,72.62597391635148,1966,5
1966-05-09,72.35123132863832,1966,5
1966-05-10,72.49617055963596,1966,5
1966-05-11,71.83378949990508,1966,5
1966-05-12,71.77468004680969,1966,5
1966-05-13,71.77256238240271,1966,5
1966-05-14,72.07124882810366,1966,5
1966-05-15,72.25089948892001,1966,5
1966-05-16,72.08436713531499,1966,5
1966-05-17,71.97160760980657,1966,5
1966-05-18,72.2180214993187,1966,5
1966-05-19,72.33599967683875,1966,5
1966-05-20,72.58946481454362,1966,5
1966-05-21,72.76808387190457,1966,5
1966-05-22,72.8309582395427,1966,5
1966-05-23,72.96269461803598,1966,5
1966-05-24,73.06443632834015,1966,5
1966-05-25,72.82957657439536,1966,5
1966-05-26,72.92691659432248,1966,5
1966-05-27,72.95364484232573,1966,5
1966-05-28,73.00075219980567,1966,5
1966-05-29,72.96686093189567,1966,5
1966-05-30,72.55453580183982,1966,5
1966-05-31,72.81127362446254,1966,5
1966-06-01,72.9597149454874,1966,6
1966-06-02,72.91153503283553,1966,6
1966-06-03,72.78072808199836,1966,6
1966-06-04,72.83202057885353,1966,6
1966-06-05,72.74645628028159,1966,6
1966-06-06,72.90469421439838,1966,6
1966-06-07,73.1129963778415,1966,6
1966-06-08,73.32162101060698,1966,6
1966-06-09,73.40113234975189,1966,6
1966-06-10,73.16796842138827,1966,6
1966-06-11,72.95481430913033,1966,6
1966-06-12,72.8897077043337,1966,6
1966-06-13,72.60754555730406,1966,6
1966-06-14,72.21325229977526,1966,6
1966-06-15,72.30159119874203,1966,6
1966-06-16,72.45989296808463,1966,6
1966-06-17,72.56847492023893,1966,6
1966-06-18,72.63423429680414,1966,6
1966-06-19,72.47879169745676,1966,6
1966-06-20,72.28547874426091,1966,6
1966-06-21,72.32240238109974,1966,6
1966-06-22,72.45559390772884,1966,6
1966-06-23,72.44777479108892,1966,6
1966-06-24,72.5116519219624,1966,6
1966-06-25,72.51948739333194,1966,6
1966-06-26,72.47409089507417,1966,6
1966-06-27,72.58032669717034,1966,6
1966-06-28,72.57269191350112,1966,6
1966-06-29,72.62503756022863,1966,6
1966-06-30,72.59456972740688,1966,6
1966-07-01,72.60457944630056,1966,7
1966-07-02,72.7670828917223,1966,7
1966-07-03,72.67358029429354,1966,7
1966-07-04,72.66166014909867,1966,7
1966-07-05,72.40057514902799,1966,7
1966-07-06,72.37918657603808,1966,7
1966-07-07,72.31477554512496,1966,7
1966-07-08,72.49064359036548,1966,7
1966-07-09,72.6562051284415,1966,7
1966-07-10,72.79571965938986,1966,7
1966-07-11,72.96836037338274,1966,7
1966-07-12,72.83963399566758,1966,7
1966-07-13,72.6497962586716,1966,7
1966-07-14,72.49173833973448,1966,7
1966-07-15,72.490583254839,1966,7
1966-07-16,72.43998366359452,1966,7
1966-07-17,72.37320385678485,1966,7
1966-07-18,72.44485624362528,1966,7
1966-07-19,72.48052335725671,1966,7
1966-07-20,72.46284886809137,1966,7
1966-07-21,72.46533031797985,1966,7
1966-07-22,72.37505054534071,1966,7
1966-07-23,72.37561897396061,1966,7
1966-07-24,72.49710309796194,1966,7
1966-07-25,72.49422472993881,1966,7
1966-07-26,72.29591870786194,1966,7
1966-07-27,72.2639919351349,1966,7
1966-07-28,72.32987684395829,1966,7
1966-07-29,72.43431266373652,1966,7
1966-07-30,72.4422262218726,1966,7
1966-07-31,72.38895618645164,1966,7
1966-08-01,72.32082628251851,1966,8
1966-08-02,72.28188854581904,1966,8
1966-08-03,72.20869488061555,1966,8
1966-08-04,72.28169554876109,1966,8
1966-08-05,72.27705159679894,1966,8
1966-08-06,72.23561504289935,1966,8
1966-08-07,72.22340752988435,1966,8
1966-08-08,72.20172759059884,1966,8
1966-08-09,72.02894702120949,1966,8
1966-08-10,72.09767822336386,1966,8
1966-08-11,72.00094833472903,1966,8
1966-08-12,72.05702479293747,1966,8
1966-08-13,72.00331382777526,1966,8
1966-08-14,72.06567598264435,1966,8
1966-08-15,72.1878152060387,1966,8
1966-08-16,72.23820070448754,1966,8
1966-08-17,72.38124687445311,1966,8
1966-08-18,72.37998027184172,1966,8
1966-08-19,72.21414277984933,1966,8
1966-08-20,72.37309602077636,1966,8
1966-08-21,72.28941124874825,1966,8
1966-08-22,72.4144668592084,1966,8
1966-08-23,72.33185203494871,1966,8
1966-08-24,72.198033739714,1966,8
1966-08-25,72.08309196466114,1966,8
1966-08-26,71.98113519114939,1966,8
1966-08-27,71.94289255068742,1966,8
1966-08-28,71.87774398275087,1966,8
1966-08-29,71.95047240537326,1966,8
1966-08-30,71.9802687578463,1966,8
1966-08-31,71.98193295951725,1966,8
1966-09-01,71.90729946620456,1966,9
1966-09-02,72.1723564852824,1966,9
1966-09-03,72.1868510962242,1966,9
1966-09-04,72.0869772652812,1966,9
1966-09-05,71.9502012545599,1966,9
1966-09-06,72.08614340629548,1966,9
1966-09-07,72.11659561986731,1966,9
1966-09-08,71.98353562632036,1966,9
1966-09-09,71.64214418897708,1966,9
1966-09-10,71.56086460364499,1966,9
1966-09-11,71.551168630896,1966,9
1966-09-12,71.46678015672477,1966,9
1966-09-13,71.45924012354092,1966,9
1966-09-14,71.594135568827,1966,9
1966-09-15,71.72431900793474,1966,9
1966-09-16,71.78105777562438,1966,9
1966-09-17,71.68926094499349,1966,9
1966-09-18,71.49601571558331,1966,9
1966-09-19,71.49871327495991,1966,9
1966-09-20,71.55661625990292,1966,9
1966-09-21,71.61537506378475,1966,9
1966-09-22,71.4956201550962,1966,9
1966-09-23,71.38707391692573,1966,9
1966-09-24,71.31315898415671,1966,9
1966-09-25,71.22181952318074,1966,9
1966-09-26,71.21613295212084,1966,9
1966-09-27,71.23178291459423,1966,9
1966-09-28,71.25537959265174,1966,9
1966-09-29,71.29141336174634,1966,9
1966-09-30,71.33690705797285,1966,9
1966-10-01,71.1230637643579,1966,10
1966-10-02,71.00918957268037,1966,10
1966-10-03,71.17300371983526,1966,10
1966-10-04,71.14661738674721,1966,10
1966-10-05,71.00557301340481,1966,10
1966-10-06,71.10592857080998,1966,10
1966-10-07,70.99757082959887,1966,10
1966-10-08,71.09186846390513,1966,10
1966-10-09,70.94389459102959,1966,10
1966-10-10,70.85872145171297,1966,10
1966-10-11,70.95605288666374,1966,10
1966-10-12,70.89533816808544,1966,10
1966-10-13,70.82516564091638,1966,10
1966-10-14,70.64146750359588,1966,10
1966-10-15,70.49611953103319,1966,10
1966-10-16,70.73667038278525,1966,10
1966-10-17,70.76865811275627,1966,10
1966-10-18,70.88680134746099,1966,10
1966-10-19,70.83968332316539,1966,10
1966-10-20,70.95485679651416,1966,10
1966-10-21,70.98367079334383,1966,10
1966-10-22,70.90106190273562,1966,10
1966-10-23,70.66343592768139,1966,10
1966-10-24,70.40300189626514,1966,10
1966-10-25,70.29671626386191,1966,10
1966-10-26,70.17699491310881,1966,10
1966-10-27,70.06830109964494,1966,10
1966-10-28,70.00762567127762,1966,10
1966-10-29,69.91542985744547,1966,10
1966-10-30,69.92924573324876,1966,10
1966-10-31,70.01163419822083,1966,10
1966-11-01,70.1396020091613,1966,11
1966-11-02,70.00310780476813,1966,11
1966-11-03,69.87087153972371,1966,11
1966-11-04,69.89030384597586,1966,11
1966-11-05,69.90925186576001,1966,11
1966-11-06,70.09253595091428,1966,11
1966-11-07,70.12593484337592,1966,11
1966-11-08,69.86580272791981,1966,11
1966-11-09,69.95371813143566,1966,11
1966-11-10,69.87143474282016,1966,11
1966-11-11,69.91727874539058,1966,11
1966-11-12,69.86706264067513,1966,11
1966-11-13,69.97237363390299,1966,11
1966-11-14,70.39062003691677,1966,11
1966-11-15,70.15483955914597,1966,11
1966-11-16,70.12266557303005,1966,11
1966-11-17,70.13119127150208,1966,11
1966-11-18,69.96537227613759,1966,11
1966-11-19,69.74493216311585,1966,11
1966-11-20,69.71217657075167,1966,11
1966-11-21,69.47185164288263,1966,11
1966-11-22,69.50717589150818,1966,11
1966-11-23,69.58702538341653,1966,11
1966-11-24,69.68486407318134,1966,11
1966-11-25,69.72376086000837,1966,11
1966-11-26,69.64592742859612,1966,11
1966-11-27,69.44314223297305,1966,11
1966-11-28,69.12339238636345,1966,11
1966-11-29,69.14609513948717,1966,11
1966-11-30,69.19653554583857,1966,11
1966-12-01,69.19387229251384,1966,12
1966-12-02,69.08557970160109,1966,12
1966-12-03,68.60150449170578,1966,12
1966-12-04,68.56980637146077,1966,12
1966-12-05,68.6709603216483,1966,12
1966-12-06,68.64007316328149,1966,12
1966-12-07,68.40202283933343,1966,12
1966-12-08,68.3122819960284,1966,12
1966-12-09,68.15510367077967,1966,12
1966-12-10,67.83774861955115,1966,12
1966-12-11,67.89341538772037,1966,12
1966-12-12,67.82944278963207,1966,12
1966-12-13,67.39985849159109,1966,12
1966-12-14,67.43010789373864,1966,12
1966-12-15,67.542276447609,1966,12
1966-12-16,67.56004364690877,1966,12
1966-12-17,67.7037320220354,1966,12
1966-12-18,67.78113392613382,1966,12
1966-12-19,67.70242994473992,1966,12
1966-12-20,67.94102159956525,1966,12
1966-12-21,67.62945001726902,1966,12
1966-12-22,67.40266014526634,1966,12
1966-12-23,67.42834004271803,1966,12
1966-12-24,67.54934718698846,1966,12
1966-12-25,67.90592324454055,1966,12
1966-12-26,67.91173740474939,1966,12
1966-12-27,67.6413773275087,1966,12
1966-12-28,67.73221863445347,1966,12
1966-12-29,67.89163848497465,1966,12
1966-12-30,67.83479235179502,1966,12
1966-12-31,67.9741193025658,1966,12
1967-01-01,67.95477005252458,1967,1
1967-01-02,67.69173713016986,1967,1
1967-01-03,67.67975006336609,1967,1
1967-01-04,67.33619661745172,1967,1
1967-01-05,67.05811886545906,1967,1
1967-01-06,67.24920515363713,1967,1
1967-01-07,67.40388984463803,1967,1
1967-01-08,67.74150739635802,1967,1
1967-01-09,67.994573431802,1967,1
1967-01-10,68.1166857130006,1967,1
1967-01-11,68.15945298218817,1967,1
1967-01-12,67.9971286397915,1967,1
1967-01-13,67.71997034899512,1967,1
1967-01-14,67.34677382224505,1967,1
1967-01-15,67.53284200625465,1967,1
1967-01-16,67.64627329191015,1967,1
1967-01-17,67.60487035534412,1967,1
1967-01-18,67.46855401919383,1967,1
1967-01-19,67.57436219379571,1967,1
1967-01-20,67.54275337324174,1967,1
1967-01-21,67.57702610223099,1967,1
1967-01-22,67.61991498639071,1967,1
1967-01-23,67.59465448160027,1967,1
1967-01-24,67.51669720313227,1967,1
1967-01-25,67.56947378006736,1967,1
1967-01-26,67.60806604719741,1967,1
1967-01-27,67.73516866631665,1967,1
1967-01-28,67.72730669567855,1967,1
1967-01-29,67.4300102837871,1967,1
1967-01-30,67.34738300207898,1967,1
1967-01-31,67.26550687532631,1967,1
1967-02-01,67.26340580069778,1967,2
1967-02-02,67.62518665015597,1967,2
1967-02-03,67.7822125500226,1967,2
1967-02-04,67.94168079649353,1967,2
1967-02-05,68.13035771941234,1967,2
1967-02-06,68.31228089419025,1967,2
1967-02-07,68.41266286361781,1967,2
1967-02-08,68.62660751313793,1967,2
1967-02-09,68.56091283956556,1967,2
1967-02-10,68.37412583737992,1967,2
1967-02-11,68.38329116433142,1967,2
1967-02-12,68.2388669868535,1967,2
1967-02-13,68.52931441866663,1967,2
1967-02-14,68.81273332952043,1967,2
1967-02-15,68.8817829580308,1967,2
1967-02-16,69.00282981342079,1967,2
1967-02-17,69.0281189875884,1967,2
1967-02-18,69.17644731489393,1967,2
1967-02-19,69.36395246531795,1967,2
1967-02-20,69.26849595511716,1967,2
1967-02-21,69.48699472377862,1967,2
1967-02-22,69.1855834906831,1967,2
1967-02-23,68.77590626839262,1967,2
1967-02-24,68.60167327480114,1967,2
1967-02-25,68.44803395353001,1967,2
1967-02-26,68.45378274938531,1967,2
1967-02-27,68.7849682046083,1967,2
1967-02-28,68.96655995340194,1967,2
1967-03-01,69.31232509256569,1967,3
1967-03-02,69.4115234114556,1967,3
1967-03-03,69.61707069183547,1967,3
1967-03-04,69.43264943984143,1967,3
1967-03-05,69.35704598177323,1967,3
1967-03-06,69.26684645156047,1967,3
1967-03-07,69.40249615447625,1967,3
1967-03-08,69.31451958530246,1967,3
1967-03-09,69.59242043195479,1967,3
1967-03-10,69.55382972159848,1967,3
1967-03-11,69.8602748844795,1967,3
1967-03-12,68.35421331095249,1967,3
1967-03-13,68.4856153092361,1967,3
1967-03-14,68.80692093831559,1967,3
1967-03-15,68.86438919787615,1967,3
1967-03-16,68.91551550262213,1967,3
1967-03-17,68.91842747822402,1967,3
1967-03-18,69.05448728750844,1967,3
1967-03-19,69.25884278996837,1967,3
1967-03-20,69.25996118178432,1967,3
1967-03-21,69.46802028641171,1967,3
1967-03-22,69.82309663466133,1967,3
1967-03-23,69.71579840572437,1967,3
1967-03-24,69.63544038785336,1967,3
1967-03-25,70.02613673173315,1967,3
1967-03-26,70.21921926992235,1967,3
1967-03-27,70.0657059390837,1967,3
1967-03-28,70.24462694232858,1967,3
1967-03-29,70.09241464626855,1967,3
1967-03-30,70.19651625788198,1967,3
1967-03-31,70.76187248095982,1967,3
1967-04-01,71.05085271957755,1967,4
1967-04-02,71.04259896111299,1967,4
1967-04-03,70.79703712896746,1967,4
1967-04-04,70.75239541873437,1967,4
1967-04-05,70.66088463156787,1967,4
1967-04-06,70.45087261079551,1967,4
1967-04-07,70.15138393903634,1967,4
1967-04-08,70.3500435599277,1967,4
1967-04-09,70.42240060420251,1967,4
1967-04-10,70.59419665288257,1967,4
1967-04-11,70.93107434249065,1967,4
1967-04-12,71.13904609543725,1967,4
1967-04-13,71.41581986559383,1967,4
1967-04-14,71.58732618537813,1967,4
1967-04-15,71.62096001605593,1967,4
1967-04-16,71.72308592433212,1967,4
1967-04-17,71.73289931531997,1967,4
1967-04-18,72.08182518612024,1967,4
1967-04-19,71.42903603200503,1967,4
1967-04-20,71.28860411102812,1967,4
1967-04-21,71.42650805818818,1967,4
1967-04-22,71.70179725826023,1967,4
1967-04-23,71.93580857431047,1967,4
1967-04-24,71.72697781066007,1967,4
1967-04-25,71.7829796396299,1967,4
1967-04-26,71.79790836916075,1967,4
1967-04-27,71.80580519453694,1967,4
1967-04-28,71.82931663366111,1967,4
1967-04-29,71.85868180945847,1967,4
1967-04-30,72.05586172505932,1967,4
1967-05-01,71.90125090635827,1967,5
1967-05-02,71.88007774053476,1967,5
1967-05-03,71.88399544802276,1967,5
1967-05-04,72.11302946815667,1967,5
1967-05-05,71.69813413511501,1967,5
1967-05-06,71.75004830972746,1967,5
1967-05-07,71.81592691843005,1967,5
1967-05-08,72.10619371343365,1967,5
1967-05-09,72.26926414505384,1967,5
1967-05-10,72.52285116201338,1967,5
1967-05-11,72.44990816788268,1967,5
1967-05-12,72.20390520084102,1967,5
1967-05-13,72.46904357104647,1967,5
1967-05-14,72.20876475262723,1967,5
1967-05-15,72.27711909934827,1967,5
1967-05-16,72.10344515399103,1967,5
1967-05-17,71.98590497046786,1967,5
1967-05-18,72.33064720587497,1967,5
1967-05-19,72.58020798468795,1967,5
1967-05-20,72.97997957304237,1967,5
1967-05-21,73.01365375636759,1967,5
1967-05-22,73.02053057471448,1967,5
1967-05-23,72.95218796186907,1967,5
1967-05-24,72.67702496009149,1967,5
1967-05-25,72.45972433787064,1967,5
1967-05-26,72.28306833534067,1967,5
1967-05-27,72.28387439609126,1967,5
1967-05-28,72.47813776117817,1967,5
1967-05-29,72.55769653450886,1967,5
1967-05-30,72.81378012217414,1967,5
1967-05-31,72.93052984211647,1967,5
1967-06-01,72.92868075525087,1967,6
1967-06-02,72.88448465218146,1967,6
1967-06-03,73.05587561366477,1967,6
1967-06-04,73.1163419406911,1967,6
1967-06-05,73.07423476763141,1967,6
1967-06-06,72.9845539196361,1967,6
1967-06-07,73.07859675634863,1967,6
1967-06-08,73.12095435783867,1967,6
1967-06-09,73.04943052121475,1967,6
1967-06-10,72.73810321952311,1967,6
1967-06-11,72.76098497176065,1967,6
1967-06-12,72.81162299691681,1967,6
1967-06-13,72.81371072601033,1967,6
1967-06-14,72.64974958256181,1967,6
1967-06-15,72.67252619673313,1967,6
1967-06-16,72.1951005676425,1967,6
1967-06-17,72.03937990742456,1967,6
1967-06-18,72.01742369260418,1967,6
1967-06-19,72.17652015705451,1967,6
1967-06-20,72.22688291266051,1967,6
1967-06-21,72.36215936567217,1967,6
1967-06-22,72.35234830232898,1967,6
1967-06-23,72.46552373575744,1967,6
1967-06-24,72.47690222431305,1967,6
1967-06-25,72.44048215913767,1967,6
1967-06-26,72.46741220705974,1967,6
1967-06-27,72.4035531574558,1967,6
1967-06-28,72.19706464975576,1967,6
1967-06-29,72.25908043052742,1967,6
1967-06-30,72.27027175107253,1967,6
1967-07-01,72.31772089022742,1967,7
1967-07-02,72.241483551069,1967,7
1967-07-03,72.33580211820049,1967,7
1967-07-04,72.23037799955395,1967,7
1967-07-05,72.13863632975368,1967,7
1967-07-06,72.1918516523774,1967,7
1967-07-07,72.29928949650878,1967,7
1967-07-08,72.35240722574197,1967,7
1967-07-09,72.30740450433716,1967,7
1967-07-10,72.39322848913088,1967,7
1967-07-11,72.38335181962597,1967,7
1967-07-12,72.47309551806406,1967,7
1967-07-13,72.57082112474859,1967,7
1967-07-14,72.51942047221851,1967,7
1967-07-15,72.51063722332755,1967,7
1967-07-16,72.417692987486,1967,7
1967-07-17,72.39614526431417,1967,7
1967-07-18,72.33972941563886,1967,7
1967-07-19,72.19494452298709,1967,7
1967-07-20,72.27006603808171,1967,7
1967-07-21,72.40267476248127,1967,7
1967-07-22,72.5598290983482,1967,7
1967-07-23,72.38659486280305,1967,7
1967-07-24,72.23095593363124,1967,7
1967-07-25,72.09768967369178,1967,7
1967-07-26,72.11104063561906,1967,7
1967-07-27,72.10300999376763,1967,7
1967-07-28,72.23110438812908,1967,7
1967-07-29,72.21609601595738,1967,7
1967-07-30,72.23792955181682,1967,7
1967-07-31,72.11884253714253,1967,7
1967-08-01,72.10877678991804,1967,8
1967-08-02,72.13764050835604,1967,8
1967-08-03,72.1758977050253,1967,8
1967-08-04,72.15500765738045,1967,8
1967-08-05,72.11292440875928,1967,8
1967-08-06,72.10328820078578,1967,8
1967-08-07,72.10697487927247,1967,8
1967-08-08,72.01264030622035,1967,8
1967-08-09,72.06823395508306,1967,8
1967-08-10,71.95225571693912,1967,8
1967-08-11,71.97739691845169,1967,8
1967-08-12,72.08843768564286,1967,8
1967-08-13,72.12616389280507,1967,8
1967-08-14,72.13447460078753,1967,8
1967-08-15,72.17195305546377,1967,8
1967-08-16,72.14507834014587,1967,8
1967-08-17,72.09917861794999,1967,8
1967-08-18,72.05835990854716,1967,8
1967-08-19,71.98017414394205,1967,8
1967-08-20,72.09040219557382,1967,8
1967-08-21,72.09795394622354,1967,8
1967-08-22,72.00440672909802,1967,8
1967-08-23,71.97622607298435,1967,8
1967-08-24,71.9617030506037,1967,8
1967-08-25,71.92752201272364,1967,8
1967-08-26,71.75995899827606,1967,8
1967-08-27,71.89584329190147,1967,8
1967-08-28,71.83900213582734,1967,8
1967-08-29,71.7781187501696,1967,8
1967-08-30,71.76900515866825,1967,8
1967-08-31,71.81418519573965,1967,8
1967-09-01,71.93180765276047,1967,9
1967-09-02,71.90868231672998,1967,9
1967-09-03,71.80918647258058,1967,9
1967-09-04,71.83044970529627,1967,9
1967-09-05,71.83420107543076,1967,9
1967-09-06,71.85566572614552,1967,9
1967-09-07,71.79474617655441,1967,9
1967-09-08,71.84780119609725,1967,9
1967-09-09,72.0356915298492,1967,9
1967-09-10,71.8785755185924,1967,9
1967-09-11,71.80500558851395,1967,9
1967-09-12,71.7925252095663,1967,9
1967-09-13,71.80948766521205,1967,9
1967-09-14,71.98490486416587,1967,9
1967-09-15,71.85359556369605,1967,9
1967-09-16,71.63251622943943,1967,9
1967-09-17,71.6297257851304,1967,9
1967-09-18,71.72537241715526,1967,9
1967-09-19,71.85297393171604,1967,9
1967-09-20,71.73392316051961,1967,9
1967-09-21,71.67323270626042,1967,9
1967-09-22,71.63968751012729,1967,9
1967-09-23,71.5790573484671,1967,9
1967-09-24,71.6147630221292,1967,9
1967-09-25,71.58641172931992,1967,9
1967-09-26,71.55438209893715,1967,9
1967-09-27,71.44376926461298,1967,9
1967-09-28,71.37954763107766,1967,9
1967-09-29,71.23830084261371,1967,9
1967-09-30,71.2435067707056,1967,9
1967-10-01,71.271799152286,1967,10
1967-10-02,71.21381214712038,1967,10
1967-10-03,71.41722188380824,1967,10
1967-10-04,71.29772688105274,1967,10
1967-10-05,71.30239629237195,1967,10
1967-10-06,71.34489453276926,1967,10
1967-10-07,71.39389041834038,1967,10
1967-10-08,71.36691402040401,1967,10
1967-10-09,71.02966572335632,1967,10
1967-10-10,71.17103698923621,1967,10
1967-10-11,71.13413345898383,1967,10
1967-10-12,70.91556918127161,1967,10
1967-10-13,70.82592407065917,1967,10
1967-10-14,70.59736536444693,1967,10
1967-10-15,70.61538085806232,1967,10
1967-10-16,70.58432976298806,1967,10
1967-10-17,70.55150307139051,1967,10
1967-10-18,70.64551940950442,1967,10
1967-10-19,70.46712321761841,1967,10
1967-10-20,70.33130681629933,1967,10
1967-10-21,70.05480726025131,1967,10
1967-10-22,69.83331260259222,1967,10
1967-10-23,69.62647271067347,1967,10
1967-10-24,69.73228408656942,1967,10
1967-10-25,69.8359849457301,1967,10
1967-10-26,69.82656537254212,1967,10
1967-10-27,69.8044516152472,1967,10
1967-10-28,69.89156400476205,1967,10
1967-10-29,69.94077176084538,1967,10
1967-10-30,70.05163799357668,1967,10
1967-10-31,69.8288729572702,1967,10
1967-11-01,69.77120724210512,1967,11
1967-11-02,69.66402631673965,1967,11
1967-11-03,69.60419148438353,1967,11
1967-11-04,69.46966503648329,1967,11
1967-11-05,69.40893238682563,1967,11
1967-11-06,69.24903908892684,1967,11
1967-11-07,69.1136427778231,1967,11
1967-11-08,69.22813424673505,1967,11
1967-11-09,69.07733316529524,1967,11
1967-11-10,68.92089068119132,1967,11
1967-11-11,68.9234586386249,1967,11
1967-11-12,68.84841527994853,1967,11
1967-11-13,68.82710869264515,1967,11
1967-11-14,68.80052647202277,1967,11
1967-11-15,68.8661454615351,1967,11
1967-11-16,68.79856332541371,1967,11
1967-11-17,68.70080402399745,1967,11
1967-11-18,68.83492128979336,1967,11
1967-11-19,68.7690260834269,1967,11
1967-11-20,68.80338243794107,1967,11
1967-11-21,68.87882428573583,1967,11
1967-11-22,68.9222302560388,1967,11
1967-11-23,69.06469652752486,1967,11
1967-11-24,69.00706218662543,1967,11
1967-11-25,68.80255097238025,1967,11
1967-11-26,68.74008761600591,1967,11
1967-11-27,68.82737437519536,1967,11
1967-11-28,68.87758475377467,1967,11
1967-11-29,68.93705911849405,1967,11
1967-11-30,68.98081561440921,1967,11
1967-12-01,68.86876225000641,1967,12
1967-12-02,69.01072688101485,1967,12
1967-12-03,68.9970455341969,1967,12
1967-12-04,68.92296040358183,1967,12
1967-12-05,68.60561463265742,1967,12
1967-12-06,68.43597771756933,1967,12
1967-12-07,68.32385574532904,1967,12
1967-12-08,68.409722333517,1967,12
1967-12-09,68.75194714759698,1967,12
1967-12-10,69.1304523748116,1967,12
1967-12-11,69.3600838626976,1967,12
1967-12-12,69.1931294178435,1967,12
1967-12-13,69.16751552260644,1967,12
1967-12-14,69.19432443838149,1967,12
1967-12-15,69.23412630985194,1967,12
1967-12-16,69.08998088781452,1967,12
1967-12-17,68.89263239257086,1967,12
1967-12-18,68.67812288397538,1967,12
1967-12-19,68.48482350762595,1967,12
1967-12-20,68.45150690853538,1967,12
1967-12-21,68.44474627056738,1967,12
1967-12-22,68.57225031607362,1967,12
1967-12-23,68.80408715914865,1967,12
1967-12-24,68.52939121213817,1967,12
1967-12-25,68.43847992355846,1967,12
1967-12-26,68.71419463173876,1967,12
1967-12-27,68.84946165289287,1967,12
1967-12-28,68.9114816942938,1967,12
1967-12-29,68.89969721974441,1967,12
1967-12-30,68.70558860273924,1967,12
1967-12-31,68.76597906419934,1967,12
1968-01-01,68.55050399299053,1968,1
1968-01-02,68.34993318194249,1968,1
1968-01-03,68.32084623308357,1968,1
1968-01-04,68.62781166613786,1968,1
1968-01-05,68.83557578104934,1968,1
1968-01-06,68.7260214467026,1968,1
1968-01-07,68.53589303480811,1968,1
1968-01-08,68.12858139674442,1968,1
1968-01-09,67.95055798432072,1968,1
1968-01-10,68.23667919076036,1968,1
1968-01-11,67.99720171298257,1968,1
1968-01-12,67.92984079158413,1968,1
1968-01-13,67.76614067793382,1968,1
1968-01-14,67.69326573910156,1968,1
1968-01-15,67.27551258652848,1968,1
1968-01-16,67.05438724737101,1968,1
1968-01-17,66.93634078158883,1968,1
1968-01-18,66.93840905661763,1968,1
1968-01-19,67.09071705400812,1968,1
1968-01-20,67.41882205096594,1968,1
1968-01-21,67.64722648166067,1968,1
1968-01-22,67.42298007834009,1968,1
1968-01-23,67.47226211631434,1968,1
1968-01-24,67.5986497418518,1968,1
1968-01-25,67.79321456615969,1968,1
1968-01-26,67.68545444232016,1968,1
1968-01-27,68.26825770431846,1968,1
1968-01-28,68.67546108046577,1968,1
1968-01-29,68.67944313438457,1968,1
1968-01-30,68.74066814136312,1968,1
1968-01-31,68.3373224530343,1968,1
1968-02-01,68.0686134378841,1968,2
1968-02-02,67.93662578516867,1968,2
1968-02-03,67.86609911090899,1968,2
1968-02-04,67.64896865921969,1968,2
1968-02-05,67.89518572670934,1968,2
1968-02-06,68.3412107504704,1968,2
1968-02-07,68.21347638974319,1968,2
1968-02-08,67.98757889375739,1968,2
1968-02-09,67.85468070214395,1968,2
1968-02-10,67.73830740132298,1968,2
1968-02-11,67.9664351244708,1968,2
1968-02-12,67.8629008677702,1968,2
1968-02-13,67.91716551655685,1968,2
1968-02-14,68.27504007307049,1968,2
1968-02-15,68.36729850082523,1968,2
1968-02-16,68.40659339189446,1968,2
1968-02-17,68.46125248503995,1968,2
1968-02-18,68.76407891766594,1968,2
1968-02-19,68.850138012748,1968,2
1968-02-20,69.07201621784573,1968,2
1968-02-21,68.75150792123598,1968,2
1968-02-22,68.59789829151124,1968,2
1968-02-23,68.48555081021746,1968,2
1968-02-24,68.83145677968045,1968,2
1968-02-25,68.93213661164485,1968,2
1968-02-26,69.06155877333455,1968,2
1968-02-27,69.52859530998818,1968,2
1968-02-28,69.63920760950627,1968,2
1968-02-29,69.37217889153858,1968,2
1968-03-01,69.03194970931446,1968,3
1968-03-02,69.06216608219238,1968,3
1968-03-03,69.0825786969335,1968,3
1968-03-04,69.30025696172054,1968,3
1968-03-05,69.32446556791547,1968,3
1968-03-06,69.40853298806933,1968,3
1968-03-07,69.51147823845211,1968,3
1968-03-08,69.63579859905714,1968,3
1968-03-09,69.74948184930766,1968,3
1968-03-10,70.00798766700022,1968,3
1968-03-11,69.9658929742311,1968,3
1968-03-12,70.1383795076703,1968,3
1968-03-13,70.20037646673778,1968,3
1968-03-14,70.14320747809705,1968,3
1968-03-15,69.99472499552031,1968,3
1968-03-16,69.98561715662471,1968,3
1968-03-17,70.02998655917716,1968,3
1968-03-18,70.47248597987353,1968,3
1968-03-19,70.30933110254558,1968,3
1968-03-20,70.26744588671892,1968,3
1968-03-21,70.17529325235394,1968,3
1968-03-22,70.07183841708938,1968,3
1968-03-23,69.89354798325964,1968,3
1968-03-24,69.9517605162839,1968,3
1968-03-25,70.10695132866769,1968,3
1968-03-26,70.45429417237969,1968,3
1968-03-27,70.52335306535238,1968,3
1968-03-28,70.35495090598512,1968,3
1968-03-29,69.78644666152331,1968,3
1968-03-30,69.24261346702649,1968,3
1968-03-31,69.23461063839514,1968,3
1968-04-01,69.76785698195455,1968,4
1968-04-02,70.11085840349348,1968,4
1968-04-03,70.22648564153268,1968,4
1968-04-04,70.1660281716482,1968,4
1968-04-05,70.39398465275507,1968,4
1968-04-06,70.88136767852527,1968,4
1968-04-07,71.08283919160493,1968,4
1968-04-08,71.18233393676843,1968,4
1968-04-09,71.35711967834234,1968,4
1968-04-10,71.30291348698562,1968,4
1968-04-11,71.26108696162713,1968,4
1968-04-12,71.18776994400417,1968,4
1968-04-13,71.41942830748906,1968,4
1968-04-14,71.45236056106921,1968,4
1968-04-15,71.43333936983042,1968,4
1968-04-16,71.48163544825799,1968,4
1968-04-17,71.10155274812593,1968,4
1968-04-18,70.98249967231725,1968,4
1968-04-19,71.11613543584131,1968,4
1968-04-20,71.14701652427327,1968,4
1968-04-21,71.35255833377667,1968,4
1968-04-22,71.61994743011563,1968,4
1968-04-23,71.40105842706929,1968,4
1968-04-24,71.7987918131662,1968,4
1968-04-25,71.83023033916582,1968,4
1968-04-26,71.82215261227346,1968,4
1968-04-27,71.64294064279154,1968,4
1968-04-28,71.89779724656898,1968,4
1968-04-29,71.91217099514431,1968,4
1968-04-30,72.00827037142325,1968,4
1968-05-01,72.01786749679937,1968,5
1968-05-02,71.81577612720456,1968,5
1968-05-03,71.94952566459268,1968,5
1968-05-04,71.95920492173605,1968,5
1968-05-05,71.8081075001138,1968,5
1968-05-06,71.66857269419549,1968,5
1968-05-07,71.31869908730259,1968,5
1968-05-08,71.32930712128127,1968,5
1968-05-09,71.45542405351941,1968,5
1968-05-10,71.45602517384101,1968,5
1968-05-11,71.5916757109075,1968,5
1968-05-12,71.78237865363786,1968,5
1968-05-13,72.05218379585158,1968,5
1968-05-14,72.05432077349624,1968,5
1968-05-15,72.17032361470174,1968,5
1968-05-16,72.20495501396042,1968,5
1968-05-17,72.20780571721419,1968,5
1968-05-18,72.36192121520115,1968,5
1968-05-19,72.2540162030588,1968,5
1968-05-20,72.19720365207087,1968,5
1968-05-21,72.19317322149445,1968,5
1968-05-22,72.26494692516258,1968,5
1968-05-23,72.29746723377603,1968,5
1968-05-24,72.41007501176475,1968,5
1968-05-25,72.52970023775349,1968,5
1968-05-26,72.53160994001841,1968,5
1968-05-27,72.82873068489056,1968,5
1968-05-28,72.79451215595031,1968,5
1968-05-29,72.89086553891016,1968,5
1968-05-30,72.7661941875476,1968,5
1968-05-31,72.68603109256252,1968,5
1968-06-01,72.82862066041909,1968,6
1968-06-02,72.72206725178039,1968,6
1968-06-03,72.54600101737732,1968,6
1968-06-04,72.40331070374037,1968,6
1968-06-05,72.52757555140842,1968,6
1968-06-06,72.71934458717836,1968,6
1968-06-07,72.6272425929188,1968,6
1968-06-08,72.63725487779251,1968,6
1968-06-09,72.650811410304,1968,6
1968-06-10,72.61737847243809,1968,6
1968-06-11,72.53352234521421,1968,6
1968-06-12,72.47666732022323,1968,6
1968-06-13,72.50290424519508,1968,6
1968-06-14,72.65019313023127,1968,6
1968-06-15,72.52558481133678,1968,6
1968-06-16,72.44264065776206,1968,6
1968-06-17,72.56945396076719,1968,6
1968-06-18,72.50445921567635,1968,6
1968-06-19,72.54600470371818,1968,6
1968-06-20,72.5102344781873,1968,6
1968-06-21,72.55228870069244,1968,6
1968-06-22,72.52952246555876,1968,6
1968-06-23,72.53757872383794,1968,6
1968-06-24,72.48623316447456,1968,6
1968-06-25,72.52684569166148,1968,6
1968-06-26,72.39507058232721,1968,6
1968-06-27,72.25556072455666,1968,6
1968-06-28,72.08801662584533,1968,6
1968-06-29,72.2801275737885,1968,6
1968-06-30,72.41361147055208,1968,6
1968-07-01,72.48403926269995,1968,7
1968-07-02,72.51129358965574,1968,7
1968-07-03,72.48365388681019,1968,7
1968-07-04,72.36857435215369,1968,7
1968-07-05,72.27258602274509,1968,7
1968-07-06,72.20648534052663,1968,7
1968-07-07,72.1649011038515,1968,7
1968-07-08,72.21837746739745,1968,7
1968-07-09,72.0794381601906,1968,7
1968-07-10,72.1204818906031,1968,7
1968-07-11,72.08829680586118,1968,7
1968-07-12,72.13861290768047,1968,7
1968-07-13,72.19049622844933,1968,7
1968-07-14,72.23620789931769,1968,7
1968-07-15,72.30676225921435,1968,7
1968-07-16,72.32597206899015,1968,7
1968-07-17,72.1989393663808,1968,7
1968-07-18,72.14344191565426,1968,7
1968-07-19,72.12265040820344,1968,7
1968-07-20,72.14511126398389,1968,7
1968-07-21,72.04533231227114,1968,7
1968-07-22,71.97887252711864,1968,7
1968-07-23,71.88896065017819,1968,7
1968-07-24,71.94105315823131,1968,7
1968-07-25,72.01635935469307,1968,7
1968-07-26,72.14411005520236,1968,7
1968-07-27,72.21176868248531,1968,7
1968-07-28,72.13920758137552,1968,7
1968-07-29,72.16638319792725,1968,7
1968-07-30,72.07790167675236,1968,7
1968-07-31,72.17217186986639,1968,7
1968-08-01,72.18036048138738,1968,8
1968-08-02,72.14731068710842,1968,8
1968-08-03,72.09269422715123,1968,8
1968-08-04,72.09481178202981,1968,8
1968-08-05,72.08854606189692,1968,8
1968-08-06,72.0345117508437,1968,8
1968-08-07,72.07304196799282,1968,8
1968-08-08,72.10145382215104,1968,8
1968-08-09,72.01083769686086,1968,8
1968-08-10,72.03583902155415,1968,8
1968-08-11,72.08207171579065,1968,8
1968-08-12,72.11048092861435,1968,8
1968-08-13,72.07676358867913,1968,8
1968-08-14,72.05900600513061,1968,8
1968-08-15,71.99315184832489,1968,8
1968-08-16,71.9837212535079,1968,8
1968-08-17,72.09173311525099,1968,8
1968-08-18,72.06106009242694,1968,8
1968-08-19,72.02945541555091,1968,8
1968-08-20,72.08754309772351,1968,8
1968-08-21,71.98947806396377,1968,8
1968-08-22,71.88858934896771,1968,8
1968-08-23,71.95481108960988,1968,8
1968-08-24,71.90739402209692,1968,8
1968-08-25,71.90964551597472,1968,8
1968-08-26,71.83634768837852,1968,8
1968-08-27,71.82646928665878,1968,8
1968-08-28,71.75027846771545,1968,8
1968-08-29,71.73626076518174,1968,8
1968-08-30,71.73645795926355,1968,8
1968-08-31,71.72338984417982,1968,8
1968-09-01,71.82625240212712,1968,9
1968-09-02,71.94134114105539,1968,9
1968-09-03,71.90706091465178,1968,9
1968-09-04,71.84666419577253,1968,9
1968-09-05,71.7617287115462,1968,9
1968-09-06,71.79439093151703,1968,9
1968-09-07,71.76802608130498,1968,9
1968-09-08,71.79189954696268,1968,9
1968-09-09,71.85872469996836,1968,9
1968-09-10,71.85210150252271,1968,9
1968-09-11,71.9188620389338,1968,9
1968-09-12,71.94477367723229,1968,9
1968-09-13,71.91961132282002,1968,9
1968-09-14,72.01737400375094,1968,9
1968-09-15,71.90311626527674,1968,9
1968-09-16,71.86122303760447,1968,9
1968-09-17,71.88066931061768,1968,9
1968-09-18,71.79866985922469,1968,9
1968-09-19,71.75789400267804,1968,9
1968-09-20,71.75021044871762,1968,9
1968-09-21,71.94789134494853,1968,9
1968-09-22,71.92148439547292,1968,9
1968-09-23,71.96081627331479,1968,9
1968-09-24,71.95988939034615,1968,9
1968-09-25,71.86613069575468,1968,9
1968-09-26,71.94393918752334,1968,9
1968-09-27,71.9265149552632,1968,9
1968-09-28,71.84619014624619,1968,9
1968-09-29,71.77580256989502,1968,9
1968-09-30,71.67881641243812,1968,9
1968-10-01,71.68669232949098,1968,10
1968-10-02,71.68390803611595,1968,10
1968-10-03,71.43031674407919,1968,10
1968-10-04,71.48101412517356,1968,10
1968-10-05,71.55624042437857,1968,10
1968-10-06,71.42727423445015,1968,10
1968-10-07,71.39560039497229,1968,10
1968-10-08,71.32321310854236,1968,10
1968-10-09,70.89628232826927,1968,10
1968-10-10,71.00476326559294,1968,10
1968-10-11,70.95896756026669,1968,10
1968-10-12,70.91701299548733,1968,10
1968-10-13,70.74617527266433,1968,10
1968-10-14,70.78991701008081,1968,10
1968-10-15,70.6263534024961,1968,10
1968-10-16,70.62835710705538,1968,10
1968-10-17,70.61188397124967,1968,10
1968-10-18,70.22271844041926,1968,10
1968-10-19,70.4164871582088,1968,10
1968-10-20,70.35991348063652,1968,10
1968-10-21,70.2549797932902,1968,10
1968-10-22,70.14103826292649,1968,10
1968-10-23,70.15643553201951,1968,10
1968-10-24,70.00770209833252,1968,10
1968-10-25,69.91715865581313,1968,10
1968-10-26,69.88688227294371,1968,10
1968-10-27,70.03268903314311,1968,10
1968-10-28,69.88203315896816,1968,10
1968-10-29,70.27350006511297,1968,10
1968-10-30,70.31950358823697,1968,10
1968-10-31,70.19489976451514,1968,10
1968-11-01,70.02961893660321,1968,11
1968-11-02,69.78527057724463,1968,11
1968-11-03,69.65249585884219,1968,11
1968-11-04,69.44246959178852,1968,11
1968-11-05,69.4486495823937,1968,11
1968-11-06,69.60195700398738,1968,11
1968-11-07,69.60276818040279,1968,11
1968-11-08,69.60899565011978,1968,11
1968-11-09,69.60490695986397,1968,11
1968-11-10,69.34430221560847,1968,11
1968-11-11,68.97962120850286,1968,11
1968-11-12,68.9876199864314,1968,11
1968-11-13,69.04566324859972,1968,11
1968-11-14,69.12014599860716,1968,11
1968-11-15,69.19553881952224,1968,11
1968-11-16,69.10297859047641,1968,11
1968-11-17,68.88949946787208,1968,11
1968-11-18,68.80044402367218,1968,11
1968-11-19,68.75542873652651,1968,11
1968-11-20,68.92682985195067,1968,11
1968-11-21,68.79939433428959,1968,11
1968-11-22,68.75035127680239,1968,11
1968-11-23,68.14540910141619,1968,11
1968-11-24,68.55877621008477,1968,11
1968-11-25,68.39537025188734,1968,11
1968-11-26,68.24443031648958,1968,11
1968-11-27,68.19803326482506,1968,11
1968-11-28,68.07069549778267,1968,11
1968-11-29,68.11564438954146,1968,11
1968-11-30,68.20469213950715,1968,11
1968-12-01,68.08195545192542,1968,12
1968-12-02,67.95375810347576,1968,12
1968-12-03,67.90519458903181,1968,12
1968-12-04,67.96952676287407,1968,12
1968-12-05,68.02763417374379,1968,12
1968-12-06,68.40931889080507,1968,12
1968-12-07,68.4751642433148,1968,12
1968-12-08,68.2570451596437,1968,12
1968-12-09,68.15076626214265,1968,12
1968-12-10,68.02465559104357,1968,12
1968-12-11,68.0738087530905,1968,12
1968-12-12,68.08745426919147,1968,12
1968-12-13,67.83512307879018,1968,12
1968-12-14,67.89459844180226,1968,12
1968-12-15,67.65937156248636,1968,12
1968-12-16,67.57083812783303,1968,12
1968-12-17,67.45570247301005,1968,12
1968-12-18,67.50314318438411,1968,12
1968-12-19,67.5452531258058,1968,12
1968-12-20,67.59925333733364,1968,12
1968-12-21,67.68978794342975,1968,12
1968-12-22,67.6168520550485,1968,12
1968-12-23,67.55394088349479,1968,12
1968-12-24,67.68067299455053,1968,12
1968-12-25,67.65112681492373,1968,12
1968-12-26,67.48372852230747,1968,12
1968-12-27,67.11595380104119,1968,12
1968-12-28,66.68688824406262,1968,12
1968-12-29,66.62588646194342,1968,12
1968-12-30,67.04694551378434,1968,12
1968-12-31,67.55959217212524,1968,12
1969-01-01,65.88786781914325,1969,1
1969-01-02,65.8170820829954,1969,1
1969-01-03,65.68786557548938,1969,1
1969-01-04,65.67989226925233,1969,1
1969-01-05,65.67322529842194,1969,1
1969-01-06,65.70374980905474,1969,1
1969-01-07,66.01093713520306,1969,1
1969-01-08,65.95282100416938,1969,1
1969-01-09,66.08781891122098,1969,1
1969-01-10,66.15496005694251,1969,1
1969-01-11,66.03829878057218,1969,1
1969-01-12,65.97469087837756,1969,1
1969-01-13,66.55946931026511,1969,1
1969-01-14,65.65481308528038,1969,1
1969-01-15,64.99586421022542,1969,1
1969-01-16,64.88144055302259,1969,1
1969-01-17,65.21086786405615,1969,1
1969-01-18,65.31647587814535,1969,1
1969-01-19,65.39551690188081,1969,1
1969-01-20,65.5583910313967,1969,1
1969-01-21,65.61530339714969,1969,1
1969-01-22,65.6171155339162,1969,1
1969-01-23,65.60907710548003,1969,1
1969-01-24,65.6506181970335,1969,1
1969-01-25,65.7291121009896,1969,1
1969-01-26,66.03174236663203,1969,1
1969-01-27,66.25746827655028,1969,1
1969-01-28,65.88233705884818,1969,1
1969-01-29,65.68856918630685,1969,1
1969-01-30,65.40637513229969,1969,1
1969-01-31,65.63066727617326,1969,1
1969-02-01,66.30707808975907,1969,2
1969-02-02,66.25648694180835,1969,2
1969-02-03,66.11234909742224,1969,2
1969-02-04,66.12003098930448,1969,2
1969-02-05,65.94164375441757,1969,2
1969-02-06,65.85036055366713,1969,2
1969-02-07,65.84482432838821,1969,2
1969-02-08,65.95524669880504,1969,2
1969-02-09,66.07714448036864,1969,2
1969-02-10,65.99769862207656,1969,2
1969-02-11,66.17483621253125,1969,2
1969-02-12,66.36891409704887,1969,2
1969-02-13,66.89786471066206,1969,2
1969-02-14,66.94998946194966,1969,2
1969-02-15,66.89648933848765,1969,2
1969-02-16,67.1131091587002,1969,2
1969-02-17,67.1898203667471,1969,2
1969-02-18,67.31496206207495,1969,2
1969-02-19,67.15087513475201,1969,2
1969-02-20,66.87664663507395,1969,2
1969-02-21,66.63667442327153,1969,2
1969-02-22,66.68263794814017,1969,2
1969-02-23,67.17292049238361,1969,2
1969-02-24,67.41470849316693,1969,2
1969-02-25,67.64009551629697,1969,2
1969-02-26,67.92040289907189,1969,2
1969-02-27,68.04241810609625,1969,2
1969-02-28,68.04796051321199,1969,2
1969-03-01,67.79552703312967,1969,3
1969-03-02,67.6601730020706,1969,3
1969-03-03,67.5799188327918,1969,3
1969-03-04,67.7940160875283,1969,3
1969-03-05,67.96585549291038,1969,3
1969-03-06,68.17053264347773,1969,3
1969-03-07,68.2736730542657,1969,3
1969-03-08,68.47353676956492,1969,3
1969-03-09,68.55649526349141,1969,3
1969-03-10,68.42689040376654,1969,3
1969-03-11,68.448481668992,1969,3
1969-03-12,68.45713745632256,1969,3
1969-03-13,68.5698324259729,1969,3
1969-03-14,68.69017120188612,1969,3
1969-03-15,69.05376495883323,1969,3
1969-03-16,69.02608788305207,1969,3
1969-03-17,69.0857062349542,1969,3
1969-03-18,69.28731726850779,1969,3
1969-03-19,68.96334826340997,1969,3
1969-03-20,68.55067043399511,1969,3
1969-03-21,68.48250709107535,1969,3
1969-03-22,68.74854920976601,1969,3
1969-03-23,68.96568269638173,1969,3
1969-03-24,69.22494274176412,1969,3
1969-03-25,69.40626360088869,1969,3
1969-03-26,69.97233111866912,1969,3
1969-03-27,69.21407913637313,1969,3
1969-03-28,69.25502192819451,1969,3
1969-03-29,69.10597629297702,1969,3
1969-03-30,68.97372945519452,1969,3
1969-03-31,69.06764415960738,1969,3
1969-04-01,69.21145370109461,1969,4
1969-04-02,69.27235994872687,1969,4
1969-04-03,69.35845251091796,1969,4
1969-04-04,69.45814871921739,1969,4
1969-04-05,69.73245841438377,1969,4
1969-04-06,69.83863278057275,1969,4
1969-04-07,69.67690826044223,1969,4
1969-04-08,69.68689229691824,1969,4
1969-04-09,69.7998946215154,1969,4
1969-04-10,69.86414837775287,1969,4
1969-04-11,70.1358557733729,1969,4
1969-04-12,70.38471649619564,1969,4
1969-04-13,70.48094752688799,1969,4
1969-04-14,70.47370694903285,1969,4
1969-04-15,70.5603622106655,1969,4
1969-04-16,70.68749894820654,1969,4
1969-04-17,70.46083120194476,1969,4
1969-04-18,69.78147365259312,1969,4
1969-04-19,69.8598935945799,1969,4
1969-04-20,70.23070895503024,1969,4
1969-04-21,70.41444336145939,1969,4
1969-04-22,69.83945914711252,1969,4
1969-04-23,69.62258448371132,1969,4
1969-04-24,69.39794485558689,1969,4
1969-04-25,69.62519581786562,1969,4
1969-04-26,69.91028057780885,1969,4
1969-04-27,69.97149252117012,1969,4
1969-04-28,70.32501556099187,1969,4
1969-04-29,70.41591851161483,1969,4
1969-04-30,69.86647647308713,1969,4
1969-05-01,69.8873655497546,1969,5
1969-05-02,69.38144789549563,1969,5
1969-05-03,69.63221433073423,1969,5
1969-05-04,69.93537456827988,1969,5
1969-05-05,70.00752127750874,1969,5
1969-05-06,70.27348241745108,1969,5
1969-05-07,70.43571650554934,1969,5
1969-05-08,70.56954450790485,1969,5
1969-05-09,70.78195302474825,1969,5
1969-05-10,70.87490876904813,1969,5
1969-05-11,71.1536404004528,1969,5
1969-05-12,70.80824942015633,1969,5
1969-05-13,70.74357641664542,1969,5
1969-05-14,70.75012145329254,1969,5
1969-05-15,70.51011924991703,1969,5
1969-05-16,70.64063185678759,1969,5
1969-05-17,70.65615936628133,1969,5
1969-05-18,70.6905632844447,1969,5
1969-05-19,70.93009431302318,1969,5
1969-05-20,71.35208414329728,1969,5
1969-05-21,70.7307573034793,1969,5
1969-05-22,71.08279531832535,1969,5
1969-05-23,71.37632830071874,1969,5
1969-05-24,71.4645618555832,1969,5
1969-05-25,71.39635814507444,1969,5
1969-05-26,71.42466735249833,1969,5
1969-05-27,71.57009570110871,1969,5
1969-05-28,71.34182445208829,1969,5
1969-05-29,71.4086765707416,1969,5
1969-05-30,71.50860572642763,1969,5
1969-05-31,71.40108703285803,1969,5
1969-06-01,71.72743759215751,1969,6
1969-06-02,71.67122631013238,1969,6
1969-06-03,71.54221876338492,1969,6
1969-06-04,71.13509657081846,1969,6
1969-06-05,71.04849599852407,1969,6
1969-06-06,71.12407329016676,1969,6
1969-06-07,71.07572923983875,1969,6
1969-06-08,71.21387256410384,1969,6
1969-06-09,71.37955210398052,1969,6
1969-06-10,71.54494035850058,1969,6
1969-06-11,71.53452667778936,1969,6
1969-06-12,71.25838281994724,1969,6
1969-06-13,71.1835892064999,1969,6
1969-06-14,71.23809105616031,1969,6
1969-06-15,71.21270699443565,1969,6
1969-06-16,71.20980407415364,1969,6
1969-06-17,71.33179254801628,1969,6
1969-06-18,71.2576075027304,1969,6
1969-06-19,71.20731577510614,1969,6
1969-06-20,71.26868706079651,1969,6
1969-06-21,71.2711255171026,1969,6
1969-06-22,71.24270374426139,1969,6
1969-06-23,71.38439220258472,1969,6
1969-06-24,71.25819874311772,1969,6
1969-06-25,71.28580856666994,1969,6
1969-06-26,71.126681154274,1969,6
1969-06-27,71.18525604414828,1969,6
1969-06-28,71.07269683735797,1969,6
1969-06-29,71.23568794786031,1969,6
1969-06-30,71.06988813350817,1969,6
1969-07-01,70.85685742020017,1969,7
1969-07-02,71.04750775998843,1969,7
1969-07-03,71.00902279871939,1969,7
1969-07-04,71.02571023227271,1969,7
1969-07-05,70.96515353609841,1969,7
1969-07-06,71.10921982664149,1969,7
1969-07-07,71.12577821191992,1969,7
1969-07-08,71.03966814741246,1969,7
1969-07-09,70.96697771184722,1969,7
1969-07-10,71.01026485227253,1969,7
1969-07-11,71.0421661154278,1969,7
1969-07-12,70.88932218180815,1969,7
1969-07-13,70.9637895117784,1969,7
1969-07-14,70.97057552377555,1969,7
1969-07-15,70.88701124960772,1969,7
1969-07-16,70.9121735939565,1969,7
1969-07-17,70.84447024426946,1969,7
1969-07-18,70.78505760518705,1969,7
1969-07-19,70.94540506603977,1969,7
1969-07-20,70.90851369854623,1969,7
1969-07-21,70.84981656213053,1969,7
1969-07-22,70.88268490233138,1969,7
1969-07-23,70.96494486777316,1969,7
1969-07-24,70.74377381366413,1969,7
1969-07-25,70.71936253284288,1969,7
1969-07-26,70.71518247223078,1969,7
1969-07-27,70.82869106328795,1969,7
1969-07-28,70.72756881791709,1969,7
1969-07-29,70.65800624120972,1969,7
1969-07-30,70.78114238009628,1969,7
1969-07-31,70.91076133228945,1969,7
1969-08-01,70.99693481827876,1969,8
1969-08-02,70.90850959017895,1969,8
1969-08-03,70.84889001955415,1969,8
1969-08-04,70.849166347668,1969,8
1969-08-05,70.91793020872782,1969,8
1969-08-06,70.8234837849644,1969,8
1969-08-07,70.75509760159716,1969,8
1969-08-08,70.74919127157668,1969,8
1969-08-09,70.72425484792377,1969,8
1969-08-10,70.78620765963683,1969,8
1969-08-11,70.84223498328923,1969,8
1969-08-12,70.646353267133,1969,8
1969-08-13,70.72269631162727,1969,8
1969-08-14,70.60590993043608,1969,8
1969-08-15,70.54826346305178,1969,8
1969-08-16,70.57059911302507,1969,8
1969-08-17,70.5695450236703,1969,8
1969-08-18,70.52008095534858,1969,8
1969-08-19,70.55627204226623,1969,8
1969-08-20,70.54213948951337,1969,8
1969-08-21,70.39440085704119,1969,8
1969-08-22,70.3736650781298,1969,8
1969-08-23,70.46214080482603,1969,8
1969-08-24,70.4709738898497,1969,8
1969-08-25,70.52035521314643,1969,8
1969-08-26,70.59568165910716,1969,8
1969-08-27,70.63281770183448,1969,8
1969-08-28,70.6774503507081,1969,8
1969-08-29,70.72480583230492,1969,8
1969-08-30,70.71956109804009,1969,8
1969-08-31,70.73279735481293,1969,8
1969-09-01,70.79551602361941,1969,9
1969-09-02,70.8300718297531,1969,9
1969-09-03,70.73946099633872,1969,9
1969-09-04,70.73913472221199,1969,9
1969-09-05,70.85139639802021,1969,9
1969-09-06,70.60989001889487,1969,9
1969-09-07,70.55784404926513,1969,9
1969-09-08,70.47143024379028,1969,9
1969-09-09,70.46768233092008,1969,9
1969-09-10,70.42666277353949,1969,9
1969-09-11,70.41257517081456,1969,9
1969-09-12,70.46747601629163,1969,9
1969-09-13,70.52593591499729,1969,9
1969-09-14,70.4787745310567,1969,9
1969-09-15,70.40802302901855,1969,9
1969-09-16,70.40985871605135,1969,9
1969-09-17,70.4059359062672,1969,9
1969-09-18,70.25426329114276,1969,9
1969-09-19,70.10747951322612,1969,9
1969-09-20,70.07527976097126,1969,9
1969-09-21,70.09508524280014,1969,9
1969-09-22,70.11976016825979,1969,9
1969-09-23,70.05975980986992,1969,9
1969-09-24,69.94533587915274,1969,9
1969-09-25,69.92686182549598,1969,9
1969-09-26,69.87511288526485,1969,9
1969-09-27,69.76899712148857,1969,9
1969-09-28,69.79077711546697,1969,9
1969-09-29,69.85534836264159,1969,9
1969-09-30,69.88009160109965,1969,9
1969-10-01,69.7585554951823,1969,10
1969-10-02,69.68373707485395,1969,10
1969-10-03,69.61580795469358,1969,10
1969-10-04,69.58718304766828,1969,10
1969-10-05,69.54855982292892,1969,10
1969-10-06,69.56162353376799,1969,10
1969-10-07,69.56431175575338,1969,10
1969-10-08,69.56133591586014,1969,10
1969-10-09,69.50379625638527,1969,10
1969-10-10,69.53343494305913,1969,10
1969-10-11,69.31887454533206,1969,10
1969-10-12,69.2821472970785,1969,10
1969-10-13,69.35424639613534,1969,10
1969-10-14,69.31137614448481,1969,10
1969-10-15,69.25097175067471,1969,10
1969-10-16,69.18900778132476,1969,10
1969-10-17,69.1017868416108,1969,10
1969-10-18,68.98506527233877,1969,10
1969-10-19,69.00371674916317,1969,10
1969-10-20,68.99941675868823,1969,10
1969-10-21,69.00553725739634,1969,10
1969-10-22,68.81593542652564,1969,10
1969-10-23,68.85106988097739,1969,10
1969-10-24,68.8841788839592,1969,10
1969-10-25,68.87226192570004,1969,10
1969-10-26,68.85150241391823,1969,10
1969-10-27,68.88758751085962,1969,10
1969-10-28,68.8930609143523,1969,10
1969-10-29,68.80494696891664,1969,10
1969-10-30,68.63425293047875,1969,10
1969-10-31,68.51357825642424,1969,10
1969-11-01,68.35391657863431,1969,11
1969-11-02,68.31090910084725,1969,11
1969-11-03,68.2991035133696,1969,11
1969-11-04,68.30092871661277,1969,11
1969-11-05,68.243991613699,1969,11
1969-11-06,68.22183591740138,1969,11
1969-11-07,68.23966756686123,1969,11
1969-11-08,68.50159190339166,1969,11
1969-11-09,68.78333882785466,1969,11
1969-11-10,68.96208430995402,1969,11
1969-11-11,69.05272028426798,1969,11
1969-11-12,68.95814933343581,1969,11
1969-11-13,68.78282677700236,1969,11
1969-11-14,68.58634531483031,1969,11
1969-11-15,68.21295212127018,1969,11
1969-11-16,67.98282828880576,1969,11
1969-11-17,67.7963878807746,1969,11
1969-11-18,67.61061754591776,1969,11
1969-11-19,67.50357692364649,1969,11
1969-11-20,67.49746916548106,1969,11
1969-11-21,67.51209930823316,1969,11
1969-11-22,67.50707818861841,1969,11
1969-11-23,67.34124333235299,1969,11
1969-11-24,67.3931261530427,1969,11
1969-11-25,67.38090735314975,1969,11
1969-11-26,67.1397482828474,1969,11
1969-11-27,66.82986369535276,1969,11
1969-11-28,66.83171151492829,1969,11
1969-11-29,67.03595796561405,1969,11
1969-11-30,67.02327041542152,1969,11
1969-12-01,66.98209733857605,1969,12
1969-12-02,66.73550159708948,1969,12
1969-12-03,66.59866909030396,1969,12
1969-12-04,66.54671430821213,1969,12
1969-12-05,66.7680466605619,1969,12
1969-12-06,66.77928519637477,1969,12
1969-12-07,66.71561469193581,1969,12
1969-12-08,66.7717621329203,1969,12
1969-12-09,66.9594773648034,1969,12
1969-12-10,67.0539840234824,1969,12
1969-12-11,67.02386765317911,1969,12
1969-12-12,67.10767763304935,1969,12
1969-12-13,66.901577931641,1969,12
1969-12-14,66.47677886075714,1969,12
1969-12-15,66.23963487882664,1969,12
1969-12-16,66.2376399684943,1969,12
1969-12-17,66.24017402770636,1969,12
1969-12-18,66.00639804367532,1969,12
1969-12-19,65.86101293331546,1969,12
1969-12-20,65.7755148477185,1969,12
1969-12-21,65.81537828368664,1969,12
1969-12-22,65.74645289915826,1969,12
1969-12-23,65.65088829238104,1969,12
1969-12-24,65.59088780119828,1969,12
1969-12-25,65.44971527458488,1969,12
1969-12-26,65.32565896847251,1969,12
1969-12-27,65.224356276486,1969,12
1969-12-28,65.29968276401154,1969,12
1969-12-29,65.39768856388851,1969,12
1969-12-30,65.49550481609953,1969,12
1969-12-31,65.56952730925669,1969,12
1970-01-01,65.28401072599246,1970,1
1970-01-02,65.11957272076145,1970,1
1970-01-03,65.10454991106609,1970,1
1970-01-04,65.0228697119643,1970,1
1970-01-05,65.0024846007922,1970,1
1970-01-06,65.13353550198512,1970,1
1970-01-07,65.27488365575638,1970,1
1970-01-08,65.3501586910792,1970,1
1970-01-09,65.29312391409212,1970,1
1970-01-10,65.51213729840661,1970,1
1970-01-11,65.69160448776135,1970,1
1970-01-12,65.54645482396504,1970,1
1970-01-13,65.45481226358774,1970,1
1970-01-14,65.77202153904848,1970,1
1970-01-15,65.70911042561498,1970,1
1970-01-16,65.91497200198847,1970,1
1970-01-17,65.91715485590845,1970,1
1970-01-18,66.04627651288715,1970,1
1970-01-19,66.37006535386669,1970,1
1970-01-20,66.51716480111898,1970,1
1970-01-21,66.01996755169145,1970,1
1970-01-22,65.99420425145135,1970,1
1970-01-23,65.53856319584914,1970,1
1970-01-24,65.67560717655762,1970,1
1970-01-25,66.09439505651586,1970,1
1970-01-26,66.16658777900587,1970,1
1970-01-27,65.80970206260807,1970,1
1970-01-28,65.28570666117979,1970,1
1970-01-29,65.15666479504334,1970,1
1970-01-30,65.74173501115956,1970,1
1970-01-31,65.61107434135104,1970,1
1970-02-01,65.56813728084138,1970,2
1970-02-02,65.51183614742848,1970,2
1970-02-03,65.56603744529079,1970,2
1970-02-04,65.42638943183003,1970,2
1970-02-05,65.5422185730116,1970,2
1970-02-06,65.50124858369159,1970,2
1970-02-07,65.54261120401898,1970,2
1970-02-08,65.75781108608267,1970,2
1970-02-09,65.92469715253047,1970,2
1970-02-10,65.90630609716567,1970,2
1970-02-11,65.88273691606081,1970,2
1970-02-12,66.11689534390247,1970,2
1970-02-13,66.16553514040973,1970,2
1970-02-14,66.14078773386966,1970,2
1970-02-15,66.30258698065909,1970,2
1970-02-16,66.56653738998578,1970,2
1970-02-17,66.69955820209381,1970,2
1970-02-18,67.0103181390222,1970,2
1970-02-19,67.16367415542645,1970,2
1970-02-20,66.80873754565283,1970,2
1970-02-21,66.79507393276161,1970,2
1970-02-22,66.78936648303925,1970,2
1970-02-23,66.73159095367504,1970,2
1970-02-24,67.13235975146942,1970,2
1970-02-25,67.27470207748716,1970,2
1970-02-26,67.48212475582265,1970,2
1970-02-27,67.59890693405549,1970,2
1970-02-28,67.55323456895617,1970,2
1970-03-01,67.19402262364375,1970,3
1970-03-02,67.2131181020165,1970,3
1970-03-03,66.8771824353715,1970,3
1970-03-04,66.62276643906239,1970,3
1970-03-05,66.70314215103352,1970,3
1970-03-06,66.95095195918668,1970,3
1970-03-07,67.2329461415346,1970,3
1970-03-08,67.52116185799633,1970,3
1970-03-09,67.7491932241984,1970,3
1970-03-10,68.08742785327554,1970,3
1970-03-11,67.59659749776284,1970,3
1970-03-12,67.5657223400807,1970,3
1970-03-13,67.66332316258679,1970,3
1970-03-14,67.95899383135495,1970,3
1970-03-15,68.13549283023444,1970,3
1970-03-16,68.22403273274581,1970,3
1970-03-17,67.97267834242211,1970,3
1970-03-18,67.98973189175172,1970,3
1970-03-19,68.15167281085091,1970,3
1970-03-20,67.61362296079544,1970,3
1970-03-21,67.59710209824384,1970,3
1970-03-22,67.7785077259642,1970,3
1970-03-23,67.96254653407058,1970,3
1970-03-24,68.0460770714806,1970,3
1970-03-25,68.31905687447804,1970,3
1970-03-26,68.55677500705048,1970,3
1970-03-27,68.75368552454057,1970,3
1970-03-28,68.90358613684764,1970,3
1970-03-29,69.07622425780787,1970,3
1970-03-30,68.7769171218718,1970,3
1970-03-31,68.4442923697302,1970,3
1970-04-01,68.31558188935938,1970,4
1970-04-02,68.26443906354498,1970,4
1970-04-03,68.31975005184971,1970,4
1970-04-04,68.43248103207883,1970,4
1970-04-05,68.67350583852225,1970,4
1970-04-06,68.92433582741147,1970,4
1970-04-07,69.11442357142273,1970,4
1970-04-08,69.24868193730754,1970,4
1970-04-09,69.134891740604,1970,4
1970-04-10,69.27060928359734,1970,4
1970-04-11,69.42504442770002,1970,4
1970-04-12,69.49094077850695,1970,4
1970-04-13,70.17612594839672,1970,4
1970-04-14,70.28100363257305,1970,4
1970-04-15,70.0507894677295,1970,4
1970-04-16,69.98711638823067,1970,4
1970-04-17,69.73226431475122,1970,4
1970-04-18,69.48024341407421,1970,4
1970-04-19,69.70737524582971,1970,4
1970-04-20,69.65567586562727,1970,4
1970-04-21,69.6028458546521,1970,4
1970-04-22,69.81658601063619,1970,4
1970-04-23,70.13745867258392,1970,4
1970-04-24,70.43999958003023,1970,4
1970-04-25,70.55542716044549,1970,4
1970-04-26,70.85214848623896,1970,4
1970-04-27,70.90566828624765,1970,4
1970-04-28,70.53420660471149,1970,4
1970-04-29,70.19796011554021,1970,4
1970-04-30,69.87122567251645,1970,4
1970-05-01,70.02732845678794,1970,5
1970-05-02,70.02199468792571,1970,5
1970-05-03,70.26309114659838,1970,5
1970-05-04,70.50143295671708,1970,5
1970-05-05,70.59370258750107,1970,5
1970-05-06,70.84437020946952,1970,5
1970-05-07,70.56892253853943,1970,5
1970-05-08,70.52600376300178,1970,5
1970-05-09,70.49212884465089,1970,5
1970-05-10,70.63897417138978,1970,5
1970-05-11,70.71919118049001,1970,5
1970-05-12,70.94680807434855,1970,5
1970-05-13,70.95935168643685,1970,5
1970-05-14,71.10163411396725,1970,5
1970-05-15,71.27027105732795,1970,5
1970-05-16,71.17254056511476,1970,5
1970-05-17,71.01828889405328,1970,5
1970-05-18,70.84872821715616,1970,5
1970-05-19,71.04946413128215,1970,5
1970-05-20,71.09624687333037,1970,5
1970-05-21,70.70174917513097,1970,5
1970-05-22,70.61474543373087,1970,5
1970-05-23,70.44625760999965,1970,5
1970-05-24,70.67617312323624,1970,5
1970-05-25,70.28974764273616,1970,5
1970-05-26,70.3665567929089,1970,5
1970-05-27,70.41652187554594,1970,5
1970-05-28,70.42800184071642,1970,5
1970-05-29,70.5706232438155,1970,5
1970-05-30,70.61774675654966,1970,5
1970-05-31,70.68340038293074,1970,5
1970-06-01,70.56552276887996,1970,6
1970-06-02,70.5855189762901,1970,6
1970-06-03,70.38746506283283,1970,6
1970-06-04,70.42658472253385,1970,6
1970-06-05,70.18052110967285,1970,6
1970-06-06,70.1284233389687,1970,6
1970-06-07,70.17210018048205,1970,6
1970-06-08,70.3967066337519,1970,6
1970-06-09,70.51495331673576,1970,6
1970-06-10,70.74099327665243,1970,6
1970-06-11,70.8841953451312,1970,6
1970-06-12,70.88658728542289,1970,6
1970-06-13,70.75306758012142,1970,6
1970-06-14,71.53390440896793,1970,6
1970-06-15,70.30135143465492,1970,6
1970-06-16,70.17314872638846,1970,6
1970-06-17,70.38411618232573,1970,6
1970-06-18,70.52329558961745,1970,6
1970-06-19,70.65089715126626,1970,6
1970-06-20,70.87547839079727,1970,6
1970-06-21,70.94620523282627,1970,6
1970-06-22,70.8777326938874,1970,6
1970-06-23,70.66356494159844,1970,6
1970-06-24,70.78571485560953,1970,6
1970-06-25,70.9366185660689,1970,6
1970-06-26,70.96353142271013,1970,6
1970-06-27,70.83699358950354,1970,6
1970-06-28,70.97661417258281,1970,6
1970-06-29,70.54964638286121,1970,6
1970-06-30,70.49476101201934,1970,6
1970-07-01,70.45207060164873,1970,7
1970-07-02,70.42397908793752,1970,7
1970-07-03,70.37488123076584,1970,7
1970-07-04,70.38162877214405,1970,7
1970-07-05,70.42608670242313,1970,7
1970-07-06,70.42674965145332,1970,7
1970-07-07,70.57143853301969,1970,7
1970-07-08,70.60727961702614,1970,7
1970-07-09,70.67528830767692,1970,7
1970-07-10,70.56561112890121,1970,7
1970-07-11,70.56071669816579,1970,7
1970-07-12,70.6268859065025,1970,7
1970-07-13,70.52899216791548,1970,7
1970-07-14,70.49911787290345,1970,7
1970-07-15,70.5970180616364,1970,7
1970-07-16,70.56783139506008,1970,7
1970-07-17,70.53812702126382,1970,7
1970-07-18,70.52563754450318,1970,7
1970-07-19,70.73607421454506,1970,7
1970-07-20,70.61689637892913,1970,7
1970-07-21,70.34257066159313,1970,7
1970-07-22,70.2633150220934,1970,7
1970-07-23,70.30623603217775,1970,7
1970-07-24,70.29640421846966,1970,7
1970-07-25,70.4523682787147,1970,7
1970-07-26,70.62250564974782,1970,7
1970-07-27,70.47599682735373,1970,7
1970-07-28,70.4074563335875,1970,7
1970-07-29,70.38723993229229,1970,7
1970-07-30,70.38681198427459,1970,7
1970-07-31,70.33564128300428,1970,7
1970-08-01,70.3201400005455,1970,8
1970-08-02,70.37679849413914,1970,8
1970-08-03,70.41133831980112,1970,8
1970-08-04,70.38454073664745,1970,8
1970-08-05,70.38923376861068,1970,8
1970-08-06,70.48217002088838,1970,8
1970-08-07,70.46167530326075,1970,8
1970-08-08,70.39862569221435,1970,8
1970-08-09,70.39378709702054,1970,8
1970-08-10,70.38309254700177,1970,8
1970-08-11,70.4115909934708,1970,8
1970-08-12,70.38977972825731,1970,8
1970-08-13,70.2252045349641,1970,8
1970-08-14,70.61026212605371,1970,8
1970-08-15,70.33701337618304,1970,8
1970-08-16,70.42967646969774,1970,8
1970-08-17,70.22088393989306,1970,8
1970-08-18,70.32366584846555,1970,8
1970-08-19,70.39886527525165,1970,8
1970-08-20,70.45624471975465,1970,8
1970-08-21,70.57383211261366,1970,8
1970-08-22,70.46498469448203,1970,8
1970-08-23,70.3393916674638,1970,8
1970-08-24,70.40483751849304,1970,8
1970-08-25,70.35019748015597,1970,8
1970-08-26,70.25044964304372,1970,8
1970-08-27,70.52724080608225,1970,8
1970-08-28,70.28887592138055,1970,8
1970-08-29,70.31896135475165,1970,8
1970-08-30,70.43294824040562,1970,8
1970-08-31,70.29640971132403,1970,8
1970-09-01,70.27215673850472,1970,9
1970-09-02,70.30130456082553,1970,9
1970-09-03,70.45089955548171,1970,9
1970-09-04,70.24283046931266,1970,9
1970-09-05,70.54181822851008,1970,9
1970-09-06,70.20046431948725,1970,9
1970-09-07,70.2672939982552,1970,9
1970-09-08,70.28499051796412,1970,9
1970-09-09,70.11402370129333,1970,9
1970-09-10,70.06972552168718,1970,9
1970-09-11,70.20286732386772,1970,9
1970-09-12,70.16335777941796,1970,9
1970-09-13,70.1748296704794,1970,9
1970-09-14,70.11580659879566,1970,9
1970-09-15,70.07080417485369,1970,9
1970-09-16,70.0125757588054,1970,9
1970-09-17,69.94082871329798,1970,9
1970-09-18,69.98469355155092,1970,9
1970-09-19,69.91889239677185,1970,9
1970-09-20,69.84328404703317,1970,9
1970-09-21,69.83487903911458,1970,9
1970-09-22,70.06720996959423,1970,9
1970-09-23,70.09890976564151,1970,9
1970-09-24,69.96871070882257,1970,9
1970-09-25,69.79304262369507,1970,9
1970-09-26,69.81941143079322,1970,9
1970-09-27,69.78905057078357,1970,9
1970-09-28,69.84995677104759,1970,9
1970-09-29,69.733447103438,1970,9
1970-09-30,69.67344801746066,1970,9
1970-10-01,69.65303449067872,1970,10
1970-10-02,69.6276056110904,1970,10
1970-10-03,69.6641582697556,1970,10
1970-10-04,69.60882925490864,1970,10
1970-10-05,69.52826600421923,1970,10
1970-10-06,69.53136431426215,1970,10
1970-10-07,69.63939350775787,1970,10
1970-10-08,69.103650945167,1970,10
1970-10-09,69.11251584170675,1970,10
1970-10-10,69.23329639964832,1970,10
1970-10-11,69.27772891307399,1970,10
1970-10-12,69.3776228178214,1970,10
1970-10-13,69.26730887871202,1970,10
1970-10-14,69.18459275591037,1970,10
1970-10-15,69.13701178221669,1970,10
1970-10-16,69.08363859663055,1970,10
1970-10-17,69.07590398198084,1970,10
1970-10-18,68.90606611295968,1970,10
1970-10-19,68.79561453802488,1970,10
1970-10-20,68.70440006880128,1970,10
1970-10-21,68.61593292983632,1970,10
1970-10-22,68.67328091798282,1970,10
1970-10-23,68.83304161744866,1970,10
1970-10-24,68.36705315634283,1970,10
1970-10-25,68.22289607395653,1970,10
1970-10-26,67.99063315089424,1970,10
1970-10-27,67.93804883717175,1970,10
1970-10-28,68.05307344474026,1970,10
1970-10-29,68.15653754150026,1970,10
1970-10-30,68.03106482913374,1970,10
1970-10-31,67.94939582075827,1970,10
1970-11-01,67.80792606735454,1970,11
1970-11-02,67.6193522589097,1970,11
1970-11-03,67.42374028066176,1970,11
1970-11-04,67.27993923023688,1970,11
1970-11-05,67.19691822449633,1970,11
1970-11-06,67.0937880498298,1970,11
1970-11-07,67.05994690675074,1970,11
1970-11-08,67.06213816442325,1970,11
1970-11-09,67.21108283055288,1970,11
1970-11-10,67.36755510331078,1970,11
1970-11-11,67.48000131374044,1970,11
1970-11-12,67.42133924871948,1970,11
1970-11-13,67.29261035048745,1970,11
1970-11-14,66.96106233052888,1970,11
1970-11-15,66.7417202662531,1970,11
1970-11-16,66.59435860748737,1970,11
1970-11-17,66.43317963586878,1970,11
1970-11-18,66.2836996787097,1970,11
1970-11-19,66.21482723582362,1970,11
1970-11-20,65.98664482874257,1970,11
1970-11-21,65.84664758632127,1970,11
1970-11-22,65.690851497847,1970,11
1970-11-23,65.72148995830656,1970,11
1970-11-24,65.68012534263117,1970,11
1970-11-25,65.60173847644622,1970,11
1970-11-26,65.53281718479532,1970,11
1970-11-27,65.41801883338815,1970,11
1970-11-28,65.21943093234651,1970,11
1970-11-29,65.11074135821444,1970,11
1970-11-30,65.02016672390016,1970,11
1970-12-01,64.92257276878797,1970,12
1970-12-02,64.97318800105045,1970,12
1970-12-03,65.03212003807697,1970,12
1970-12-04,65.03928824350398,1970,12
1970-12-05,65.04452726926716,1970,12
1970-12-06,64.9198220265208,1970,12
1970-12-07,64.81911008768199,1970,12
1970-12-08,64.77952140900344,1970,12
1970-12-09,64.8114190183821,1970,12
1970-12-10,64.8283883031059,1970,12
1970-12-11,64.90603250483784,1970,12
1970-12-12,64.93816372056446,1970,12
1970-12-13,64.96035589556408,1970,12
1970-12-14,65.05123140889255,1970,12
1970-12-15,65.05731444033431,1970,12
1970-12-16,65.17522884231384,1970,12
1970-12-17,65.37477262303891,1970,12
1970-12-18,65.13316488156462,1970,12
1970-12-19,64.98296462233185,1970,12
1970-12-20,65.02756529308823,1970,12
1970-12-21,65.06160162513626,1970,12
1970-12-22,65.16486703964038,1970,12
1970-12-23,64.99140593357814,1970,12
1970-12-24,65.03381420581078,1970,12
1970-12-25,65.14995505472724,1970,12
1970-12-26,65.174371432259,1970,12
1970-12-27,65.20111340561972,1970,12
1970-12-28,65.27168012949497,1970,12
1970-12-29,65.05235571236771,1970,12
1970-12-30,64.88415713621308,1970,12
1970-12-31,64.67344552047055,1970,12
1971-01-01,64.53533064976664,1971,1
1971-01-02,64.36878814738348,1971,1
1971-01-03,64.71228012442302,1971,1
1971-01-04,65.06641769727382,1971,1
1971-01-05,65.04349650225461,1971,1
1971-01-06,65.03982439088223,1971,1
1971-01-07,64.93490878288678,1971,1
1971-01-08,64.89363464367798,1971,1
1971-01-09,64.9789297447894,1971,1
1971-01-10,65.07449121831317,1971,1
1971-01-11,65.2045575467582,1971,1
1971-01-12,65.19114128299042,1971,1
1971-01-13,65.18761044160428,1971,1
1971-01-14,65.15813303214347,1971,1
1971-01-15,65.38502454282354,1971,1
1971-01-16,65.42262657936122,1971,1
1971-01-17,65.40767751834855,1971,1
1971-01-18,65.20327425005442,1971,1
1971-01-19,65.24760024306377,1971,1
1971-01-20,65.31268708555524,1971,1
1971-01-21,65.5900985328243,1971,1
1971-01-22,65.49959467281323,1971,1
1971-01-23,65.44296340119617,1971,1
1971-01-24,65.59069462312249,1971,1
1971-01-25,65.9185818404045,1971,1
1971-01-26,66.08906927708072,1971,1
1971-01-27,65.88955142251403,1971,1
1971-01-28,65.6178042015495,1971,1
1971-01-29,65.28088798383455,1971,1
1971-01-30,65.08414178001321,1971,1
1971-01-31,65.14887695940132,1971,1
1971-02-01,65.07921140477774,1971,2
1971-02-02,65.13375415593883,1971,2
1971-02-03,65.4601099607719,1971,2
1971-02-04,65.82281368146383,1971,2
1971-02-05,65.5854069108329,1971,2
1971-02-06,65.23629538748881,1971,2
1971-02-07,65.5097613001572,1971,2
1971-02-08,65.74963826754612,1971,2
1971-02-09,65.93781067877774,1971,2
1971-02-10,66.17495359527042,1971,2
1971-02-11,66.27600395416812,1971,2
1971-02-12,65.99440899343217,1971,2
1971-02-13,65.56860980906362,1971,2
1971-02-14,65.54433690839733,1971,2
1971-02-15,65.60290929004033,1971,2
1971-02-16,65.81721866305135,1971,2
1971-02-17,66.08056805505628,1971,2
1971-02-18,66.36487172496248,1971,2
1971-02-19,66.74827908086206,1971,2
1971-02-20,67.18563847816979,1971,2
1971-02-21,66.85097966688338,1971,2
1971-02-22,66.89137105439852,1971,2
1971-02-23,66.90894418371872,1971,2
1971-02-24,66.66960633028641,1971,2
1971-02-25,66.51650183905431,1971,2
1971-02-26,66.85694732000825,1971,2
1971-02-27,67.01395888881565,1971,2
1971-02-28,66.434543210547,1971,2
1971-03-01,66.39750755652278,1971,3
1971-03-02,66.3032117660385,1971,3
1971-03-03,66.63294288255116,1971,3
1971-03-04,66.7408961286819,1971,3
1971-03-05,66.69546496867457,1971,3
1971-03-06,66.19397279834942,1971,3
1971-03-07,66.29016064622867,1971,3
1971-03-08,66.42778950803051,1971,3
1971-03-09,66.70040854008978,1971,3
1971-03-10,66.99082175912109,1971,3
1971-03-11,67.18558370905151,1971,3
1971-03-12,67.36470823987736,1971,3
1971-03-13,67.32872161383922,1971,3
1971-03-14,67.29653536570115,1971,3
1971-03-15,67.17293021132483,1971,3
1971-03-16,67.38332715035054,1971,3
1971-03-17,67.49987210416067,1971,3
1971-03-18,67.69958446626089,1971,3
1971-03-19,67.78404043124516,1971,3
1971-03-20,68.09555471510113,1971,3
1971-03-21,68.22232863241373,1971,3
1971-03-22,68.30670523968698,1971,3
1971-03-23,68.31027378674058,1971,3
1971-03-24,68.407414660538,1971,3
1971-03-25,68.53023885691073,1971,3
1971-03-26,68.66844621156818,1971,3
1971-03-27,68.9144261175854,1971,3
1971-03-28,68.52976828725696,1971,3
1971-03-29,68.41766186496223,1971,3
1971-03-30,68.43762569913495,1971,3
1971-03-31,68.64441003923258,1971,3
1971-04-01,68.83663776580164,1971,4
1971-04-02,68.89369889277208,1971,4
1971-04-03,69.04180548814202,1971,4
1971-04-04,69.25517680514942,1971,4
1971-04-05,69.6958244628682,1971,4
1971-04-06,69.25833935948428,1971,4
1971-04-07,69.28740263137183,1971,4
1971-04-08,69.29592856025567,1971,4
1971-04-09,69.56590820995208,1971,4
1971-04-10,69.65825466213917,1971,4
1971-04-11,69.48864749009171,1971,4
1971-04-12,69.74730898460551,1971,4
1971-04-13,69.76833679238932,1971,4
1971-04-14,69.64309891414399,1971,4
1971-04-15,69.27816623045754,1971,4
1971-04-16,69.62036567634642,1971,4
1971-04-17,69.55632959326512,1971,4
1971-04-18,69.07431449403602,1971,4
1971-04-19,68.69912433037157,1971,4
1971-04-20,68.8846257516269,1971,4
1971-04-21,69.0725148581327,1971,4
1971-04-22,69.09775622330741,1971,4
1971-04-23,69.29313387827503,1971,4
1971-04-24,69.44448327918786,1971,4
1971-04-25,69.70676847700581,1971,4
1971-04-26,69.83784817671408,1971,4
1971-04-27,69.95201227897287,1971,4
1971-04-28,70.40962046908952,1971,4
1971-04-29,70.58450074393312,1971,4
1971-04-30,69.85820294255407,1971,4
1971-05-01,69.81760866522548,1971,5
1971-05-02,70.06828693507805,1971,5
1971-05-03,69.98127615119765,1971,5
1971-05-04,69.99441933184532,1971,5
1971-05-05,70.08486284637368,1971,5
1971-05-06,70.22439732982846,1971,5
1971-05-07,70.22053695568434,1971,5
1971-05-08,69.92865419355523,1971,5
1971-05-09,70.12981891986648,1971,5
1971-05-10,70.19019123666673,1971,5
1971-05-11,69.90967344479462,1971,5
1971-05-12,69.73277169986693,1971,5
1971-05-13,69.88231199230408,1971,5
1971-05-14,69.80169706978171,1971,5
1971-05-15,69.79398035421464,1971,5
1971-05-16,69.57701523033789,1971,5
1971-05-17,69.63722425343713,1971,5
1971-05-18,70.03797108981081,1971,5
1971-05-19,70.07410666411333,1971,5
1971-05-20,70.27289332580118,1971,5
1971-05-21,70.0505556416097,1971,5
1971-05-22,70.19479349274633,1971,5
1971-05-23,70.2498138003422,1971,5
1971-05-24,70.64461719565726,1971,5
1971-05-25,70.57277113282271,1971,5
1971-05-26,70.66730192368853,1971,5
1971-05-27,70.76842479796102,1971,5
1971-05-28,70.52119071873571,1971,5
1971-05-29,70.48589090010147,1971,5
1971-05-30,70.61349305221442,1971,5
1971-05-31,70.83260590468633,1971,5
1971-06-01,70.50349212952372,1971,6
1971-06-02,70.4015933297757,1971,6
1971-06-03,70.34734558577102,1971,6
1971-06-04,70.5003281256105,1971,6
1971-06-05,70.50127942388224,1971,6
1971-06-06,70.60692694075901,1971,6
1971-06-07,70.64841076878305,1971,6
1971-06-08,70.58068463436479,1971,6
1971-06-09,70.45723753207284,1971,6
1971-06-10,70.45363298422157,1971,6
1971-06-11,70.53833691121532,1971,6
1971-06-12,70.59095919830919,1971,6
1971-06-13,70.78354402320151,1971,6
1971-06-14,70.78998056638326,1971,6
1971-06-15,70.57569266573056,1971,6
1971-06-16,70.33917288722047,1971,6
1971-06-17,70.39367670127221,1971,6
1971-06-18,70.38741589732848,1971,6
1971-06-19,70.5814637979283,1971,6
1971-06-20,70.69830826985256,1971,6
1971-06-21,70.7264718048188,1971,6
1971-06-22,70.52564260309018,1971,6
1971-06-23,70.38863491494601,1971,6
1971-06-24,70.58554935633234,1971,6
1971-06-25,70.44934756786118,1971,6
1971-06-26,70.38925175926408,1971,6
1971-06-27,70.42382239243906,1971,6
1971-06-28,70.42103051472024,1971,6
1971-06-29,70.4729353470109,1971,6
1971-06-30,70.67062692473976,1971,6
1971-07-01,70.57289111587336,1971,7
1971-07-02,70.2740343608308,1971,7
1971-07-03,70.30138287475407,1971,7
1971-07-04,70.23228978663407,1971,7
1971-07-05,70.27002361216789,1971,7
1971-07-06,70.21301891774573,1971,7
1971-07-07,70.19940731223743,1971,7
1971-07-08,70.29289684328297,1971,7
1971-07-09,70.43390393016942,1971,7
1971-07-10,70.6586452243157,1971,7
1971-07-11,70.54425134365763,1971,7
1971-07-12,70.37380940859903,1971,7
1971-07-13,70.35958449505897,1971,7
1971-07-14,70.74412809044364,1971,7
1971-07-15,70.19639225543585,1971,7
1971-07-16,70.19686845426179,1971,7
1971-07-17,70.21924904050863,1971,7
1971-07-18,70.28599847388318,1971,7
1971-07-19,70.30048698363156,1971,7
1971-07-20,70.26969390406097,1971,7
1971-07-21,70.22631485096313,1971,7
1971-07-22,70.26029554910687,1971,7
1971-07-23,70.28707580980814,1971,7
1971-07-24,70.36028631211254,1971,7
1971-07-25,70.44322929780358,1971,7
1971-07-26,70.38332633375406,1971,7
1971-07-27,70.25206730799471,1971,7
1971-07-28,70.24536399458226,1971,7
1971-07-29,70.28640496239491,1971,7
1971-07-30,70.5774114144892,1971,7
1971-07-31,70.1888923768708,1971,7
1971-08-01,70.24813977868679,1971,8
1971-08-02,70.09168331484577,1971,8
1971-08-03,70.31571621449115,1971,8
1971-08-04,70.20812324875301,1971,8
1971-08-05,70.31031526488432,1971,8
1971-08-06,70.42753353553204,1971,8
1971-08-07,70.40057609658658,1971,8
1971-08-08,70.28588402241428,1971,8
1971-08-09,70.1623815109951,1971,8
1971-08-10,70.20115516665666,1971,8
1971-08-11,70.29671798839037,1971,8
1971-08-12,70.16274347056827,1971,8
1971-08-13,70.15635487860096,1971,8
1971-08-14,70.14803871972893,1971,8
1971-08-15,70.15843219131914,1971,8
1971-08-16,70.15912480026016,1971,8
1971-08-17,70.10582600383931,1971,8
1971-08-18,70.09029557913344,1971,8
1971-08-19,70.10334053965634,1971,8
1971-08-20,70.11268599057215,1971,8
1971-08-21,70.21936923982575,1971,8
1971-08-22,70.22226997903877,1971,8
1971-08-23,70.30503521510828,1971,8
1971-08-24,70.36657698266083,1971,8
1971-08-25,70.3877099128002,1971,8
1971-08-26,70.25660684150279,1971,8
1971-08-27,70.75637257757518,1971,8
1971-08-28,70.03430594863967,1971,8
1971-08-29,70.00688412126465,1971,8
1971-08-30,70.00957498122686,1971,8
1971-08-31,69.90073172957938,1971,8
1971-09-01,69.93017625886918,1971,9
1971-09-02,70.00423903847525,1971,9
1971-09-03,70.02991359656393,1971,9
1971-09-04,69.97925276370002,1971,9
1971-09-05,69.85887246523804,1971,9
1971-09-06,69.83977750315742,1971,9
1971-09-07,69.84923658833135,1971,9
1971-09-08,69.82869907768443,1971,9
1971-09-09,69.83149284619228,1971,9
1971-09-10,69.89178253527106,1971,9
1971-09-11,69.6901408330527,1971,9
1971-09-12,69.59006661890272,1971,9
1971-09-13,69.60055266342775,1971,9
1971-09-14,69.66631049477016,1971,9
1971-09-15,69.73427504440338,1971,9
1971-09-16,69.78451072146078,1971,9
1971-09-17,69.74265885199058,1971,9
1971-09-18,69.76020387573365,1971,9
1971-09-19,69.79224655922329,1971,9
1971-09-20,69.77709467782792,1971,9
1971-09-21,69.8496027097375,1971,9
1971-09-22,69.93325479409474,1971,9
1971-09-23,69.97365557693506,1971,9
1971-09-24,69.93884741619902,1971,9
1971-09-25,69.94751176967111,1971,9
1971-09-26,69.99158434427561,1971,9
1971-09-27,69.70442670564569,1971,9
1971-09-28,69.77169561200296,1971,9
1971-09-29,69.71696300932014,1971,9
1971-09-30,69.65441644729387,1971,9
1971-10-01,69.56413859013453,1971,10
1971-10-02,69.37957325486923,1971,10
1971-10-03,69.47870565704021,1971,10
1971-10-04,69.52122314564414,1971,10
1971-10-05,69.66883526720363,1971,10
1971-10-06,69.61912494782744,1971,10
1971-10-07,69.58723529838005,1971,10
1971-10-08,69.53767137552293,1971,10
1971-10-09,69.43616059353965,1971,10
1971-10-10,69.21647053684956,1971,10
1971-10-11,69.21224616522387,1971,10
1971-10-12,69.24217551171007,1971,10
1971-10-13,69.23562705360223,1971,10
1971-10-14,69.17330455155297,1971,10
1971-10-15,68.9973440170859,1971,10
1971-10-16,68.89582534345351,1971,10
1971-10-17,68.94412256605682,1971,10
1971-10-18,68.81303858233424,1971,10
1971-10-19,68.84422071358534,1971,10
1971-10-20,68.87956557849682,1971,10
1971-10-21,68.59753615452425,1971,10
1971-10-22,68.56444176966731,1971,10
1971-10-23,68.54880035485262,1971,10
1971-10-24,68.3721265666755,1971,10
1971-10-25,68.20937317863707,1971,10
1971-10-26,67.90461194121926,1971,10
1971-10-27,67.64508721597234,1971,10
1971-10-28,67.43394252648783,1971,10
1971-10-29,67.41651062392273,1971,10
1971-10-30,67.51231661543274,1971,10
1971-10-31,67.70960864956928,1971,10
1971-11-01,67.85277458160013,1971,11
1971-11-02,68.6759056991651,1971,11
1971-11-03,68.30492925563387,1971,11
1971-11-04,67.87386782102793,1971,11
1971-11-05,67.28209792362048,1971,11
1971-11-06,67.05469479478015,1971,11
1971-11-07,66.72610762284484,1971,11
1971-11-08,66.65712629284093,1971,11
1971-11-09,66.5883727612443,1971,11
1971-11-10,66.53342396723308,1971,11
1971-11-11,66.84584171449585,1971,11
1971-11-12,66.58194774538435,1971,11
1971-11-13,66.68099256263272,1971,11
1971-11-14,66.79637041297684,1971,11
1971-11-15,66.75165003532716,1971,11
1971-11-16,66.83054404622291,1971,11
1971-11-17,66.85694170348218,1971,11
1971-11-18,66.93511122203824,1971,11
1971-11-19,66.85917897108774,1971,11
1971-11-20,66.61403964299141,1971,11
1971-11-21,66.36727155031983,1971,11
1971-11-22,66.24853892107787,1971,11
1971-11-23,66.22421584745115,1971,11
1971-11-24,66.23777651130314,1971,11
1971-11-25,66.13054148650303,1971,11
1971-11-26,66.08679295744177,1971,11
1971-11-27,65.98372172890505,1971,11
1971-11-28,65.8566886282966,1971,11
1971-11-29,65.81268024579624,1971,11
1971-11-30,65.6874612120906,1971,11
1971-12-01,65.84772812656851,1971,12
1971-12-02,65.84034355366343,1971,12
1971-12-03,65.93729335507395,1971,12
1971-12-04,65.92026866951004,1971,12
1971-12-05,66.1540176236888,1971,12
1971-12-06,65.86842019810877,1971,12
1971-12-07,65.70805376100263,1971,12
1971-12-08,65.53082979985648,1971,12
1971-12-09,65.58090758416219,1971,12
1971-12-10,65.6062833413003,1971,12
1971-12-11,65.6337734263476,1971,12
1971-12-12,65.87792522854403,1971,12
1971-12-13,65.93570382987647,1971,12
1971-12-14,66.13846836542919,1971,12
1971-12-15,66.09922376564049,1971,12
1971-12-16,65.94901226987182,1971,12
1971-12-17,65.68333578394933,1971,12
1971-12-18,65.36457169262118,1971,12
1971-12-19,65.35887180524625,1971,12
1971-12-20,65.15989318111738,1971,12
1971-12-21,65.36431803649324,1971,12
1971-12-22,65.76511919732876,1971,12
1971-12-23,65.91754547126394,1971,12
1971-12-24,65.86000779503286,1971,12
1971-12-25,65.71471039549026,1971,12
1971-12-26,65.4476347843768,1971,12
1971-12-27,65.3355452036995,1971,12
1971-12-28,65.23243378930088,1971,12
1971-12-29,65.15721323811292,1971,12
1971-12-30,65.18690647570293,1971,12
1971-12-31,65.29074958927694,1971,12
1972-01-01,65.17200040076663,1972,1
1972-01-02,65.11950752731069,1972,1
1972-01-03,64.91468590497976,1972,1
1972-01-04,64.8195306272347,1972,1
1972-01-05,64.76476888271772,1972,1
1972-01-06,64.62252703210545,1972,1
1972-01-07,64.60085834279893,1972,1
1972-01-08,64.53727174777664,1972,1
1972-01-09,64.56069894783805,1972,1
1972-01-10,64.59643952149982,1972,1
1972-01-11,64.49127152364778,1972,1
1972-01-12,64.48772425994709,1972,1
1972-01-13,64.75896349781716,1972,1
1972-01-14,65.0494297078228,1972,1
1972-01-15,65.0295082034452,1972,1
1972-01-16,65.14403574254739,1972,1
1972-01-17,65.12121734656816,1972,1
1972-01-18,65.27516209831273,1972,1
1972-01-19,65.42547281311822,1972,1
1972-01-20,65.80612467984157,1972,1
1972-01-21,65.9315920863374,1972,1
1972-01-22,65.68070552293793,1972,1
1972-01-23,65.3355681001095,1972,1
1972-01-24,65.566274309694,1972,1
1972-01-25,65.62945071110212,1972,1
1972-01-26,65.70526393547672,1972,1
1972-01-27,65.70579851218848,1972,1
1972-01-28,65.99140199122598,1972,1
1972-01-29,66.06442193649221,1972,1
1972-01-30,66.26038666065054,1972,1
1972-01-31,66.52235489210645,1972,1
1972-02-01,66.63256010473941,1972,2
1972-02-02,66.7256684137616,1972,2
1972-02-03,66.61699538950688,1972,2
1972-02-04,66.12623037245068,1972,2
1972-02-05,66.23740993867084,1972,2
1972-02-06,65.5089266864223,1972,2
1972-02-07,64.93625431280635,1972,2
1972-02-08,64.71150889218981,1972,2
1972-02-09,64.65671561411064,1972,2
1972-02-10,64.84829701006359,1972,2
1972-02-11,65.54046997153687,1972,2
1972-02-12,66.09636997552597,1972,2
1972-02-13,65.77701821512349,1972,2
1972-02-14,64.971734058418,1972,2
1972-02-15,64.93292545170891,1972,2
1972-02-16,65.0231142745151,1972,2
1972-02-17,65.67003014534642,1972,2
1972-02-18,65.49116460032553,1972,2
1972-02-19,65.19343957461965,1972,2
1972-02-20,65.41501744075734,1972,2
1972-02-21,65.83170565751317,1972,2
1972-02-22,66.20125282257621,1972,2
1972-02-23,66.61274419541819,1972,2
1972-02-24,66.56140096605102,1972,2
1972-02-25,66.36658702528621,1972,2
1972-02-26,65.92937513864166,1972,2
1972-02-27,65.77295293977181,1972,2
1972-02-28,65.79727556285322,1972,2
1972-02-29,65.97503385549356,1972,2
1972-03-01,66.01283567597412,1972,3
1972-03-02,66.09782691569993,1972,3
1972-03-03,66.46139008797375,1972,3
1972-03-04,67.04368979590338,1972,3
1972-03-05,66.89583290479794,1972,3
1972-03-06,66.6850413664317,1972,3
1972-03-07,66.7204688385003,1972,3
1972-03-08,67.1809623583415,1972,3
1972-03-09,67.14010069920181,1972,3
1972-03-10,67.22239001125538,1972,3
1972-03-11,67.34589731554817,1972,3
1972-03-12,67.65656087899984,1972,3
1972-03-13,67.69695594357128,1972,3
1972-03-14,67.79038431350503,1972,3
1972-03-15,67.69361079587686,1972,3
1972-03-16,67.646215536341,1972,3
1972-03-17,67.82081991484992,1972,3
1972-03-18,67.99385366812035,1972,3
1972-03-19,68.32300704240957,1972,3
1972-03-20,68.79021805278053,1972,3
1972-03-21,68.49684760220484,1972,3
1972-03-22,68.33674454922462,1972,3
1972-03-23,68.19845952625809,1972,3
1972-03-24,68.25411952386452,1972,3
1972-03-25,68.53941572660165,1972,3
1972-03-26,68.79771635315204,1972,3
1972-03-27,69.11425149452516,1972,3
1972-03-28,69.0040602903955,1972,3
1972-03-29,69.02479957217159,1972,3
1972-03-30,69.77235563988127,1972,3
1972-03-31,69.25516386501621,1972,3
1972-04-01,68.71655919848915,1972,4
1972-04-02,68.52527396147697,1972,4
1972-04-03,68.5704188682586,1972,4
1972-04-04,68.7597302592428,1972,4
1972-04-05,68.8001139896155,1972,4
1972-04-06,68.63144937661626,1972,4
1972-04-07,68.70859017358048,1972,4
1972-04-08,68.88401398103782,1972,4
1972-04-09,69.13865238739135,1972,4
1972-04-10,68.66758450175722,1972,4
1972-04-11,68.71801361701597,1972,4
1972-04-12,68.71660424228865,1972,4
1972-04-13,68.7791795978177,1972,4
1972-04-14,68.86693581967485,1972,4
1972-04-15,69.10579212018617,1972,4
1972-04-16,69.18911040023211,1972,4
1972-04-17,69.21481197665237,1972,4
1972-04-18,69.09259445517269,1972,4
1972-04-19,69.05154234479694,1972,4
1972-04-20,69.15262009550489,1972,4
1972-04-21,69.20654787983598,1972,4
1972-04-22,69.52156790911998,1972,4
1972-04-23,69.6901838226606,1972,4
1972-04-24,69.7890179860631,1972,4
1972-04-25,69.84284938659894,1972,4
1972-04-26,69.7426765514825,1972,4
1972-04-27,69.86986751660433,1972,4
1972-04-28,70.03740526910447,1972,4
1972-04-29,69.91878024211887,1972,4
1972-04-30,69.75007782342597,1972,4
1972-05-01,69.7334544801439,1972,5
1972-05-02,69.89070515286119,1972,5
1972-05-03,69.50502769902849,1972,5
1972-05-04,69.5172877024705,1972,5
1972-05-05,69.74219853856961,1972,5
1972-05-06,70.02121784628092,1972,5
1972-05-07,70.27463864439892,1972,5
1972-05-08,70.11743304828258,1972,5
1972-05-09,70.16971297985955,1972,5
1972-05-10,70.20592807746146,1972,5
1972-05-11,70.38859701169848,1972,5
1972-05-12,70.47988424906,1972,5
1972-05-13,70.71855522285779,1972,5
1972-05-14,70.54608506198724,1972,5
1972-05-15,70.610381305667,1972,5
1972-05-16,70.65187983422864,1972,5
1972-05-17,70.69877916918416,1972,5
1972-05-18,70.69123079390637,1972,5
1972-05-19,70.83231754024949,1972,5
1972-05-20,70.82227869476566,1972,5
1972-05-21,70.76528361977653,1972,5
1972-05-22,71.14683928962526,1972,5
1972-05-23,71.17205897904968,1972,5
1972-05-24,71.04274650326371,1972,5
1972-05-25,70.97434455131012,1972,5
1972-05-26,70.52761643501152,1972,5
1972-05-27,70.4601470611996,1972,5
1972-05-28,70.30580337396577,1972,5
1972-05-29,70.27022455557629,1972,5
1972-05-30,70.5440836467289,1972,5
1972-05-31,70.61631392577085,1972,5
1972-06-01,70.9064462928477,1972,6
1972-06-02,71.18889947680802,1972,6
1972-06-03,71.20773667963107,1972,6
1972-06-04,71.04594268259738,1972,6
1972-06-05,70.86846119982175,1972,6
1972-06-06,70.69037217382123,1972,6
1972-06-07,70.75582478016614,1972,6
1972-06-08,70.61209491977179,1972,6
1972-06-09,70.81523885840771,1972,6
1972-06-10,70.95533053517656,1972,6
1972-06-11,71.07323586145999,1972,6
1972-06-12,71.3273225785778,1972,6
1972-06-13,71.41327929629061,1972,6
1972-06-14,71.33106387348194,1972,6
1972-06-15,71.3164818746624,1972,6
1972-06-16,71.35442156971855,1972,6
1972-06-17,71.34715216532567,1972,6
1972-06-18,71.20312147073705,1972,6
1972-06-19,71.25905682782762,1972,6
1972-06-20,71.02274393106903,1972,6
1972-06-21,71.06444306591949,1972,6
1972-06-22,70.79020605322827,1972,6
1972-06-23,70.64324356951761,1972,6
1972-06-24,70.42296219235486,1972,6
1972-06-25,70.49097433865064,1972,6
1972-06-26,70.58284269434706,1972,6
1972-06-27,70.36384855056001,1972,6
1972-06-28,70.47172080154911,1972,6
1972-06-29,70.55764505300698,1972,6
1972-06-30,70.51815381999107,1972,6
1972-07-01,70.38967723492144,1972,7
1972-07-02,70.55552572204739,1972,7
1972-07-03,70.68392685145098,1972,7
1972-07-04,70.49524913151097,1972,7
1972-07-05,70.27801813590514,1972,7
1972-07-06,70.19654664870056,1972,7
1972-07-07,70.14927157122372,1972,7
1972-07-08,70.17890027772481,1972,7
1972-07-09,70.30796492126125,1972,7
1972-07-10,70.41991143546299,1972,7
1972-07-11,70.43476123481632,1972,7
1972-07-12,70.39949605087556,1972,7
1972-07-13,70.52846544670398,1972,7
1972-07-14,70.6557100548752,1972,7
1972-07-15,70.7858722704501,1972,7
1972-07-16,70.72054295652426,1972,7
1972-07-17,70.61206525194046,1972,7
1972-07-18,70.49155256988391,1972,7
1972-07-19,70.4722022061876,1972,7
1972-07-20,70.47058418061616,1972,7
1972-07-21,70.64982211389074,1972,7
1972-07-22,70.70349791709023,1972,7
1972-07-23,70.65903539627044,1972,7
1972-07-24,70.76611034080555,1972,7
1972-07-25,70.78374927802035,1972,7
1972-07-26,70.77008936675585,1972,7
1972-07-27,70.81023185629172,1972,7
1972-07-28,70.8041468221984,1972,7
1972-07-29,70.733650348868,1972,7
1972-07-30,70.66881901224465,1972,7
1972-07-31,70.67925861007537,1972,7
1972-08-01,70.6436644978538,1972,8
1972-08-02,70.76876806904697,1972,8
1972-08-03,70.86519942679641,1972,8
1972-08-04,70.78926156943197,1972,8
1972-08-05,70.60908719545365,1972,8
1972-08-06,70.43547188933982,1972,8
1972-08-07,70.46025728959295,1972,8
1972-08-08,70.41677519951467,1972,8
1972-08-09,70.34090520103531,1972,8
1972-08-10,70.30857557544772,1972,8
1972-08-11,70.27191639801336,1972,8
1972-08-12,70.14012583673764,1972,8
1972-08-13,70.09279439471739,1972,8
1972-08-14,70.2225700680581,1972,8
1972-08-15,70.22537920386335,1972,8
1972-08-16,70.19487338009232,1972,8
1972-08-17,70.02855301173297,1972,8
1972-08-18,70.03485710523788,1972,8
1972-08-19,70.07390405312916,1972,8
1972-08-20,70.15321562729862,1972,8
1972-08-21,70.29214075509036,1972,8
1972-08-22,70.23663433033683,1972,8
1972-08-23,70.18773514688829,1972,8
1972-08-24,70.16356186690622,1972,8
1972-08-25,70.07960664959512,1972,8
1972-08-26,70.11727293536998,1972,8
1972-08-27,70.08285886317587,1972,8
1972-08-28,70.02902827480739,1972,8
1972-08-29,70.06546433840172,1972,8
1972-08-30,70.05086792133125,1972,8
1972-08-31,70.15537684787634,1972,8
1972-09-01,70.11146847543175,1972,9
1972-09-02,70.19292571219489,1972,9
1972-09-03,70.12125425869284,1972,9
1972-09-04,70.04887481273562,1972,9
1972-09-05,70.08693948055551,1972,9
1972-09-06,70.06642877275478,1972,9
1972-09-07,69.98071917831861,1972,9
1972-09-08,70.00904916295956,1972,9
1972-09-09,69.98591049435649,1972,9
1972-09-10,69.94249599050455,1972,9
1972-09-11,69.91176162183585,1972,9
1972-09-12,69.95780398167179,1972,9
1972-09-13,69.88269337625127,1972,9
1972-09-14,69.88047806414195,1972,9
1972-09-15,69.91820596392002,1972,9
1972-09-16,69.98171428463277,1972,9
1972-09-17,70.01798693171732,1972,9
1972-09-18,69.89150631391655,1972,9
1972-09-19,69.84078346374108,1972,9
1972-09-20,70.25480619166444,1972,9
1972-09-21,69.67316408387842,1972,9
1972-09-22,69.30955434920978,1972,9
1972-09-23,68.96966481296666,1972,9
1972-09-24,69.00657520849151,1972,9
1972-09-25,69.01908477321639,1972,9
1972-09-26,69.07597866303058,1972,9
1972-09-27,69.08348310480524,1972,9
1972-09-28,68.98686148499935,1972,9
1972-09-29,68.95918717733329,1972,9
1972-09-30,68.918964478476,1972,9
1972-10-01,68.9018106215739,1972,10
1972-10-02,68.94659773460711,1972,10
1972-10-03,69.0433203155885,1972,10
1972-10-04,69.12372861461954,1972,10
1972-10-05,69.26462588324644,1972,10
1972-10-06,69.38508630450401,1972,10
1972-10-07,69.24216221857463,1972,10
1972-10-08,69.10008622984601,1972,10
1972-10-09,68.9807230302941,1972,10
1972-10-10,68.93554510764568,1972,10
1972-10-11,68.7181548336399,1972,10
1972-10-12,68.69674381737649,1972,10
1972-10-13,68.7324427022725,1972,10
1972-10-14,68.76263433807554,1972,10
1972-10-15,68.81203336446958,1972,10
1972-10-16,68.85001637113334,1972,10
1972-10-17,68.81529608811942,1972,10
1972-10-18,68.8376244608743,1972,10
1972-10-19,68.9164354659562,1972,10
1972-10-20,68.55835283150954,1972,10
1972-10-21,68.6025354024135,1972,10
1972-10-22,68.48159491112257,1972,10
1972-10-23,68.1661152552877,1972,10
1972-10-24,67.97260900638136,1972,10
1972-10-25,68.1785412610291,1972,10
1972-10-26,68.18030152607017,1972,10
1972-10-27,68.20251946852528,1972,10
1972-10-28,68.1376117684714,1972,10
1972-10-29,68.06901577663247,1972,10
1972-10-30,67.76802616299115,1972,10
1972-10-31,68.24486150662982,1972,10
1972-11-01,67.93191481617221,1972,11
1972-11-02,67.88241775941516,1972,11
1972-11-03,67.680376014113,1972,11
1972-11-04,67.46825732604822,1972,11
1972-11-05,67.21461068829066,1972,11
1972-11-06,67.05838095968083,1972,11
1972-11-07,67.02767971830768,1972,11
1972-11-08,67.00848531011958,1972,11
1972-11-09,67.10029552222628,1972,11
1972-11-10,67.05805210929414,1972,11
1972-11-11,67.13209823767536,1972,11
1972-11-12,67.04070411534464,1972,11
1972-11-13,67.02233069572964,1972,11
1972-11-14,66.96617038887779,1972,11
1972-11-15,66.92344911198578,1972,11
1972-11-16,66.91444151304445,1972,11
1972-11-17,66.94123631902876,1972,11
1972-11-18,66.8333101458476,1972,11
1972-11-19,66.66823026745871,1972,11
1972-11-20,66.46442654773,1972,11
1972-11-21,66.4150359745843,1972,11
1972-11-22,66.5850843338221,1972,11
1972-11-23,66.99752411764435,1972,11
1972-11-24,67.25138976815876,1972,11
1972-11-25,67.32559707756927,1972,11
1972-11-26,67.25841644568908,1972,11
1972-11-27,67.09342660735399,1972,11
1972-11-28,66.87851960501096,1972,11
1972-11-29,66.74360983583436,1972,11
1972-11-30,66.57801789169625,1972,11
1972-12-01,66.3117233412961,1972,12
1972-12-02,65.96353891754839,1972,12
1972-12-03,65.94814850558663,1972,12
1972-12-04,66.22357221352846,1972,12
1972-12-05,66.29400346643911,1972,12
1972-12-06,66.19346558926708,1972,12
1972-12-07,66.14357073712597,1972,12
1972-12-08,66.33503633971208,1972,12
1972-12-09,66.70909123516452,1972,12
1972-12-10,66.71785640688529,1972,12
1972-12-11,66.65594246263409,1972,12
1972-12-12,66.51113559484716,1972,12
1972-12-13,66.00933292600686,1972,12
1972-12-14,65.66685065560225,1972,12
1972-12-15,65.67499203898116,1972,12
1972-12-16,65.85990957075978,1972,12
1972-12-17,65.88764940856478,1972,12
1972-12-18,66.00557456586861,1972,12
1972-12-19,66.09927905640492,1972,12
1972-12-20,66.18048888003796,1972,12
1972-12-21,66.19157399128913,1972,12
1972-12-22,65.98831885268443,1972,12
1972-12-23,65.79773642220286,1972,12
1972-12-24,65.78749979802757,1972,12
1972-12-25,65.97299232527801,1972,12
1972-12-26,66.14191885746101,1972,12
1972-12-27,66.30577352415996,1972,12
1972-12-28,66.26386467682912,1972,12
1972-12-29,65.74598754424005,1972,12
1972-12-30,65.45466185966062,1972,12
1972-12-31,65.4236209096778,1972,12
1973-01-01,65.48077709658006,1973,1
1973-01-02,65.48906792898656,1973,1
1973-01-03,65.61962803060781,1973,1
1973-01-04,65.72971228158934,1973,1
1973-01-05,65.98269939674897,1973,1
1973-01-06,66.27568704623886,1973,1
1973-01-07,66.24258605030629,1973,1
1973-01-08,65.98990563593169,1973,1
1973-01-09,65.9210551077366,1973,1
1973-01-10,65.84269917649505,1973,1
1973-01-11,66.08164950538114,1973,1
1973-01-12,66.09176443396748,1973,1
1973-01-13,65.88960833959064,1973,1
1973-01-14,65.45566097718762,1973,1
1973-01-15,65.25438810985922,1973,1
1973-01-16,65.18206427075759,1973,1
1973-01-17,65.14200781490598,1973,1
1973-01-18,65.54401444522667,1973,1
1973-01-19,65.97418587815982,1973,1
1973-01-20,66.2051402988396,1973,1
1973-01-21,65.68417150522477,1973,1
1973-01-22,65.03598765439416,1973,1
1973-01-23,64.77531087637858,1973,1
1973-01-24,64.88154027417391,1973,1
1973-01-25,65.0597956155054,1973,1
1973-01-26,65.31084721992362,1973,1
1973-01-27,65.16535398478382,1973,1
1973-01-28,64.98919678808556,1973,1
1973-01-29,64.920265197545,1973,1
1973-01-30,65.16145275018262,1973,1
1973-01-31,65.48899172991298,1973,1
1973-02-01,65.58363144601739,1973,2
1973-02-02,65.72055070788245,1973,2
1973-02-03,66.07213482444615,1973,2
1973-02-04,66.26036065851646,1973,2
1973-02-05,66.29339721871382,1973,2
1973-02-06,66.06494289559183,1973,2
1973-02-07,66.00907069702093,1973,2
1973-02-08,66.27886755068079,1973,2
1973-02-09,66.18613966919287,1973,2
1973-02-10,66.30239545054206,1973,2
1973-02-11,66.27542600232498,1973,2
1973-02-12,66.42851693516731,1973,2
1973-02-13,66.6680391563568,1973,2
1973-02-14,66.7588891054582,1973,2
1973-02-15,66.81499589966904,1973,2
1973-02-16,66.97706230301083,1973,2
1973-02-17,66.88420754631726,1973,2
1973-02-18,66.92869991382952,1973,2
1973-02-19,67.08160879094572,1973,2
1973-02-20,67.29796499710397,1973,2
1973-02-21,66.99108649787263,1973,2
1973-02-22,67.04806728732116,1973,2
1973-02-23,67.32734688980997,1973,2
1973-02-24,67.32964677497951,1973,2
1973-02-25,67.43350439040339,1973,2
1973-02-26,67.54959737733522,1973,2
1973-02-27,67.48774790167742,1973,2
1973-02-28,67.15304480290504,1973,2
1973-03-01,67.16027971084577,1973,3
1973-03-02,67.17425614300036,1973,3
1973-03-03,67.03346513667506,1973,3
1973-03-04,66.8335844092785,1973,3
1973-03-05,66.95366943792244,1973,3
1973-03-06,67.34149607811406,1973,3
1973-03-07,67.28365868528695,1973,3
1973-03-08,67.42160211167598,1973,3
1973-03-09,67.64712729272932,1973,3
1973-03-10,68.03114377176664,1973,3
1973-03-11,67.97085951206184,1973,3
1973-03-12,67.25225934012013,1973,3
1973-03-13,66.74480394399806,1973,3
1973-03-14,66.61113445305185,1973,3
1973-03-15,66.83025825378043,1973,3
1973-03-16,66.9986137967491,1973,3
1973-03-17,67.19489191424177,1973,3
1973-03-18,67.53762415948466,1973,3
1973-03-19,67.77814807685313,1973,3
1973-03-20,67.94878093435837,1973,3
1973-03-21,68.30170696857259,1973,3
1973-03-22,67.93755578090249,1973,3
1973-03-23,67.94551585430514,1973,3
1973-03-24,68.00454825361334,1973,3
1973-03-25,68.25727567420245,1973,3
1973-03-26,68.40789773771921,1973,3
1973-03-27,68.60718296129521,1973,3
1973-03-28,68.85875005908798,1973,3
1973-03-29,69.21777167170329,1973,3
1973-03-30,69.44925443566996,1973,3
1973-03-31,69.42111122305572,1973,3
1973-04-01,69.28771445852334,1973,4
1973-04-02,69.18745880465102,1973,4
1973-04-03,69.1108013228104,1973,4
1973-04-04,69.16557910945622,1973,4
1973-04-05,69.56937460119568,1973,4
1973-04-06,69.52807402556823,1973,4
1973-04-07,69.56576575224643,1973,4
1973-04-08,69.60214244692698,1973,4
1973-04-09,69.44997490102246,1973,4
1973-04-10,69.5557565795501,1973,4
1973-04-11,69.91164514563795,1973,4
1973-04-12,70.10851921989979,1973,4
1973-04-13,70.1669409141795,1973,4
1973-04-14,70.30924954646134,1973,4
1973-04-15,69.98867015474526,1973,4
1973-04-16,69.45210372207313,1973,4
1973-04-17,69.30450457193622,1973,4
1973-04-18,69.32779043744654,1973,4
1973-04-19,69.56828468796331,1973,4
1973-04-20,69.7584698255122,1973,4
1973-04-21,69.909689145925,1973,4
1973-04-22,70.21350937435979,1973,4
1973-04-23,70.18100935363992,1973,4
1973-04-24,70.25931955909061,1973,4
1973-04-25,70.34937753718042,1973,4
1973-04-26,70.54322022922295,1973,4
1973-04-27,70.68607358202269,1973,4
1973-04-28,70.34744969960514,1973,4
1973-04-29,70.2781349389272,1973,4
1973-04-30,70.43000435627437,1973,4
1973-05-01,70.391177086723,1973,5
1973-05-02,70.5510271776977,1973,5
1973-05-03,70.67494623908041,1973,5
1973-05-04,70.83049750505906,1973,5
1973-05-05,70.68102502556665,1973,5
1973-05-06,70.85843959462093,1973,5
1973-05-07,70.92358775976935,1973,5
1973-05-08,71.0977004968095,1973,5
1973-05-09,71.14120224292547,1973,5
1973-05-10,71.16880692462115,1973,5
1973-05-11,71.37553399296918,1973,5
1973-05-12,70.60295307815919,1973,5
1973-05-13,70.69882338242023,1973,5
1973-05-14,70.7777514076711,1973,5
1973-05-15,70.6273152656732,1973,5
1973-05-16,70.71194017104092,1973,5
1973-05-17,70.30401414428172,1973,5
1973-05-18,70.11097939321621,1973,5
1973-05-19,70.05749537800654,1973,5
1973-05-20,70.21592644843855,1973,5
1973-05-21,70.44885305359502,1973,5
1973-05-22,70.60178841992699,1973,5
1973-05-23,70.59255014468918,1973,5
1973-05-24,70.85758294965282,1973,5
1973-05-25,70.88697824071635,1973,5
1973-05-26,71.03488681206349,1973,5
1973-05-27,71.02329343227906,1973,5
1973-05-28,71.23177421909007,1973,5
1973-05-29,70.98678377609073,1973,5
1973-05-30,70.77289980437631,1973,5
1973-05-31,70.61334099230982,1973,5
1973-06-01,70.6410421094999,1973,6
1973-06-02,70.87525819733676,1973,6
1973-06-03,70.96642468145723,1973,6
1973-06-04,71.10767141563088,1973,6
1973-06-05,71.05924352025312,1973,6
1973-06-06,71.22247088615471,1973,6
1973-06-07,71.06600070982154,1973,6
1973-06-08,71.07995707893211,1973,6
1973-06-09,71.00523243904158,1973,6
1973-06-10,70.80272721856623,1973,6
1973-06-11,70.93161616992093,1973,6
1973-06-12,70.85985486164157,1973,6
1973-06-13,70.78997035960131,1973,6
1973-06-14,70.76837189603229,1973,6
1973-06-15,70.97951250774376,1973,6
1973-06-16,71.04632838455383,1973,6
1973-06-17,70.98000011154743,1973,6
1973-06-18,70.83860245134308,1973,6
1973-06-19,70.86593708309188,1973,6
1973-06-20,70.90025769134346,1973,6
1973-06-21,70.94029724103595,1973,6
1973-06-22,70.93197108977081,1973,6
1973-06-23,70.99494885863287,1973,6
1973-06-24,71.08119288502803,1973,6
1973-06-25,71.06429109944318,1973,6
1973-06-26,71.0178724285312,1973,6
1973-06-27,70.92471198956311,1973,6
1973-06-28,70.54849236942809,1973,6
1973-06-29,70.64209155017576,1973,6
1973-06-30,70.78304302809545,1973,6
1973-07-01,70.9002160587511,1973,7
1973-07-02,70.76580340955587,1973,7
1973-07-03,70.55803882583116,1973,7
1973-07-04,70.67524325699246,1973,7
1973-07-05,70.50936134691071,1973,7
1973-07-06,70.49504086498047,1973,7
1973-07-07,70.63772413380214,1973,7
1973-07-08,70.67118239122702,1973,7
1973-07-09,70.56051719234017,1973,7
1973-07-10,70.64386207356522,1973,7
1973-07-11,70.63421745873035,1973,7
1973-07-12,70.67451600020743,1973,7
1973-07-13,70.62309327473332,1973,7
1973-07-14,70.5389319162188,1973,7
1973-07-15,70.49221100511313,1973,7
1973-07-16,70.32387875395072,1973,7
1973-07-17,70.58616630968478,1973,7
1973-07-18,70.61507893147095,1973,7
1973-07-19,70.66021542727933,1973,7
1973-07-20,70.50730412483934,1973,7
1973-07-21,70.5004874266079,1973,7
1973-07-22,70.50885224919357,1973,7
1973-07-23,70.6070456811595,1973,7
1973-07-24,70.54589944393291,1973,7
1973-07-25,70.54047284839419,1973,7
1973-07-26,70.47759415884519,1973,7
1973-07-27,70.44169392871788,1973,7
1973-07-28,70.57543095371715,1973,7
1973-07-29,70.49401949191686,1973,7
1973-07-30,70.47408397842975,1973,7
1973-07-31,70.42940511297459,1973,7
1973-08-01,70.54555028462354,1973,8
1973-08-02,70.42836664460556,1973,8
1973-08-03,70.41107667588146,1973,8
1973-08-04,70.42567997438957,1973,8
1973-08-05,70.33659411794844,1973,8
1973-08-06,70.31754374205792,1973,8
1973-08-07,70.59473357520436,1973,8
1973-08-08,70.22501619259872,1973,8
1973-08-09,70.127160102673,1973,8
1973-08-10,70.11468348650328,1973,8
1973-08-11,70.32633879460208,1973,8
1973-08-12,70.27923881447451,1973,8
1973-08-13,70.12969198198886,1973,8
1973-08-14,70.17408641677862,1973,8
1973-08-15,70.24373569810037,1973,8
1973-08-16,70.35100974812688,1973,8
1973-08-17,70.3614041979943,1973,8
1973-08-18,70.26828287444017,1973,8
1973-08-19,70.20188599262002,1973,8
1973-08-20,70.3687545476852,1973,8
1973-08-21,70.4314508931394,1973,8
1973-08-22,70.37471620730062,1973,8
1973-08-23,70.40640517833029,1973,8
1973-08-24,70.6133274270438,1973,8
1973-08-25,70.6569846052575,1973,8
1973-08-26,70.5518301254413,1973,8
1973-08-27,70.35831601776131,1973,8
1973-08-28,70.58024407861139,1973,8
1973-08-29,70.30744288195326,1973,8
1973-08-30,70.32165189333156,1973,8
1973-08-31,70.24206024974865,1973,8
1973-09-01,70.15918001842242,1973,9
1973-09-02,70.18851125372525,1973,9
1973-09-03,70.13829035548335,1973,9
1973-09-04,70.15322955903187,1973,9
1973-09-05,70.11017672097034,1973,9
1973-09-06,70.17160717302478,1973,9
1973-09-07,70.26703650104096,1973,9
1973-09-08,70.17335892021212,1973,9
1973-09-09,70.1534404138073,1973,9
1973-09-10,70.18411013215137,1973,9
1973-09-11,70.25531673405709,1973,9
1973-09-12,70.12606244190435,1973,9
1973-09-13,69.97861625611708,1973,9
1973-09-14,70.01119249046846,1973,9
1973-09-15,69.99060465491593,1973,9
1973-09-16,70.05034830098097,1973,9
1973-09-17,70.02378160973802,1973,9
1973-09-18,70.06452303511684,1973,9
1973-09-19,70.15575996495765,1973,9
1973-09-20,70.10006081337379,1973,9
1973-09-21,70.07359661972782,1973,9
1973-09-22,70.01092631465067,1973,9
1973-09-23,69.99050834864971,1973,9
1973-09-24,70.03366446632262,1973,9
1973-09-25,69.9490258900882,1973,9
1973-09-26,69.86166659253942,1973,9
1973-09-27,69.86806147734498,1973,9
1973-09-28,69.90835146623171,1973,9
1973-09-29,69.93005776314706,1973,9
1973-09-30,69.93135561521738,1973,9
1973-10-01,69.69699001107581,1973,10
1973-10-02,69.6348478300376,1973,10
1973-10-03,69.36950359192767,1973,10
1973-10-04,69.16667188736427,1973,10
1973-10-05,69.24893238818544,1973,10
1973-10-06,69.36655771078779,1973,10
1973-10-07,69.31495481136122,1973,10
1973-10-08,69.0759961223573,1973,10
1973-10-09,69.13316634137739,1973,10
1973-10-10,69.10825978192486,1973,10
1973-10-11,68.9773798465994,1973,10
1973-10-12,69.00346417089595,1973,10
1973-10-13,68.88121680098921,1973,10
1973-10-14,69.07276937902486,1973,10
1973-10-15,69.12345221841781,1973,10
1973-10-16,69.16169761888597,1973,10
1973-10-17,69.0482969527251,1973,10
1973-10-18,68.8239158827428,1973,10
1973-10-19,68.60309028538816,1973,10
1973-10-20,68.57994171821258,1973,10
1973-10-21,68.56271799780224,1973,10
1973-10-22,68.57594070825735,1973,10
1973-10-23,68.58756878899347,1973,10
1973-10-24,68.30858798246929,1973,10
1973-10-25,68.36128971613972,1973,10
1973-10-26,68.50668511110723,1973,10
1973-10-27,68.57209963530113,1973,10
1973-10-28,68.46852431885526,1973,10
1973-10-29,68.23075328081408,1973,10
1973-10-30,68.04319881046315,1973,10
1973-10-31,67.91234174790905,1973,10
1973-11-01,67.79755144636701,1973,11
1973-11-02,67.63917695753031,1973,11
1973-11-03,67.49438576409086,1973,11
1973-11-04,67.38985330230622,1973,11
1973-11-05,67.23503302917062,1973,11
1973-11-06,67.14361608881097,1973,11
1973-11-07,66.88562346706117,1973,11
1973-11-08,67.06619102258472,1973,11
1973-11-09,67.21586088276626,1973,11
1973-11-10,67.43971086008969,1973,11
1973-11-11,67.5007273459023,1973,11
1973-11-12,67.48353411177736,1973,11
1973-11-13,67.45519336905836,1973,11
1973-11-14,67.34630883705172,1973,11
1973-11-15,67.12624311389007,1973,11
1973-11-16,66.76895682515817,1973,11
1973-11-17,66.58978321006744,1973,11
1973-11-18,66.44496656434961,1973,11
1973-11-19,66.6173835246526,1973,11
1973-11-20,66.5800784796275,1973,11
1973-11-21,66.4711339215574,1973,11
1973-11-22,66.36439531027226,1973,11
1973-11-23,66.22129658073182,1973,11
1973-11-24,66.28266573196377,1973,11
1973-11-25,66.31306842146542,1973,11
1973-11-26,66.11772650859918,1973,11
1973-11-27,65.89044066416203,1973,11
1973-11-28,65.91096907609534,1973,11
1973-11-29,65.9506788634643,1973,11
1973-11-30,66.12216542159798,1973,11
1973-12-01,66.16380985748228,1973,12
1973-12-02,66.30668457028605,1973,12
1973-12-03,66.46668283850856,1973,12
1973-12-04,66.18446421077265,1973,12
1973-12-05,66.09295086425873,1973,12
1973-12-06,65.97032181587639,1973,12
1973-12-07,65.94020558487085,1973,12
1973-12-08,66.05812885949199,1973,12
1973-12-09,66.26572973029951,1973,12
1973-12-10,65.9232119228509,1973,12
1973-12-11,65.82075619818814,1973,12
1973-12-12,65.82329328237182,1973,12
1973-12-13,65.80922420858002,1973,12
1973-12-14,65.76176522760053,1973,12
1973-12-15,65.64922058978746,1973,12
1973-12-16,65.78382142839062,1973,12
1973-12-17,65.6324522228317,1973,12
1973-12-18,65.63033971069301,1973,12
1973-12-19,65.40199809868996,1973,12
1973-12-20,65.2110422072706,1973,12
1973-12-21,65.46284782923173,1973,12
1973-12-22,65.63367645863929,1973,12
1973-12-23,65.45312582839323,1973,12
1973-12-24,65.23428694932333,1973,12
1973-12-25,65.21228263217924,1973,12
1973-12-26,65.0527236444443,1973,12
1973-12-27,64.96049500426396,1973,12
1973-12-28,65.04406962860347,1973,12
1973-12-29,65.0797197953181,1973,12
1973-12-30,65.07194376860502,1973,12
1973-12-31,65.1158600834628,1973,12
1974-01-01,65.1175671943298,1974,1
1974-01-02,64.93819858447111,1974,1
1974-01-03,64.9349884192951,1974,1
1974-01-04,64.87475746841535,1974,1
1974-01-05,64.78882500720266,1974,1
1974-01-06,64.8226656585016,1974,1
1974-01-07,65.0949219973492,1974,1
1974-01-08,65.0643925076701,1974,1
1974-01-09,65.11374479148735,1974,1
1974-01-10,65.01724849885001,1974,1
1974-01-11,64.97281867209963,1974,1
1974-01-12,65.28661116876789,1974,1
1974-01-13,65.33277705273079,1974,1
1974-01-14,65.1661866225086,1974,1
1974-01-15,64.59634938745484,1974,1
1974-01-16,64.33393313837134,1974,1
1974-01-17,64.51240655394214,1974,1
1974-01-18,64.80065444353428,1974,1
1974-01-19,65.14625977463324,1974,1
1974-01-20,65.43883134901186,1974,1
1974-01-21,65.50017847075922,1974,1
1974-01-22,65.36148473500502,1974,1
1974-01-23,65.3700460063476,1974,1
1974-01-24,65.49468656691502,1974,1
1974-01-25,65.41294875799858,1974,1
1974-01-26,65.57430072208031,1974,1
1974-01-27,65.42272593852589,1974,1
1974-01-28,65.17002055972954,1974,1
1974-01-29,65.31604376583155,1974,1
1974-01-30,65.43021315866443,1974,1
1974-01-31,65.39245376237214,1974,1
1974-02-01,65.47791281884848,1974,2
1974-02-02,65.67000193248083,1974,2
1974-02-03,66.05597949552039,1974,2
1974-02-04,65.65998189882669,1974,2
1974-02-05,65.05389742571184,1974,2
1974-02-06,64.57515671117571,1974,2
1974-02-07,64.14550497180636,1974,2
1974-02-08,64.21630018964099,1974,2
1974-02-09,64.41768937802371,1974,2
1974-02-10,64.80563316907867,1974,2
1974-02-11,65.27811644137257,1974,2
1974-02-12,65.3498957124528,1974,2
1974-02-13,65.42209406119142,1974,2
1974-02-14,65.7169158298716,1974,2
1974-02-15,65.73153422468575,1974,2
1974-02-16,66.08851093335579,1974,2
1974-02-17,66.31959966691177,1974,2
1974-02-18,66.47141718444081,1974,2
1974-02-19,66.49524198921303,1974,2
1974-02-20,66.55027944301997,1974,2
1974-02-21,66.71323087654861,1974,2
1974-02-22,67.01021342170722,1974,2
1974-02-23,67.03555760660919,1974,2
1974-02-24,66.85065428103366,1974,2
1974-02-25,66.69693136775466,1974,2
1974-02-26,66.70594288782415,1974,2
1974-02-27,66.6427845545018,1974,2
1974-02-28,66.8018880870283,1974,2
1974-03-01,67.0264436791767,1974,3
1974-03-02,67.17703439074516,1974,3
1974-03-03,67.31759203239801,1974,3
1974-03-04,67.46231204245518,1974,3
1974-03-05,67.8572656216254,1974,3
1974-03-06,67.43391475288402,1974,3
1974-03-07,67.80424556327166,1974,3
1974-03-08,67.80434426407902,1974,3
1974-03-09,67.7172521827352,1974,3
1974-03-10,67.7360788060682,1974,3
1974-03-11,67.53464399317106,1974,3
1974-03-12,67.39905775659129,1974,3
1974-03-13,67.41966796503324,1974,3
1974-03-14,67.57996698766877,1974,3
1974-03-15,67.6096977957736,1974,3
1974-03-16,67.85323521762719,1974,3
1974-03-17,67.68160537392549,1974,3
1974-03-18,67.49400869640363,1974,3
1974-03-19,67.62188871057884,1974,3
1974-03-20,67.9347101624562,1974,3
1974-03-21,68.28514174985031,1974,3
1974-03-22,68.36635180995474,1974,3
1974-03-23,68.76689652025749,1974,3
1974-03-24,69.08136910295997,1974,3
1974-03-25,68.69016242200368,1974,3
1974-03-26,68.56983564712748,1974,3
1974-03-27,68.73162916989388,1974,3
1974-03-28,68.8194738447415,1974,3
1974-03-29,68.94425834751867,1974,3
1974-03-30,68.99650277902704,1974,3
1974-03-31,69.17213415064431,1974,3
1974-04-01,69.32553070764513,1974,4
1974-04-02,69.27403597444659,1974,4
1974-04-03,69.59154428408856,1974,4
1974-04-04,69.7315868623711,1974,4
1974-04-05,68.80735273853783,1974,4
1974-04-06,68.8231603653841,1974,4
1974-04-07,68.891722638033,1974,4
1974-04-08,69.12349739408054,1974,4
1974-04-09,69.03786420523736,1974,4
1974-04-10,68.76889928449343,1974,4
1974-04-11,68.87229078574697,1974,4
1974-04-12,69.08752913218657,1974,4
1974-04-13,69.35385281225176,1974,4
1974-04-14,69.49363824332022,1974,4
1974-04-15,69.60123842494984,1974,4
1974-04-16,69.94822072290859,1974,4
1974-04-17,70.35886029348588,1974,4
1974-04-18,70.11199532534339,1974,4
1974-04-19,70.09916027257859,1974,4
1974-04-20,70.20591682531955,1974,4
1974-04-21,70.11777716019259,1974,4
1974-04-22,70.16843694570309,1974,4
1974-04-23,70.23061293829237,1974,4
1974-04-24,70.19523271662239,1974,4
1974-04-25,70.25292051741437,1974,4
1974-04-26,70.2740874126321,1974,4
1974-04-27,70.32674739201383,1974,4
1974-04-28,70.45092561892541,1974,4
1974-04-29,70.2336255430073,1974,4
1974-04-30,70.08848575364922,1974,4
1974-05-01,70.16864885980598,1974,5
1974-05-02,70.3428541047864,1974,5
1974-05-03,70.45030873934829,1974,5
1974-05-04,70.36266156237372,1974,5
1974-05-05,70.18599313612751,1974,5
1974-05-06,70.18383748827829,1974,5
1974-05-07,70.29850272244256,1974,5
1974-05-08,70.55612647280718,1974,5
1974-05-09,70.67872463116244,1974,5
1974-05-10,70.57398006219202,1974,5
1974-05-11,70.41687975815809,1974,5
1974-05-12,70.33970102264105,1974,5
1974-05-13,70.41462579414328,1974,5
1974-05-14,70.34316909738045,1974,5
1974-05-15,70.31515373992971,1974,5
1974-05-16,69.96770632363658,1974,5
1974-05-17,70.07380456585594,1974,5
1974-05-18,70.06401146028682,1974,5
1974-05-19,70.14426031247453,1974,5
1974-05-20,70.20853021754594,1974,5
1974-05-21,70.28811181527607,1974,5
1974-05-22,70.37999600046274,1974,5
1974-05-23,70.3067060699006,1974,5
1974-05-24,70.24677206401512,1974,5
1974-05-25,70.40864782232781,1974,5
1974-05-26,70.3479180392464,1974,5
1974-05-27,70.23902046150766,1974,5
1974-05-28,70.48867998911564,1974,5
1974-05-29,70.47199810876609,1974,5
1974-05-30,70.71909419289507,1974,5
1974-05-31,70.85797136775395,1974,5
1974-06-01,70.89296220251275,1974,6
1974-06-02,70.84288881680364,1974,6
1974-06-03,70.72870529733513,1974,6
1974-06-04,70.84431685633353,1974,6
1974-06-05,70.78013893556805,1974,6
1974-06-06,70.53231837239626,1974,6
1974-06-07,70.94659311982188,1974,6
1974-06-08,70.05815156291375,1974,6
1974-06-09,70.22957982348463,1974,6
1974-06-10,70.39777233469023,1974,6
1974-06-11,70.51860166220666,1974,6
1974-06-12,70.75854532274552,1974,6
1974-06-13,70.81286454240553,1974,6
1974-06-14,70.96717473907803,1974,6
1974-06-15,70.95854834443523,1974,6
1974-06-16,71.03558278803708,1974,6
1974-06-17,70.91587565689622,1974,6
1974-06-18,70.70211116945285,1974,6
1974-06-19,70.59498032123335,1974,6
1974-06-20,70.58756264281041,1974,6
1974-06-21,70.73970553610071,1974,6
1974-06-22,70.67714650168678,1974,6
1974-06-23,70.34877561367348,1974,6
1974-06-24,70.70524045735532,1974,6
1974-06-25,70.15540081352313,1974,6
1974-06-26,70.2266998032515,1974,6
1974-06-27,70.29543161364249,1974,6
1974-06-28,70.45666906794116,1974,6
1974-06-29,70.63638830238969,1974,6
1974-06-30,70.72548987926655,1974,6
1974-07-01,70.85062703204795,1974,7
1974-07-02,70.62250374621583,1974,7
1974-07-03,70.2635300486363,1974,7
1974-07-04,70.42306356017576,1974,7
1974-07-05,70.36118522928356,1974,7
1974-07-06,70.38111491398072,1974,7
1974-07-07,70.64213934038459,1974,7
1974-07-08,70.45867640284693,1974,7
1974-07-09,70.59326734679775,1974,7
1974-07-10,70.38780035085276,1974,7
1974-07-11,70.44420662230792,1974,7
1974-07-12,70.35094119576372,1974,7
1974-07-13,70.42257928235416,1974,7
1974-07-14,70.38784153697058,1974,7
1974-07-15,70.41100749470888,1974,7
1974-07-16,70.32407985458637,1974,7
1974-07-17,70.4056920228514,1974,7
1974-07-18,70.4243044834632,1974,7
1974-07-19,70.36059656589418,1974,7
1974-07-20,70.32231603380156,1974,7
1974-07-21,70.35723667586129,1974,7
1974-07-22,70.55401971421854,1974,7
1974-07-23,70.58270679587802,1974,7
1974-07-24,70.47817963255433,1974,7
1974-07-25,70.28627968172047,1974,7
1974-07-26,70.35673473426664,1974,7
1974-07-27,70.41407924884402,1974,7
1974-07-28,70.4510208281756,1974,7
1974-07-29,70.4490223555976,1974,7
1974-07-30,70.2906228480677,1974,7
1974-07-31,70.294233616432,1974,7
1974-08-01,70.35083451004144,1974,8
1974-08-02,70.41127111980408,1974,8
1974-08-03,70.42734334658998,1974,8
1974-08-04,70.41558318928385,1974,8
1974-08-05,70.30779968703911,1974,8
1974-08-06,70.23394953785741,1974,8
1974-08-07,70.22150177833909,1974,8
1974-08-08,70.24525258502005,1974,8
1974-08-09,70.37714728522128,1974,8
1974-08-10,70.45997965115542,1974,8
1974-08-11,70.57855681715668,1974,8
1974-08-12,70.60845784685063,1974,8
1974-08-13,70.42881319002866,1974,8
1974-08-14,70.37326223652421,1974,8
1974-08-15,70.30984447632537,1974,8
1974-08-16,70.29283011869009,1974,8
1974-08-17,70.31162779424744,1974,8
1974-08-18,70.40353854088055,1974,8
1974-08-19,70.35676545200359,1974,8
1974-08-20,70.2674911306214,1974,8
1974-08-21,70.14209417432603,1974,8
1974-08-22,70.27247726840305,1974,8
1974-08-23,70.24617702902275,1974,8
1974-08-24,70.35691079954914,1974,8
1974-08-25,70.39125728398201,1974,8
1974-08-26,70.34103446077621,1974,8
1974-08-27,70.26545087189966,1974,8
1974-08-28,70.19149898491976,1974,8
1974-08-29,70.14609509724733,1974,8
1974-08-30,70.19454902333939,1974,8
1974-08-31,70.12575629541664,1974,8
1974-09-01,70.01665239480492,1974,9
1974-09-02,69.96209132590837,1974,9
1974-09-03,69.86681226339206,1974,9
1974-09-04,69.8392089359845,1974,9
1974-09-05,69.924025945086,1974,9
1974-09-06,70.00604685933665,1974,9
1974-09-07,70.08000424462595,1974,9
1974-09-08,70.07102448624447,1974,9
1974-09-09,69.97850369356064,1974,9
1974-09-10,69.89466991531376,1974,9
1974-09-11,70.17352445641396,1974,9
1974-09-12,69.84334415911721,1974,9
1974-09-13,69.98881071488513,1974,9
1974-09-14,69.91566387545436,1974,9
1974-09-15,69.87565295017183,1974,9
1974-09-16,69.98735012484791,1974,9
1974-09-17,70.08139938469506,1974,9
1974-09-18,69.90000858355377,1974,9
1974-09-19,69.81213159293742,1974,9
1974-09-20,69.84303132966419,1974,9
1974-09-21,69.82399121038505,1974,9
1974-09-22,69.94533256474122,1974,9
1974-09-23,69.92778227784709,1974,9
1974-09-24,69.95232625044352,1974,9
1974-09-25,69.78567861095861,1974,9
1974-09-26,69.8730293855742,1974,9
1974-09-27,69.91227513537272,1974,9
1974-09-28,69.86350069827874,1974,9
1974-09-29,69.79477794193848,1974,9
1974-09-30,69.72611176464794,1974,9
1974-10-01,69.99967893709285,1974,10
1974-10-02,69.29393822260518,1974,10
1974-10-03,69.04893026231095,1974,10
1974-10-04,68.81878493208437,1974,10
1974-10-05,68.67407635029207,1974,10
1974-10-06,68.7039769864526,1974,10
1974-10-07,68.83884647471623,1974,10
1974-10-08,69.16356452832876,1974,10
1974-10-09,69.41539027244207,1974,10
1974-10-10,69.6070379835423,1974,10
1974-10-11,69.61714964027475,1974,10
1974-10-12,69.56088651624135,1974,10
1974-10-13,69.48459760465502,1974,10
1974-10-14,69.35006481563667,1974,10
1974-10-15,69.44380553971527,1974,10
1974-10-16,69.43391661805362,1974,10
1974-10-17,69.384781858926,1974,10
1974-10-18,69.23572147324926,1974,10
1974-10-19,69.32393913625505,1974,10
1974-10-20,69.39015895910124,1974,10
1974-10-21,69.27266315117835,1974,10
1974-10-22,69.25981043914958,1974,10
1974-10-23,69.11507905259792,1974,10
1974-10-24,68.91281104981144,1974,10
1974-10-25,68.70301181131744,1974,10
1974-10-26,68.42376549982224,1974,10
1974-10-27,68.06471391135027,1974,10
1974-10-28,67.74701743720549,1974,10
1974-10-29,67.51573418567986,1974,10
1974-10-30,67.33577877032684,1974,10
1974-10-31,67.27735540171496,1974,10
1974-11-01,67.36330673325358,1974,11
1974-11-02,67.40397671274343,1974,11
1974-11-03,67.29894381195055,1974,11
1974-11-04,67.29624056619197,1974,11
1974-11-05,67.04896101796399,1974,11
1974-11-06,66.86116339591156,1974,11
1974-11-07,66.70066890433878,1974,11
1974-11-08,66.58923767471849,1974,11
1974-11-09,66.6409428877275,1974,11
1974-11-10,66.7303915436122,1974,11
1974-11-11,66.76181772229192,1974,11
1974-11-12,66.88694627002747,1974,11
1974-11-13,66.8586493878279,1974,11
1974-11-14,66.68163869895346,1974,11
1974-11-15,66.503758373612,1974,11
1974-11-16,66.3282785699086,1974,11
1974-11-17,66.18699868793495,1974,11
1974-11-18,66.11777186283538,1974,11
1974-11-19,66.3834334906133,1974,11
1974-11-20,66.90525974317502,1974,11
1974-11-21,67.1155049270041,1974,11
1974-11-22,66.81955671342656,1974,11
1974-11-23,66.52353094670703,1974,11
1974-11-24,66.41512511340738,1974,11
1974-11-25,66.3091234292437,1974,11
1974-11-26,66.3204866769093,1974,11
1974-11-27,66.27684560039418,1974,11
1974-11-28,66.16962206920563,1974,11
1974-11-29,66.01881292108061,1974,11
1974-11-30,65.73977465235163,1974,11
1974-12-01,65.33599118851699,1974,12
1974-12-02,65.44978647404206,1974,12
1974-12-03,65.77536879714292,1974,12
1974-12-04,65.77625768310979,1974,12
1974-12-05,65.75988694546022,1974,12
1974-12-06,65.62375716188869,1974,12
1974-12-07,65.61968564948857,1974,12
1974-12-08,65.53516540014158,1974,12
1974-12-09,65.57144049012754,1974,12
1974-12-10,65.6308318723821,1974,12
1974-12-11,65.50436279362751,1974,12
1974-12-12,65.37533209978318,1974,12
1974-12-13,65.11937019345925,1974,12
1974-12-14,65.24461882371705,1974,12
1974-12-15,65.61090868035267,1974,12
1974-12-16,65.89082547245458,1974,12
1974-12-17,65.90276539974893,1974,12
1974-12-18,65.49454199021653,1974,12
1974-12-19,65.2730715700979,1974,12
1974-12-20,65.05450245493802,1974,12
1974-12-21,64.9294401897892,1974,12
1974-12-22,64.76301494616777,1974,12
1974-12-23,64.69113978551374,1974,12
1974-12-24,64.81102466279356,1974,12
1974-12-25,64.9431607345657,1974,12
1974-12-26,65.01814178890302,1974,12
1974-12-27,65.0696746347187,1974,12
1974-12-28,65.24128166268788,1974,12
1974-12-29,65.21795646749167,1974,12
1974-12-30,65.07491255393496,1974,12
1974-12-31,65.13157843177633,1974,12
1975-01-01,65.29528949446204,1975,1
1975-01-02,64.90120405539973,1975,1
1975-01-03,64.78212972184866,1975,1
1975-01-04,64.7592612359841,1975,1
1975-01-05,64.69578371938763,1975,1
1975-01-06,64.66441884497664,1975,1
1975-01-07,64.64098947917947,1975,1
1975-01-08,64.90603057143603,1975,1
1975-01-09,65.03762004702644,1975,1
1975-01-10,64.95489149649501,1975,1
1975-01-11,64.97259385148772,1975,1
1975-01-12,64.97523239197744,1975,1
1975-01-13,64.94278998059643,1975,1
1975-01-14,64.74623474920163,1975,1
1975-01-15,64.87100949473326,1975,1
1975-01-16,65.0155618524352,1975,1
1975-01-17,64.82649101181686,1975,1
1975-01-18,64.67499935517046,1975,1
1975-01-19,64.67521258372139,1975,1
1975-01-20,64.98699822945387,1975,1
1975-01-21,65.50883088221153,1975,1
1975-01-22,65.75995631249475,1975,1
1975-01-23,65.8265608697313,1975,1
1975-01-24,65.77992800378883,1975,1
1975-01-25,65.53257652114696,1975,1
1975-01-26,65.42167813664369,1975,1
1975-01-27,65.52453126649479,1975,1
1975-01-28,65.45393808733232,1975,1
1975-01-29,65.59686799464042,1975,1
1975-01-30,65.66860375739671,1975,1
1975-01-31,65.89946373309324,1975,1
1975-02-01,65.8685442829969,1975,2
1975-02-02,65.58362456016755,1975,2
1975-02-03,65.30991419902116,1975,2
1975-02-04,65.41887443945895,1975,2
1975-02-05,66.13523959224686,1975,2
1975-02-06,66.31452116670724,1975,2
1975-02-07,66.30153230870799,1975,2
1975-02-08,66.4108585707855,1975,2
1975-02-09,66.41614257097973,1975,2
1975-02-10,66.51564047572951,1975,2
1975-02-11,66.48445107173384,1975,2
1975-02-12,66.30056377154051,1975,2
1975-02-13,66.72202690120103,1975,2
1975-02-14,66.44957588698345,1975,2
1975-02-15,66.06356323108606,1975,2
1975-02-16,65.97558541963761,1975,2
1975-02-17,65.71896893302078,1975,2
1975-02-18,65.45943908859965,1975,2
1975-02-19,65.74630460581602,1975,2
1975-02-20,66.07347729432352,1975,2
1975-02-21,66.14460446946848,1975,2
1975-02-22,66.1758263535532,1975,2
1975-02-23,66.3096332354054,1975,2
1975-02-24,66.34194481294867,1975,2
1975-02-25,66.5822990238208,1975,2
1975-02-26,66.82186053436216,1975,2
1975-02-27,66.81127676173847,1975,2
1975-02-28,67.06335100534778,1975,2
1975-03-01,67.2799413846274,1975,3
1975-03-02,67.34954525446133,1975,3
1975-03-03,67.28569772175828,1975,3
1975-03-04,67.63637299472602,1975,3
1975-03-05,67.90089246351262,1975,3
1975-03-06,67.99139380926208,1975,3
1975-03-07,67.54001060808771,1975,3
1975-03-08,67.40889758754246,1975,3
1975-03-09,67.5521868034907,1975,3
1975-03-10,67.87057812079806,1975,3
1975-03-11,68.75212196386478,1975,3
1975-03-12,67.15695290107975,1975,3
1975-03-13,67.10844992206687,1975,3
1975-03-14,67.1293609495278,1975,3
1975-03-15,67.04432492306923,1975,3
1975-03-16,67.02603269595474,1975,3
1975-03-17,67.1374050308301,1975,3
1975-03-18,67.35187466409317,1975,3
1975-03-19,67.5072025750472,1975,3
1975-03-20,67.71071924863894,1975,3
1975-03-21,68.00111754918659,1975,3
1975-03-22,68.31854530407067,1975,3
1975-03-23,68.27776453121332,1975,3
1975-03-24,68.00711718884635,1975,3
1975-03-25,67.70731443867042,1975,3
1975-03-26,67.12257128149352,1975,3
1975-03-27,67.24661262393948,1975,3
1975-03-28,67.55988333269782,1975,3
1975-03-29,67.76512196259492,1975,3
1975-03-30,67.9671975726649,1975,3
1975-03-31,68.12061655816366,1975,3
1975-04-01,68.40443665312164,1975,4
1975-04-02,68.68319881645814,1975,4
1975-04-03,68.99097111547728,1975,4
1975-04-04,69.27822916464076,1975,4
1975-04-05,69.54669089294842,1975,4
1975-04-06,69.69918292858517,1975,4
1975-04-07,69.66394241228718,1975,4
1975-04-08,69.29819746637502,1975,4
1975-04-09,68.86137865420912,1975,4
1975-04-10,68.76577658841342,1975,4
1975-04-11,68.93108864884488,1975,4
1975-04-12,68.99526422977902,1975,4
1975-04-13,69.24465779892385,1975,4
1975-04-14,69.56061694332537,1975,4
1975-04-15,68.97493517974198,1975,4
1975-04-16,68.79683724237728,1975,4
1975-04-17,68.90542390280952,1975,4
1975-04-18,69.14377780809652,1975,4
1975-04-19,69.52647356670327,1975,4
1975-04-20,69.86739899854881,1975,4
1975-04-21,70.16711562032667,1975,4
1975-04-22,70.15226887041558,1975,4
1975-04-23,69.97760636634031,1975,4
1975-04-24,70.10354243278948,1975,4
1975-04-25,70.12679663582263,1975,4
1975-04-26,70.04238246859659,1975,4
1975-04-27,70.1047652380556,1975,4
1975-04-28,69.98321214359746,1975,4
1975-04-29,69.87516684656441,1975,4
1975-04-30,69.86982573785102,1975,4
1975-05-01,69.915411173675,1975,5
1975-05-02,70.05582051045045,1975,5
1975-05-03,70.46846952327567,1975,5
1975-05-04,69.92521550454958,1975,5
1975-05-05,70.18243538442395,1975,5
1975-05-06,70.3084439287262,1975,5
1975-05-07,70.10062447104472,1975,5
1975-05-08,70.23622495265556,1975,5
1975-05-09,70.623909658586,1975,5
1975-05-10,70.73864257731631,1975,5
1975-05-11,70.75452721029166,1975,5
1975-05-12,70.91802230794468,1975,5
1975-05-13,70.81791128000124,1975,5
1975-05-14,70.79760857987972,1975,5
1975-05-15,70.86834518339552,1975,5
1975-05-16,71.27402269534352,1975,5
1975-05-17,71.38663441346789,1975,5
1975-05-18,70.77258689494226,1975,5
1975-05-19,70.47485037116164,1975,5
1975-05-20,70.5039446487762,1975,5
1975-05-21,70.82657321709394,1975,5
1975-05-22,70.50919252722055,1975,5
1975-05-23,70.22768035533001,1975,5
1975-05-24,70.38112074234105,1975,5
1975-05-25,70.45366976564905,1975,5
1975-05-26,70.7132958547885,1975,5
1975-05-27,70.84693142525867,1975,5
1975-05-28,70.97059055789573,1975,5
1975-05-29,71.07768508290867,1975,5
1975-05-30,71.03750009424228,1975,5
1975-05-31,70.5759368877105,1975,5
1975-06-01,70.18928780876611,1975,6
1975-06-02,70.06289634268154,1975,6
1975-06-03,70.10228793057243,1975,6
1975-06-04,70.22218280866349,1975,6
1975-06-05,70.60257529628473,1975,6
1975-06-06,70.84468228614307,1975,6
1975-06-07,71.0258754381176,1975,6
1975-06-08,70.69156823030178,1975,6
1975-06-09,70.56644401788064,1975,6
1975-06-10,70.64487921990278,1975,6
1975-06-11,70.78226929092592,1975,6
1975-06-12,70.89202870435199,1975,6
1975-06-13,71.05840311732271,1975,6
1975-06-14,71.07432860623298,1975,6
1975-06-15,71.11718254767271,1975,6
1975-06-16,71.118853094289,1975,6
1975-06-17,71.11606830032973,1975,6
1975-06-18,70.9153259523903,1975,6
1975-06-19,70.59399452019329,1975,6
1975-06-20,70.36849718347666,1975,6
1975-06-21,70.3263880578737,1975,6
1975-06-22,70.39648926110738,1975,6
1975-06-23,70.37482498310654,1975,6
1975-06-24,70.41982800261876,1975,6
1975-06-25,70.49297487104658,1975,6
1975-06-26,70.62241603039863,1975,6
1975-06-27,70.61371906283776,1975,6
1975-06-28,70.45406063578753,1975,6
1975-06-29,70.2135115237826,1975,6
1975-06-30,70.21004944931407,1975,6
1975-07-01,70.22755397124214,1975,7
1975-07-02,70.13373771587132,1975,7
1975-07-03,70.2827900417813,1975,7
1975-07-04,70.36006855081544,1975,7
1975-07-05,70.18500345960838,1975,7
1975-07-06,70.33454148269956,1975,7
1975-07-07,70.56470267232964,1975,7
1975-07-08,70.32949021201776,1975,7
1975-07-09,70.34270051546231,1975,7
1975-07-10,70.57479831035118,1975,7
1975-07-11,70.64132768734713,1975,7
1975-07-12,70.69669428185993,1975,7
1975-07-13,70.34275091573899,1975,7
1975-07-14,70.29313228135432,1975,7
1975-07-15,70.50839646473459,1975,7
1975-07-16,70.213713989456,1975,7
1975-07-17,70.15645008731227,1975,7
1975-07-18,70.16518536012647,1975,7
1975-07-19,70.16187133437447,1975,7
1975-07-20,70.02632950051117,1975,7
1975-07-21,70.06791483580798,1975,7
1975-07-22,69.93953614327333,1975,7
1975-07-23,69.97205192612758,1975,7
1975-07-24,70.0869612005551,1975,7
1975-07-25,70.25833583588208,1975,7
1975-07-26,70.29193376299992,1975,7
1975-07-27,70.36117108202276,1975,7
1975-07-28,70.25755673552149,1975,7
1975-07-29,70.13338732552407,1975,7
1975-07-30,70.21464417903525,1975,7
1975-07-31,70.23674989017395,1975,7
1975-08-01,70.46005036510515,1975,8
1975-08-02,70.51467261816477,1975,8
1975-08-03,70.35145599832939,1975,8
1975-08-04,70.26284493889703,1975,8
1975-08-05,70.27602356474044,1975,8
1975-08-06,70.295688893488,1975,8
1975-08-07,70.43462169469788,1975,8
1975-08-08,70.38907657336108,1975,8
1975-08-09,70.39820829921582,1975,8
1975-08-10,70.57883072421782,1975,8
1975-08-11,70.65606908724942,1975,8
1975-08-12,70.63606340769611,1975,8
1975-08-13,70.71543479314755,1975,8
1975-08-14,70.46455076394997,1975,8
1975-08-15,70.42892526575311,1975,8
1975-08-16,70.43915418233877,1975,8
1975-08-17,70.42207090562151,1975,8
1975-08-18,70.3303791684741,1975,8
1975-08-19,70.36159941689323,1975,8
1975-08-20,70.23596628785562,1975,8
1975-08-21,70.27384095584281,1975,8
1975-08-22,70.08206985368426,1975,8
1975-08-23,69.9548359491316,1975,8
1975-08-24,69.90697261995996,1975,8
1975-08-25,70.01144924472183,1975,8
1975-08-26,70.31557567265641,1975,8
1975-08-27,70.3902094933033,1975,8
1975-08-28,70.1751133997946,1975,8
1975-08-29,70.58254797996011,1975,8
1975-08-30,70.17491734293256,1975,8
1975-08-31,70.19204400944969,1975,8
1975-09-01,70.19929569752549,1975,9
1975-09-02,70.20195640754203,1975,9
1975-09-03,70.19975554768538,1975,9
1975-09-04,70.2019085309503,1975,9
1975-09-05,70.07243224265828,1975,9
1975-09-06,70.0000713793087,1975,9
1975-09-07,69.93978489121835,1975,9
1975-09-08,69.8642247104652,1975,9
1975-09-09,69.82757081458014,1975,9
1975-09-10,69.79137564270866,1975,9
1975-09-11,69.8712793148475,1975,9
1975-09-12,69.85793734338633,1975,9
1975-09-13,69.87432756457015,1975,9
1975-09-14,69.99727992666014,1975,9
1975-09-15,69.89146988839643,1975,9
1975-09-16,69.8332247837765,1975,9
1975-09-17,69.89198384652276,1975,9
1975-09-18,70.02251916346667,1975,9
1975-09-19,70.01404853430935,1975,9
1975-09-20,69.92865668507206,1975,9
1975-09-21,69.95821576987304,1975,9
1975-09-22,70.01844433335123,1975,9
1975-09-23,70.08420586366432,1975,9
1975-09-24,69.88237879243198,1975,9
1975-09-25,69.79261700507456,1975,9
1975-09-26,69.75029557893745,1975,9
1975-09-27,69.61493931246235,1975,9
1975-09-28,69.70498714472416,1975,9
1975-09-29,69.77732023484288,1975,9
1975-09-30,69.82523629282379,1975,9
1975-10-01,69.79708834262166,1975,10
1975-10-02,69.79264014461366,1975,10
1975-10-03,69.71193147200205,1975,10
1975-10-04,69.81032834328124,1975,10
1975-10-05,69.74340056496544,1975,10
1975-10-06,69.82598692141343,1975,10
1975-10-07,69.81429551923327,1975,10
1975-10-08,69.78469378831097,1975,10
1975-10-09,69.69725152458795,1975,10
1975-10-10,69.53221119676948,1975,10
1975-10-11,69.36326318338388,1975,10
1975-10-12,69.36929836751523,1975,10
1975-10-13,69.28281414572088,1975,10
1975-10-14,69.09698707486103,1975,10
1975-10-15,69.08827603467259,1975,10
1975-10-16,69.1202861028396,1975,10
1975-10-17,69.12930998578565,1975,10
1975-10-18,69.07059995336341,1975,10
1975-10-19,69.05278129121184,1975,10
1975-10-20,69.1076620833234,1975,10
1975-10-21,69.01590604297088,1975,10
1975-10-22,68.9959456795641,1975,10
1975-10-23,68.83985905449428,1975,10
1975-10-24,68.60777878915283,1975,10
1975-10-25,68.50317695176743,1975,10
1975-10-26,68.44483727628864,1975,10
1975-10-27,68.34845668511475,1975,10
1975-10-28,68.32979491188834,1975,10
1975-10-29,68.34287785334034,1975,10
1975-10-30,68.27681759479316,1975,10
1975-10-31,68.03243854831463,1975,10
1975-11-01,67.94092222162223,1975,11
1975-11-02,67.61956373667996,1975,11
1975-11-03,67.260392340534,1975,11
1975-11-04,67.19395446174845,1975,11
1975-11-05,67.20497765518607,1975,11
1975-11-06,67.17621881056654,1975,11
1975-11-07,67.14482426502549,1975,11
1975-11-08,67.12036667617998,1975,11
1975-11-09,67.14482605972172,1975,11
1975-11-10,67.04745297136292,1975,11
1975-11-11,66.79180256778898,1975,11
1975-11-12,66.47184229457058,1975,11
1975-11-13,66.16477500937849,1975,11
1975-11-14,66.12894446419297,1975,11
1975-11-15,66.26518542022525,1975,11
1975-11-16,66.26595337250914,1975,11
1975-11-17,66.16869248497704,1975,11
1975-11-18,66.08501382543028,1975,11
1975-11-19,66.09818076744725,1975,11
1975-11-20,66.01680306449266,1975,11
1975-11-21,65.95869675407464,1975,11
1975-11-22,65.86920159180846,1975,11
1975-11-23,65.75256165696406,1975,11
1975-11-24,65.71342232296021,1975,11
1975-11-25,65.6693008529348,1975,11
1975-11-26,65.71842065685563,1975,11
1975-11-27,65.71398172494477,1975,11
1975-11-28,65.53057672627881,1975,11
1975-11-29,65.2746131782711,1975,11
1975-11-30,65.09852244615368,1975,11
1975-12-01,65.20137994077182,1975,12
1975-12-02,65.19900766903167,1975,12
1975-12-03,65.30380382918995,1975,12
1975-12-04,65.74098423465519,1975,12
1975-12-05,65.86302012970121,1975,12
1975-12-06,65.8934132776122,1975,12
1975-12-07,65.73170089792016,1975,12
1975-12-08,65.22304407640702,1975,12
1975-12-09,64.8650306778728,1975,12
1975-12-10,64.72717564417748,1975,12
1975-12-11,64.80462404187833,1975,12
1975-12-12,64.83942090504594,1975,12
1975-12-13,64.94845247869107,1975,12
1975-12-14,65.07708556693511,1975,12
1975-12-15,65.07363942658478,1975,12
1975-12-16,65.0710601700613,1975,12
1975-12-17,65.25297049429678,1975,12
1975-12-18,65.18085775611362,1975,12
1975-12-19,65.13658188531636,1975,12
1975-12-20,65.08819798203916,1975,12
1975-12-21,65.07196583613444,1975,12
1975-12-22,65.09383332730994,1975,12
1975-12-23,64.951130926751,1975,12
1975-12-24,64.87105602630832,1975,12
1975-12-25,64.95737221964711,1975,12
1975-12-26,64.9227661986341,1975,12
1975-12-27,65.12478884212088,1975,12
1975-12-28,65.15375775001853,1975,12
1975-12-29,65.22240553344265,1975,12
1975-12-30,65.22929354559169,1975,12
1975-12-31,65.18350267963224,1975,12
1976-01-01,65.58338847719138,1976,1
1976-01-02,65.50952425647071,1976,1
1976-01-03,65.48388586577043,1976,1
1976-01-04,65.50295673499397,1976,1
1976-01-05,65.38050911497612,1976,1
1976-01-06,65.23375422046666,1976,1
1976-01-07,64.97625936370117,1976,1
1976-01-08,64.89984561796761,1976,1
1976-01-09,64.91779999139676,1976,1
1976-01-10,64.99743992525885,1976,1
1976-01-11,65.17139692893807,1976,1
1976-01-12,65.37815630816942,1976,1
1976-01-13,65.47018967979737,1976,1
1976-01-14,65.63531457399803,1976,1
1976-01-15,65.85324092261834,1976,1
1976-01-16,65.81426171322155,1976,1
1976-01-17,65.77959104940399,1976,1
1976-01-18,65.42147746679684,1976,1
1976-01-19,65.13811916778168,1976,1
1976-01-20,65.0618666996414,1976,1
1976-01-21,64.92738268117091,1976,1
1976-01-22,64.76483337471709,1976,1
1976-01-23,65.016007325324,1976,1
1976-01-24,65.47574926333564,1976,1
1976-01-25,65.59328128252686,1976,1
1976-01-26,65.70283595603513,1976,1
1976-01-27,65.87788970240389,1976,1
1976-01-28,65.78308656232394,1976,1
1976-01-29,66.02415848998373,1976,1
1976-01-30,66.29934453348784,1976,1
1976-01-31,66.25820433031998,1976,1
1976-02-01,66.08349929442107,1976,2
1976-02-02,66.07962484588647,1976,2
1976-02-03,66.00274347672728,1976,2
1976-02-04,66.26076431728202,1976,2
1976-02-05,66.15368054976761,1976,2
1976-02-06,65.77830970487935,1976,2
1976-02-07,65.59784356387445,1976,2
1976-02-08,65.7503592100375,1976,2
1976-02-09,65.90235201802749,1976,2
1976-02-10,65.8954912718114,1976,2
1976-02-11,66.00934315257453,1976,2
1976-02-12,66.19487436243442,1976,2
1976-02-13,66.30887980889092,1976,2
1976-02-14,66.56155103348303,1976,2
1976-02-15,67.01193005340265,1976,2
1976-02-16,66.98733206699028,1976,2
1976-02-17,66.98543545075134,1976,2
1976-02-18,66.9288505854613,1976,2
1976-02-19,66.93597754089265,1976,2
1976-02-20,66.77901451551702,1976,2
1976-02-21,66.50792767193461,1976,2
1976-02-22,66.3028171204308,1976,2
1976-02-23,66.23740377078036,1976,2
1976-02-24,66.52119130229403,1976,2
1976-02-25,66.69904801623831,1976,2
1976-02-26,66.69556400197078,1976,2
1976-02-27,66.1333364191255,1976,2
1976-02-28,65.88930469928088,1976,2
1976-02-29,65.89092784502664,1976,2
1976-03-01,66.07266911313708,1976,3
1976-03-02,66.39662251837619,1976,3
1976-03-03,66.83208687283347,1976,3
1976-03-04,67.40091677928865,1976,3
1976-03-05,67.51575055411004,1976,3
1976-03-06,67.33172234656118,1976,3
1976-03-07,67.33188348981244,1976,3
1976-03-08,67.44637702723887,1976,3
1976-03-09,67.60249667480097,1976,3
1976-03-10,67.39642234032387,1976,3
1976-03-11,67.35040250350261,1976,3
1976-03-12,67.3597108256162,1976,3
1976-03-13,67.73421029219236,1976,3
1976-03-14,67.32310728777138,1976,3
1976-03-15,67.53393960400979,1976,3
1976-03-16,67.73870641672417,1976,3
1976-03-17,68.47768531294558,1976,3
1976-03-18,68.09176985168433,1976,3
1976-03-19,68.24469589800299,1976,3
1976-03-20,68.24375740348447,1976,3
1976-03-21,68.15694080993214,1976,3
1976-03-22,68.06268023737508,1976,3
1976-03-23,68.07185739762215,1976,3
1976-03-24,68.12104468588434,1976,3
1976-03-25,68.24840024116877,1976,3
1976-03-26,68.44208660822054,1976,3
1976-03-27,68.64733747286328,1976,3
1976-03-28,68.79190065102816,1976,3
1976-03-29,68.77949046973298,1976,3
1976-03-30,68.61869462441517,1976,3
1976-03-31,68.6737599232028,1976,3
1976-04-01,68.18902841893983,1976,4
1976-04-02,68.13271663820687,1976,4
1976-04-03,68.17415939402125,1976,4
1976-04-04,68.30811686592196,1976,4
1976-04-05,68.44272049486729,1976,4
1976-04-06,68.97147447823171,1976,4
1976-04-07,68.84653414303617,1976,4
1976-04-08,68.99999486504589,1976,4
1976-04-09,69.31062940174691,1976,4
1976-04-10,69.29330001349705,1976,4
1976-04-11,69.30043376065552,1976,4
1976-04-12,69.05794888823613,1976,4
1976-04-13,69.0901551062861,1976,4
1976-04-14,69.2468799989443,1976,4
1976-04-15,69.08637231588939,1976,4
1976-04-16,69.03209726558683,1976,4
1976-04-17,69.333149893606,1976,4
1976-04-18,69.28063026091827,1976,4
1976-04-19,69.35106777403499,1976,4
1976-04-20,69.64092077687378,1976,4
1976-04-21,69.85800382511651,1976,4
1976-04-22,69.99156770660802,1976,4
1976-04-23,69.93431405741426,1976,4
1976-04-24,69.97032636919418,1976,4
1976-04-25,69.79210706917512,1976,4
1976-04-26,69.61194436036638,1976,4
1976-04-27,69.67858329478749,1976,4
1976-04-28,69.81619043820098,1976,4
1976-04-29,69.9017478390793,1976,4
1976-04-30,69.93576246362602,1976,4
1976-05-01,69.92845709156379,1976,5
1976-05-02,69.84233709187045,1976,5
1976-05-03,69.69866983561677,1976,5
1976-05-04,69.85172639868398,1976,5
1976-05-05,69.77033758866605,1976,5
1976-05-06,69.90783828530951,1976,5
1976-05-07,70.07129189130384,1976,5
1976-05-08,70.33802382650605,1976,5
1976-05-09,70.08406756337817,1976,5
1976-05-10,70.32746009328874,1976,5
1976-05-11,70.35924873827206,1976,5
1976-05-12,70.38397105193548,1976,5
1976-05-13,70.13144951093513,1976,5
1976-05-14,70.14916653007143,1976,5
1976-05-15,70.10020610574287,1976,5
1976-05-16,70.15082319107255,1976,5
1976-05-17,70.26774698351264,1976,5
1976-05-18,70.31871766108696,1976,5
1976-05-19,70.35032595234556,1976,5
1976-05-20,70.52274137311694,1976,5
1976-05-21,70.55201989237126,1976,5
1976-05-22,70.67227416032276,1976,5
1976-05-23,70.7746563130137,1976,5
1976-05-24,70.65224962336173,1976,5
1976-05-25,70.61743996574167,1976,5
1976-05-26,70.6389572586818,1976,5
1976-05-27,70.70212936455887,1976,5
1976-05-28,70.66142878375078,1976,5
1976-05-29,70.72027826273187,1976,5
1976-05-30,70.81471743316807,1976,5
1976-05-31,70.85138133044725,1976,5
1976-06-01,71.01559901661145,1976,6
1976-06-02,71.10509734035432,1976,6
1976-06-03,70.96384192852824,1976,6
1976-06-04,70.85811005904988,1976,6
1976-06-05,70.61271599243616,1976,6
1976-06-06,70.30456959577084,1976,6
1976-06-07,70.35489419860735,1976,6
1976-06-08,70.37325651638726,1976,6
1976-06-09,70.55758709416992,1976,6
1976-06-10,70.54589435920292,1976,6
1976-06-11,70.45291175441956,1976,6
1976-06-12,70.67928413878113,1976,6
1976-06-13,70.48625863780852,1976,6
1976-06-14,70.2780428277201,1976,6
1976-06-15,70.17422613267293,1976,6
1976-06-16,70.02600814517938,1976,6
1976-06-17,70.15056873617011,1976,6
1976-06-18,70.04265678421156,1976,6
1976-06-19,70.20709170677907,1976,6
1976-06-20,70.23721814456874,1976,6
1976-06-21,70.41876117032271,1976,6
1976-06-22,70.41030923573754,1976,6
1976-06-23,70.53473570039232,1976,6
1976-06-24,70.5349404749763,1976,6
1976-06-25,70.58189299511072,1976,6
1976-06-26,70.724070027949,1976,6
1976-06-27,70.91311525460696,1976,6
1976-06-28,71.0378037050532,1976,6
1976-06-29,70.90059487415718,1976,6
1976-06-30,70.88585546942222,1976,6
1976-07-01,70.89146002589092,1976,7
1976-07-02,70.80802046236978,1976,7
1976-07-03,70.70967841038923,1976,7
1976-07-04,70.55613291576287,1976,7
1976-07-05,70.6414387470463,1976,7
1976-07-06,70.67911033182534,1976,7
1976-07-07,70.80605503713291,1976,7
1976-07-08,70.68886419142524,1976,7
1976-07-09,70.6402079812225,1976,7
1976-07-10,70.54049214011982,1976,7
1976-07-11,70.34237546221749,1976,7
1976-07-12,70.38443086906133,1976,7
1976-07-13,70.52677701040335,1976,7
1976-07-14,70.35665946547411,1976,7
1976-07-15,70.30290519998354,1976,7
1976-07-16,70.21685269389505,1976,7
1976-07-17,70.35365138879068,1976,7
1976-07-18,70.3808415625442,1976,7
1976-07-19,70.37559898007763,1976,7
1976-07-20,70.48203653158974,1976,7
1976-07-21,70.53482728670328,1976,7
1976-07-22,70.54281943471287,1976,7
1976-07-23,70.65295505116556,1976,7
1976-07-24,70.6648835155189,1976,7
1976-07-25,70.52347773299981,1976,7
1976-07-26,70.50967193989841,1976,7
1976-07-27,70.39928714418478,1976,7
1976-07-28,70.45216843269904,1976,7
1976-07-29,70.53521036328898,1976,7
1976-07-30,70.38298952915788,1976,7
1976-07-31,70.23741564761329,1976,7
1976-08-01,70.26587222489208,1976,8
1976-08-02,70.34432469481108,1976,8
1976-08-03,70.4910401528023,1976,8
1976-08-04,70.52263367528145,1976,8
1976-08-05,70.64121506476933,1976,8
1976-08-06,70.15255889389188,1976,8
1976-08-07,70.23171875855938,1976,8
1976-08-08,70.24756541756597,1976,8
1976-08-09,70.25558386317721,1976,8
1976-08-10,70.22467210162743,1976,8
1976-08-11,70.31680134466005,1976,8
1976-08-12,70.33659592377863,1976,8
1976-08-13,70.31280858674434,1976,8
1976-08-14,70.28408013014382,1976,8
1976-08-15,70.20213640850308,1976,8
1976-08-16,70.18100725326627,1976,8
1976-08-17,70.14723632802462,1976,8
1976-08-18,70.11080019085394,1976,8
1976-08-19,70.09831918968952,1976,8
1976-08-20,70.0743572985113,1976,8
1976-08-21,70.15279512044664,1976,8
1976-08-22,70.25225748377133,1976,8
1976-08-23,70.2591247922786,1976,8
1976-08-24,70.16526564138019,1976,8
1976-08-25,70.19824257121803,1976,8
1976-08-26,70.09639672346083,1976,8
1976-08-27,70.19609658539169,1976,8
1976-08-28,70.20287860219598,1976,8
1976-08-29,70.22688945911574,1976,8
1976-08-30,70.06337188825279,1976,8
1976-08-31,70.05515439085323,1976,8
1976-09-01,70.16097122105931,1976,9
1976-09-02,70.10094125996346,1976,9
1976-09-03,70.02420174439123,1976,9
1976-09-04,70.08587357555128,1976,9
1976-09-05,70.26306239758057,1976,9
1976-09-06,70.06200987644789,1976,9
1976-09-07,70.01630002420931,1976,9
1976-09-08,69.87114808570863,1976,9
1976-09-09,69.84384208331294,1976,9
1976-09-10,70.00447190849228,1976,9
1976-09-11,70.16613609217073,1976,9
1976-09-12,70.07690536210119,1976,9
1976-09-13,69.99095904224626,1976,9
1976-09-14,69.97385646351297,1976,9
1976-09-15,69.87748567783741,1976,9
1976-09-16,69.84154161797844,1976,9
1976-09-17,69.83712447654689,1976,9
1976-09-18,69.7728023573769,1976,9
1976-09-19,69.63844515665247,1976,9
1976-09-20,69.7029187837205,1976,9
1976-09-21,69.78117167942752,1976,9
1976-09-22,69.74519976130883,1976,9
1976-09-23,69.67667354948568,1976,9
1976-09-24,69.69121889630294,1976,9
1976-09-25,69.67756616806628,1976,9
1976-09-26,69.60266971611591,1976,9
1976-09-27,69.53806591170859,1976,9
1976-09-28,69.51101453450657,1976,9
1976-09-29,69.59271800783284,1976,9
1976-09-30,69.58263406107956,1976,9
1976-10-01,69.51684007411609,1976,10
1976-10-02,69.53460314004319,1976,10
1976-10-03,69.45211483022767,1976,10
1976-10-04,69.32020236895397,1976,10
1976-10-05,69.3680613489378,1976,10
1976-10-06,69.40597660552068,1976,10
1976-10-07,69.31620845009088,1976,10
1976-10-08,69.18798141220996,1976,10
1976-10-09,69.16893518377864,1976,10
1976-10-10,69.0596247173146,1976,10
1976-10-11,68.87016078499788,1976,10
1976-10-12,68.80871327883366,1976,10
1976-10-13,68.69870974724319,1976,10
1976-10-14,68.75247488021371,1976,10
1976-10-15,68.86235312169259,1976,10
1976-10-16,68.62478963401745,1976,10
1976-10-17,68.57109095503066,1976,10
1976-10-18,68.57908163429315,1976,10
1976-10-19,68.55102745950016,1976,10
1976-10-20,68.66548738621681,1976,10
1976-10-21,68.69067235948776,1976,10
1976-10-22,68.76563049969721,1976,10
1976-10-23,68.7331204672659,1976,10
1976-10-24,68.77659521351262,1976,10
1976-10-25,68.66659628241273,1976,10
1976-10-26,68.37587434215997,1976,10
1976-10-27,68.1240069391746,1976,10
1976-10-28,67.9820775008111,1976,10
1976-10-29,67.82440109572056,1976,10
1976-10-30,67.76472169089824,1976,10
1976-10-31,67.78575870282046,1976,10
1976-11-01,67.83459231939214,1976,11
1976-11-02,67.8448809981885,1976,11
1976-11-03,67.8154232955799,1976,11
1976-11-04,67.83186020240821,1976,11
1976-11-05,67.99232027683072,1976,11
1976-11-06,68.34408317507796,1976,11
1976-11-07,68.51720206914547,1976,11
1976-11-08,68.61518285235948,1976,11
1976-11-09,68.42752240653502,1976,11
1976-11-10,68.33982907908033,1976,11
1976-11-11,68.24918683941236,1976,11
1976-11-12,68.21158368467775,1976,11
1976-11-13,68.17739667712489,1976,11
1976-11-14,68.1232743747781,1976,11
1976-11-15,67.80618136338602,1976,11
1976-11-16,67.60879321594,1976,11
1976-11-17,67.67659895381766,1976,11
1976-11-18,67.43191445965775,1976,11
1976-11-19,67.52983603111272,1976,11
1976-11-20,67.65540330197138,1976,11
1976-11-21,67.78990487193714,1976,11
1976-11-22,67.76734116550355,1976,11
1976-11-23,67.84598656320824,1976,11
1976-11-24,67.93543794097671,1976,11
1976-11-25,67.99177548752478,1976,11
1976-11-26,67.84276275926928,1976,11
1976-11-27,67.52983043818286,1976,11
1976-11-28,67.13066342217108,1976,11
1976-11-29,66.82897499146709,1976,11
1976-11-30,66.6576131635985,1976,11
1976-12-01,66.64051957678146,1976,12
1976-12-02,66.88324246377087,1976,12
1976-12-03,67.27768295170593,1976,12
1976-12-04,66.78674437324719,1976,12
1976-12-05,66.54712108059957,1976,12
1976-12-06,66.3765545513887,1976,12
1976-12-07,66.31891511507104,1976,12
1976-12-08,66.350281473606,1976,12
1976-12-09,66.21413302022313,1976,12
1976-12-10,65.97951472958195,1976,12
1976-12-11,65.77280776068771,1976,12
1976-12-12,65.7677914292361,1976,12
1976-12-13,65.87512969706701,1976,12
1976-12-14,65.76924360095855,1976,12
1976-12-15,65.59507765293918,1976,12
1976-12-16,65.54464947281315,1976,12
1976-12-17,65.57846512300932,1976,12
1976-12-18,65.37818801777895,1976,12
1976-12-19,65.23819409698625,1976,12
1976-12-20,65.36428021184535,1976,12
1976-12-21,65.70195787795672,1976,12
1976-12-22,65.7730868088144,1976,12
1976-12-23,65.75094832877892,1976,12
1976-12-24,65.8449038480586,1976,12
1976-12-25,65.93299818442378,1976,12
1976-12-26,65.85008365916036,1976,12
1976-12-27,65.88260270997151,1976,12
1976-12-28,65.705900458074,1976,12
1976-12-29,65.58134918651784,1976,12
1976-12-30,65.46236320354478,1976,12
1976-12-31,65.28418099826608,1976,12
1977-01-01,65.0707323472947,1977,1
1977-01-02,65.13920897770538,1977,1
1977-01-03,65.0689728124312,1977,1
1977-01-04,65.25038591902398,1977,1
1977-01-05,65.36646618765975,1977,1
1977-01-06,65.55107560243026,1977,1
1977-01-07,65.7220600347181,1977,1
1977-01-08,65.64626149855135,1977,1
1977-01-09,65.8927684274511,1977,1
1977-01-10,66.05296073155723,1977,1
1977-01-11,65.96002116478722,1977,1
1977-01-12,65.46566535254313,1977,1
1977-01-13,65.23871453482455,1977,1
1977-01-14,65.31875932422241,1977,1
1977-01-15,65.44104942001181,1977,1
1977-01-16,65.459877030072,1977,1
1977-01-17,65.36714448800427,1977,1
1977-01-18,65.44750422732507,1977,1
1977-01-19,65.81183598103677,1977,1
1977-01-20,65.72722266156424,1977,1
1977-01-21,65.31455906588539,1977,1
1977-01-22,65.17253204160673,1977,1
1977-01-23,65.74891720355535,1977,1
1977-01-24,66.05717984592557,1977,1
1977-01-25,66.22690977508611,1977,1
1977-01-26,66.0717901381958,1977,1
1977-01-27,65.75378067703133,1977,1
1977-01-28,65.0405218838441,1977,1
1977-01-29,64.3921224671301,1977,1
1977-01-30,64.44978786699595,1977,1
1977-01-31,64.78411009276488,1977,1
1977-02-01,65.25090270362625,1977,2
1977-02-02,65.57409213783626,1977,2
1977-02-03,65.84333667059596,1977,2
1977-02-04,66.08267583137467,1977,2
1977-02-05,65.86334019980879,1977,2
1977-02-06,65.46307890372245,1977,2
1977-02-07,65.32494492869736,1977,2
1977-02-08,65.0599442266195,1977,2
1977-02-09,65.13897564396063,1977,2
1977-02-10,65.34981052584719,1977,2
1977-02-11,65.51334393617111,1977,2
1977-02-12,65.73410041391294,1977,2
1977-02-13,66.00049205254244,1977,2
1977-02-14,66.02252527173165,1977,2
1977-02-15,66.1844114173688,1977,2
1977-02-16,66.33488937027073,1977,2
1977-02-17,66.64363704467355,1977,2
1977-02-18,66.91534693522617,1977,2
1977-02-19,67.35863681672915,1977,2
1977-02-20,67.4813300349505,1977,2
1977-02-21,67.44609629416219,1977,2
1977-02-22,67.42991130427461,1977,2
1977-02-23,67.469087818324,1977,2
1977-02-24,67.33592962102904,1977,2
1977-02-25,66.94237482541979,1977,2
1977-02-26,66.98174595560947,1977,2
1977-02-27,67.15452579806592,1977,2
1977-02-28,67.08286676477167,1977,2
1977-03-01,67.11589269083547,1977,3
1977-03-02,67.0653846251122,1977,3
1977-03-03,66.95915875266068,1977,3
1977-03-04,67.07949057639318,1977,3
1977-03-05,67.20496516340417,1977,3
1977-03-06,67.31587614118223,1977,3
1977-03-07,67.33460651766343,1977,3
1977-03-08,67.41342198513465,1977,3
1977-03-09,67.61257225149414,1977,3
1977-03-10,67.75032476697133,1977,3
1977-03-11,67.84026728718808,1977,3
1977-03-12,67.72498785474869,1977,3
1977-03-13,68.00633270823197,1977,3
1977-03-14,68.23324636104907,1977,3
1977-03-15,68.47585790004187,1977,3
1977-03-16,68.70022509275894,1977,3
1977-03-17,68.20863262090128,1977,3
1977-03-18,68.17293066059035,1977,3
1977-03-19,68.19669137192739,1977,3
1977-03-20,67.98703813452767,1977,3
1977-03-21,68.005167829627,1977,3
1977-03-22,68.14792852901843,1977,3
1977-03-23,68.50561565717975,1977,3
1977-03-24,68.82130409443617,1977,3
1977-03-25,68.87095665829717,1977,3
1977-03-26,69.016975595152,1977,3
1977-03-27,68.91444586706133,1977,3
1977-03-28,69.00891540429623,1977,3
1977-03-29,69.0219039153896,1977,3
1977-03-30,69.42735010125088,1977,3
1977-03-31,69.86124539898977,1977,3
1977-04-01,69.4141343914795,1977,4
1977-04-02,69.55147601557289,1977,4
1977-04-03,69.63838418871745,1977,4
1977-04-04,69.81068726243664,1977,4
1977-04-05,69.92191688492787,1977,4
1977-04-06,69.55361077600803,1977,4
1977-04-07,69.39598515691857,1977,4
1977-04-08,68.93175902097005,1977,4
1977-04-09,69.06676798026703,1977,4
1977-04-10,69.32598754776366,1977,4
1977-04-11,69.22651143496932,1977,4
1977-04-12,69.31619222087616,1977,4
1977-04-13,69.45413966751362,1977,4
1977-04-14,69.61161221975631,1977,4
1977-04-15,69.21762660901392,1977,4
1977-04-16,69.13514122040488,1977,4
1977-04-17,69.10669893833831,1977,4
1977-04-18,69.2792664175122,1977,4
1977-04-19,69.43904388400634,1977,4
1977-04-20,69.4232421577893,1977,4
1977-04-21,69.28737907691905,1977,4
1977-04-22,69.33889084209407,1977,4
1977-04-23,69.59435899167715,1977,4
1977-04-24,69.86793399929772,1977,4
1977-04-25,69.86387972367989,1977,4
1977-04-26,69.80675623889174,1977,4
1977-04-27,70.10354063820623,1977,4
1977-04-28,70.18983297694017,1977,4
1977-04-29,70.01529913720076,1977,4
1977-04-30,69.80282597759047,1977,4
1977-05-01,69.53874873331377,1977,5
1977-05-02,69.30737339405766,1977,5
1977-05-03,69.37375230607748,1977,5
1977-05-04,69.64705553260067,1977,5
1977-05-05,69.27877778289422,1977,5
1977-05-06,69.459940986187,1977,5
1977-05-07,69.48405882802517,1977,5
1977-05-08,69.61228919873692,1977,5
1977-05-09,69.87741588351987,1977,5
1977-05-10,69.68797055792949,1977,5
1977-05-11,69.71673214112926,1977,5
1977-05-12,69.81815731103941,1977,5
1977-05-13,70.04476710199577,1977,5
1977-05-14,70.05563945182163,1977,5
1977-05-15,70.42667543821811,1977,5
1977-05-16,69.98273522272179,1977,5
1977-05-17,69.90704214217416,1977,5
1977-05-18,70.45386092986732,1977,5
1977-05-19,70.60590439516805,1977,5
1977-05-20,71.06354702012894,1977,5
1977-05-21,70.59581042555138,1977,5
1977-05-22,70.60946550194691,1977,5
1977-05-23,70.60065200531945,1977,5
1977-05-24,70.47554219765401,1977,5
1977-05-25,70.55466965763785,1977,5
1977-05-26,70.34684381825693,1977,5
1977-05-27,70.48438246718132,1977,5
1977-05-28,70.55676947744378,1977,5
1977-05-29,70.57178163064144,1977,5
1977-05-30,70.77401745599559,1977,5
1977-05-31,70.91309074779953,1977,5
1977-06-01,70.91645772296931,1977,6
1977-06-02,71.08626314143234,1977,6
1977-06-03,70.90894057561908,1977,6
1977-06-04,70.92463769228159,1977,6
1977-06-05,70.87740923348156,1977,6
1977-06-06,70.7407459379591,1977,6
1977-06-07,70.60727182293941,1977,6
1977-06-08,70.4018877601476,1977,6
1977-06-09,70.50520316503948,1977,6
1977-06-10,70.46583698675498,1977,6
1977-06-11,70.44126127173891,1977,6
1977-06-12,70.19659316145967,1977,6
1977-06-13,70.16107060464623,1977,6
1977-06-14,70.15431063234445,1977,6
1977-06-15,70.12714989928827,1977,6
1977-06-16,70.11094004365897,1977,6
1977-06-17,70.37324729616158,1977,6
1977-06-18,70.44105985365998,1977,6
1977-06-19,70.60275533334251,1977,6
1977-06-20,70.78449512859841,1977,6
1977-06-21,70.89980829457299,1977,6
1977-06-22,70.89176002912978,1977,6
1977-06-23,70.78662043717192,1977,6
1977-06-24,70.56413993838498,1977,6
1977-06-25,70.57811486674703,1977,6
1977-06-26,70.50306153590932,1977,6
1977-06-27,70.46425328451322,1977,6
1977-06-28,70.59221150346589,1977,6
1977-06-29,70.65098063086116,1977,6
1977-06-30,70.54485791335546,1977,6
1977-07-01,70.57007479223138,1977,7
1977-07-02,70.4719911943939,1977,7
1977-07-03,70.47659884000912,1977,7
1977-07-04,70.5183145651543,1977,7
1977-07-05,70.58069084493594,1977,7
1977-07-06,70.49679104565533,1977,7
1977-07-07,70.56357545519597,1977,7
1977-07-08,70.43936797676639,1977,7
1977-07-09,70.41601920633472,1977,7
1977-07-10,70.45262944514621,1977,7
1977-07-11,70.42836482908642,1977,7
1977-07-12,70.44668682089525,1977,7
1977-07-13,70.58140356828888,1977,7
1977-07-14,70.55694131542343,1977,7
1977-07-15,70.46853426573833,1977,7
1977-07-16,70.25498468923924,1977,7
1977-07-17,70.28328694594254,1977,7
1977-07-18,70.37024754608512,1977,7
1977-07-19,70.52905664594982,1977,7
1977-07-20,70.59188558351848,1977,7
1977-07-21,70.69903353467855,1977,7
1977-07-22,70.78454522763938,1977,7
1977-07-23,70.71981350695198,1977,7
1977-07-24,70.53575268266633,1977,7
1977-07-25,70.47667305895571,1977,7
1977-07-26,70.35450353510794,1977,7
1977-07-27,70.4345586978279,1977,7
1977-07-28,70.47776138845262,1977,7
1977-07-29,70.46212570115544,1977,7
1977-07-30,70.3962698900781,1977,7
1977-07-31,70.3672155856858,1977,7
1977-08-01,70.4916082033622,1977,8
1977-08-02,70.45472046033561,1977,8
1977-08-03,70.49331932661067,1977,8
1977-08-04,70.48480065593985,1977,8
1977-08-05,70.43341611849625,1977,8
1977-08-06,70.46079966177837,1977,8
1977-08-07,70.39304189928247,1977,8
1977-08-08,70.34406655432369,1977,8
1977-08-09,70.3261251082743,1977,8
1977-08-10,70.23083369405211,1977,8
1977-08-11,70.36612298632501,1977,8
1977-08-12,70.44379922149965,1977,8
1977-08-13,70.51184233487012,1977,8
1977-08-14,70.30625354233581,1977,8
1977-08-15,70.31286664213509,1977,8
1977-08-16,70.33595071235834,1977,8
1977-08-17,70.27651619755883,1977,8
1977-08-18,70.30655654587764,1977,8
1977-08-19,70.32408651849835,1977,8
1977-08-20,70.36154293048283,1977,8
1977-08-21,70.39743178513771,1977,8
1977-08-22,70.38901274700659,1977,8
1977-08-23,70.36830302751541,1977,8
1977-08-24,70.3228286626867,1977,8
1977-08-25,70.2902055003989,1977,8
1977-08-26,70.29613165385081,1977,8
1977-08-27,70.32602383239923,1977,8
1977-08-28,70.27825503213273,1977,8
1977-08-29,70.13759109167678,1977,8
1977-08-30,70.12584725411509,1977,8
1977-08-31,70.20655387485614,1977,8
1977-09-01,70.22663787766481,1977,9
1977-09-02,70.20102388185539,1977,9
1977-09-03,70.18470829439924,1977,9
1977-09-04,70.21861603914749,1977,9
1977-09-05,70.21186001076848,1977,9
1977-09-06,70.19233095419611,1977,9
1977-09-07,70.16702959451467,1977,9
1977-09-08,70.14747154039779,1977,9
1977-09-09,70.05730264213304,1977,9
1977-09-10,70.03048028163671,1977,9
1977-09-11,69.9735726882555,1977,9
1977-09-12,69.91003891649055,1977,9
1977-09-13,69.91335277954518,1977,9
1977-09-14,69.87523138271418,1977,9
1977-09-15,69.9304408805455,1977,9
1977-09-16,69.9349506368304,1977,9
1977-09-17,69.92591321561781,1977,9
1977-09-18,69.94904369773805,1977,9
1977-09-19,69.82453732225918,1977,9
1977-09-20,69.79981552308028,1977,9
1977-09-21,69.76560919891382,1977,9
1977-09-22,69.75964441986318,1977,9
1977-09-23,69.77374933675287,1977,9
1977-09-24,69.77292456722108,1977,9
1977-09-25,70.05914565210107,1977,9
1977-09-26,69.67579529912383,1977,9
1977-09-27,69.68571957772981,1977,9
1977-09-28,69.72083758979984,1977,9
1977-09-29,69.7280013420969,1977,9
1977-09-30,69.77652142081125,1977,9
1977-10-01,69.86388728496951,1977,10
1977-10-02,69.76889365582662,1977,10
1977-10-03,69.81350729043965,1977,10
1977-10-04,69.71115409649332,1977,10
1977-10-05,69.6200162057464,1977,10
1977-10-06,69.56397482025685,1977,10
1977-10-07,69.38965509262655,1977,10
1977-10-08,69.381947979851,1977,10
1977-10-09,69.36448392902219,1977,10
1977-10-10,69.3116524796562,1977,10
1977-10-11,69.22617354244397,1977,10
1977-10-12,69.17380615804544,1977,10
1977-10-13,69.23767473733399,1977,10
1977-10-14,69.22474024019286,1977,10
1977-10-15,69.08929118269432,1977,10
1977-10-16,68.83274941645772,1977,10
1977-10-17,69.07723865009248,1977,10
1977-10-18,68.66445715638007,1977,10
1977-10-19,68.51278642391027,1977,10
1977-10-20,68.39392126362308,1977,10
1977-10-21,68.33742068365352,1977,10
1977-10-22,68.33547161618854,1977,10
1977-10-23,68.42614928499427,1977,10
1977-10-24,68.41739644763477,1977,10
1977-10-25,68.5025541778113,1977,10
1977-10-26,69.14069200724664,1977,10
1977-10-27,68.57033205832376,1977,10
1977-10-28,68.30266123836061,1977,10
1977-10-29,68.31583351755664,1977,10
1977-10-30,68.38856640783163,1977,10
1977-10-31,68.43410029176722,1977,10
1977-11-01,68.60859880641392,1977,11
1977-11-02,68.7166306710304,1977,11
1977-11-03,68.76346707867856,1977,11
1977-11-04,69.00156009762621,1977,11
1977-11-05,68.48935565890415,1977,11
1977-11-06,68.31254794855774,1977,11
1977-11-07,68.07962436506263,1977,11
1977-11-08,68.0026252187829,1977,11
1977-11-09,67.96062839829153,1977,11
1977-11-10,67.82561893703621,1977,11
1977-11-11,67.67613159720386,1977,11
1977-11-12,67.55929246895377,1977,11
1977-11-13,67.53781907173129,1977,11
1977-11-14,67.55340660119695,1977,11
1977-11-15,67.52909100961811,1977,11
1977-11-16,67.53196370786554,1977,11
1977-11-17,67.40838557949978,1977,11
1977-11-18,67.30228394258278,1977,11
1977-11-19,67.4337545108625,1977,11
1977-11-20,67.72692897628596,1977,11
1977-11-21,67.77786202246845,1977,11
1977-11-22,67.83609679648838,1977,11
1977-11-23,67.8754071326313,1977,11
1977-11-24,67.88027867228858,1977,11
1977-11-25,67.80605933031009,1977,11
1977-11-26,67.54628286061886,1977,11
1977-11-27,67.56870623128677,1977,11
1977-11-28,67.59373472500715,1977,11
1977-11-29,67.67983953293249,1977,11
1977-11-30,67.7576612553287,1977,11
1977-12-01,67.41057222210671,1977,12
1977-12-02,67.10466972088699,1977,12
1977-12-03,66.95187516925115,1977,12
1977-12-04,66.61850984492817,1977,12
1977-12-05,66.32734232631076,1977,12
1977-12-06,66.04954534448014,1977,12
1977-12-07,65.83076240940267,1977,12
1977-12-08,65.7306942213778,1977,12
1977-12-09,65.74422809705858,1977,12
1977-12-10,65.83920902878411,1977,12
1977-12-11,65.89534976741137,1977,12
1977-12-12,65.84401127860879,1977,12
1977-12-13,65.90713242575283,1977,12
1977-12-14,65.66906540235826,1977,12
1977-12-15,65.66435885653264,1977,12
1977-12-16,65.60110454775221,1977,12
1977-12-17,65.59696679901388,1977,12
1977-12-18,65.65925894863014,1977,12
1977-12-19,65.84463572073966,1977,12
1977-12-20,65.93410834039294,1977,12
1977-12-21,65.82861065603579,1977,12
1977-12-22,65.82844340412788,1977,12
1977-12-23,65.73112114713699,1977,12
1977-12-24,65.68772992505208,1977,12
1977-12-25,65.70436391546293,1977,12
1977-12-26,65.78817009695953,1977,12
1977-12-27,65.82189036958358,1977,12
1977-12-28,65.74609702179454,1977,12
1977-12-29,65.3982677590374,1977,12
1977-12-30,64.9856353881381,1977,12
1977-12-31,65.03895722080107,1977,12
1978-01-01,65.23048990483518,1978,1
1978-01-02,65.12086747700315,1978,1
1978-01-03,64.6967463256869,1978,1
1978-01-04,64.64097345644544,1978,1
1978-01-05,64.70354219241742,1978,1
1978-01-06,64.87098309288214,1978,1
1978-01-07,64.98303215690193,1978,1
1978-01-08,65.1546717129765,1978,1
1978-01-09,65.25742632108721,1978,1
1978-01-10,65.22504741148649,1978,1
1978-01-11,65.06424215452421,1978,1
1978-01-12,65.06730441921059,1978,1
1978-01-13,65.16576208326025,1978,1
1978-01-14,65.35800644747675,1978,1
1978-01-15,65.37744204082234,1978,1
1978-01-16,65.43765852886779,1978,1
1978-01-17,65.5065210404282,1978,1
1978-01-18,65.22934533173573,1978,1
1978-01-19,64.84182075936465,1978,1
1978-01-20,64.85058377388656,1978,1
1978-01-21,65.30324159906355,1978,1
1978-01-22,65.16044328137319,1978,1
1978-01-23,65.26280935920795,1978,1
1978-01-24,65.42097271751875,1978,1
1978-01-25,65.53883349361845,1978,1
1978-01-26,65.71781748674769,1978,1
1978-01-27,65.65149109533604,1978,1
1978-01-28,65.81465787631986,1978,1
1978-01-29,65.78461210925137,1978,1
1978-01-30,65.7929918214786,1978,1
1978-01-31,65.84778786500382,1978,1
1978-02-01,65.68229273253763,1978,2
1978-02-02,65.61091522423092,1978,2
1978-02-03,65.7044234571817,1978,2
1978-02-04,65.74027221371894,1978,2
1978-02-05,65.93824633179953,1978,2
1978-02-06,66.21914326812315,1978,2
1978-02-07,66.18268973839092,1978,2
1978-02-08,65.76416404409824,1978,2
1978-02-09,65.44039776312314,1978,2
1978-02-10,65.60363403243352,1978,2
1978-02-11,65.90410432357926,1978,2
1978-02-12,66.45810353396458,1978,2
1978-02-13,66.33002264720517,1978,2
1978-02-14,66.5704265593187,1978,2
1978-02-15,66.91752885749233,1978,2
1978-02-16,66.72276318892666,1978,2
1978-02-17,66.7119737188351,1978,2
1978-02-18,66.13538725857227,1978,2
1978-02-19,65.99244873253029,1978,2
1978-02-20,65.89567294515103,1978,2
1978-02-21,65.920454215046,1978,2
1978-02-22,66.10744459525162,1978,2
1978-02-23,66.73668686751067,1978,2
1978-02-24,66.82109220929077,1978,2
1978-02-25,66.82890388761948,1978,2
1978-02-26,67.0510852663099,1978,2
1978-02-27,67.17486623562827,1978,2
1978-02-28,67.28199044144486,1978,2
1978-03-01,67.413718301131,1978,3
1978-03-02,67.52510430942854,1978,3
1978-03-03,67.5471490718441,1978,3
1978-03-04,67.59151548849489,1978,3
1978-03-05,67.22622379452619,1978,3
1978-03-06,67.15913293862613,1978,3
1978-03-07,66.93621051347104,1978,3
1978-03-08,66.80387445939002,1978,3
1978-03-09,67.27966566347786,1978,3
1978-03-10,67.74961262590566,1978,3
1978-03-11,67.49225676455967,1978,3
1978-03-12,66.89993986832162,1978,3
1978-03-13,66.78747191878071,1978,3
1978-03-14,66.84174333316814,1978,3
1978-03-15,67.35108873699211,1978,3
1978-03-16,68.08751307095129,1978,3
1978-03-17,68.11516749787978,1978,3
1978-03-18,67.6646653415478,1978,3
1978-03-19,67.23652880608518,1978,3
1978-03-20,67.22930010033672,1978,3
1978-03-21,67.42751392855246,1978,3
1978-03-22,67.49174008160347,1978,3
1978-03-23,67.45184572734495,1978,3
1978-03-24,67.54388134423455,1978,3
1978-03-25,67.61650491341882,1978,3
1978-03-26,67.64935675573759,1978,3
1978-03-27,67.84060447105526,1978,3
1978-03-28,68.14489052990734,1978,3
1978-03-29,68.33041404715946,1978,3
1978-03-30,68.10382174165139,1978,3
1978-03-31,67.95943498353411,1978,3
1978-04-01,68.13988565481971,1978,4
1978-04-02,68.47308801431848,1978,4
1978-04-03,68.69221828449882,1978,4
1978-04-04,68.48274635359007,1978,4
1978-04-05,68.53802683421969,1978,4
1978-04-06,68.50470341533423,1978,4
1978-04-07,68.69687159437068,1978,4
1978-04-08,68.73553071595511,1978,4
1978-04-09,69.02855991201825,1978,4
1978-04-10,69.2527374589822,1978,4
1978-04-11,69.40850534487116,1978,4
1978-04-12,69.50760985938051,1978,4
1978-04-13,69.50882154224891,1978,4
1978-04-14,69.60449474605814,1978,4
1978-04-15,69.8002194787199,1978,4
1978-04-16,69.89618530405717,1978,4
1978-04-17,70.18476176511028,1978,4
1978-04-18,70.2322578460052,1978,4
1978-04-19,69.4272906139189,1978,4
1978-04-20,69.54854150814533,1978,4
1978-04-21,69.5273849086854,1978,4
1978-04-22,69.56862684350669,1978,4
1978-04-23,69.84260734983714,1978,4
1978-04-24,69.47690586327936,1978,4
1978-04-25,69.31775000717813,1978,4
1978-04-26,69.46093847415987,1978,4
1978-04-27,69.73488271639233,1978,4
1978-04-28,69.95689934531842,1978,4
1978-04-29,69.95707869286728,1978,4
1978-04-30,70.02366770358992,1978,4
1978-05-01,70.17977523002114,1978,5
1978-05-02,70.12126258135812,1978,5
1978-05-03,70.29214849404973,1978,5
1978-05-04,70.38429898227773,1978,5
1978-05-05,70.45200421579604,1978,5
1978-05-06,70.55201171538509,1978,5
1978-05-07,70.54011568766879,1978,5
1978-05-08,70.49764933599793,1978,5
1978-05-09,70.43850764089873,1978,5
1978-05-10,70.6394964404314,1978,5
1978-05-11,70.65846209581981,1978,5
1978-05-12,70.6086064826381,1978,5
1978-05-13,70.65452200542768,1978,5
1978-05-14,70.70111168291561,1978,5
1978-05-15,70.59348284705585,1978,5
1978-05-16,70.66749185770567,1978,5
1978-05-17,70.74206802276395,1978,5
1978-05-18,71.00394167830265,1978,5
1978-05-19,71.19956853361508,1978,5
1978-05-20,71.15499224371901,1978,5
1978-05-21,71.10260264541067,1978,5
1978-05-22,71.01356582976986,1978,5
1978-05-23,70.95584879256035,1978,5
1978-05-24,70.77930700251073,1978,5
1978-05-25,71.18197057172154,1978,5
1978-05-26,70.86823704933057,1978,5
1978-05-27,70.98888242768369,1978,5
1978-05-28,70.88211490385213,1978,5
1978-05-29,70.80093133202855,1978,5
1978-05-30,71.0067854755487,1978,5
1978-05-31,70.94511639990615,1978,5
1978-06-01,71.00817278903459,1978,6
1978-06-02,71.02377011348975,1978,6
1978-06-03,70.99159595257925,1978,6
1978-06-04,71.16388448608598,1978,6
1978-06-05,71.35299394004781,1978,6
1978-06-06,71.15057966808502,1978,6
1978-06-07,71.09066515515252,1978,6
1978-06-08,71.15725614737352,1978,6
1978-06-09,71.08227220351633,1978,6
1978-06-10,70.78604116325727,1978,6
1978-06-11,70.51017327569276,1978,6
1978-06-12,70.56466408911031,1978,6
1978-06-13,70.69435151254554,1978,6
1978-06-14,71.13978687532047,1978,6
1978-06-15,70.38397254140997,1978,6
1978-06-16,70.70191969894312,1978,6
1978-06-17,70.71705642536399,1978,6
1978-06-18,70.775860901348,1978,6
1978-06-19,70.8608160476276,1978,6
1978-06-20,70.62516531030707,1978,6
1978-06-21,70.50804105336695,1978,6
1978-06-22,70.50009660472017,1978,6
1978-06-23,70.56597279741456,1978,6
1978-06-24,70.59124934011004,1978,6
1978-06-25,70.6302383187008,1978,6
1978-06-26,70.62002402632537,1978,6
1978-06-27,70.62225481056981,1978,6
1978-06-28,70.67080716124326,1978,6
1978-06-29,70.64016961307809,1978,6
1978-06-30,70.36819267534459,1978,6
1978-07-01,70.42223286420294,1978,7
1978-07-02,70.37898009908353,1978,7
1978-07-03,70.39407301419845,1978,7
1978-07-04,70.41196209853302,1978,7
1978-07-05,70.42297148392119,1978,7
1978-07-06,70.35727043478971,1978,7
1978-07-07,70.31671217973845,1978,7
1978-07-08,70.35040061568661,1978,7
1978-07-09,70.23013844435485,1978,7
1978-07-10,70.21620611256657,1978,7
1978-07-11,70.39319403200012,1978,7
1978-07-12,70.33986386240409,1978,7
1978-07-13,70.29653723217064,1978,7
1978-07-14,70.34476026506293,1978,7
1978-07-15,70.49410515496298,1978,7
1978-07-16,70.45113921942041,1978,7
1978-07-17,70.25347219870255,1978,7
1978-07-18,70.18784139214844,1978,7
1978-07-19,70.31166386503972,1978,7
1978-07-20,70.42290414585612,1978,7
1978-07-21,70.43694238694721,1978,7
1978-07-22,70.46710858701628,1978,7
1978-07-23,70.49783805159804,1978,7
1978-07-24,70.46263619194143,1978,7
1978-07-25,70.4555022052224,1978,7
1978-07-26,70.5031181420329,1978,7
1978-07-27,70.55671232208849,1978,7
1978-07-28,70.47391680146248,1978,7
1978-07-29,70.43332140939937,1978,7
1978-07-30,70.44290481571997,1978,7
1978-07-31,70.54513401628917,1978,7
1978-08-01,70.54836419859545,1978,8
1978-08-02,70.50032387624493,1978,8
1978-08-03,70.37797427182771,1978,8
1978-08-04,70.39375157929786,1978,8
1978-08-05,70.37927760439393,1978,8
1978-08-06,70.35173653902964,1978,8
1978-08-07,70.4704727287018,1978,8
1978-08-08,70.55748434230986,1978,8
1978-08-09,70.47207214819731,1978,8
1978-08-10,70.38006734698719,1978,8
1978-08-11,70.30851630441275,1978,8
1978-08-12,70.2296371284974,1978,8
1978-08-13,70.29666883391401,1978,8
1978-08-14,70.3851881995073,1978,8
1978-08-15,70.2708967169367,1978,8
1978-08-16,70.3284563575854,1978,8
1978-08-17,70.35561411929962,1978,8
1978-08-18,70.33567115118213,1978,8
1978-08-19,70.22479632200832,1978,8
1978-08-20,70.23183591841457,1978,8
1978-08-21,70.337270270921,1978,8
1978-08-22,70.24274373663104,1978,8
1978-08-23,70.31065356212419,1978,8
1978-08-24,70.24795151776739,1978,8
1978-08-25,70.27140626763999,1978,8
1978-08-26,70.38374104040723,1978,8
1978-08-27,70.40272414489925,1978,8
1978-08-28,70.28196066886093,1978,8
1978-08-29,70.34629198082307,1978,8
1978-08-30,70.29569526069454,1978,8
1978-08-31,70.1760587931791,1978,8
1978-09-01,70.1178344947641,1978,9
1978-09-02,70.09400121530086,1978,9
1978-09-03,69.97316691407597,1978,9
1978-09-04,69.89435110536915,1978,9
1978-09-05,69.91203163598664,1978,9
1978-09-06,69.87790455996415,1978,9
1978-09-07,69.75139140604796,1978,9
1978-09-08,69.84819242608167,1978,9
1978-09-09,69.93519634025363,1978,9
1978-09-10,69.96897862760106,1978,9
1978-09-11,69.91292184917651,1978,9
1978-09-12,69.95716202435652,1978,9
1978-09-13,70.00490594715129,1978,9
1978-09-14,69.8795601988505,1978,9
1978-09-15,69.77976377557887,1978,9
1978-09-16,70.25924655921436,1978,9
1978-09-17,69.91882430719966,1978,9
1978-09-18,70.0090246954898,1978,9
1978-09-19,69.83011646009034,1978,9
1978-09-20,69.78281217557296,1978,9
1978-09-21,69.87338871821093,1978,9
1978-09-22,69.9102865243224,1978,9
1978-09-23,69.95729597442003,1978,9
1978-09-24,69.86745775558104,1978,9
1978-09-25,69.92149090123308,1978,9
1978-09-26,69.91436984516253,1978,9
1978-09-27,69.92033769958378,1978,9
1978-09-28,69.79709875293055,1978,9
1978-09-29,69.68427118721189,1978,9
1978-09-30,69.6569566298992,1978,9
1978-10-01,69.62834904197165,1978,10
1978-10-02,69.50914121515702,1978,10
1978-10-03,69.65290174858663,1978,10
1978-10-04,69.61230623322155,1978,10
1978-10-05,69.55195166932583,1978,10
1978-10-06,69.44847534594088,1978,10
1978-10-07,69.43719444243511,1978,10
1978-10-08,69.44267548336103,1978,10
1978-10-09,69.29063141790921,1978,10
1978-10-10,68.98277244945048,1978,10
1978-10-11,68.86260071161595,1978,10
1978-10-12,68.66588519605789,1978,10
1978-10-13,68.60857591393776,1978,10
1978-10-14,68.4191853202266,1978,10
1978-10-15,68.35607780851552,1978,10
1978-10-16,68.40013424179106,1978,10
1978-10-17,68.47677714255789,1978,10
1978-10-18,68.49123849824494,1978,10
1978-10-19,68.49337762556046,1978,10
1978-10-20,68.48075204122763,1978,10
1978-10-21,68.38655822495387,1978,10
1978-10-22,68.37346605774373,1978,10
1978-10-23,68.33532807770811,1978,10
1978-10-24,68.31139527368288,1978,10
1978-10-25,68.30198559631278,1978,10
1978-10-26,68.27940016150022,1978,10
1978-10-27,68.2942470879837,1978,10
1978-10-28,68.398047872945,1978,10
1978-10-29,68.49667530980912,1978,10
1978-10-30,68.49686946164448,1978,10
1978-10-31,68.44120404005844,1978,10
1978-11-01,68.43668230121955,1978,11
1978-11-02,68.19941380691421,1978,11
1978-11-03,67.94362091366682,1978,11
1978-11-04,67.90615829216094,1978,11
1978-11-05,67.90794531870878,1978,11
1978-11-06,68.09965971967145,1978,11
1978-11-07,68.57009903720167,1978,11
1978-11-08,68.254780549722,1978,11
1978-11-09,68.12736054830974,1978,11
1978-11-10,67.902283142161,1978,11
1978-11-11,67.98159077385465,1978,11
1978-11-12,68.19916419595668,1978,11
1978-11-13,68.25500445278142,1978,11
1978-11-14,68.1399783888019,1978,11
1978-11-15,67.88820609150383,1978,11
1978-11-16,67.74087050362654,1978,11
1978-11-17,67.5913737094399,1978,11
1978-11-18,67.36765854931558,1978,11
1978-11-19,67.19679966533455,1978,11
1978-11-20,67.15791670637282,1978,11
1978-11-21,67.25488054251383,1978,11
1978-11-22,67.34761025131792,1978,11
1978-11-23,66.90146416486543,1978,11
1978-11-24,66.99541411721547,1978,11
1978-11-25,66.97598841649176,1978,11
1978-11-26,66.6976242581066,1978,11
1978-11-27,66.62678600022454,1978,11
1978-11-28,66.46894629759834,1978,11
1978-11-29,66.2990252564115,1978,11
1978-11-30,66.55291619077732,1978,11
1978-12-01,66.71068661299763,1978,12
1978-12-02,66.74933754846134,1978,12
1978-12-03,66.68015359299356,1978,12
1978-12-04,66.44892299731984,1978,12
1978-12-05,66.27955253722877,1978,12
1978-12-06,66.15951540849618,1978,12
1978-12-07,65.884020521002,1978,12
1978-12-08,65.93466449754129,1978,12
1978-12-09,66.03404205241074,1978,12
1978-12-10,66.03059518536122,1978,12
1978-12-11,65.92523418034185,1978,12
1978-12-12,65.89584625400778,1978,12
1978-12-13,65.81171856501366,1978,12
1978-12-14,65.82056394303932,1978,12
1978-12-15,65.86005439596381,1978,12
1978-12-16,65.8613014261967,1978,12
1978-12-17,66.03995035553126,1978,12
1978-12-18,66.0264075583384,1978,12
1978-12-19,66.11284653327337,1978,12
1978-12-20,65.89709862003792,1978,12
1978-12-21,65.65323942995205,1978,12
1978-12-22,65.50885527010654,1978,12
1978-12-23,65.53662864573774,1978,12
1978-12-24,65.51046406385387,1978,12
1978-12-25,65.495017948866,1978,12
1978-12-26,65.5592534265657,1978,12
1978-12-27,65.35102405532109,1978,12
1978-12-28,65.09115772893232,1978,12
1978-12-29,65.15909776927533,1978,12
1978-12-30,65.24011097511506,1978,12
1978-12-31,65.37214804656183,1978,12
1979-01-01,65.41985161434144,1979,1
1979-01-02,65.54202130059643,1979,1
1979-01-03,65.6191502293065,1979,1
1979-01-04,65.49866282922397,1979,1
1979-01-05,65.38639938632569,1979,1
1979-01-06,65.35498902066445,1979,1
1979-01-07,65.55449860020667,1979,1
1979-01-08,65.55569128439826,1979,1
1979-01-09,65.59262802708346,1979,1
1979-01-10,65.5935155072973,1979,1
1979-01-11,65.60256215316373,1979,1
1979-01-12,65.55749915290585,1979,1
1979-01-13,65.8054498155277,1979,1
1979-01-14,66.00984803248582,1979,1
1979-01-15,66.14748573117649,1979,1
1979-01-16,66.19630362280965,1979,1
1979-01-17,66.05014850727845,1979,1
1979-01-18,66.03593030845931,1979,1
1979-01-19,66.22933502571425,1979,1
1979-01-20,66.27468281887666,1979,1
1979-01-21,66.18464550983117,1979,1
1979-01-22,66.3464792151658,1979,1
1979-01-23,66.1019357174312,1979,1
1979-01-24,66.09126335761033,1979,1
1979-01-25,66.21224893680304,1979,1
1979-01-26,66.40545305842404,1979,1
1979-01-27,66.32206195464148,1979,1
1979-01-28,66.43346024402491,1979,1
1979-01-29,66.55333337473395,1979,1
1979-01-30,66.08059521463586,1979,1
1979-01-31,65.8118734450073,1979,1
1979-02-01,66.09870026374486,1979,2
1979-02-02,65.75829552342779,1979,2
1979-02-03,65.47014227380201,1979,2
1979-02-04,65.33723034358852,1979,2
1979-02-05,65.63576004468939,1979,2
1979-02-06,66.01236775147481,1979,2
1979-02-07,66.35167684233657,1979,2
1979-02-08,65.99955040768552,1979,2
1979-02-09,65.83618871904206,1979,2
1979-02-10,65.97460368779609,1979,2
1979-02-11,66.12508332806289,1979,2
1979-02-12,66.29489756212377,1979,2
1979-02-13,66.61257726590506,1979,2
1979-02-14,66.73154675182673,1979,2
1979-02-15,66.95753695514014,1979,2
1979-02-16,66.800118904817,1979,2
1979-02-17,66.83464966242568,1979,2
1979-02-18,67.09264798693812,1979,2
1979-02-19,67.48581726330232,1979,2
1979-02-20,67.10004726674455,1979,2
1979-02-21,66.35051243951033,1979,2
1979-02-22,66.14218146134039,1979,2
1979-02-23,66.19773639743902,1979,2
1979-02-24,66.3929488824563,1979,2
1979-02-25,66.37538246506266,1979,2
1979-02-26,66.39297705919446,1979,2
1979-02-27,66.49384879315708,1979,2
1979-02-28,66.48534346797604,1979,2
1979-03-01,66.61070265541353,1979,3
1979-03-02,66.79034636361567,1979,3
1979-03-03,67.08541833814783,1979,3
1979-03-04,67.14373245659576,1979,3
1979-03-05,67.4305937925533,1979,3
1979-03-06,67.54277358755115,1979,3
1979-03-07,67.15794338703085,1979,3
1979-03-08,66.8157754767535,1979,3
1979-03-09,66.22871542543743,1979,3
1979-03-10,65.82852850827798,1979,3
1979-03-11,65.87593262176267,1979,3
1979-03-12,66.37912580672818,1979,3
1979-03-13,66.80215388724267,1979,3
1979-03-14,67.11580633734387,1979,3
1979-03-15,67.33065360259107,1979,3
1979-03-16,67.50972237214194,1979,3
1979-03-17,67.98216437934838,1979,3
1979-03-18,67.83805586043319,1979,3
1979-03-19,67.7608245831014,1979,3
1979-03-20,67.86418268967398,1979,3
1979-03-21,67.92262731648245,1979,3
1979-03-22,68.03717745297149,1979,3
1979-03-23,68.12512562475406,1979,3
1979-03-24,68.13000708109759,1979,3
1979-03-25,68.33681595229183,1979,3
1979-03-26,68.30578123288825,1979,3
1979-03-27,68.3774034311389,1979,3
1979-03-28,68.41733735869278,1979,3
1979-03-29,68.60417046917797,1979,3
1979-03-30,68.83217872247744,1979,3
1979-03-31,68.77821601637528,1979,3
1979-04-01,68.83358933584246,1979,4
1979-04-02,68.8706398258962,1979,4
1979-04-03,69.10011756781853,1979,4
1979-04-04,69.27888666095062,1979,4
1979-04-05,68.994525231534,1979,4
1979-04-06,68.60103737305994,1979,4
1979-04-07,68.77755042852624,1979,4
1979-04-08,69.02445442556795,1979,4
1979-04-09,69.22614567350135,1979,4
1979-04-10,69.38923564400169,1979,4
1979-04-11,69.40963712799346,1979,4
1979-04-12,69.58214844493708,1979,4
1979-04-13,69.67626307766284,1979,4
1979-04-14,69.67230505597871,1979,4
1979-04-15,69.72468657765465,1979,4
1979-04-16,69.40885947458948,1979,4
1979-04-17,69.24807397830818,1979,4
1979-04-18,69.32534559747995,1979,4
1979-04-19,69.7932053867833,1979,4
1979-04-20,69.52286428114446,1979,4
1979-04-21,69.49697996447136,1979,4
1979-04-22,69.41584787715352,1979,4
1979-04-23,69.44640652203333,1979,4
1979-04-24,69.68657188349049,1979,4
1979-04-25,69.94301900868227,1979,4
1979-04-26,70.08659674983413,1979,4
1979-04-27,70.3038729883605,1979,4
1979-04-28,70.46159761407102,1979,4
1979-04-29,70.66954692505529,1979,4
1979-04-30,70.26922817214805,1979,4
1979-05-01,70.35731789543992,1979,5
1979-05-02,69.89815241879866,1979,5
1979-05-03,69.64652926670679,1979,5
1979-05-04,69.69453889077418,1979,5
1979-05-05,69.79788927457496,1979,5
1979-05-06,69.9229531139035,1979,5
1979-05-07,70.04802869975538,1979,5
1979-05-08,70.28863273714116,1979,5
1979-05-09,70.58010252070048,1979,5
1979-05-10,70.51094915068954,1979,5
1979-05-11,70.75990976386575,1979,5
1979-05-12,70.61298380101918,1979,5
1979-05-13,70.52289188241683,1979,5
1979-05-14,70.63141900430685,1979,5
1979-05-15,70.19303508691036,1979,5
1979-05-16,69.83398569366692,1979,5
1979-05-17,70.06922250410713,1979,5
1979-05-18,70.08098642569277,1979,5
1979-05-19,70.39704948042194,1979,5
1979-05-20,70.67562338827938,1979,5
1979-05-21,70.3775374968908,1979,5
1979-05-22,70.42305943242924,1979,5
1979-05-23,70.20355263878419,1979,5
1979-05-24,70.1056173007576,1979,5
1979-05-25,70.28087408439215,1979,5
1979-05-26,70.16104398620683,1979,5
1979-05-27,70.13527956156571,1979,5
1979-05-28,70.26672513671961,1979,5
1979-05-29,70.08154417872777,1979,5
1979-05-30,70.10015638465882,1979,5
1979-05-31,70.0762395209301,1979,5
1979-06-01,70.3547062832079,1979,6
1979-06-02,70.47919900360885,1979,6
1979-06-03,70.649837558869,1979,6
1979-06-04,70.78434428865081,1979,6
1979-06-05,70.88229882641056,1979,6
1979-06-06,71.08281210075677,1979,6
1979-06-07,71.12627994265597,1979,6
1979-06-08,71.16771286043041,1979,6
1979-06-09,71.15811129275454,1979,6
1979-06-10,71.0509857480988,1979,6
1979-06-11,71.19697137441975,1979,6
1979-06-12,70.74436667852225,1979,6
1979-06-13,70.73208095872609,1979,6
1979-06-14,70.7227483849883,1979,6
1979-06-15,70.82731158913788,1979,6
1979-06-16,70.73464216470391,1979,6
1979-06-17,71.00372710500088,1979,6
1979-06-18,71.09563575929067,1979,6
1979-06-19,71.14078236572263,1979,6
1979-06-20,71.14000090526838,1979,6
1979-06-21,71.05670551286724,1979,6
1979-06-22,70.70445735272268,1979,6
1979-06-23,70.83673123947445,1979,6
1979-06-24,70.863861793176,1979,6
1979-06-25,70.76010615016209,1979,6
1979-06-26,70.8556716351581,1979,6
1979-06-27,71.0369259109648,1979,6
1979-06-28,71.1824875300221,1979,6
1979-06-29,71.08995284330572,1979,6
1979-06-30,70.83720207005305,1979,6
1979-07-01,70.82990998364502,1979,7
1979-07-02,70.73357118266034,1979,7
1979-07-03,70.72521388832365,1979,7
1979-07-04,70.74033321085128,1979,7
1979-07-05,70.76309936571441,1979,7
1979-07-06,70.91236627505312,1979,7
1979-07-07,71.06639965045464,1979,7
1979-07-08,71.15923637146277,1979,7
1979-07-09,70.98725957188016,1979,7
1979-07-10,70.80807678450712,1979,7
1979-07-11,70.75191643717167,1979,7
1979-07-12,70.62061905258443,1979,7
1979-07-13,70.60397270739621,1979,7
1979-07-14,70.52920735559007,1979,7
1979-07-15,70.46621105434328,1979,7
1979-07-16,70.61868925070728,1979,7
1979-07-17,70.65563634295074,1979,7
1979-07-18,70.55873922229645,1979,7
1979-07-19,70.50316206158602,1979,7
1979-07-20,70.56717129235228,1979,7
1979-07-21,70.54631994397991,1979,7
1979-07-22,70.57421986729751,1979,7
1979-07-23,70.55918870843736,1979,7
1979-07-24,70.48875385481628,1979,7
1979-07-25,70.42208202319965,1979,7
1979-07-26,70.48561747643335,1979,7
1979-07-27,70.64366333404996,1979,7
1979-07-28,70.60437930324468,1979,7
1979-07-29,70.47439413481834,1979,7
1979-07-30,70.51640436207848,1979,7
1979-07-31,70.68127190649237,1979,7
1979-08-01,70.73855671173351,1979,8
1979-08-02,70.74623190727965,1979,8
1979-08-03,70.64809695929745,1979,8
1979-08-04,70.48927617445409,1979,8
1979-08-05,70.59940674245908,1979,8
1979-08-06,70.6581296397382,1979,8
1979-08-07,70.61962616973108,1979,8
1979-08-08,70.51116945953493,1979,8
1979-08-09,70.38970424273215,1979,8
1979-08-10,70.44654557385253,1979,8
1979-08-11,70.4170388594652,1979,8
1979-08-12,70.47260114541217,1979,8
1979-08-13,70.3869309285653,1979,8
1979-08-14,70.3550547079625,1979,8
1979-08-15,70.45772249877022,1979,8
1979-08-16,70.46666071323735,1979,8
1979-08-17,70.46624262955672,1979,8
1979-08-18,70.43061888694463,1979,8
1979-08-19,70.48003201728413,1979,8
1979-08-20,70.35291218904615,1979,8
1979-08-21,70.38301163513704,1979,8
1979-08-22,70.27581317941589,1979,8
1979-08-23,70.23764656856518,1979,8
1979-08-24,70.21690624728352,1979,8
1979-08-25,70.19338297244009,1979,8
1979-08-26,70.18736372454549,1979,8
1979-08-27,70.10258794010103,1979,8
1979-08-28,70.16962000802407,1979,8
1979-08-29,70.2851059768513,1979,8
1979-08-30,70.23677482927262,1979,8
1979-08-31,70.36914124057401,1979,8
1979-09-01,70.43273208921852,1979,9
1979-09-02,70.3429971353623,1979,9
1979-09-03,70.30598563823791,1979,9
1979-09-04,70.14041499835794,1979,9
1979-09-05,69.93759116929327,1979,9
1979-09-06,69.95346411566891,1979,9
1979-09-07,70.06250002626,1979,9
1979-09-08,70.05425737144992,1979,9
1979-09-09,70.16592319653651,1979,9
1979-09-10,70.11860213005025,1979,9
1979-09-11,70.18246500420372,1979,9
1979-09-12,69.90527998912553,1979,9
1979-09-13,69.8858750062128,1979,9
1979-09-14,69.89659498381566,1979,9
1979-09-15,69.8642124441497,1979,9
1979-09-16,70.00544550204907,1979,9
1979-09-17,69.93102328428564,1979,9
1979-09-18,69.82218100231039,1979,9
1979-09-19,69.92136935832515,1979,9
1979-09-20,69.69753803664614,1979,9
1979-09-21,69.74932263340898,1979,9
1979-09-22,69.75582781708903,1979,9
1979-09-23,69.69269036191835,1979,9
1979-09-24,69.6759651544118,1979,9
1979-09-25,69.78551044897881,1979,9
1979-09-26,69.78297304925484,1979,9
1979-09-27,69.63640397279934,1979,9
1979-09-28,69.55112300595007,1979,9
1979-09-29,69.581388878887,1979,9
1979-09-30,69.58866467679674,1979,9
1979-10-01,69.63958279050725,1979,10
1979-10-02,69.6997822864485,1979,10
1979-10-03,69.6373396497786,1979,10
1979-10-04,69.53042356779837,1979,10
1979-10-05,69.408065703614,1979,10
1979-10-06,69.29763843606715,1979,10
1979-10-07,69.28213762557715,1979,10
1979-10-08,69.25151289531355,1979,10
1979-10-09,69.27533832497943,1979,10
1979-10-10,69.31108282842304,1979,10
1979-10-11,69.25176371421757,1979,10
1979-10-12,69.233151392438,1979,10
1979-10-13,69.26056428207744,1979,10
1979-10-14,69.03674650131916,1979,10
1979-10-15,68.96736550163646,1979,10
1979-10-16,68.87918549155755,1979,10
1979-10-17,68.76830342514072,1979,10
1979-10-18,68.69218841534443,1979,10
1979-10-19,68.67249637133524,1979,10
1979-10-20,68.71804920015752,1979,10
1979-10-21,68.76105229686118,1979,10
1979-10-22,68.68980502657338,1979,10
1979-10-23,68.69997364608287,1979,10
1979-10-24,68.67451408828066,1979,10
1979-10-25,68.74080129156746,1979,10
1979-10-26,68.6625519397613,1979,10
1979-10-27,68.68279862394215,1979,10
1979-10-28,68.62984511206365,1979,10
1979-10-29,68.68400307687862,1979,10
1979-10-30,68.67923937560663,1979,10
1979-10-31,68.53897401087292,1979,10
1979-11-01,68.44070485753757,1979,11
1979-11-02,68.33579069554193,1979,11
1979-11-03,68.44700398363368,1979,11
1979-11-04,68.42632725793759,1979,11
1979-11-05,68.43367380172498,1979,11
1979-11-06,68.362113532799,1979,11
1979-11-07,68.09483135783023,1979,11
1979-11-08,68.12658690994269,1979,11
1979-11-09,68.0298315447431,1979,11
1979-11-10,67.75548265726414,1979,11
1979-11-11,67.61260197113528,1979,11
1979-11-12,67.64082099187203,1979,11
1979-11-13,67.72046157992033,1979,11
1979-11-14,67.71793181447705,1979,11
1979-11-15,67.995584934889,1979,11
1979-11-16,68.17750670892067,1979,11
1979-11-17,68.19280704289045,1979,11
1979-11-18,68.22633371820879,1979,11
1979-11-19,68.12580469838859,1979,11
1979-11-20,68.02506628018168,1979,11
1979-11-21,68.04068177775149,1979,11
1979-11-22,67.99717670431393,1979,11
1979-11-23,68.0666788626926,1979,11
1979-11-24,68.18082006025507,1979,11
1979-11-25,68.37538498155281,1979,11
1979-11-26,68.0291372589678,1979,11
1979-11-27,68.21051966072235,1979,11
1979-11-28,68.16833538171952,1979,11
1979-11-29,68.08810101045016,1979,11
1979-11-30,67.68049889474736,1979,11
1979-12-01,67.24224017526048,1979,12
1979-12-02,67.07572524814994,1979,12
1979-12-03,66.88704864129039,1979,12
1979-12-04,66.72081477785419,1979,12
1979-12-05,66.8778442492049,1979,12
1979-12-06,66.9375805111495,1979,12
1979-12-07,66.86344732218717,1979,12
1979-12-08,66.6544453175376,1979,12
1979-12-09,66.37937175564835,1979,12
1979-12-10,66.22855116980064,1979,12
1979-12-11,66.23787282694086,1979,12
1979-12-12,66.27729418336864,1979,12
1979-12-13,66.23595440296037,1979,12
1979-12-14,66.22802698621292,1979,12
1979-12-15,66.4552124425009,1979,12
1979-12-16,66.33771901382157,1979,12
1979-12-17,66.1907879543045,1979,12
1979-12-18,66.13206125083086,1979,12
1979-12-19,66.15984013222338,1979,12
1979-12-20,66.11786371035814,1979,12
1979-12-21,66.01856678988229,1979,12
1979-12-22,66.04903732550817,1979,12
1979-12-23,65.88366823814128,1979,12
1979-12-24,65.84775202323588,1979,12
1979-12-25,65.90777233352591,1979,12
1979-12-26,65.82958417069005,1979,12
1979-12-27,65.80680212549234,1979,12
1979-12-28,65.79523381970927,1979,12
1979-12-29,66.12711754063062,1979,12
1979-12-30,66.06463347696001,1979,12
1979-12-31,66.04376978333708,1979,12
1980-01-01,66.18166833478703,1980,1
1980-01-02,65.90134982148433,1980,1
1980-01-03,65.69925682123684,1980,1
1980-01-04,65.46365462039117,1980,1
1980-01-05,65.36873074033544,1980,1
1980-01-06,65.38801115139879,1980,1
1980-01-07,65.1483497515214,1980,1
1980-01-08,65.19016693751097,1980,1
1980-01-09,65.25124067612697,1980,1
1980-01-10,65.21976373508218,1980,1
1980-01-11,65.17249208029334,1980,1
1980-01-12,65.46740154124574,1980,1
1980-01-13,65.48796064292408,1980,1
1980-01-14,65.42505986984929,1980,1
1980-01-15,65.49425290046796,1980,1
1980-01-16,65.74811597165773,1980,1
1980-01-17,65.84795561401522,1980,1
1980-01-18,65.86703345480099,1980,1
1980-01-19,66.05663272808005,1980,1
1980-01-20,66.12413204113713,1980,1
1980-01-21,65.90751925699446,1980,1
1980-01-22,65.81529963314094,1980,1
1980-01-23,65.6754418058633,1980,1
1980-01-24,65.52158934357725,1980,1
1980-01-25,65.55378948841314,1980,1
1980-01-26,65.89865413129885,1980,1
1980-01-27,66.22589622666881,1980,1
1980-01-28,66.16368464927938,1980,1
1980-01-29,65.73556457711385,1980,1
1980-01-30,65.16296103472986,1980,1
1980-01-31,65.10259887390305,1980,1
1980-02-01,65.37715347072455,1980,2
1980-02-02,66.0697740518787,1980,2
1980-02-03,66.33326125993239,1980,2
1980-02-04,66.44350325696269,1980,2
1980-02-05,65.87098324914554,1980,2
1980-02-06,65.42383259199359,1980,2
1980-02-07,65.11771556136232,1980,2
1980-02-08,65.31291068280316,1980,2
1980-02-09,65.5528495403745,1980,2
1980-02-10,65.93554179738936,1980,2
1980-02-11,65.83810649128274,1980,2
1980-02-12,65.94952059615385,1980,2
1980-02-13,66.19724821088928,1980,2
1980-02-14,66.62287683093477,1980,2
1980-02-15,66.83084630713459,1980,2
1980-02-16,66.7134307511914,1980,2
1980-02-17,66.677842015925,1980,2
1980-02-18,66.57804364970468,1980,2
1980-02-19,66.72148307752522,1980,2
1980-02-20,67.01270878678503,1980,2
1980-02-21,67.1506672471423,1980,2
1980-02-22,67.39306711079917,1980,2
1980-02-23,67.4988018948584,1980,2
1980-02-24,67.45172321021872,1980,2
1980-02-25,67.0896035145557,1980,2
1980-02-26,67.00151136119759,1980,2
1980-02-27,67.26851580628576,1980,2
1980-02-28,67.73182687834273,1980,2
1980-02-29,67.66934034077568,1980,2
1980-03-01,67.31152612320071,1980,3
1980-03-02,67.13636855325687,1980,3
1980-03-03,67.12651390791513,1980,3
1980-03-04,67.49806924438747,1980,3
1980-03-05,67.67686484730098,1980,3
1980-03-06,67.76937954908551,1980,3
1980-03-07,67.29990687154555,1980,3
1980-03-08,67.45051143617641,1980,3
1980-03-09,66.98266730741959,1980,3
1980-03-10,66.86372979864446,1980,3
1980-03-11,67.11493687210388,1980,3
1980-03-12,67.29099525195295,1980,3
1980-03-13,67.1858360968544,1980,3
1980-03-14,67.31091043362608,1980,3
1980-03-15,67.46481075619732,1980,3
1980-03-16,67.89878252012889,1980,3
1980-03-17,68.02073626021016,1980,3
1980-03-18,68.11931790133927,1980,3
1980-03-19,67.99325964498739,1980,3
1980-03-20,68.09797515959622,1980,3
1980-03-21,68.40630716987494,1980,3
1980-03-22,68.58288486882998,1980,3
1980-03-23,68.6256776273064,1980,3
1980-03-24,68.7482619637705,1980,3
1980-03-25,68.77664162465798,1980,3
1980-03-26,68.81929313962178,1980,3
1980-03-27,68.48144044376518,1980,3
1980-03-28,68.66126026761665,1980,3
1980-03-29,68.93859587146602,1980,3
1980-03-30,68.8138197522006,1980,3
1980-03-31,68.53187298777577,1980,3
1980-04-01,68.75290403444016,1980,4
1980-04-02,68.83155071000256,1980,4
1980-04-03,68.84965711247935,1980,4
1980-04-04,68.91384249085165,1980,4
1980-04-05,68.95698915029202,1980,4
1980-04-06,69.18840420800417,1980,4
1980-04-07,69.1729932213629,1980,4
1980-04-08,69.55280142817895,1980,4
1980-04-09,69.70305437291282,1980,4
1980-04-10,69.65379878538967,1980,4
1980-04-11,69.75515884394417,1980,4
1980-04-12,69.8458909905038,1980,4
1980-04-13,69.82566594949702,1980,4
1980-04-14,69.6911389198009,1980,4
1980-04-15,69.80565240599121,1980,4
1980-04-16,69.81063242271671,1980,4
1980-04-17,69.72400251978421,1980,4
1980-04-18,69.9427378365104,1980,4
1980-04-19,70.19158718932822,1980,4
1980-04-20,70.43572748168008,1980,4
1980-04-21,70.36730728079127,1980,4
1980-04-22,70.70438033617042,1980,4
1980-04-23,70.82476841538326,1980,4
1980-04-24,70.109446562263,1980,4
1980-04-25,70.12321513968604,1980,4
1980-04-26,70.22442989804014,1980,4
1980-04-27,70.39378557604057,1980,4
1980-04-28,70.41324562783794,1980,4
1980-04-29,70.35533559048433,1980,4
1980-04-30,70.40311122466943,1980,4
1980-05-01,70.52735969304392,1980,5
1980-05-02,70.56320713990617,1980,5
1980-05-03,70.63904684883646,1980,5
1980-05-04,70.83318694548323,1980,5
1980-05-05,70.78529903314171,1980,5
1980-05-06,70.68513473098929,1980,5
1980-05-07,70.9088816333857,1980,5
1980-05-08,70.77973560900367,1980,5
1980-05-09,70.4411237220694,1980,5
1980-05-10,70.47779714049649,1980,5
1980-05-11,70.41247676900457,1980,5
1980-05-12,70.62458287085533,1980,5
1980-05-13,70.59836854966736,1980,5
1980-05-14,70.69011999787615,1980,5
1980-05-15,70.83401328621332,1980,5
1980-05-16,70.72528100489933,1980,5
1980-05-17,70.62457194564573,1980,5
1980-05-18,70.89815535297207,1980,5
1980-05-19,70.95565162028771,1980,5
1980-05-20,70.87041431490404,1980,5
1980-05-21,70.75558300597733,1980,5
1980-05-22,70.70492710597661,1980,5
1980-05-23,70.64012600420457,1980,5
1980-05-24,70.76973621589202,1980,5
1980-05-25,71.03176331664643,1980,5
1980-05-26,70.95467563632616,1980,5
1980-05-27,70.89943423029077,1980,5
1980-05-28,70.94833561552736,1980,5
1980-05-29,70.55970074568741,1980,5
1980-05-30,70.81282018704994,1980,5
1980-05-31,70.94691876946844,1980,5
1980-06-01,71.00429302422704,1980,6
1980-06-02,70.85014365919919,1980,6
1980-06-03,70.43712429151363,1980,6
1980-06-04,70.4305273726231,1980,6
1980-06-05,70.59036415704767,1980,6
1980-06-06,70.77465100811321,1980,6
1980-06-07,70.68587619079773,1980,6
1980-06-08,70.61641190246299,1980,6
1980-06-09,70.678942462642,1980,6
1980-06-10,70.87078201412456,1980,6
1980-06-11,71.02818170274682,1980,6
1980-06-12,70.99115846098354,1980,6
1980-06-13,70.6246038173104,1980,6
1980-06-14,70.96564205546106,1980,6
1980-06-15,70.53355073172857,1980,6
1980-06-16,70.69772910140642,1980,6
1980-06-17,70.79999493549599,1980,6
1980-06-18,70.9299742888806,1980,6
1980-06-19,70.9410738896752,1980,6
1980-06-20,70.88876327289455,1980,6
1980-06-21,70.68899102282181,1980,6
1980-06-22,70.6041411289668,1980,6
1980-06-23,70.71796455889012,1980,6
1980-06-24,70.77950862062893,1980,6
1980-06-25,70.68756490756127,1980,6
1980-06-26,70.61457963842756,1980,6
1980-06-27,70.52972731375085,1980,6
1980-06-28,70.53794153637669,1980,6
1980-06-29,70.69301056291188,1980,6
1980-06-30,70.8280253042593,1980,6
1980-07-01,70.71960632412247,1980,7
1980-07-02,70.62522274833152,1980,7
1980-07-03,70.62219497427417,1980,7
1980-07-04,70.63431180037661,1980,7
1980-07-05,70.67269254721886,1980,7
1980-07-06,70.61534423255353,1980,7
1980-07-07,70.408667852517,1980,7
1980-07-08,70.45788819763517,1980,7
1980-07-09,70.56726587872201,1980,7
1980-07-10,70.60033109269186,1980,7
1980-07-11,70.60198381199531,1980,7
1980-07-12,70.59301842050033,1980,7
1980-07-13,70.5713579286038,1980,7
1980-07-14,70.52536763204621,1980,7
1980-07-15,70.42378676757394,1980,7
1980-07-16,70.53432675325728,1980,7
1980-07-17,70.46868127739003,1980,7
1980-07-18,70.588792828301,1980,7
1980-07-19,70.58599077999615,1980,7
1980-07-20,70.51348827176894,1980,7
1980-07-21,70.5131605219237,1980,7
1980-07-22,70.45715922979333,1980,7
1980-07-23,70.49578606446826,1980,7
1980-07-24,70.60190185745199,1980,7
1980-07-25,70.59934393080906,1980,7
1980-07-26,70.43320680336429,1980,7
1980-07-27,70.3187648646167,1980,7
1980-07-28,70.35619077337834,1980,7
1980-07-29,70.44256799460219,1980,7
1980-07-30,70.43731766331723,1980,7
1980-07-31,70.44771117541673,1980,7
1980-08-01,70.44147773523197,1980,8
1980-08-02,70.43909992467543,1980,8
1980-08-03,70.43637561171963,1980,8
1980-08-04,70.43039047457816,1980,8
1980-08-05,70.54996198358266,1980,8
1980-08-06,70.4142465378615,1980,8
1980-08-07,70.27440686399615,1980,8
1980-08-08,70.25602520209998,1980,8
1980-08-09,70.30776793237453,1980,8
1980-08-10,70.36746626596562,1980,8
1980-08-11,70.31577477698325,1980,8
1980-08-12,70.24815164904275,1980,8
1980-08-13,70.33592057108284,1980,8
1980-08-14,70.40800492550822,1980,8
1980-08-15,70.4428280975938,1980,8
1980-08-16,70.42001648716385,1980,8
1980-08-17,70.33880687121412,1980,8
1980-08-18,70.32629608447448,1980,8
1980-08-19,70.24286383868362,1980,8
1980-08-20,70.32509946771916,1980,8
1980-08-21,70.39003142946264,1980,8
1980-08-22,70.45806763964474,1980,8
1980-08-23,70.39789934734705,1980,8
1980-08-24,70.29489632944832,1980,8
1980-08-25,70.31005326401473,1980,8
1980-08-26,70.3583810053703,1980,8
1980-08-27,70.20764313884347,1980,8
1980-08-28,70.24993736528421,1980,8
1980-08-29,70.21815479208156,1980,8
1980-08-30,70.35952299844642,1980,8
1980-08-31,70.40221535381761,1980,8
1980-09-01,70.40432637414668,1980,9
1980-09-02,70.29274002239677,1980,9
1980-09-03,70.11049666506322,1980,9
1980-09-04,70.07244695880296,1980,9
1980-09-05,70.05259815774768,1980,9
1980-09-06,70.32280207149742,1980,9
1980-09-07,70.02306104180867,1980,9
1980-09-08,70.08197963960482,1980,9
1980-09-09,70.21205078786774,1980,9
1980-09-10,70.19819279871896,1980,9
1980-09-11,70.20307600045336,1980,9
1980-09-12,70.2017165188363,1980,9
1980-09-13,70.0815487742212,1980,9
1980-09-14,70.01411543334547,1980,9
1980-09-15,70.056637721812,1980,9
1980-09-16,70.09114108144281,1980,9
1980-09-17,70.03798000686673,1980,9
1980-09-18,70.07874032852142,1980,9
1980-09-19,70.06935391085142,1980,9
1980-09-20,69.96127666825394,1980,9
1980-09-21,69.88615813341094,1980,9
1980-09-22,69.78973908643329,1980,9
1980-09-23,69.90864440152664,1980,9
1980-09-24,69.99056051204317,1980,9
1980-09-25,69.92767095857006,1980,9
1980-09-26,69.84960056972992,1980,9
1980-09-27,69.82437316251814,1980,9
1980-09-28,69.82517929700693,1980,9
1980-09-29,69.74972662583554,1980,9
1980-09-30,69.66153052574745,1980,9
1980-10-01,69.68291701580841,1980,10
1980-10-02,69.55742360915609,1980,10
1980-10-03,69.49376239200153,1980,10
1980-10-04,69.4301582221177,1980,10
1980-10-05,69.38702105239814,1980,10
1980-10-06,69.36487959127425,1980,10
1980-10-07,69.35784907168816,1980,10
1980-10-08,69.48780587820674,1980,10
1980-10-09,69.65723219969522,1980,10
1980-10-10,69.42403719961315,1980,10
1980-10-11,69.35649221612337,1980,10
1980-10-12,69.2016610403904,1980,10
1980-10-13,69.17661638918707,1980,10
1980-10-14,69.14545549912474,1980,10
1980-10-15,69.09834330025994,1980,10
1980-10-16,68.9591879189558,1980,10
1980-10-17,68.98432765328785,1980,10
1980-10-18,69.0443063862699,1980,10
1980-10-19,69.05549341524295,1980,10
1980-10-20,68.89830014017271,1980,10
1980-10-21,68.73661933005545,1980,10
1980-10-22,68.55196395166192,1980,10
1980-10-23,68.404471410529,1980,10
1980-10-24,68.42300193429297,1980,10
1980-10-25,68.40566273355,1980,10
1980-10-26,68.3646822516445,1980,10
1980-10-27,68.26374702410575,1980,10
1980-10-28,68.14771453860256,1980,10
1980-10-29,68.06317692136597,1980,10
1980-10-30,68.08971584968354,1980,10
1980-10-31,68.36631489337896,1980,10
1980-11-01,68.00045187730748,1980,11
1980-11-02,67.90155856789367,1980,11
1980-11-03,67.6832819009282,1980,11
1980-11-04,67.73615995232905,1980,11
1980-11-05,67.67659775989507,1980,11
1980-11-06,67.5481702525705,1980,11
1980-11-07,67.40846793241693,1980,11
1980-11-08,67.0919284903158,1980,11
1980-11-09,66.91555413312362,1980,11
1980-11-10,66.97946370853646,1980,11
1980-11-11,67.2050856139304,1980,11
1980-11-12,67.40208594341738,1980,11
1980-11-13,67.45540233128483,1980,11
1980-11-14,67.45071891630053,1980,11
1980-11-15,67.5240974090948,1980,11
1980-11-16,67.65826194943692,1980,11
1980-11-17,67.49830661562869,1980,11
1980-11-18,67.47587043774587,1980,11
1980-11-19,67.56101971492856,1980,11
1980-11-20,67.29574608207143,1980,11
1980-11-21,67.34573429446425,1980,11
1980-11-22,67.23852291276381,1980,11
1980-11-23,67.05955474485849,1980,11
1980-11-24,66.74605421024438,1980,11
1980-11-25,66.66947640023886,1980,11
1980-11-26,66.6622448732145,1980,11
1980-11-27,66.82745609148459,1980,11
1980-11-28,68.15590475123744,1980,11
1980-11-29,66.60702193538467,1980,11
1980-11-30,66.59700761055,1980,11
1980-12-01,66.37055000070553,1980,12
1980-12-02,66.39305395808164,1980,12
1980-12-03,66.29510084404687,1980,12
1980-12-04,66.25719569795389,1980,12
1980-12-05,66.2897533328691,1980,12
1980-12-06,66.15902114907232,1980,12
1980-12-07,65.95100866838803,1980,12
1980-12-08,65.7174263741385,1980,12
1980-12-09,65.73047259668685,1980,12
1980-12-10,65.93555354366265,1980,12
1980-12-11,65.97907584212133,1980,12
1980-12-12,65.88105490898744,1980,12
1980-12-13,65.85557651573181,1980,12
1980-12-14,65.63751007085219,1980,12
1980-12-15,65.34505621273509,1980,12
1980-12-16,65.27888242177289,1980,12
1980-12-17,65.27936814504294,1980,12
1980-12-18,65.21475412168749,1980,12
1980-12-19,65.26961666671686,1980,12
1980-12-20,65.38384995332825,1980,12
1980-12-21,65.66787310398855,1980,12
1980-12-22,66.29859966304186,1980,12
1980-12-23,66.59812182668799,1980,12
1980-12-24,66.62335087404502,1980,12
1980-12-25,66.59631088483181,1980,12
1980-12-26,66.25060386075631,1980,12
1980-12-27,66.31673355320999,1980,12
1980-12-28,66.28698982780507,1980,12
1980-12-29,66.23279368084374,1980,12
1980-12-30,66.08914499411324,1980,12
1980-12-31,65.95403516242726,1980,12
1981-01-01,65.931927373865,1981,1
1981-01-02,65.7744806321119,1981,1
1981-01-03,66.02780484375009,1981,1
1981-01-04,66.20020401366553,1981,1
1981-01-05,66.48448577304978,1981,1
1981-01-06,66.35409229204859,1981,1
1981-01-07,66.06447791060488,1981,1
1981-01-08,65.32344570812306,1981,1
1981-01-09,65.09867578417959,1981,1
1981-01-10,65.15441224748567,1981,1
1981-01-11,65.38797925251181,1981,1
1981-01-12,65.47059282436273,1981,1
1981-01-13,65.2397681490284,1981,1
1981-01-14,65.16187175089595,1981,1
1981-01-15,65.02946933487303,1981,1
1981-01-16,65.28709415520377,1981,1
1981-01-17,65.68395954280169,1981,1
1981-01-18,65.87263207161666,1981,1
1981-01-19,65.70731065601892,1981,1
1981-01-20,65.5518758732023,1981,1
1981-01-21,65.71913512217097,1981,1
1981-01-22,65.85740744622032,1981,1
1981-01-23,66.16634819570183,1981,1
1981-01-24,66.81021090693375,1981,1
1981-01-25,66.52401052357622,1981,1
1981-01-26,66.51638292413655,1981,1
1981-01-27,66.25876568752393,1981,1
1981-01-28,66.28249311257235,1981,1
1981-01-29,66.36211881701293,1981,1
1981-01-30,66.56369174852647,1981,1
1981-01-31,66.80174592543376,1981,1
1981-02-01,66.32378108494918,1981,2
1981-02-02,66.21102215661006,1981,2
1981-02-03,66.34556883480306,1981,2
1981-02-04,66.35939433209721,1981,2
1981-02-05,66.64403256711743,1981,2
1981-02-06,66.39915512882934,1981,2
1981-02-07,66.35210807391913,1981,2
1981-02-08,65.88662670115394,1981,2
1981-02-09,66.08487698482486,1981,2
1981-02-10,66.01234193269511,1981,2
1981-02-11,65.80555290641047,1981,2
1981-02-12,65.68738064737897,1981,2
1981-02-13,66.12219622802861,1981,2
1981-02-14,66.55479485219553,1981,2
1981-02-15,66.67867246654122,1981,2
1981-02-16,66.94168427969875,1981,2
1981-02-17,66.65844613286976,1981,2
1981-02-18,66.51675245158316,1981,2
1981-02-19,66.39619010061827,1981,2
1981-02-20,66.50242976976678,1981,2
1981-02-21,66.70365036235037,1981,2
1981-02-22,66.84550730967537,1981,2
1981-02-23,66.97081883685456,1981,2
1981-02-24,67.14415869935576,1981,2
1981-02-25,67.32739829195833,1981,2
1981-02-26,67.37789556231378,1981,2
1981-02-27,67.44802006568972,1981,2
1981-02-28,67.87229376550002,1981,2
1981-03-01,67.75511717603919,1981,3
1981-03-02,67.46005778511187,1981,3
1981-03-03,66.9568540401736,1981,3
1981-03-04,66.92426856252509,1981,3
1981-03-05,67.23746457304176,1981,3
1981-03-06,67.59503064671965,1981,3
1981-03-07,67.79981106011452,1981,3
1981-03-08,67.48566712912692,1981,3
1981-03-09,67.62415026669495,1981,3
1981-03-10,67.88911486369399,1981,3
1981-03-11,67.82748785750282,1981,3
1981-03-12,67.66542313126423,1981,3
1981-03-13,67.39487096229337,1981,3
1981-03-14,67.95902616874736,1981,3
1981-03-15,68.12511877803027,1981,3
1981-03-16,67.90025603024958,1981,3
1981-03-17,67.67150762536357,1981,3
1981-03-18,67.87142501562992,1981,3
1981-03-19,68.34480387713784,1981,3
1981-03-20,68.44872262626214,1981,3
1981-03-21,68.3991844281082,1981,3
1981-03-22,68.17608296202702,1981,3
1981-03-23,67.90206309367598,1981,3
1981-03-24,67.61350378436201,1981,3
1981-03-25,67.86406361022506,1981,3
1981-03-26,67.89914484269725,1981,3
1981-03-27,68.25487961301319,1981,3
1981-03-28,68.34677099156853,1981,3
1981-03-29,68.86066235780045,1981,3
1981-03-30,69.63019996725951,1981,3
1981-03-31,69.08935662327869,1981,3
1981-04-01,68.56895007819875,1981,4
1981-04-02,68.80657077882721,1981,4
1981-04-03,69.0282275577072,1981,4
1981-04-04,68.9946316863915,1981,4
1981-04-05,68.7885282912654,1981,4
1981-04-06,68.32679307477443,1981,4
1981-04-07,68.29798513301246,1981,4
1981-04-08,68.54745144325328,1981,4
1981-04-09,68.72471195243563,1981,4
1981-04-10,68.87944726014996,1981,4
1981-04-11,69.09332019567974,1981,4
1981-04-12,69.35485084349087,1981,4
1981-04-13,69.43206483199097,1981,4
1981-04-14,69.76464097466818,1981,4
1981-04-15,70.24078523748437,1981,4
1981-04-16,69.99623115043127,1981,4
1981-04-17,69.6429604513687,1981,4
1981-04-18,69.55689739728035,1981,4
1981-04-19,69.60990204058888,1981,4
1981-04-20,69.77798090876786,1981,4
1981-04-21,69.927002295486,1981,4
1981-04-22,69.89040776314205,1981,4
1981-04-23,69.63247028597935,1981,4
1981-04-24,69.54943121587745,1981,4
1981-04-25,69.5517938174999,1981,4
1981-04-26,69.67926509514635,1981,4
1981-04-27,70.03707001253171,1981,4
1981-04-28,70.09038206705848,1981,4
1981-04-29,70.160727543149,1981,4
1981-04-30,70.04228595209769,1981,4
1981-05-01,69.99084126559505,1981,5
1981-05-02,70.09770935422908,1981,5
1981-05-03,70.3280593232973,1981,5
1981-05-04,70.18859515519466,1981,5
1981-05-05,70.04360543266468,1981,5
1981-05-06,70.34518813748439,1981,5
1981-05-07,70.08406027811381,1981,5
1981-05-08,69.94917888194205,1981,5
1981-05-09,69.77151430629448,1981,5
1981-05-10,69.84938614923219,1981,5
1981-05-11,69.86874271485183,1981,5
1981-05-12,69.88989661361802,1981,5
1981-05-13,70.29703672582723,1981,5
1981-05-14,70.75408046243157,1981,5
1981-05-15,70.76334169643776,1981,5
1981-05-16,70.60428645505161,1981,5
1981-05-17,70.58137826007551,1981,5
1981-05-18,70.58966964099662,1981,5
1981-05-19,70.72379646822475,1981,5
1981-05-20,70.97194552149284,1981,5
1981-05-21,70.87803216576634,1981,5
1981-05-22,70.85836284857466,1981,5
1981-05-23,70.66874290307507,1981,5
1981-05-24,70.59646609414645,1981,5
1981-05-25,70.88265278340332,1981,5
1981-05-26,71.01687701349584,1981,5
1981-05-27,71.00305079548716,1981,5
1981-05-28,70.76761572066188,1981,5
1981-05-29,70.72397035297824,1981,5
1981-05-30,70.6957459742314,1981,5
1981-05-31,71.14877562161541,1981,5
1981-06-01,70.98287985479082,1981,6
1981-06-02,70.78462399282132,1981,6
1981-06-03,70.84717976080888,1981,6
1981-06-04,70.8233412223251,1981,6
1981-06-05,70.43313079789218,1981,6
1981-06-06,70.38568599063062,1981,6
1981-06-07,70.84270256575635,1981,6
1981-06-08,71.53701424203007,1981,6
1981-06-09,71.08592614158191,1981,6
1981-06-10,70.81169546708408,1981,6
1981-06-11,71.07052940568387,1981,6
1981-06-12,71.07912258255489,1981,6
1981-06-13,70.80559851640851,1981,6
1981-06-14,70.84597150982113,1981,6
1981-06-15,70.88137007240152,1981,6
1981-06-16,71.05052632119713,1981,6
1981-06-17,70.91077347091412,1981,6
1981-06-18,70.91439375322945,1981,6
1981-06-19,70.95801564119958,1981,6
1981-06-20,71.07517476926989,1981,6
1981-06-21,71.05854214094343,1981,6
1981-06-22,70.76719192547642,1981,6
1981-06-23,70.95152269289798,1981,6
1981-06-24,70.93375496612849,1981,6
1981-06-25,70.62499516584715,1981,6
1981-06-26,70.51596224007824,1981,6
1981-06-27,70.66121066269177,1981,6
1981-06-28,70.72980411783861,1981,6
1981-06-29,70.61735981771464,1981,6
1981-06-30,70.54037344499797,1981,6
1981-07-01,70.43037931633953,1981,7
1981-07-02,70.48758246900671,1981,7
1981-07-03,70.54343693945927,1981,7
1981-07-04,70.5644346548999,1981,7
1981-07-05,70.73169625012416,1981,7
1981-07-06,70.4086542253253,1981,7
1981-07-07,70.45289432648936,1981,7
1981-07-08,70.5750622185295,1981,7
1981-07-09,70.38109555873977,1981,7
1981-07-10,70.44187502870352,1981,7
1981-07-11,70.57022299788268,1981,7
1981-07-12,70.64470119318884,1981,7
1981-07-13,70.6607159715546,1981,7
1981-07-14,70.46261177119854,1981,7
1981-07-15,70.44300938796977,1981,7
1981-07-16,70.42979770608956,1981,7
1981-07-17,70.32075271374325,1981,7
1981-07-18,70.38739686405536,1981,7
1981-07-19,70.45717112435865,1981,7
1981-07-20,70.54368269857801,1981,7
1981-07-21,70.61436494875413,1981,7
1981-07-22,70.57207941480583,1981,7
1981-07-23,70.42308520546715,1981,7
1981-07-24,70.47762779873896,1981,7
1981-07-25,70.82532176380795,1981,7
1981-07-26,70.79562511146341,1981,7
1981-07-27,70.49506364619685,1981,7
1981-07-28,70.41305532937899,1981,7
1981-07-29,70.38557881059435,1981,7
1981-07-30,70.45414917058086,1981,7
1981-07-31,70.35721717128932,1981,7
1981-08-01,70.30511895389222,1981,8
1981-08-02,70.30649084805214,1981,8
1981-08-03,70.31482493275739,1981,8
1981-08-04,70.48065019594036,1981,8
1981-08-05,70.34607198885304,1981,8
1981-08-06,70.41185346706757,1981,8
1981-08-07,70.50904888566347,1981,8
1981-08-08,70.56169385832563,1981,8
1981-08-09,70.49110257283222,1981,8
1981-08-10,70.45158084781819,1981,8
1981-08-11,70.29992647703952,1981,8
1981-08-12,70.35760250982788,1981,8
1981-08-13,70.42087669707266,1981,8
1981-08-14,70.52550709868238,1981,8
1981-08-15,70.30554777331359,1981,8
1981-08-16,70.34802757202144,1981,8
1981-08-17,70.34085500598393,1981,8
1981-08-18,70.33715458064097,1981,8
1981-08-19,70.45465111484836,1981,8
1981-08-20,70.48953853160896,1981,8
1981-08-21,70.6156153602957,1981,8
1981-08-22,70.2333590308895,1981,8
1981-08-23,70.34869623292253,1981,8
1981-08-24,70.14667928774604,1981,8
1981-08-25,70.28688826365449,1981,8
1981-08-26,70.21921502152722,1981,8
1981-08-27,70.14386004107824,1981,8
1981-08-28,70.10703660756859,1981,8
1981-08-29,70.18925553428475,1981,8
1981-08-30,70.12338123755836,1981,8
1981-08-31,70.16776239641653,1981,8
1981-09-01,70.3482123067723,1981,9
1981-09-02,70.29412105523197,1981,9
1981-09-03,70.10885277577204,1981,9
1981-09-04,70.08415077222631,1981,9
1981-09-05,70.12114797304417,1981,9
1981-09-06,70.15616865614675,1981,9
1981-09-07,70.1076086519045,1981,9
1981-09-08,70.06374370898887,1981,9
1981-09-09,69.9863470052044,1981,9
1981-09-10,70.00758385801542,1981,9
1981-09-11,69.82494359960747,1981,9
1981-09-12,69.80536257969919,1981,9
1981-09-13,69.95215871529189,1981,9
1981-09-14,69.87225394317925,1981,9
1981-09-15,69.95194440605553,1981,9
1981-09-16,70.17093958357331,1981,9
1981-09-17,69.9445362312647,1981,9
1981-09-18,69.95449565289702,1981,9
1981-09-19,70.20449849802382,1981,9
1981-09-20,69.8986037277125,1981,9
1981-09-21,69.91336038918271,1981,9
1981-09-22,70.02677634280575,1981,9
1981-09-23,70.00813460963303,1981,9
1981-09-24,70.08017162733081,1981,9
1981-09-25,70.13294395786937,1981,9
1981-09-26,70.14400223283297,1981,9
1981-09-27,70.16566779821528,1981,9
1981-09-28,69.93467729348704,1981,9
1981-09-29,69.87944422105454,1981,9
1981-09-30,69.79629884171673,1981,9
1981-10-01,69.65713357840528,1981,10
1981-10-02,69.52820027563946,1981,10
1981-10-03,69.29857620719022,1981,10
1981-10-04,69.22407865619725,1981,10
1981-10-05,69.2437208293611,1981,10
1981-10-06,68.9664880357651,1981,10
1981-10-07,68.98202362711152,1981,10
1981-10-08,68.84799314655055,1981,10
1981-10-09,68.79973933235689,1981,10
1981-10-10,68.74923673090811,1981,10
1981-10-11,68.7497335045945,1981,10
1981-10-12,68.77785974724941,1981,10
1981-10-13,68.7542508388554,1981,10
1981-10-14,68.66610035963899,1981,10
1981-10-15,68.65577370455544,1981,10
1981-10-16,68.78197773862344,1981,10
1981-10-17,68.8438233261201,1981,10
1981-10-18,68.55881284070904,1981,10
1981-10-19,68.46530012232525,1981,10
1981-10-20,68.47210395075427,1981,10
1981-10-21,68.35315520290526,1981,10
1981-10-22,68.23328386673364,1981,10
1981-10-23,68.2534878717759,1981,10
1981-10-24,68.34667995953396,1981,10
1981-10-25,68.67927675922033,1981,10
1981-10-26,68.66635043796718,1981,10
1981-10-27,68.41833165848622,1981,10
1981-10-28,68.42967352711527,1981,10
1981-10-29,68.38495415819565,1981,10
1981-10-30,68.28838926595239,1981,10
1981-10-31,68.21706483702138,1981,10
1981-11-01,68.22120025003012,1981,11
1981-11-02,68.30172242245989,1981,11
1981-11-03,68.53616323932161,1981,11
1981-11-04,69.40496987476745,1981,11
1981-11-05,67.78082813688874,1981,11
1981-11-06,67.35024264725254,1981,11
1981-11-07,67.22946171258958,1981,11
1981-11-08,67.39970233590954,1981,11
1981-11-09,67.38696758805544,1981,11
1981-11-10,67.54585110350453,1981,11
1981-11-11,67.47803667499936,1981,11
1981-11-12,67.66530730564966,1981,11
1981-11-13,67.15276561299581,1981,11
1981-11-14,67.00522289132437,1981,11
1981-11-15,66.77523128112297,1981,11
1981-11-16,66.61275992662559,1981,11
1981-11-17,66.52709906849348,1981,11
1981-11-18,66.49870098908949,1981,11
1981-11-19,66.38907208740481,1981,11
1981-11-20,66.07816052108103,1981,11
1981-11-21,65.9016901258817,1981,11
1981-11-22,65.8423003557664,1981,11
1981-11-23,65.7881029204373,1981,11
1981-11-24,65.90028148861552,1981,11
1981-11-25,65.97401396256498,1981,11
1981-11-26,65.97532879073945,1981,11
1981-11-27,66.09569868111943,1981,11
1981-11-28,66.10530606668185,1981,11
1981-11-29,65.97112576245053,1981,11
1981-11-30,66.02415454284306,1981,11
1981-12-01,66.02221890106044,1981,12
1981-12-02,66.02346907873716,1981,12
1981-12-03,66.2093308625736,1981,12
1981-12-04,66.26314646700155,1981,12
1981-12-05,65.999693338278,1981,12
1981-12-06,65.86803627648787,1981,12
1981-12-07,65.7706158602242,1981,12
1981-12-08,65.72341628166087,1981,12
1981-12-09,65.37879635797988,1981,12
1981-12-10,65.39876558895996,1981,12
1981-12-11,65.36327880009618,1981,12
1981-12-12,65.33156399986036,1981,12
1981-12-13,65.2718814960042,1981,12
1981-12-14,65.30985525319518,1981,12
1981-12-15,65.47047908913459,1981,12
1981-12-16,65.59969088351886,1981,12
1981-12-17,65.62851220125016,1981,12
1981-12-18,65.71208352953722,1981,12
1981-12-19,65.73498254980704,1981,12
1981-12-20,65.80558508848107,1981,12
1981-12-21,65.87284586997231,1981,12
1981-12-22,65.75160403574475,1981,12
1981-12-23,65.72387660935767,1981,12
1981-12-24,65.5784784534986,1981,12
1981-12-25,65.42542296069135,1981,12
1981-12-26,65.3029851058722,1981,12
1981-12-27,65.36798234726085,1981,12
1981-12-28,65.46267782026165,1981,12
1981-12-29,65.36549347030608,1981,12
1981-12-30,65.34126641033947,1981,12
1981-12-31,65.48354282414108,1981,12
1982-01-01,65.42283852515034,1982,1
1982-01-02,65.503240266019,1982,1
1982-01-03,65.72064373972403,1982,1
1982-01-04,65.97249504575976,1982,1
1982-01-05,65.83744373181224,1982,1
1982-01-06,65.98230668713678,1982,1
1982-01-07,65.83011726930644,1982,1
1982-01-08,65.9132217429378,1982,1
1982-01-09,66.09369525105717,1982,1
1982-01-10,66.25848907313909,1982,1
1982-01-11,66.03592414661009,1982,1
1982-01-12,65.8400626337002,1982,1
1982-01-13,65.77301469052254,1982,1
1982-01-14,65.90140069202779,1982,1
1982-01-15,65.74959912817494,1982,1
1982-01-16,65.64229983787764,1982,1
1982-01-17,65.6509936936838,1982,1
1982-01-18,65.57607454884459,1982,1
1982-01-19,65.72610077755994,1982,1
1982-01-20,65.83836370943477,1982,1
1982-01-21,65.91026096740572,1982,1
1982-01-22,66.00378819417662,1982,1
1982-01-23,65.82551977567923,1982,1
1982-01-24,65.85995347860083,1982,1
1982-01-25,66.20817315557068,1982,1
1982-01-26,66.17464447010094,1982,1
1982-01-27,66.06102741196175,1982,1
1982-01-28,65.98660801105554,1982,1
1982-01-29,65.9267911251413,1982,1
1982-01-30,66.06235973436453,1982,1
1982-01-31,66.30019805882058,1982,1
1982-02-01,66.31327934808165,1982,2
1982-02-02,66.12620170286598,1982,2
1982-02-03,66.37351429685141,1982,2
1982-02-04,66.475948835448,1982,2
1982-02-05,66.0153514176937,1982,2
1982-02-06,65.5888059451445,1982,2
1982-02-07,65.59535554488342,1982,2
1982-02-08,65.88989897457269,1982,2
1982-02-09,65.79160239077251,1982,2
1982-02-10,66.00596653745268,1982,2
1982-02-11,66.32509642900521,1982,2
1982-02-12,66.58281294098103,1982,2
1982-02-13,66.37888635129147,1982,2
1982-02-14,66.36882497596028,1982,2
1982-02-15,66.46193158770156,1982,2
1982-02-16,66.70400495489079,1982,2
1982-02-17,66.67956995452839,1982,2
1982-02-18,66.5893341340545,1982,2
1982-02-19,66.6373496850929,1982,2
1982-02-20,66.71776047057759,1982,2
1982-02-21,66.66016286067732,1982,2
1982-02-22,66.3066273272756,1982,2
1982-02-23,66.2220100202022,1982,2
1982-02-24,66.33692987987834,1982,2
1982-02-25,66.37065780585672,1982,2
1982-02-26,66.70082965578328,1982,2
1982-02-27,67.0289325393501,1982,2
1982-02-28,67.110988591393,1982,2
1982-03-01,67.10695344709784,1982,3
1982-03-02,66.61386374596532,1982,3
1982-03-03,66.33525549571227,1982,3
1982-03-04,66.59211325651535,1982,3
1982-03-05,66.94736482806594,1982,3
1982-03-06,66.846125308461,1982,3
1982-03-07,66.33365853056243,1982,3
1982-03-08,66.58750064169543,1982,3
1982-03-09,67.02842364938941,1982,3
1982-03-10,67.17177824465472,1982,3
1982-03-11,66.77478306999893,1982,3
1982-03-12,66.84353819701491,1982,3
1982-03-13,66.79892761020467,1982,3
1982-03-14,67.01239110610963,1982,3
1982-03-15,67.15948785196713,1982,3
1982-03-16,67.61489931221146,1982,3
1982-03-17,67.9273399263722,1982,3
1982-03-18,67.78520638579657,1982,3
1982-03-19,67.80992064209532,1982,3
1982-03-20,67.89327672706662,1982,3
1982-03-21,68.18786215433259,1982,3
1982-03-22,68.30137582799789,1982,3
1982-03-23,68.46060539325352,1982,3
1982-03-24,68.37157851277038,1982,3
1982-03-25,68.00608976348516,1982,3
1982-03-26,67.94217002816777,1982,3
1982-03-27,67.94012840199017,1982,3
1982-03-28,68.33570797476216,1982,3
1982-03-29,68.52567524038061,1982,3
1982-03-30,68.8514734504521,1982,3
1982-03-31,69.26688401431817,1982,3
1982-04-01,69.04290504977092,1982,4
1982-04-02,68.96163298130558,1982,4
1982-04-03,68.90283943896773,1982,4
1982-04-04,69.18554782345892,1982,4
1982-04-05,69.35817163590433,1982,4
1982-04-06,69.42437800507068,1982,4
1982-04-07,69.05963240545287,1982,4
1982-04-08,68.46216979451005,1982,4
1982-04-09,68.4437084757087,1982,4
1982-04-10,68.63015305953678,1982,4
1982-04-11,68.94141663834728,1982,4
1982-04-12,69.05210720746588,1982,4
1982-04-13,69.0696521298583,1982,4
1982-04-14,69.1393856862171,1982,4
1982-04-15,69.3219988479785,1982,4
1982-04-16,69.36684300460848,1982,4
1982-04-17,69.31159629581678,1982,4
1982-04-18,69.16646304287428,1982,4
1982-04-19,69.10053340407224,1982,4
1982-04-20,69.10552207401709,1982,4
1982-04-21,69.3291028136016,1982,4
1982-04-22,69.34377408449026,1982,4
1982-04-23,69.59728251708289,1982,4
1982-04-24,69.72221857267004,1982,4
1982-04-25,69.77733803012482,1982,4
1982-04-26,69.4333330900834,1982,4
1982-04-27,69.50385111018966,1982,4
1982-04-28,69.3970359355314,1982,4
1982-04-29,69.78295927172606,1982,4
1982-04-30,69.633929796962,1982,4
1982-05-01,69.91330225766305,1982,5
1982-05-02,70.14871516275066,1982,5
1982-05-03,70.10647504962031,1982,5
1982-05-04,70.11080355891735,1982,5
1982-05-05,70.19841851545287,1982,5
1982-05-06,70.16094871988567,1982,5
1982-05-07,70.07069509185276,1982,5
1982-05-08,70.04090180155418,1982,5
1982-05-09,70.24865774518561,1982,5
1982-05-10,70.09792006234021,1982,5
1982-05-11,69.93755599641771,1982,5
1982-05-12,69.98905378201495,1982,5
1982-05-13,69.57644727201792,1982,5
1982-05-14,69.53854172772745,1982,5
1982-05-15,69.53447633947523,1982,5
1982-05-16,69.47181939042011,1982,5
1982-05-17,69.39482428661188,1982,5
1982-05-18,69.55524375828553,1982,5
1982-05-19,69.89264651875936,1982,5
1982-05-20,69.90822839215441,1982,5
1982-05-21,69.97235295674723,1982,5
1982-05-22,70.07862009310956,1982,5
1982-05-23,70.19234214051241,1982,5
1982-05-24,70.21256172072304,1982,5
1982-05-25,70.4158547273815,1982,5
1982-05-26,70.74677635340419,1982,5
1982-05-27,70.73559607591658,1982,5
1982-05-28,70.75158348487027,1982,5
1982-05-29,70.64021140009334,1982,5
1982-05-30,70.78214091968465,1982,5
1982-05-31,70.75529063760546,1982,5
1982-06-01,70.66495120556792,1982,6
1982-06-02,70.45171026760855,1982,6
1982-06-03,70.43578359435291,1982,6
1982-06-04,70.48422062246647,1982,6
1982-06-05,70.6223713267622,1982,6
1982-06-06,70.75267753219094,1982,6
1982-06-07,70.90781101459848,1982,6
1982-06-08,70.94679200091062,1982,6
1982-06-09,71.01287524758605,1982,6
1982-06-10,70.99855486562174,1982,6
1982-06-11,70.99424047897979,1982,6
1982-06-12,70.77807894628104,1982,6
1982-06-13,70.87108679523666,1982,6
1982-06-14,70.65333569975817,1982,6
1982-06-15,70.53809838736201,1982,6
1982-06-16,70.71624087647166,1982,6
1982-06-17,70.47387613719826,1982,6
1982-06-18,70.27344152626051,1982,6
1982-06-19,70.2965611916803,1982,6
1982-06-20,70.44688800724043,1982,6
1982-06-21,70.58234569247676,1982,6
1982-06-22,70.50346587000992,1982,6
1982-06-23,70.49716518532355,1982,6
1982-06-24,70.53208191349269,1982,6
1982-06-25,70.5393746203432,1982,6
1982-06-26,70.70858680664351,1982,6
1982-06-27,70.91334182195683,1982,6
1982-06-28,70.59048220568872,1982,6
1982-06-29,70.780855425846,1982,6
1982-06-30,70.86218645980578,1982,6
1982-07-01,70.75303213862746,1982,7
1982-07-02,70.80483178256321,1982,7
1982-07-03,70.94459668225785,1982,7
1982-07-04,71.03265307389024,1982,7
1982-07-05,70.95405968524139,1982,7
1982-07-06,70.94332601410495,1982,7
1982-07-07,70.87119531312106,1982,7
1982-07-08,70.77052317820493,1982,7
1982-07-09,70.84714680425378,1982,7
1982-07-10,70.72405582758748,1982,7
1982-07-11,70.73839325294315,1982,7
1982-07-12,70.37847843911192,1982,7
1982-07-13,70.45308082723965,1982,7
1982-07-14,70.45077917272125,1982,7
1982-07-15,70.4401590791084,1982,7
1982-07-16,70.46397579779251,1982,7
1982-07-17,70.60352191450009,1982,7
1982-07-18,70.81197054972502,1982,7
1982-07-19,70.8161525330983,1982,7
1982-07-20,70.52117487249586,1982,7
1982-07-21,70.51368461009243,1982,7
1982-07-22,70.4927110940629,1982,7
1982-07-23,70.58887405310061,1982,7
1982-07-24,70.39617487508134,1982,7
1982-07-25,70.38693414746096,1982,7
1982-07-26,70.39442763739645,1982,7
1982-07-27,70.53849639017047,1982,7
1982-07-28,70.59150165784152,1982,7
1982-07-29,70.48453941223147,1982,7
1982-07-30,70.5618047696023,1982,7
1982-07-31,70.51579481601304,1982,7
1982-08-01,70.67367973770764,1982,8
1982-08-02,70.50986644712668,1982,8
1982-08-03,70.45733081177117,1982,8
1982-08-04,70.46378113100718,1982,8
1982-08-05,70.50329100252107,1982,8
1982-08-06,70.50900378631113,1982,8
1982-08-07,70.46721073608227,1982,8
1982-08-08,70.49993220982701,1982,8
1982-08-09,70.33312357634827,1982,8
1982-08-10,70.41037847733449,1982,8
1982-08-11,70.41297246077811,1982,8
1982-08-12,70.27759274885713,1982,8
1982-08-13,70.31752899242733,1982,8
1982-08-14,70.47519648802484,1982,8
1982-08-15,70.64084569252222,1982,8
1982-08-16,70.67318534424065,1982,8
1982-08-17,70.44551440895863,1982,8
1982-08-18,70.34627750250314,1982,8
1982-08-19,70.41941102449415,1982,8
1982-08-20,70.39861644068908,1982,8
1982-08-21,70.40514381835631,1982,8
1982-08-22,70.41019097537976,1982,8
1982-08-23,70.32322397390142,1982,8
1982-08-24,70.15641912478848,1982,8
1982-08-25,70.14905784251273,1982,8
1982-08-26,70.2003400829241,1982,8
1982-08-27,70.18406532464878,1982,8
1982-08-28,70.11457737521592,1982,8
1982-08-29,70.05611090343547,1982,8
1982-08-30,69.91508782860944,1982,8
1982-08-31,69.9862735996235,1982,8
1982-09-01,70.04111542820532,1982,9
1982-09-02,70.04120688346926,1982,9
1982-09-03,70.11627764534815,1982,9
1982-09-04,70.16618226708536,1982,9
1982-09-05,70.26934386776873,1982,9
1982-09-06,70.17860503932626,1982,9
1982-09-07,70.25375630515548,1982,9
1982-09-08,70.19958498854635,1982,9
1982-09-09,70.22952726115852,1982,9
1982-09-10,70.14847416655167,1982,9
1982-09-11,70.04822656146324,1982,9
1982-09-12,70.09417477032967,1982,9
1982-09-13,70.13789247979706,1982,9
1982-09-14,70.10249157206106,1982,9
1982-09-15,70.0647351027906,1982,9
1982-09-16,70.01671361301925,1982,9
1982-09-17,69.93747677226632,1982,9
1982-09-18,69.96390371432761,1982,9
1982-09-19,69.99664233128993,1982,9
1982-09-20,69.94829284107564,1982,9
1982-09-21,69.91577941545656,1982,9
1982-09-22,69.78835160327849,1982,9
1982-09-23,70.03922110983689,1982,9
1982-09-24,69.42290077025564,1982,9
1982-09-25,69.38056144273358,1982,9
1982-09-26,69.36119616374457,1982,9
1982-09-27,69.19241218321075,1982,9
1982-09-28,69.17734661028763,1982,9
1982-09-29,69.09164259925888,1982,9
1982-09-30,69.08141820534804,1982,9
1982-10-01,69.06173645351465,1982,10
1982-10-02,68.93132766093363,1982,10
1982-10-03,69.01975462835188,1982,10
1982-10-04,68.97341842102573,1982,10
1982-10-05,69.12200931604622,1982,10
1982-10-06,69.17961378451741,1982,10
1982-10-07,69.2684264400978,1982,10
1982-10-08,69.18139684369027,1982,10
1982-10-09,69.18684129744516,1982,10
1982-10-10,69.14263357915306,1982,10
1982-10-11,68.90729743402747,1982,10
1982-10-12,69.04329544473407,1982,10
1982-10-13,68.95668378171591,1982,10
1982-10-14,68.9994015263097,1982,10
1982-10-15,68.93123634910958,1982,10
1982-10-16,68.9194192911062,1982,10
1982-10-17,69.0631287974918,1982,10
1982-10-18,69.05055604972699,1982,10
1982-10-19,69.00626365499335,1982,10
1982-10-20,69.15707219447333,1982,10
1982-10-21,69.02468539878247,1982,10
1982-10-22,68.91147688414917,1982,10
1982-10-23,68.74334171124158,1982,10
1982-10-24,68.73440184109504,1982,10
1982-10-25,68.49226022770463,1982,10
1982-10-26,68.59034695630184,1982,10
1982-10-27,68.53076138145008,1982,10
1982-10-28,68.8905268702339,1982,10
1982-10-29,69.32019903721108,1982,10
1982-10-30,68.18540088577096,1982,10
1982-10-31,68.1346515951614,1982,10
1982-11-01,67.97565989034612,1982,11
1982-11-02,67.83189602807745,1982,11
1982-11-03,67.87829503736451,1982,11
1982-11-04,67.92845480143927,1982,11
1982-11-05,67.88129272636216,1982,11
1982-11-06,67.84183653987138,1982,11
1982-11-07,68.0437283229834,1982,11
1982-11-08,68.23483264042449,1982,11
1982-11-09,68.30639990751698,1982,11
1982-11-10,68.04664248021919,1982,11
1982-11-11,68.0222408804601,1982,11
1982-11-12,67.79167039580217,1982,11
1982-11-13,67.66469099349783,1982,11
1982-11-14,67.62419449626921,1982,11
1982-11-15,67.63309372934097,1982,11
1982-11-16,67.7483316995545,1982,11
1982-11-17,67.83306655291406,1982,11
1982-11-18,67.73057415264786,1982,11
1982-11-19,67.67060794256933,1982,11
1982-11-20,67.61132699195294,1982,11
1982-11-21,67.56483683611798,1982,11
1982-11-22,67.39818088737138,1982,11
1982-11-23,67.13193465777924,1982,11
1982-11-24,66.78510423996708,1982,11
1982-11-25,66.57235674445853,1982,11
1982-11-26,66.49270224252787,1982,11
1982-11-27,66.44542477647146,1982,11
1982-11-28,66.15163301135885,1982,11
1982-11-29,65.88474149973685,1982,11
1982-11-30,65.8176814815429,1982,11
1982-12-01,66.10449646483687,1982,12
1982-12-02,66.19877934093526,1982,12
1982-12-03,66.19528389767696,1982,12
1982-12-04,66.21750051971352,1982,12
1982-12-05,66.27478638550372,1982,12
1982-12-06,65.90666564308249,1982,12
1982-12-07,65.77163378910194,1982,12
1982-12-08,66.04816411572298,1982,12
1982-12-09,66.21150246113739,1982,12
1982-12-10,66.22618257771641,1982,12
1982-12-11,65.99739887141244,1982,12
1982-12-12,66.05625856422029,1982,12
1982-12-13,66.27752264521958,1982,12
1982-12-14,66.2552700503917,1982,12
1982-12-15,66.26871401220754,1982,12
1982-12-16,66.05732681173147,1982,12
1982-12-17,66.36106235535418,1982,12
1982-12-18,66.14314010024249,1982,12
1982-12-19,65.95164154672237,1982,12
1982-12-20,65.80552204571154,1982,12
1982-12-21,65.8846193477047,1982,12
1982-12-22,66.00218707729793,1982,12
1982-12-23,66.03205256762415,1982,12
1982-12-24,65.96331674248165,1982,12
1982-12-25,65.53787321753623,1982,12
1982-12-26,65.36534936441304,1982,12
1982-12-27,65.48661055846199,1982,12
1982-12-28,65.73391906940957,1982,12
1982-12-29,65.9275701573966,1982,12
1982-12-30,65.42878168088681,1982,12
1982-12-31,65.12261941554152,1982,12
1983-01-01,65.13340118037172,1983,1
1983-01-02,65.11635029072934,1983,1
1983-01-03,64.6863941200711,1983,1
1983-01-04,64.51002897865546,1983,1
1983-01-05,64.78423929769453,1983,1
1983-01-06,64.86330766798729,1983,1
1983-01-07,65.11911683306371,1983,1
1983-01-08,65.18783751514515,1983,1
1983-01-09,65.21390407270309,1983,1
1983-01-10,65.00601967131402,1983,1
1983-01-11,64.76447975810943,1983,1
1983-01-12,64.77764209234729,1983,1
1983-01-13,64.80495212300781,1983,1
1983-01-14,64.70638064485084,1983,1
1983-01-15,64.996710652001,1983,1
1983-01-16,65.28020384600379,1983,1
1983-01-17,65.30668425732101,1983,1
1983-01-18,65.17758515910747,1983,1
1983-01-19,65.23602343447142,1983,1
1983-01-20,65.09835587175483,1983,1
1983-01-21,65.09438657755747,1983,1
1983-01-22,65.32807877690465,1983,1
1983-01-23,65.87910158485242,1983,1
1983-01-24,65.83459581047508,1983,1
1983-01-25,65.90461105705869,1983,1
1983-01-26,66.26918744004415,1983,1
1983-01-27,66.4558477491938,1983,1
1983-01-28,66.51357761975237,1983,1
1983-01-29,66.2578398768643,1983,1
1983-01-30,66.56178092276654,1983,1
1983-01-31,65.63425355867008,1983,1
1983-02-01,65.30151043154869,1983,2
1983-02-02,65.25544107612545,1983,2
1983-02-03,65.13177508789202,1983,2
1983-02-04,64.87086726786009,1983,2
1983-02-05,64.82110916001275,1983,2
1983-02-06,65.13116339200664,1983,2
1983-02-07,65.27141634792333,1983,2
1983-02-08,65.5617815390425,1983,2
1983-02-09,65.59524036397504,1983,2
1983-02-10,65.75076526543509,1983,2
1983-02-11,65.83987474344153,1983,2
1983-02-12,66.06507581238093,1983,2
1983-02-13,66.64344761294979,1983,2
1983-02-14,66.70502417474023,1983,2
1983-02-15,66.9948596799555,1983,2
1983-02-16,66.87706350622487,1983,2
1983-02-17,66.71708055046317,1983,2
1983-02-18,66.73737030496613,1983,2
1983-02-19,66.60071824286388,1983,2
1983-02-20,66.60017414396206,1983,2
1983-02-21,66.61061971483957,1983,2
1983-02-22,66.64154609312689,1983,2
1983-02-23,66.68139430876161,1983,2
1983-02-24,66.88135996098357,1983,2
1983-02-25,66.90374414066663,1983,2
1983-02-26,66.56134988218905,1983,2
1983-02-27,66.32032263345404,1983,2
1983-02-28,66.47735805117675,1983,2
1983-03-01,67.01653279329604,1983,3
1983-03-02,67.50809912115972,1983,3
1983-03-03,67.14058748090554,1983,3
1983-03-04,67.03545663499524,1983,3
1983-03-05,66.95092986946689,1983,3
1983-03-06,66.69658715459077,1983,3
1983-03-07,66.76025589962296,1983,3
1983-03-08,67.30567215495525,1983,3
1983-03-09,67.80854845107766,1983,3
1983-03-10,68.05516250476435,1983,3
1983-03-11,68.31578675134233,1983,3
1983-03-12,68.16942454763766,1983,3
1983-03-13,67.87634534680554,1983,3
1983-03-14,67.78589322638534,1983,3
1983-03-15,67.9933979302628,1983,3
1983-03-16,67.6279081500921,1983,3
1983-03-17,67.78450877205918,1983,3
1983-03-18,68.43207732561417,1983,3
1983-03-19,68.48528136253373,1983,3
1983-03-20,68.24040851646383,1983,3
1983-03-21,67.37506684081784,1983,3
1983-03-22,66.92765781723514,1983,3
1983-03-23,66.86765055536475,1983,3
1983-03-24,67.24703536368644,1983,3
1983-03-25,67.76386824200823,1983,3
1983-03-26,68.23069594697299,1983,3
1983-03-27,67.9674955634893,1983,3
1983-03-28,67.86976675119561,1983,3
1983-03-29,67.6030692481803,1983,3
1983-03-30,67.63609257739442,1983,3
1983-03-31,67.80445395594755,1983,3
1983-04-01,68.05603086588194,1983,4
1983-04-02,68.55073716916755,1983,4
1983-04-03,68.8405967558297,1983,4
1983-04-04,68.9858316086251,1983,4
1983-04-05,68.82207523809866,1983,4
1983-04-06,68.78429556514796,1983,4
1983-04-07,69.08091187451393,1983,4
1983-04-08,69.12453449003085,1983,4
1983-04-09,68.97292808213308,1983,4
1983-04-10,68.90701072641757,1983,4
1983-04-11,68.58839882276452,1983,4
1983-04-12,68.86705775398978,1983,4
1983-04-13,68.88966108095426,1983,4
1983-04-14,68.88805612551715,1983,4
1983-04-15,68.84217194562964,1983,4
1983-04-16,68.45044202631307,1983,4
1983-04-17,68.46510371365395,1983,4
1983-04-18,68.39347401590135,1983,4
1983-04-19,68.39810891541094,1983,4
1983-04-20,68.52346698761662,1983,4
1983-04-21,68.52316456313974,1983,4
1983-04-22,68.8973917858383,1983,4
1983-04-23,69.21456258232047,1983,4
1983-04-24,69.30021472470567,1983,4
1983-04-25,69.56833134600323,1983,4
1983-04-26,69.64953108441924,1983,4
1983-04-27,69.94957903204427,1983,4
1983-04-28,70.01561187127973,1983,4
1983-04-29,69.95377492314432,1983,4
1983-04-30,70.01980345755209,1983,4
1983-05-01,69.9994419276996,1983,5
1983-05-02,69.72280469048667,1983,5
1983-05-03,69.71313407582036,1983,5
1983-05-04,69.97157546589445,1983,5
1983-05-05,70.15206073433103,1983,5
1983-05-06,70.40394598274894,1983,5
1983-05-07,70.09390275858546,1983,5
1983-05-08,70.22480123657051,1983,5
1983-05-09,70.0751897968102,1983,5
1983-05-10,70.36888855013778,1983,5
1983-05-11,70.24336830073247,1983,5
1983-05-12,69.85985787826463,1983,5
1983-05-13,70.00299342343564,1983,5
1983-05-14,70.1598731511366,1983,5
1983-05-15,70.52993690991364,1983,5
1983-05-16,70.25446330051078,1983,5
1983-05-17,70.42834761789538,1983,5
1983-05-18,70.20557446483501,1983,5
1983-05-19,70.22925562832977,1983,5
1983-05-20,70.28082199584905,1983,5
1983-05-21,70.03732541712283,1983,5
1983-05-22,70.17014864789343,1983,5
1983-05-23,69.92189313073149,1983,5
1983-05-24,70.03706476960494,1983,5
1983-05-25,70.25482874680388,1983,5
1983-05-26,70.34504267098261,1983,5
1983-05-27,70.53866238664146,1983,5
1983-05-28,70.88968040825065,1983,5
1983-05-29,70.761811904547,1983,5
1983-05-30,70.69410588453437,1983,5
1983-05-31,70.96893084762482,1983,5
1983-06-01,71.03235040313632,1983,6
1983-06-02,71.06647337769333,1983,6
1983-06-03,71.08596722018981,1983,6
1983-06-04,71.04876800089588,1983,6
1983-06-05,70.92928495542724,1983,6
1983-06-06,70.95592067310862,1983,6
1983-06-07,70.98468259520399,1983,6
1983-06-08,70.93266966360423,1983,6
1983-06-09,70.56323180292917,1983,6
1983-06-10,70.56062267852477,1983,6
1983-06-11,70.36746847106315,1983,6
1983-06-12,70.37303036857506,1983,6
1983-06-13,70.51319287954988,1983,6
1983-06-14,70.59908663960951,1983,6
1983-06-15,70.82598188106375,1983,6
1983-06-16,70.71435185075252,1983,6
1983-06-17,70.55018880721882,1983,6
1983-06-18,70.6441361824701,1983,6
1983-06-19,70.69258053507549,1983,6
1983-06-20,70.72122177315828,1983,6
1983-06-21,70.8062070988836,1983,6
1983-06-22,70.85461447109823,1983,6
1983-06-23,70.76301739031882,1983,6
1983-06-24,70.80591056172204,1983,6
1983-06-25,70.59535363462966,1983,6
1983-06-26,70.5074718585729,1983,6
1983-06-27,70.51150454199728,1983,6
1983-06-28,70.48436702550445,1983,6
1983-06-29,70.63843647243674,1983,6
1983-06-30,70.81969901575377,1983,6
1983-07-01,70.78308654073233,1983,7
1983-07-02,70.53749514109596,1983,7
1983-07-03,70.29610380595273,1983,7
1983-07-04,70.34021636794175,1983,7
1983-07-05,70.25735864418401,1983,7
1983-07-06,70.26856518794891,1983,7
1983-07-07,70.25566765413458,1983,7
1983-07-08,70.403919459537,1983,7
1983-07-09,70.58322188473349,1983,7
1983-07-10,70.63871203959492,1983,7
1983-07-11,70.42582131158731,1983,7
1983-07-12,70.45832350663801,1983,7
1983-07-13,70.68163581346995,1983,7
1983-07-14,70.65336149079897,1983,7
1983-07-15,70.80521160909915,1983,7
1983-07-16,70.80094903414275,1983,7
1983-07-17,70.72499508465123,1983,7
1983-07-18,70.4885615722888,1983,7
1983-07-19,70.5138520181189,1983,7
1983-07-20,70.53035256783498,1983,7
1983-07-21,70.59856830534864,1983,7
1983-07-22,70.67805138111443,1983,7
1983-07-23,70.69767063437338,1983,7
1983-07-24,70.66005064285139,1983,7
1983-07-25,70.37957333220264,1983,7
1983-07-26,70.35250616865956,1983,7
1983-07-27,70.35948365482083,1983,7
1983-07-28,70.3310128965727,1983,7
1983-07-29,70.40510861583677,1983,7
1983-07-30,70.54582091931032,1983,7
1983-07-31,70.70240399411357,1983,7
1983-08-01,70.64563513274604,1983,8
1983-08-02,70.45185694333054,1983,8
1983-08-03,70.44141537941901,1983,8
1983-08-04,70.4135483194626,1983,8
1983-08-05,70.4184619523445,1983,8
1983-08-06,70.33218081837894,1983,8
1983-08-07,70.48388068276391,1983,8
1983-08-08,70.48485713863468,1983,8
1983-08-09,70.45625352716412,1983,8
1983-08-10,70.41625782815638,1983,8
1983-08-11,70.44642108048542,1983,8
1983-08-12,70.34932889340675,1983,8
1983-08-13,70.34736072797855,1983,8
1983-08-14,70.48049059375326,1983,8
1983-08-15,70.41024526521058,1983,8
1983-08-16,70.43999472558485,1983,8
1983-08-17,70.53112505060746,1983,8
1983-08-18,70.59923938271457,1983,8
1983-08-19,70.51424629823318,1983,8
1983-08-20,70.46342061514281,1983,8
1983-08-21,70.56896636425276,1983,8
1983-08-22,70.43196574387574,1983,8
1983-08-23,70.36550319297524,1983,8
1983-08-24,70.4063395518698,1983,8
1983-08-25,70.40966196923378,1983,8
1983-08-26,70.37964140321755,1983,8
1983-08-27,70.3921330855907,1983,8
1983-08-28,70.4341280163059,1983,8
1983-08-29,70.30447882103567,1983,8
1983-08-30,70.45106221879391,1983,8
1983-08-31,70.56857189553631,1983,8
1983-09-01,70.60135793606287,1983,9
1983-09-02,70.30409445856989,1983,9
1983-09-03,70.44559190676986,1983,9
1983-09-04,70.31970102355208,1983,9
1983-09-05,70.2432735789701,1983,9
1983-09-06,70.2501725281308,1983,9
1983-09-07,70.1950723859362,1983,9
1983-09-08,70.2438377362348,1983,9
1983-09-09,70.21496286692954,1983,9
1983-09-10,70.13866562156089,1983,9
1983-09-11,70.1836032110586,1983,9
1983-09-12,70.09840085697692,1983,9
1983-09-13,70.2481508084941,1983,9
1983-09-14,70.37068980242599,1983,9
1983-09-15,70.15805629290583,1983,9
1983-09-16,70.10172820763319,1983,9
1983-09-17,70.09813334323628,1983,9
1983-09-18,70.2017316087043,1983,9
1983-09-19,70.0218559380383,1983,9
1983-09-20,70.07996291483889,1983,9
1983-09-21,70.11722605750458,1983,9
1983-09-22,70.01715313811638,1983,9
1983-09-23,69.95760243648805,1983,9
1983-09-24,69.88590775985925,1983,9
1983-09-25,69.91233422460478,1983,9
1983-09-26,69.8942064016291,1983,9
1983-09-27,69.80317579412666,1983,9
1983-09-28,69.84374221025361,1983,9
1983-09-29,70.00581182216148,1983,9
1983-09-30,70.02593677514236,1983,9
1983-10-01,69.96864528862002,1983,10
1983-10-02,69.85719028137369,1983,10
1983-10-03,69.85769018867988,1983,10
1983-10-04,69.68930067983113,1983,10
1983-10-05,69.71844015297754,1983,10
1983-10-06,69.65726774244536,1983,10
1983-10-07,69.8401061069521,1983,10
1983-10-08,69.94561304848357,1983,10
1983-10-09,69.84604707861833,1983,10
1983-10-10,69.66132343444713,1983,10
1983-10-11,69.4837316252624,1983,10
1983-10-12,69.26781972615535,1983,10
1983-10-13,69.14838428044683,1983,10
1983-10-14,69.08959631076277,1983,10
1983-10-15,69.54886509943186,1983,10
1983-10-16,68.61121922665261,1983,10
1983-10-17,68.58272980195932,1983,10
1983-10-18,68.40626153295155,1983,10
1983-10-19,68.1897186379837,1983,10
1983-10-20,68.07359720008623,1983,10
1983-10-21,68.10868759255804,1983,10
1983-10-22,68.0125022598791,1983,10
1983-10-23,68.29541616978598,1983,10
1983-10-24,68.0879985093507,1983,10
1983-10-25,67.8446619281455,1983,10
1983-10-26,67.71579863522848,1983,10
1983-10-27,67.56867342915153,1983,10
1983-10-28,67.5182486640782,1983,10
1983-10-29,67.45223293690391,1983,10
1983-10-30,67.54228410773972,1983,10
1983-10-31,67.6728104798433,1983,10
1983-11-01,67.7214195113039,1983,11
1983-11-02,67.54430631577684,1983,11
1983-11-03,67.39428482886575,1983,11
1983-11-04,67.40756595676658,1983,11
1983-11-05,67.18366529305206,1983,11
1983-11-06,67.24864182998824,1983,11
1983-11-07,67.11948266561254,1983,11
1983-11-08,66.67919180850694,1983,11
1983-11-09,66.50065240899752,1983,11
1983-11-10,66.3643630025452,1983,11
1983-11-11,66.25256250504297,1983,11
1983-11-12,66.20139980253836,1983,11
1983-11-13,66.1757112342253,1983,11
1983-11-14,66.02216860186404,1983,11
1983-11-15,66.05641253102606,1983,11
1983-11-16,66.22217505655567,1983,11
1983-11-17,66.4298368069424,1983,11
1983-11-18,66.50635713252535,1983,11
1983-11-19,66.46153485537064,1983,11
1983-11-20,66.44510250727663,1983,11
1983-11-21,66.25110001476989,1983,11
1983-11-22,66.01567420055963,1983,11
1983-11-23,66.01133722285606,1983,11
1983-11-24,66.082290750614,1983,11
1983-11-25,66.18251590898863,1983,11
1983-11-26,66.24774135045689,1983,11
1983-11-27,66.39299720458975,1983,11
1983-11-28,66.43167797253564,1983,11
1983-11-29,66.27988801971075,1983,11
1983-11-30,66.10593012962786,1983,11
1983-12-01,65.92544184860598,1983,12
1983-12-02,65.85707821160236,1983,12
1983-12-03,66.00223703347463,1983,12
1983-12-04,66.05935747813133,1983,12
1983-12-05,65.89619073050352,1983,12
1983-12-06,65.6066195003624,1983,12
1983-12-07,65.28909303016316,1983,12
1983-12-08,65.1989138804419,1983,12
1983-12-09,65.41003815383984,1983,12
1983-12-10,65.51637703397394,1983,12
1983-12-11,65.5647876697655,1983,12
1983-12-12,65.52679113333177,1983,12
1983-12-13,65.61423907689138,1983,12
1983-12-14,65.81832381225712,1983,12
1983-12-15,65.87155381854825,1983,12
1983-12-16,65.8970147602922,1983,12
1983-12-17,65.844312440971,1983,12
1983-12-18,65.98098192546777,1983,12
1983-12-19,65.96080790763997,1983,12
1983-12-20,65.894733227595,1983,12
1983-12-21,65.94669480343117,1983,12
1983-12-22,65.90999338767752,1983,12
1983-12-23,65.95278517494074,1983,12
1983-12-24,65.92887797282272,1983,12
1983-12-25,66.39236570711577,1983,12
1983-12-26,66.03356574320546,1983,12
1983-12-27,65.31973396008102,1983,12
1983-12-28,64.834311707982,1983,12
1983-12-29,64.88366382449941,1983,12
1983-12-30,65.09325297410376,1983,12
1983-12-31,65.15603358968896,1983,12
1984-01-01,65.84232323803711,1984,1
1984-01-02,65.80004760172416,1984,1
1984-01-03,65.95005033209644,1984,1
1984-01-04,65.59928484354543,1984,1
1984-01-05,65.5921729355427,1984,1
1984-01-06,66.07114873744116,1984,1
1984-01-07,65.50172069796893,1984,1
1984-01-08,65.63000953805847,1984,1
1984-01-09,65.75433175146908,1984,1
1984-01-10,65.8875272047272,1984,1
1984-01-11,65.84689947165303,1984,1
1984-01-12,66.04710653845426,1984,1
1984-01-13,66.37740217623895,1984,1
1984-01-14,66.14479944910187,1984,1
1984-01-15,66.11611821331682,1984,1
1984-01-16,66.24145483789805,1984,1
1984-01-17,65.58843525979223,1984,1
1984-01-18,65.29630882534819,1984,1
1984-01-19,65.49871670324173,1984,1
1984-01-20,65.64597395826674,1984,1
1984-01-21,65.42782392401051,1984,1
1984-01-22,65.62150724057791,1984,1
1984-01-23,65.55154501398535,1984,1
1984-01-24,65.49460315603415,1984,1
1984-01-25,65.53648491598936,1984,1
1984-01-26,65.72036388313,1984,1
1984-01-27,65.61530575718288,1984,1
1984-01-28,65.561155855732,1984,1
1984-01-29,65.51973449820338,1984,1
1984-01-30,65.55393091425938,1984,1
1984-01-31,65.65980349975794,1984,1
1984-02-01,66.45125349648781,1984,2
1984-02-02,66.47148837728037,1984,2
1984-02-03,66.57260648012189,1984,2
1984-02-04,66.35579542018982,1984,2
1984-02-05,66.06486273546702,1984,2
1984-02-06,65.80030258010241,1984,2
1984-02-07,66.19895959474808,1984,2
1984-02-08,66.06614414657962,1984,2
1984-02-09,65.7747932123507,1984,2
1984-02-10,65.92482157754223,1984,2
1984-02-11,66.36346574659268,1984,2
1984-02-12,66.36632204379976,1984,2
1984-02-13,66.30469708320294,1984,2
1984-02-14,66.17414263714952,1984,2
1984-02-15,66.25093032836581,1984,2
1984-02-16,66.48216621258747,1984,2
1984-02-17,66.75452165832003,1984,2
1984-02-18,67.06921012810183,1984,2
1984-02-19,67.10987500096373,1984,2
1984-02-20,66.63999950920407,1984,2
1984-02-21,66.12394018875625,1984,2
1984-02-22,66.15171605184385,1984,2
1984-02-23,65.6884842334568,1984,2
1984-02-24,65.5242159178283,1984,2
1984-02-25,65.54038318363514,1984,2
1984-02-26,65.91015881204491,1984,2
1984-02-27,65.82957993738678,1984,2
1984-02-28,66.0877812414728,1984,2
1984-02-29,66.29691025211572,1984,2
1984-03-01,66.64218169327698,1984,3
1984-03-02,66.61117323905418,1984,3
1984-03-03,66.61267148270399,1984,3
1984-03-04,66.83899241771854,1984,3
1984-03-05,67.11042429727807,1984,3
1984-03-06,67.07948269273598,1984,3
1984-03-07,67.1988436130893,1984,3
1984-03-08,67.97556711459893,1984,3
1984-03-09,67.55801039951433,1984,3
1984-03-10,67.7315740892593,1984,3
1984-03-11,67.99000084588457,1984,3
1984-03-12,67.90780437127945,1984,3
1984-03-13,68.08447493174617,1984,3
1984-03-14,68.02928769858033,1984,3
1984-03-15,68.19446536004145,1984,3
1984-03-16,68.38274888784724,1984,3
1984-03-17,68.59934413948493,1984,3
1984-03-18,69.10282585608915,1984,3
1984-03-19,68.55451624814495,1984,3
1984-03-20,67.97826607240204,1984,3
1984-03-21,68.3000709625425,1984,3
1984-03-22,68.15159354206165,1984,3
1984-03-23,68.51626808323687,1984,3
1984-03-24,69.00591677761469,1984,3
1984-03-25,69.36257934921966,1984,3
1984-03-26,69.9368322303104,1984,3
1984-03-27,68.97921804806468,1984,3
1984-03-28,69.16455117958655,1984,3
1984-03-29,69.37690820847529,1984,3
1984-03-30,69.56406960083322,1984,3
1984-03-31,70.13050309669146,1984,3
1984-04-01,69.91651415470622,1984,4
1984-04-02,69.89704803195507,1984,4
1984-04-03,69.88049279745157,1984,4
1984-04-04,69.75483430931136,1984,4
1984-04-05,69.63003153389609,1984,4
1984-04-06,69.48311341776765,1984,4
1984-04-07,69.50773022331151,1984,4
1984-04-08,69.32336425796248,1984,4
1984-04-09,69.48100575731029,1984,4
1984-04-10,68.96596028465024,1984,4
1984-04-11,68.92509889900059,1984,4
1984-04-12,69.05699310023563,1984,4
1984-04-13,69.30906749679141,1984,4
1984-04-14,69.81533218979968,1984,4
1984-04-15,69.91163399990937,1984,4
1984-04-16,70.2369868031745,1984,4
1984-04-17,70.21105546223438,1984,4
1984-04-18,70.38819312166602,1984,4
1984-04-19,70.40125194186356,1984,4
1984-04-20,70.46359184637765,1984,4
1984-04-21,70.86244942130699,1984,4
1984-04-22,70.1093513544047,1984,4
1984-04-23,69.67070678578469,1984,4
1984-04-24,69.80795938978659,1984,4
1984-04-25,70.01523022692768,1984,4
1984-04-26,70.32936268224879,1984,4
1984-04-27,70.58718049988042,1984,4
1984-04-28,70.55092713834179,1984,4
1984-04-29,70.32954506367021,1984,4
1984-04-30,70.21267443528363,1984,4
1984-05-01,70.0627355108462,1984,5
1984-05-02,69.9235815337448,1984,5
1984-05-03,70.0924392055622,1984,5
1984-05-04,70.25059754495392,1984,5
1984-05-05,70.37180673794553,1984,5
1984-05-06,70.50898797107881,1984,5
1984-05-07,70.79684552753663,1984,5
1984-05-08,70.64476834386696,1984,5
1984-05-09,70.7347586878786,1984,5
1984-05-10,70.62151797917834,1984,5
1984-05-11,70.62161172980046,1984,5
1984-05-12,70.62522599067394,1984,5
1984-05-13,70.78493759577225,1984,5
1984-05-14,70.83589734100929,1984,5
1984-05-15,70.86789103589962,1984,5
1984-05-16,70.95973842340616,1984,5
1984-05-17,70.88142216826856,1984,5
1984-05-18,70.80697388237913,1984,5
1984-05-19,70.84498198159767,1984,5
1984-05-20,70.87582654576941,1984,5
1984-05-21,71.0114742973725,1984,5
1984-05-22,71.1394020945294,1984,5
1984-05-23,70.96614369295735,1984,5
1984-05-24,71.33258023934239,1984,5
1984-05-25,71.38241956480617,1984,5
1984-05-26,71.39614800786629,1984,5
1984-05-27,71.53448153325886,1984,5
1984-05-28,71.41257990980017,1984,5
1984-05-29,71.11404254558657,1984,5
1984-05-30,71.07372604657276,1984,5
1984-05-31,71.33270237789506,1984,5
1984-06-01,71.5379855090341,1984,6
1984-06-02,71.48330974386019,1984,6
1984-06-03,71.5250688722645,1984,6
1984-06-04,71.43839430738186,1984,6
1984-06-05,71.15369882946958,1984,6
1984-06-06,71.1710319876435,1984,6
1984-06-07,71.06978883458123,1984,6
1984-06-08,71.04052924209041,1984,6
1984-06-09,70.98105761146697,1984,6
1984-06-10,70.9874183074844,1984,6
1984-06-11,70.77318446647266,1984,6
1984-06-12,70.64649394457984,1984,6
1984-06-13,70.6349037017224,1984,6
1984-06-14,70.81869328551487,1984,6
1984-06-15,70.82218055316787,1984,6
1984-06-16,70.90578088321811,1984,6
1984-06-17,71.0381250125489,1984,6
1984-06-18,70.83097612614192,1984,6
1984-06-19,70.52858909479767,1984,6
1984-06-20,70.65217500238631,1984,6
1984-06-21,70.87457004332039,1984,6
1984-06-22,71.20288199461818,1984,6
1984-06-23,71.03103611040586,1984,6
1984-06-24,71.01812353488558,1984,6
1984-06-25,71.02502983966274,1984,6
1984-06-26,71.03306412156547,1984,6
1984-06-27,70.97700317672978,1984,6
1984-06-28,70.82792107701289,1984,6
1984-06-29,70.76937362533177,1984,6
1984-06-30,70.70945631555443,1984,6
1984-07-01,70.8303807186353,1984,7
1984-07-02,70.58996457430285,1984,7
1984-07-03,70.64938313453436,1984,7
1984-07-04,70.76415634131479,1984,7
1984-07-05,70.69148685600359,1984,7
1984-07-06,70.63104503696353,1984,7
1984-07-07,70.65901290917394,1984,7
1984-07-08,70.56415965951138,1984,7
1984-07-09,70.56689555257324,1984,7
1984-07-10,70.50460963899764,1984,7
1984-07-11,70.68090093098878,1984,7
1984-07-12,70.44859979039488,1984,7
1984-07-13,70.40325594771868,1984,7
1984-07-14,70.46743386641919,1984,7
1984-07-15,70.48153354279103,1984,7
1984-07-16,70.48429137720207,1984,7
1984-07-17,70.47518104196344,1984,7
1984-07-18,70.39922369780695,1984,7
1984-07-19,70.55888837520494,1984,7
1984-07-20,70.70855625799265,1984,7
1984-07-21,70.4826015083061,1984,7
1984-07-22,70.44809194693141,1984,7
1984-07-23,70.40498882531394,1984,7
1984-07-24,70.30344253748109,1984,7
1984-07-25,70.51944101266729,1984,7
1984-07-26,70.5644897652383,1984,7
1984-07-27,70.5890871473072,1984,7
1984-07-28,70.4993918722208,1984,7
1984-07-29,70.52574170176571,1984,7
1984-07-30,70.7367435843237,1984,7
1984-07-31,70.5442370830183,1984,7
1984-08-01,70.77718152736189,1984,8
1984-08-02,70.52029963391286,1984,8
1984-08-03,70.56559825907982,1984,8
1984-08-04,70.62231088882146,1984,8
1984-08-05,70.5762029510542,1984,8
1984-08-06,70.64134825567037,1984,8
1984-08-07,70.68625119027702,1984,8
1984-08-08,70.47046495124894,1984,8
1984-08-09,70.4634293875883,1984,8
1984-08-10,70.6093220468666,1984,8
1984-08-11,70.52480334042839,1984,8
1984-08-12,70.38299497682598,1984,8
1984-08-13,70.60223414014698,1984,8
1984-08-14,70.64523864760976,1984,8
1984-08-15,70.5400180982984,1984,8
1984-08-16,70.4967319534023,1984,8
1984-08-17,70.4704889594085,1984,8
1984-08-18,70.4693629821477,1984,8
1984-08-19,70.6902161072076,1984,8
1984-08-20,70.56737779875263,1984,8
1984-08-21,70.51459550262373,1984,8
1984-08-22,70.52889811708043,1984,8
1984-08-23,70.66956019319167,1984,8
1984-08-24,70.45619561749938,1984,8
1984-08-25,70.48355773309041,1984,8
1984-08-26,70.3531747410382,1984,8
1984-08-27,70.53354774173421,1984,8
1984-08-28,70.54094318533987,1984,8
1984-08-29,70.5852034034828,1984,8
1984-08-30,70.34276258919621,1984,8
1984-08-31,70.59771813238052,1984,8
1984-09-01,70.38648368623876,1984,9
1984-09-02,70.29798127959239,1984,9
1984-09-03,70.253781095024,1984,9
1984-09-04,70.17368469029047,1984,9
1984-09-05,70.1332053754345,1984,9
1984-09-06,70.10127453555197,1984,9
1984-09-07,69.9188257770603,1984,9
1984-09-08,69.84099514557737,1984,9
1984-09-09,70.0622263844915,1984,9
1984-09-10,69.95654256900262,1984,9
1984-09-11,70.21648330919184,1984,9
1984-09-12,70.00795003854682,1984,9
1984-09-13,69.98413886304563,1984,9
1984-09-14,69.96368593770514,1984,9
1984-09-15,69.92782590036651,1984,9
1984-09-16,69.98336390580761,1984,9
1984-09-17,69.98755537423605,1984,9
1984-09-18,69.79974732283151,1984,9
1984-09-19,69.71427153765232,1984,9
1984-09-20,69.86545568468362,1984,9
1984-09-21,69.69664034475255,1984,9
1984-09-22,69.8242208740528,1984,9
1984-09-23,69.97600434061646,1984,9
1984-09-24,69.77014444566258,1984,9
1984-09-25,69.99725866954819,1984,9
1984-09-26,69.4972047290855,1984,9
1984-09-27,69.47533901040744,1984,9
1984-09-28,69.51155225877147,1984,9
1984-09-29,69.49482099791176,1984,9
1984-09-30,69.21286741284892,1984,9
1984-10-01,69.2225622751836,1984,10
1984-10-02,69.25182202858906,1984,10
1984-10-03,69.23793891723754,1984,10
1984-10-04,69.34062090259734,1984,10
1984-10-05,69.46052925784069,1984,10
1984-10-06,69.25620757398598,1984,10
1984-10-07,69.08571275002038,1984,10
1984-10-08,69.09371605331576,1984,10
1984-10-09,69.05494972546312,1984,10
1984-10-10,69.15739429455957,1984,10
1984-10-11,68.86106371450525,1984,10
1984-10-12,68.61463277722027,1984,10
1984-10-13,68.6142023487061,1984,10
1984-10-14,68.7811835445294,1984,10
1984-10-15,68.52009230603606,1984,10
1984-10-16,68.8687241268371,1984,10
1984-10-17,68.90073664363909,1984,10
1984-10-18,68.8157437740103,1984,10
1984-10-19,68.83942098718005,1984,10
1984-10-20,68.84736712884883,1984,10
1984-10-21,68.87324006592175,1984,10
1984-10-22,68.65900914974802,1984,10
1984-10-23,68.71834452461292,1984,10
1984-10-24,68.86732376393115,1984,10
1984-10-25,68.63961994526926,1984,10
1984-10-26,68.60398721003943,1984,10
1984-10-27,68.74953384905245,1984,10
1984-10-28,68.38820475868616,1984,10
1984-10-29,68.13409739168773,1984,10
1984-10-30,67.81260780414446,1984,10
1984-10-31,67.82203073558834,1984,10
1984-11-01,67.66549459812379,1984,11
1984-11-02,67.21923082759734,1984,11
1984-11-03,67.47298065228553,1984,11
1984-11-04,67.77533549704555,1984,11
1984-11-05,67.50660074845737,1984,11
1984-11-06,67.49393402554786,1984,11
1984-11-07,67.33657332675203,1984,11
1984-11-08,67.23524834994302,1984,11
1984-11-09,67.26629556192948,1984,11
1984-11-10,67.51163783203758,1984,11
1984-11-11,67.01843512547995,1984,11
1984-11-12,66.84940523401333,1984,11
1984-11-13,66.85615266899948,1984,11
1984-11-14,66.86782101359488,1984,11
1984-11-15,66.95575208073552,1984,11
1984-11-16,66.8664354471631,1984,11
1984-11-17,66.85467788649446,1984,11
1984-11-18,66.75171164093125,1984,11
1984-11-19,66.57283542347655,1984,11
1984-11-20,66.45463231282704,1984,11
1984-11-21,66.47151561205804,1984,11
1984-11-22,66.6038705085385,1984,11
1984-11-23,66.64860234943541,1984,11
1984-11-24,66.44680977211675,1984,11
1984-11-25,66.47144078632552,1984,11
1984-11-26,66.15462777528855,1984,11
1984-11-27,65.82013493583031,1984,11
1984-11-28,65.68306006628377,1984,11
1984-11-29,65.70601950139891,1984,11
1984-11-30,65.82565400413449,1984,11
1984-12-01,66.0592914112316,1984,12
1984-12-02,66.3827436598791,1984,12
1984-12-03,66.58213117748011,1984,12
1984-12-04,66.66157095316765,1984,12
1984-12-05,66.44078826411248,1984,12
1984-12-06,66.23387720372904,1984,12
1984-12-07,66.06442509398232,1984,12
1984-12-08,66.10617277821233,1984,12
1984-12-09,66.19245461756557,1984,12
1984-12-10,66.31308792158664,1984,12
1984-12-11,66.43049086368424,1984,12
1984-12-12,66.54098904691348,1984,12
1984-12-13,66.67444067607012,1984,12
1984-12-14,66.16362055924925,1984,12
1984-12-15,65.45514260079975,1984,12
1984-12-16,65.46906504192894,1984,12
1984-12-17,65.48655607073334,1984,12
1984-12-18,65.30707869084975,1984,12
1984-12-19,65.0453708345031,1984,12
1984-12-20,64.87806787821773,1984,12
1984-12-21,65.03911466887635,1984,12
1984-12-22,64.92395524381965,1984,12
1984-12-23,64.94666158296803,1984,12
1984-12-24,65.04982370159676,1984,12
1984-12-25,65.1340414925863,1984,12
1984-12-26,65.29303948794383,1984,12
1984-12-27,65.48577798058636,1984,12
1984-12-28,65.63303820889641,1984,12
1984-12-29,65.73023601009919,1984,12
1984-12-30,65.95170464859666,1984,12
1984-12-31,66.7793785581479,1984,12
1985-01-01,66.46093343008629,1985,1
1985-01-02,66.26184241222253,1985,1
1985-01-03,66.17424460440736,1985,1
1985-01-04,66.18323774827469,1985,1
1985-01-05,66.31108673394732,1985,1
1985-01-06,66.22283819319975,1985,1
1985-01-07,66.3098427103176,1985,1
1985-01-08,66.21113111510623,1985,1
1985-01-09,66.22288440539116,1985,1
1985-01-10,66.07924143554843,1985,1
1985-01-11,66.10302720173384,1985,1
1985-01-12,66.11169917542836,1985,1
1985-01-13,65.99001447335434,1985,1
1985-01-14,65.9628695797177,1985,1
1985-01-15,66.02990110955926,1985,1
1985-01-16,65.87884405020648,1985,1
1985-01-17,65.8574415044041,1985,1
1985-01-18,66.25810275715986,1985,1
1985-01-19,66.40363953733785,1985,1
1985-01-20,66.22170734944955,1985,1
1985-01-21,66.34772217532873,1985,1
1985-01-22,66.40958312775082,1985,1
1985-01-23,66.18110494242556,1985,1
1985-01-24,66.0617194359262,1985,1
1985-01-25,65.84945034735976,1985,1
1985-01-26,66.03368688313368,1985,1
1985-01-27,66.18991617424095,1985,1
1985-01-28,66.33729559662999,1985,1
1985-01-29,66.46656179223045,1985,1
1985-01-30,66.29318517794033,1985,1
1985-01-31,66.4312428752921,1985,1
1985-02-01,66.40936645494372,1985,2
1985-02-02,66.26089572420817,1985,2
1985-02-03,66.28751676268182,1985,2
1985-02-04,66.55484836118676,1985,2
1985-02-05,66.9417971633572,1985,2
1985-02-06,66.42877875512218,1985,2
1985-02-07,65.97887364442145,1985,2
1985-02-08,66.09261682429931,1985,2
1985-02-09,66.20911058337688,1985,2
1985-02-10,66.13075123492169,1985,2
1985-02-11,66.14550095987462,1985,2
1985-02-12,66.10695297328209,1985,2
1985-02-13,66.10173364729937,1985,2
1985-02-14,66.31259106138938,1985,2
1985-02-15,66.26449172078898,1985,2
1985-02-16,66.0729404807878,1985,2
1985-02-17,66.03998407242499,1985,2
1985-02-18,66.21736559784271,1985,2
1985-02-19,66.59389603946633,1985,2
1985-02-20,66.92853449273855,1985,2
1985-02-21,66.95050685113905,1985,2
1985-02-22,66.4340401942697,1985,2
1985-02-23,66.280566900468,1985,2
1985-02-24,66.49960495444215,1985,2
1985-02-25,66.70110733485546,1985,2
1985-02-26,66.79100256832311,1985,2
1985-02-27,66.86992339452956,1985,2
1985-02-28,67.2195726192229,1985,2
1985-03-01,67.50318698820334,1985,3
1985-03-02,67.6866457663875,1985,3
1985-03-03,67.79745615731008,1985,3
1985-03-04,67.78641343816375,1985,3
1985-03-05,68.2475166338919,1985,3
1985-03-06,68.27899319422696,1985,3
1985-03-07,68.19770729864082,1985,3
1985-03-08,68.1542012075591,1985,3
1985-03-09,68.1334586543738,1985,3
1985-03-10,68.09625495190987,1985,3
1985-03-11,68.06809727784858,1985,3
1985-03-12,68.27743439396086,1985,3
1985-03-13,68.19935149103,1985,3
1985-03-14,68.14416400606113,1985,3
1985-03-15,67.8513881366109,1985,3
1985-03-16,68.19246325045914,1985,3
1985-03-17,68.38296567792204,1985,3
1985-03-18,68.62160149618971,1985,3
1985-03-19,68.25738472064917,1985,3
1985-03-20,68.17594370515859,1985,3
1985-03-21,68.28927533182377,1985,3
1985-03-22,68.55942764791043,1985,3
1985-03-23,69.07226374081971,1985,3
1985-03-24,69.19919834480852,1985,3
1985-03-25,68.98761151085014,1985,3
1985-03-26,69.14196255958748,1985,3
1985-03-27,69.74776291087933,1985,3
1985-03-28,69.70084080391982,1985,3
1985-03-29,69.6616103377933,1985,3
1985-03-30,69.63395667135975,1985,3
1985-03-31,69.45040545672582,1985,3
1985-04-01,69.42160916384876,1985,4
1985-04-02,69.25456886881297,1985,4
1985-04-03,69.1462682205077,1985,4
1985-04-04,69.15026051321146,1985,4
1985-04-05,69.13826969621215,1985,4
1985-04-06,69.2981107302979,1985,4
1985-04-07,69.4135068599748,1985,4
1985-04-08,69.55824946659155,1985,4
1985-04-09,69.70633981837074,1985,4
1985-04-10,70.02120759922614,1985,4
1985-04-11,69.45016479771816,1985,4
1985-04-12,69.56323122452531,1985,4
1985-04-13,69.91161078272407,1985,4
1985-04-14,69.69684013066852,1985,4
1985-04-15,69.62907770446188,1985,4
1985-04-16,69.52760718933008,1985,4
1985-04-17,69.62077763124861,1985,4
1985-04-18,69.7601062436169,1985,4
1985-04-19,69.97502286314769,1985,4
1985-04-20,70.17849950466852,1985,4
1985-04-21,70.53608680732889,1985,4
1985-04-22,70.52571244873393,1985,4
1985-04-23,70.46676582600733,1985,4
1985-04-24,70.49434897414632,1985,4
1985-04-25,70.40255657967616,1985,4
1985-04-26,70.22787419989884,1985,4
1985-04-27,70.19226704315356,1985,4
1985-04-28,70.45592498699412,1985,4
1985-04-29,70.52492411949943,1985,4
1985-04-30,70.51240881119539,1985,4
1985-05-01,70.46889616606853,1985,5
1985-05-02,70.22688059475072,1985,5
1985-05-03,70.03170808578672,1985,5
1985-05-04,70.35008376311168,1985,5
1985-05-05,70.21504847363602,1985,5
1985-05-06,70.50748978037257,1985,5
1985-05-07,70.52668406488328,1985,5
1985-05-08,70.80576260439452,1985,5
1985-05-09,70.91388948858014,1985,5
1985-05-10,70.91342667117668,1985,5
1985-05-11,70.64684007610444,1985,5
1985-05-12,70.63717438062388,1985,5
1985-05-13,70.8137357222932,1985,5
1985-05-14,70.75716812788596,1985,5
1985-05-15,70.4937803653005,1985,5
1985-05-16,70.6212820000639,1985,5
1985-05-17,70.89107856029231,1985,5
1985-05-18,70.80211114135233,1985,5
1985-05-19,70.88973197778877,1985,5
1985-05-20,70.95977527298705,1985,5
1985-05-21,71.09890285409493,1985,5
1985-05-22,71.00132778083578,1985,5
1985-05-23,71.0838208053071,1985,5
1985-05-24,71.31912361964298,1985,5
1985-05-25,71.02913208518908,1985,5
1985-05-26,71.23461813681435,1985,5
1985-05-27,71.26179317232543,1985,5
1985-05-28,71.15307545225019,1985,5
1985-05-29,71.20613836296184,1985,5
1985-05-30,71.3630463791406,1985,5
1985-05-31,71.25604732832875,1985,5
1985-06-01,71.0936055204376,1985,6
1985-06-02,70.99139345740241,1985,6
1985-06-03,70.8456839424416,1985,6
1985-06-04,70.81458136081987,1985,6
1985-06-05,71.06549214147184,1985,6
1985-06-06,70.96122749387592,1985,6
1985-06-07,70.6785961285883,1985,6
1985-06-08,70.59857761614875,1985,6
1985-06-09,70.69543585447293,1985,6
1985-06-10,70.71171509313872,1985,6
1985-06-11,70.58351044844845,1985,6
1985-06-12,70.80164656361474,1985,6
1985-06-13,71.06659923874213,1985,6
1985-06-14,71.20189819525699,1985,6
1985-06-15,71.0878986628433,1985,6
1985-06-16,71.10950305418835,1985,6
1985-06-17,71.20529962655779,1985,6
1985-06-18,71.31466107792897,1985,6
1985-06-19,71.3039489089552,1985,6
1985-06-20,71.20357521460608,1985,6
1985-06-21,71.10543787418182,1985,6
1985-06-22,71.21678723349659,1985,6
1985-06-23,71.37052544795853,1985,6
1985-06-24,71.18724293904623,1985,6
1985-06-25,71.08713647260603,1985,6
1985-06-26,71.07613996750591,1985,6
1985-06-27,70.92264345001772,1985,6
1985-06-28,70.68012026183807,1985,6
1985-06-29,70.93696131352175,1985,6
1985-06-30,70.66985455444669,1985,6
1985-07-01,71.00085417837703,1985,7
1985-07-02,71.1199172652322,1985,7
1985-07-03,71.11844356673222,1985,7
1985-07-04,71.05557324574069,1985,7
1985-07-05,71.07026003299596,1985,7
1985-07-06,70.89042185343673,1985,7
1985-07-07,70.75035469574597,1985,7
1985-07-08,71.013211730896,1985,7
1985-07-09,70.78014086277297,1985,7
1985-07-10,70.66820429115113,1985,7
1985-07-11,70.79877008259785,1985,7
1985-07-12,70.85901532493938,1985,7
1985-07-13,70.75355062676857,1985,7
1985-07-14,70.66960613704663,1985,7
1985-07-15,70.86313475841898,1985,7
1985-07-16,70.4214371265521,1985,7
1985-07-17,70.40250626642428,1985,7
1985-07-18,70.59174784959689,1985,7
1985-07-19,70.49747012951939,1985,7
1985-07-20,70.4711844465435,1985,7
1985-07-21,70.50539028016736,1985,7
1985-07-22,70.50023050562051,1985,7
1985-07-23,70.74302757879063,1985,7
1985-07-24,70.6791342369031,1985,7
1985-07-25,70.5127502559202,1985,7
1985-07-26,70.42708567859798,1985,7
1985-07-27,70.60204360232864,1985,7
1985-07-28,70.67091190061933,1985,7
1985-07-29,70.64735128276041,1985,7
1985-07-30,70.59326843867822,1985,7
1985-07-31,70.65992473642002,1985,7
1985-08-01,70.7750388882908,1985,8
1985-08-02,70.5815588892862,1985,8
1985-08-03,70.59165405285768,1985,8
1985-08-04,70.56384705094644,1985,8
1985-08-05,70.56827088919782,1985,8
1985-08-06,70.39475771843709,1985,8
1985-08-07,70.2850187706368,1985,8
1985-08-08,70.42706976147652,1985,8
1985-08-09,70.44892354768443,1985,8
1985-08-10,70.69892153280504,1985,8
1985-08-11,70.60572604760895,1985,8
1985-08-12,70.7338711943463,1985,8
1985-08-13,70.86184138274774,1985,8
1985-08-14,70.77293376293117,1985,8
1985-08-15,70.82089554362122,1985,8
1985-08-16,70.80087192823305,1985,8
1985-08-17,70.82528148252983,1985,8
1985-08-18,70.7732051174984,1985,8
1985-08-19,70.6640759792563,1985,8
1985-08-20,70.66088180920636,1985,8
1985-08-21,70.60753316679804,1985,8
1985-08-22,70.67815323639121,1985,8
1985-08-23,70.59018058855756,1985,8
1985-08-24,70.5494607683298,1985,8
1985-08-25,70.52166404579432,1985,8
1985-08-26,70.49548378814832,1985,8
1985-08-27,70.44338772094845,1985,8
1985-08-28,70.55939015218955,1985,8
1985-08-29,70.51266428127583,1985,8
1985-08-30,70.63433823496611,1985,8
1985-08-31,70.69219958541053,1985,8
1985-09-01,70.54939921998437,1985,9
1985-09-02,70.6053507089221,1985,9
1985-09-03,70.61751883450964,1985,9
1985-09-04,70.53623681808894,1985,9
1985-09-05,70.37570121163247,1985,9
1985-09-06,70.35405311097585,1985,9
1985-09-07,70.32454763770247,1985,9
1985-09-08,70.33036229231072,1985,9
1985-09-09,70.44452463412624,1985,9
1985-09-10,70.50642798205998,1985,9
1985-09-11,70.32804043025278,1985,9
1985-09-12,70.24372545906338,1985,9
1985-09-13,70.27063002966084,1985,9
1985-09-14,70.1663931869156,1985,9
1985-09-15,70.19318504601095,1985,9
1985-09-16,70.1953109927774,1985,9
1985-09-17,70.26294783012379,1985,9
1985-09-18,70.21977527643406,1985,9
1985-09-19,70.27379806598186,1985,9
1985-09-20,70.24246962253817,1985,9
1985-09-21,70.16856195483747,1985,9
1985-09-22,70.30193099490573,1985,9
1985-09-23,70.34214307171995,1985,9
1985-09-24,70.19314478533711,1985,9
1985-09-25,70.07555495082765,1985,9
1985-09-26,70.10969941610014,1985,9
1985-09-27,70.27897433992216,1985,9
1985-09-28,70.16850256374579,1985,9
1985-09-29,70.1623154016128,1985,9
1985-09-30,70.11086880549078,1985,9
1985-10-01,70.01450666494667,1985,10
1985-10-02,70.02553147099466,1985,10
1985-10-03,70.10228741527251,1985,10
1985-10-04,70.09920455485843,1985,10
1985-10-05,70.02463191034354,1985,10
1985-10-06,70.047764968964,1985,10
1985-10-07,69.74752687448986,1985,10
1985-10-08,69.66496147645837,1985,10
1985-10-09,69.5382102527177,1985,10
1985-10-10,70.3738373468673,1985,10
1985-10-11,69.46890737774835,1985,10
1985-10-12,69.48727868057694,1985,10
1985-10-13,69.43659873198287,1985,10
1985-10-14,69.4858536296162,1985,10
1985-10-15,69.45861197119227,1985,10
1985-10-16,69.17374965406603,1985,10
1985-10-17,68.96357794879565,1985,10
1985-10-18,68.66057136806074,1985,10
1985-10-19,68.44093829965385,1985,10
1985-10-20,68.27709646671569,1985,10
1985-10-21,68.24724478543604,1985,10
1985-10-22,68.14239835407022,1985,10
1985-10-23,68.06854041808367,1985,10
1985-10-24,67.96151953418376,1985,10
1985-10-25,68.08769998564131,1985,10
1985-10-26,68.12288144199206,1985,10
1985-10-27,68.22639584733109,1985,10
1985-10-28,67.91119574759031,1985,10
1985-10-29,68.04551466365119,1985,10
1985-10-30,67.80087744752238,1985,10
1985-10-31,67.83150582064043,1985,10
1985-11-01,67.87622142714271,1985,11
1985-11-02,67.92944176205589,1985,11
1985-11-03,68.10744877504605,1985,11
1985-11-04,67.92112255749622,1985,11
1985-11-05,67.78353118869958,1985,11
1985-11-06,67.69733834764199,1985,11
1985-11-07,67.83724178843511,1985,11
1985-11-08,67.69584525921663,1985,11
1985-11-09,67.82353610257597,1985,11
1985-11-10,67.74384577244724,1985,11
1985-11-11,67.61154962111031,1985,11
1985-11-12,67.68984364556117,1985,11
1985-11-13,67.32325190686487,1985,11
1985-11-14,67.09532720424036,1985,11
1985-11-15,66.93683730795912,1985,11
1985-11-16,67.03001866848246,1985,11
1985-11-17,67.09248064024685,1985,11
1985-11-18,67.148323198806,1985,11
1985-11-19,67.25019432409219,1985,11
1985-11-20,67.06019786278765,1985,11
1985-11-21,66.9369926900425,1985,11
1985-11-22,67.07837575614172,1985,11
1985-11-23,67.15394422536816,1985,11
1985-11-24,66.77819152609182,1985,11
1985-11-25,66.8328905151592,1985,11
1985-11-26,66.77582361049122,1985,11
1985-11-27,66.63763560855901,1985,11
1985-11-28,66.49388920219177,1985,11
1985-11-29,66.36005138343386,1985,11
1985-11-30,66.28449058979787,1985,11
1985-12-01,66.60706423085425,1985,12
1985-12-02,66.4637349080171,1985,12
1985-12-03,66.46388510261596,1985,12
1985-12-04,66.307416354862,1985,12
1985-12-05,66.19958453819144,1985,12
1985-12-06,66.21435766983555,1985,12
1985-12-07,66.28047688469435,1985,12
1985-12-08,66.68917027600746,1985,12
1985-12-09,66.10012265872436,1985,12
1985-12-10,65.94419443377912,1985,12
1985-12-11,66.09165956111003,1985,12
1985-12-12,66.85669786642094,1985,12
1985-12-13,66.94541432712178,1985,12
1985-12-14,67.07642570055123,1985,12
1985-12-15,67.3652694734951,1985,12
1985-12-16,67.53511643360953,1985,12
1985-12-17,67.38566788305253,1985,12
1985-12-18,67.21846718303034,1985,12
1985-12-19,66.80835292630324,1985,12
1985-12-20,66.27369072301842,1985,12
1985-12-21,66.20259327513584,1985,12
1985-12-22,66.1825034688682,1985,12
1985-12-23,66.48893293842117,1985,12
1985-12-24,66.34871050069133,1985,12
1985-12-25,66.5318492187001,1985,12
1985-12-26,66.78066120513323,1985,12
1985-12-27,66.85802099974632,1985,12
1985-12-28,66.69428810240878,1985,12
1985-12-29,65.9328722502344,1985,12
1985-12-30,65.75646005317414,1985,12
1985-12-31,65.48607344819337,1985,12
1986-01-01,65.06853636154159,1986,1
1986-01-02,64.9983755572936,1986,1
1986-01-03,64.94179219063852,1986,1
1986-01-04,65.13382234210746,1986,1
1986-01-05,64.94983648928356,1986,1
1986-01-06,64.48334079021528,1986,1
1986-01-07,64.63629778352835,1986,1
1986-01-08,64.94583428669209,1986,1
1986-01-09,65.29231793205547,1986,1
1986-01-10,65.84285960120442,1986,1
1986-01-11,65.91515126862566,1986,1
1986-01-12,65.80514290891668,1986,1
1986-01-13,65.82614339191906,1986,1
1986-01-14,65.7499411502531,1986,1
1986-01-15,65.81686440400816,1986,1
1986-01-16,65.63182217029657,1986,1
1986-01-17,66.05020855841003,1986,1
1986-01-18,65.32418516074318,1986,1
1986-01-19,65.46400066987064,1986,1
1986-01-20,65.79588497086272,1986,1
1986-01-21,65.8963872991877,1986,1
1986-01-22,65.97231054738451,1986,1
1986-01-23,66.10924313426506,1986,1
1986-01-24,65.94482631558789,1986,1
1986-01-25,65.90808188002013,1986,1
1986-01-26,65.96455544187684,1986,1
1986-01-27,65.8899567126239,1986,1
1986-01-28,66.07871593827095,1986,1
1986-01-29,66.3008923227674,1986,1
1986-01-30,66.34928527662456,1986,1
1986-01-31,66.19201049521087,1986,1
1986-02-01,66.22159741394535,1986,2
1986-02-02,66.21857426741495,1986,2
1986-02-03,66.3428391932717,1986,2
1986-02-04,66.6249027887324,1986,2
1986-02-05,66.59999826346186,1986,2
1986-02-06,66.6349889944541,1986,2
1986-02-07,66.21341313469475,1986,2
1986-02-08,66.2782043536738,1986,2
1986-02-09,66.67286288848791,1986,2
1986-02-10,66.78599925847037,1986,2
1986-02-11,66.63405630350339,1986,2
1986-02-12,66.7342563151284,1986,2
1986-02-13,66.85931178102574,1986,2
1986-02-14,67.09957322567594,1986,2
1986-02-15,66.55388644187552,1986,2
1986-02-16,66.2610882881592,1986,2
1986-02-17,66.1355403859788,1986,2
1986-02-18,66.42503546283689,1986,2
1986-02-19,66.56619055780709,1986,2
1986-02-20,66.70976423407038,1986,2
1986-02-21,66.93312957378242,1986,2
1986-02-22,66.88553258294243,1986,2
1986-02-23,66.73938167087958,1986,2
1986-02-24,66.44880341414135,1986,2
1986-02-25,66.57286093194614,1986,2
1986-02-26,66.60182053292772,1986,2
1986-02-27,66.67972338359804,1986,2
1986-02-28,66.794406866331,1986,2
1986-03-01,66.9133690770888,1986,3
1986-03-02,66.96532567506917,1986,3
1986-03-03,67.02821665573977,1986,3
1986-03-04,67.11821625295428,1986,3
1986-03-05,67.62938108154565,1986,3
1986-03-06,67.570338224617,1986,3
1986-03-07,67.93944375130938,1986,3
1986-03-08,67.92633125376496,1986,3
1986-03-09,68.04953065478735,1986,3
1986-03-10,68.34161482130588,1986,3
1986-03-11,68.48001692851388,1986,3
1986-03-12,68.33527691382525,1986,3
1986-03-13,68.3136730544857,1986,3
1986-03-14,68.49745052717859,1986,3
1986-03-15,68.1779989873799,1986,3
1986-03-16,67.612023938739,1986,3
1986-03-17,67.58111196509023,1986,3
1986-03-18,67.83544525706007,1986,3
1986-03-19,68.11645321686424,1986,3
1986-03-20,67.88955222183479,1986,3
1986-03-21,67.75945463797221,1986,3
1986-03-22,67.86844825593825,1986,3
1986-03-23,67.98680809724505,1986,3
1986-03-24,67.99208937670323,1986,3
1986-03-25,67.90733550745473,1986,3
1986-03-26,68.37919483821558,1986,3
1986-03-27,68.31169522383527,1986,3
1986-03-28,68.57936562224866,1986,3
1986-03-29,68.88488329031486,1986,3
1986-03-30,68.98293912468247,1986,3
1986-03-31,68.70089288782796,1986,3
1986-04-01,68.40024502016362,1986,4
1986-04-02,68.60170408205224,1986,4
1986-04-03,68.6153563133391,1986,4
1986-04-04,68.5467451408018,1986,4
1986-04-05,68.32428268629471,1986,4
1986-04-06,68.59267900939544,1986,4
1986-04-07,68.66162662610267,1986,4
1986-04-08,69.1509016486936,1986,4
1986-04-09,69.31821701112523,1986,4
1986-04-10,69.54123324458266,1986,4
1986-04-11,69.85316536833535,1986,4
1986-04-12,69.91492632972388,1986,4
1986-04-13,69.95504078717401,1986,4
1986-04-14,69.98172398565218,1986,4
1986-04-15,69.95368144761902,1986,4
1986-04-16,69.9313989945141,1986,4
1986-04-17,70.16799037695615,1986,4
1986-04-18,69.68999333903298,1986,4
1986-04-19,69.75000638500082,1986,4
1986-04-20,70.16617214889644,1986,4
1986-04-21,70.10112544468159,1986,4
1986-04-22,70.2738962295355,1986,4
1986-04-23,70.14229857084868,1986,4
1986-04-24,70.54327916556959,1986,4
1986-04-25,70.41104244365562,1986,4
1986-04-26,69.75999007255793,1986,4
1986-04-27,69.62249376832439,1986,4
1986-04-28,69.71983194942314,1986,4
1986-04-29,69.77088013340318,1986,4
1986-04-30,69.74676698361577,1986,4
1986-05-01,69.96168594478075,1986,5
1986-05-02,70.11037407183184,1986,5
1986-05-03,70.28946530060865,1986,5
1986-05-04,69.96627114656316,1986,5
1986-05-05,69.96811479987507,1986,5
1986-05-06,70.1337860446282,1986,5
1986-05-07,70.16482875859917,1986,5
1986-05-08,70.30656643519607,1986,5
1986-05-09,70.48415008695558,1986,5
1986-05-10,70.25686977250881,1986,5
1986-05-11,70.27296865952975,1986,5
1986-05-12,70.39328457663134,1986,5
1986-05-13,70.58891353431767,1986,5
1986-05-14,70.48463102259343,1986,5
1986-05-15,70.53071254452153,1986,5
1986-05-16,70.50521079489475,1986,5
1986-05-17,70.42072759206445,1986,5
1986-05-18,70.57851704386147,1986,5
1986-05-19,70.46975835106655,1986,5
1986-05-20,70.34964894483745,1986,5
1986-05-21,69.90374223631171,1986,5
1986-05-22,69.93806449085382,1986,5
1986-05-23,69.83368203657359,1986,5
1986-05-24,70.03961634652116,1986,5
1986-05-25,70.19680254502123,1986,5
1986-05-26,70.81373528504234,1986,5
1986-05-27,70.45420746562583,1986,5
1986-05-28,70.22869725069614,1986,5
1986-05-29,70.33145842480876,1986,5
1986-05-30,70.2054269599453,1986,5
1986-05-31,70.21725671619858,1986,5
1986-06-01,70.096037460312,1986,6
1986-06-02,70.41393704424257,1986,6
1986-06-03,70.41189920092214,1986,6
1986-06-04,70.50403576214705,1986,6
1986-06-05,70.55251546653183,1986,6
1986-06-06,70.78715103962745,1986,6
1986-06-07,70.83310846125232,1986,6
1986-06-08,71.27344111306964,1986,6
1986-06-09,71.0406133182661,1986,6
1986-06-10,70.9658761864183,1986,6
1986-06-11,71.28977470641365,1986,6
1986-06-12,71.42997450331808,1986,6
1986-06-13,71.26555945867831,1986,6
1986-06-14,71.1647833687451,1986,6
1986-06-15,70.94925167778241,1986,6
1986-06-16,70.99439912700237,1986,6
1986-06-17,70.97609557450978,1986,6
1986-06-18,70.99465290575691,1986,6
1986-06-19,71.08864328215608,1986,6
1986-06-20,70.8183884810029,1986,6
1986-06-21,70.78373605738128,1986,6
1986-06-22,71.19853134765916,1986,6
1986-06-23,71.1970944337331,1986,6
1986-06-24,70.83020492684327,1986,6
1986-06-25,70.54368472609909,1986,6
1986-06-26,70.87630721943731,1986,6
1986-06-27,70.57131776945282,1986,6
1986-06-28,70.41892163503873,1986,6
1986-06-29,70.39732622716139,1986,6
1986-06-30,70.363654048785,1986,6
1986-07-01,70.61821303847579,1986,7
1986-07-02,70.51134581862297,1986,7
1986-07-03,70.67759977295547,1986,7
1986-07-04,70.96997292512953,1986,7
1986-07-05,71.06002528564991,1986,7
1986-07-06,71.06378719571312,1986,7
1986-07-07,70.84211574912844,1986,7
1986-07-08,70.65526184623384,1986,7
1986-07-09,70.92138471529293,1986,7
1986-07-10,70.54971009493394,1986,7
1986-07-11,70.65111076324408,1986,7
1986-07-12,70.61849409164002,1986,7
1986-07-13,70.95319224109159,1986,7
1986-07-14,70.91864876817337,1986,7
1986-07-15,70.99685908055322,1986,7
1986-07-16,70.80861309586012,1986,7
1986-07-17,70.75432938045547,1986,7
1986-07-18,70.53922846689255,1986,7
1986-07-19,70.50025675026907,1986,7
1986-07-20,70.59120096504776,1986,7
1986-07-21,70.6028075973496,1986,7
1986-07-22,70.43281158422016,1986,7
1986-07-23,70.72557762091911,1986,7
1986-07-24,70.4266255790225,1986,7
1986-07-25,70.42888876414418,1986,7
1986-07-26,70.41691312867623,1986,7
1986-07-27,70.28842987032381,1986,7
1986-07-28,70.13706185129467,1986,7
1986-07-29,70.20239572715155,1986,7
1986-07-30,70.41299026400438,1986,7
1986-07-31,70.35819122860393,1986,7
1986-08-01,70.33839334540326,1986,8
1986-08-02,70.3889191050339,1986,8
1986-08-03,70.50465222679294,1986,8
1986-08-04,70.50720690423651,1986,8
1986-08-05,70.34950947216491,1986,8
1986-08-06,70.709280007602,1986,8
1986-08-07,70.41119775508874,1986,8
1986-08-08,70.46219871515319,1986,8
1986-08-09,70.54095562373848,1986,8
1986-08-10,70.52288600644306,1986,8
1986-08-11,70.58131007753215,1986,8
1986-08-12,70.5289449692997,1986,8
1986-08-13,70.3967702920488,1986,8
1986-08-14,70.63542348018953,1986,8
1986-08-15,70.37087492021209,1986,8
1986-08-16,70.3958748374142,1986,8
1986-08-17,70.43396820535806,1986,8
1986-08-18,70.33729273853281,1986,8
1986-08-19,70.32462479988268,1986,8
1986-08-20,70.27690991280583,1986,8
1986-08-21,70.25931552453882,1986,8
1986-08-22,70.20998081689734,1986,8
1986-08-23,70.53884943227526,1986,8
1986-08-24,70.21532793728241,1986,8
1986-08-25,70.15732385053036,1986,8
1986-08-26,70.13122075487527,1986,8
1986-08-27,70.05244792794086,1986,8
1986-08-28,70.08075816289688,1986,8
1986-08-29,70.49557587191241,1986,8
1986-08-30,70.5572140577665,1986,8
1986-08-31,70.17988513266471,1986,8
1986-09-01,70.20940997672089,1986,9
1986-09-02,70.29330775432969,1986,9
1986-09-03,70.21757670418255,1986,9
1986-09-04,70.17813032318615,1986,9
1986-09-05,70.19002261333445,1986,9
1986-09-06,70.24527529119851,1986,9
1986-09-07,70.26989998906502,1986,9
1986-09-08,70.2350913669981,1986,9
1986-09-09,70.09190965303267,1986,9
1986-09-10,70.09136601324971,1986,9
1986-09-11,70.09975104192705,1986,9
1986-09-12,70.00071931627414,1986,9
1986-09-13,69.95579181504154,1986,9
1986-09-14,69.8257288580188,1986,9
1986-09-15,69.85637672693136,1986,9
1986-09-16,69.79404117795495,1986,9
1986-09-17,69.92962506280479,1986,9
1986-09-18,69.98830869036937,1986,9
1986-09-19,69.99946907853595,1986,9
1986-09-20,70.02258507951602,1986,9
1986-09-21,70.0065116620818,1986,9
1986-09-22,70.10187408666299,1986,9
1986-09-23,69.934374919515,1986,9
1986-09-24,69.85239123407383,1986,9
1986-09-25,70.09759604082319,1986,9
1986-09-26,69.82343053448899,1986,9
1986-09-27,69.63686994546414,1986,9
1986-09-28,69.5215513829156,1986,9
1986-09-29,69.55570739626228,1986,9
1986-09-30,69.55646277160562,1986,9
1986-10-01,69.51956253369649,1986,10
1986-10-02,69.54459149590954,1986,10
1986-10-03,69.60448507503051,1986,10
1986-10-04,69.7049934767622,1986,10
1986-10-05,69.66907715175043,1986,10
1986-10-06,69.61859389335261,1986,10
1986-10-07,69.8583302047021,1986,10
1986-10-08,69.49454034157615,1986,10
1986-10-09,69.43684123077111,1986,10
1986-10-10,69.56414189065583,1986,10
1986-10-11,69.54045558738486,1986,10
1986-10-12,69.50212104472713,1986,10
1986-10-13,69.37272175426624,1986,10
1986-10-14,69.2907722099176,1986,10
1986-10-15,69.20273625538505,1986,10
1986-10-16,69.03862816741203,1986,10
1986-10-17,68.96742352421757,1986,10
1986-10-18,68.66890319366517,1986,10
1986-10-19,68.73380437655565,1986,10
1986-10-20,68.63109209261688,1986,10
1986-10-21,68.24386692852661,1986,10
1986-10-22,67.93341508488078,1986,10
1986-10-23,67.91108714423775,1986,10
1986-10-24,67.79643695559544,1986,10
1986-10-25,67.87368296940544,1986,10
1986-10-26,67.77562992011819,1986,10
1986-10-27,68.0580839943768,1986,10
1986-10-28,67.73718293413293,1986,10
1986-10-29,68.0596710791376,1986,10
1986-10-30,67.9767311309163,1986,10
1986-10-31,68.0987541399445,1986,10
1986-11-01,68.1906976437792,1986,11
1986-11-02,68.2515395775523,1986,11
1986-11-03,68.39302419129936,1986,11
1986-11-04,68.53876628053078,1986,11
1986-11-05,68.36186004297484,1986,11
1986-11-06,68.27163339811416,1986,11
1986-11-07,68.0745415305079,1986,11
1986-11-08,68.0843048986538,1986,11
1986-11-09,67.9330047553031,1986,11
1986-11-10,67.71773282094975,1986,11
1986-11-11,67.55933290008166,1986,11
1986-11-12,67.88912410429808,1986,11
1986-11-13,67.67504527184198,1986,11
1986-11-14,67.70493583825237,1986,11
1986-11-15,67.66022403817131,1986,11
1986-11-16,67.51507973213927,1986,11
1986-11-17,67.37857529907527,1986,11
1986-11-18,67.00534096797327,1986,11
1986-11-19,66.7847339618072,1986,11
1986-11-20,66.63406135096169,1986,11
1986-11-21,66.54719902970298,1986,11
1986-11-22,66.68241026185447,1986,11
1986-11-23,66.67976472695186,1986,11
1986-11-24,66.73172263326252,1986,11
1986-11-25,66.89597075206207,1986,11
1986-11-26,67.05329275626595,1986,11
1986-11-27,67.05944125958771,1986,11
1986-11-28,66.95228698901343,1986,11
1986-11-29,67.12240469739055,1986,11
1986-11-30,66.64887291252926,1986,11
1986-12-01,66.46434521346059,1986,12
1986-12-02,66.32308399987271,1986,12
1986-12-03,66.23528681943783,1986,12
1986-12-04,66.3167564024128,1986,12
1986-12-05,65.92200746047372,1986,12
1986-12-06,66.0296743913917,1986,12
1986-12-07,66.11087769976454,1986,12
1986-12-08,66.21392279821985,1986,12
1986-12-09,66.40292105555196,1986,12
1986-12-10,66.6165027113665,1986,12
1986-12-11,66.84345934304896,1986,12
1986-12-12,66.89301437928744,1986,12
1986-12-13,66.92999112717618,1986,12
1986-12-14,66.40692431252324,1986,12
1986-12-15,65.75180091428035,1986,12
1986-12-16,65.66458106933882,1986,12
1986-12-17,65.67149948418982,1986,12
1986-12-18,65.86041478644125,1986,12
1986-12-19,65.8225421198842,1986,12
1986-12-20,65.94942554138682,1986,12
1986-12-21,65.81222067845145,1986,12
1986-12-22,65.7149300906634,1986,12
1986-12-23,65.61949087850847,1986,12
1986-12-24,65.67884775091694,1986,12
1986-12-25,65.71386006822459,1986,12
1986-12-26,65.65297465003324,1986,12
1986-12-27,65.71476690460572,1986,12
1986-12-28,65.75529835148261,1986,12
1986-12-29,65.46040430566386,1986,12
1986-12-30,65.1988686750962,1986,12
1986-12-31,65.18767785580887,1986,12
1987-01-01,64.92158157446092,1987,1
1987-01-02,65.07622417287875,1987,1
1987-01-03,65.24029200567618,1987,1
1987-01-04,65.20499620937724,1987,1
1987-01-05,65.67565694007523,1987,1
1987-01-06,65.83142499847929,1987,1
1987-01-07,66.1310396428259,1987,1
1987-01-08,66.17519269606639,1987,1
1987-01-09,66.34971626087483,1987,1
1987-01-10,66.46033904255349,1987,1
1987-01-11,66.70944496105082,1987,1
1987-01-12,66.55234730936864,1987,1
1987-01-13,67.02514697736372,1987,1
1987-01-14,66.59012329842277,1987,1
1987-01-15,66.53060104361688,1987,1
1987-01-16,66.5997839619822,1987,1
1987-01-17,66.64616520789558,1987,1
1987-01-18,66.31847303302989,1987,1
1987-01-19,65.99144186410176,1987,1
1987-01-20,66.14315173757939,1987,1
1987-01-21,65.93572897864071,1987,1
1987-01-22,65.9455630622706,1987,1
1987-01-23,66.03390750702584,1987,1
1987-01-24,66.00353199908858,1987,1
1987-01-25,65.79094861546228,1987,1
1987-01-26,65.45058421456338,1987,1
1987-01-27,65.70036394631263,1987,1
1987-01-28,65.79571432372546,1987,1
1987-01-29,65.91862808231957,1987,1
1987-01-30,65.77236137160267,1987,1
1987-01-31,66.30649911397774,1987,1
1987-02-01,66.4594467247313,1987,2
1987-02-02,66.40450197057355,1987,2
1987-02-03,66.57913444512728,1987,2
1987-02-04,66.4320509062484,1987,2
1987-02-05,65.93396065462203,1987,2
1987-02-06,66.03288969688461,1987,2
1987-02-07,65.86537312785609,1987,2
1987-02-08,66.28866071293945,1987,2
1987-02-09,66.34459118951507,1987,2
1987-02-10,66.29404917717423,1987,2
1987-02-11,66.2322950386215,1987,2
1987-02-12,66.39089229181275,1987,2
1987-02-13,66.5498534450919,1987,2
1987-02-14,66.97113838797813,1987,2
1987-02-15,67.15206822740494,1987,2
1987-02-16,67.02973732262308,1987,2
1987-02-17,67.0557380330199,1987,2
1987-02-18,67.35016159151772,1987,2
1987-02-19,67.17341766127834,1987,2
1987-02-20,67.48233736055948,1987,2
1987-02-21,67.43706918300933,1987,2
1987-02-22,67.60130428815191,1987,2
1987-02-23,67.42037304028938,1987,2
1987-02-24,67.77654982375206,1987,2
1987-02-25,67.38147484071465,1987,2
1987-02-26,67.1644452782057,1987,2
1987-02-27,67.33389130812834,1987,2
1987-02-28,67.16603734514483,1987,2
1987-03-01,66.95999773977917,1987,3
1987-03-02,66.90244628395124,1987,3
1987-03-03,67.04318327704866,1987,3
1987-03-04,66.99881020266237,1987,3
1987-03-05,67.37818926085534,1987,3
1987-03-06,67.70020967098439,1987,3
1987-03-07,67.73678405290173,1987,3
1987-03-08,67.66030245389064,1987,3
1987-03-09,67.66599825328122,1987,3
1987-03-10,67.73140119883335,1987,3
1987-03-11,67.83233251334563,1987,3
1987-03-12,67.45959613383559,1987,3
1987-03-13,67.66055407893225,1987,3
1987-03-14,67.64192717545482,1987,3
1987-03-15,68.12727464136954,1987,3
1987-03-16,68.37686823718505,1987,3
1987-03-17,68.41609535035398,1987,3
1987-03-18,68.22394248737145,1987,3
1987-03-19,68.3320568237084,1987,3
1987-03-20,68.33619097351792,1987,3
1987-03-21,68.24992247086162,1987,3
1987-03-22,68.4821047081936,1987,3
1987-03-23,68.5190922529706,1987,3
1987-03-24,68.59776341655765,1987,3
1987-03-25,68.75913961009287,1987,3
1987-03-26,68.78135409960673,1987,3
1987-03-27,68.59661516272331,1987,3
1987-03-28,68.58490268439088,1987,3
1987-03-29,68.94760438614331,1987,3
1987-03-30,68.8336353941648,1987,3
1987-03-31,69.05852608928159,1987,3
1987-04-01,69.30667967268724,1987,4
1987-04-02,69.37791516146743,1987,4
1987-04-03,69.4105663368018,1987,4
1987-04-04,69.31946419459308,1987,4
1987-04-05,69.35947969887192,1987,4
1987-04-06,69.2655823250821,1987,4
1987-04-07,69.61398836760216,1987,4
1987-04-08,69.73297204209112,1987,4
1987-04-09,69.5404827856098,1987,4
1987-04-10,69.15797138995521,1987,4
1987-04-11,69.06800131460722,1987,4
1987-04-12,68.951485182234,1987,4
1987-04-13,69.06108264491594,1987,4
1987-04-14,69.04129524488022,1987,4
1987-04-15,69.16627214466062,1987,4
1987-04-16,69.35619614185943,1987,4
1987-04-17,69.52812087504915,1987,4
1987-04-18,69.54862501772831,1987,4
1987-04-19,69.67170808042752,1987,4
1987-04-20,69.75058615669779,1987,4
1987-04-21,70.02502194990592,1987,4
1987-04-22,70.337398078149,1987,4
1987-04-23,70.53980249866778,1987,4
1987-04-24,70.53889067671646,1987,4
1987-04-25,69.77697531177571,1987,4
1987-04-26,69.56673652642691,1987,4
1987-04-27,69.50198043680741,1987,4
1987-04-28,69.56175692634504,1987,4
1987-04-29,69.94516128703458,1987,4
1987-04-30,70.04046501267945,1987,4
1987-05-01,69.82333566968137,1987,5
1987-05-02,69.68453418430038,1987,5
1987-05-03,69.0833004760784,1987,5
1987-05-04,69.19944447638794,1987,5
1987-05-05,69.4046970581261,1987,5
1987-05-06,69.76999870207051,1987,5
1987-05-07,69.88131545414764,1987,5
1987-05-08,69.77286803457424,1987,5
1987-05-09,69.715062756312,1987,5
1987-05-10,69.75378071479881,1987,5
1987-05-11,69.73928852515783,1987,5
1987-05-12,69.88034431640476,1987,5
1987-05-13,69.82000525641264,1987,5
1987-05-14,69.76638989261414,1987,5
1987-05-15,70.00656086746255,1987,5
1987-05-16,70.10400318918988,1987,5
1987-05-17,70.34681365045762,1987,5
1987-05-18,70.40004946840489,1987,5
1987-05-19,70.50280288759733,1987,5
1987-05-20,70.69768874384823,1987,5
1987-05-21,70.89334275464108,1987,5
1987-05-22,70.86798327092112,1987,5
1987-05-23,70.64426826266126,1987,5
1987-05-24,70.60959547535728,1987,5
1987-05-25,70.65098191554372,1987,5
1987-05-26,70.70982827234265,1987,5
1987-05-27,70.71088233447827,1987,5
1987-05-28,70.79142295764744,1987,5
1987-05-29,70.9021212826524,1987,5
1987-05-30,70.98593906175456,1987,5
1987-05-31,71.14533560361606,1987,5
1987-06-01,71.2653344331852,1987,6
1987-06-02,71.22850595007004,1987,6
1987-06-03,71.14800074177982,1987,6
1987-06-04,71.08597558744506,1987,6
1987-06-05,71.281437265256,1987,6
1987-06-06,71.41882507768412,1987,6
1987-06-07,71.27480467277,1987,6
1987-06-08,71.29713803678275,1987,6
1987-06-09,70.72099465836159,1987,6
1987-06-10,70.57457668852608,1987,6
1987-06-11,70.6093071631812,1987,6
1987-06-12,70.74224834646739,1987,6
1987-06-13,70.69489791619839,1987,6
1987-06-14,70.87601988955558,1987,6
1987-06-15,71.09359814254772,1987,6
1987-06-16,70.92012151577333,1987,6
1987-06-17,70.91875832335153,1987,6
1987-06-18,70.83146081837398,1987,6
1987-06-19,70.91121656469967,1987,6
1987-06-20,71.1228490551224,1987,6
1987-06-21,71.00451018323457,1987,6
1987-06-22,71.44988896673814,1987,6
1987-06-23,70.93464457546115,1987,6
1987-06-24,70.83846009653688,1987,6
1987-06-25,71.03416944392845,1987,6
1987-06-26,71.19962388166951,1987,6
1987-06-27,71.09536018585167,1987,6
1987-06-28,71.16392672882812,1987,6
1987-06-29,71.11006052401463,1987,6
1987-06-30,71.12573788174463,1987,6
1987-07-01,71.15305436732551,1987,7
1987-07-02,70.96258643568159,1987,7
1987-07-03,70.94415903604236,1987,7
1987-07-04,70.93806631509875,1987,7
1987-07-05,70.91904135052411,1987,7
1987-07-06,70.70322576070535,1987,7
1987-07-07,70.6414460640594,1987,7
1987-07-08,70.6068405567725,1987,7
1987-07-09,70.7194223649766,1987,7
1987-07-10,70.57653943299934,1987,7
1987-07-11,70.72768272811248,1987,7
1987-07-12,70.6355606744116,1987,7
1987-07-13,70.6714471633777,1987,7
1987-07-14,70.60340614445457,1987,7
1987-07-15,70.60902707748924,1987,7
1987-07-16,70.65768622201817,1987,7
1987-07-17,70.68640607875713,1987,7
1987-07-18,70.92816870199424,1987,7
1987-07-19,70.82566061612215,1987,7
1987-07-20,70.92598369430108,1987,7
1987-07-21,70.91808938397314,1987,7
1987-07-22,71.00012509344776,1987,7
1987-07-23,71.01277513903331,1987,7
1987-07-24,71.00477162274703,1987,7
1987-07-25,70.86056485379439,1987,7
1987-07-26,70.62439036527142,1987,7
1987-07-27,70.52250934625836,1987,7
1987-07-28,70.66447114544654,1987,7
1987-07-29,70.79621023416131,1987,7
1987-07-30,70.87138241235877,1987,7
1987-07-31,70.86910077975472,1987,7
1987-08-01,70.94044795705796,1987,8
1987-08-02,70.90591210737813,1987,8
1987-08-03,70.78948400885834,1987,8
1987-08-04,70.62781474155851,1987,8
1987-08-05,70.47365138810918,1987,8
1987-08-06,70.54825623057198,1987,8
1987-08-07,70.50483022394596,1987,8
1987-08-08,70.53761135504541,1987,8
1987-08-09,70.77474531458662,1987,8
1987-08-10,70.86460618654375,1987,8
1987-08-11,70.88395568120377,1987,8
1987-08-12,70.61323077640346,1987,8
1987-08-13,70.43558564304413,1987,8
1987-08-14,70.31308939804894,1987,8
1987-08-15,70.42648562518947,1987,8
1987-08-16,70.70636989614528,1987,8
1987-08-17,70.78415338018647,1987,8
1987-08-18,70.9130032823736,1987,8
1987-08-19,70.59160098729697,1987,8
1987-08-20,70.58252886184883,1987,8
1987-08-21,70.52966543390382,1987,8
1987-08-22,70.60517068992269,1987,8
1987-08-23,70.78706303438862,1987,8
1987-08-24,70.68678354543447,1987,8
1987-08-25,70.67579093348147,1987,8
1987-08-26,70.72070194108389,1987,8
1987-08-27,70.7283024499846,1987,8
1987-08-28,70.62328930669173,1987,8
1987-08-29,70.46054025264006,1987,8
1987-08-30,70.4679794269775,1987,8
1987-08-31,70.455485502644,1987,8
1987-09-01,70.42149427763464,1987,9
1987-09-02,70.49265350736958,1987,9
1987-09-03,70.563480053082,1987,9
1987-09-04,70.4462820510132,1987,9
1987-09-05,70.42831414232101,1987,9
1987-09-06,70.55675256363078,1987,9
1987-09-07,70.58649392744647,1987,9
1987-09-08,70.53853034109606,1987,9
1987-09-09,70.36530881573597,1987,9
1987-09-10,70.288044617121,1987,9
1987-09-11,70.20685676956602,1987,9
1987-09-12,70.25457453567111,1987,9
1987-09-13,70.35574926575715,1987,9
1987-09-14,70.40595644696704,1987,9
1987-09-15,70.32664837889698,1987,9
1987-09-16,70.3232745722428,1987,9
1987-09-17,70.37656478546731,1987,9
1987-09-18,70.50964339723753,1987,9
1987-09-19,70.48286711654139,1987,9
1987-09-20,70.43683324483901,1987,9
1987-09-21,70.3294664846682,1987,9
1987-09-22,70.26613644655718,1987,9
1987-09-23,70.15061041584225,1987,9
1987-09-24,70.20864976626237,1987,9
1987-09-25,70.227068118409,1987,9
1987-09-26,70.30606737322636,1987,9
1987-09-27,70.19689303253246,1987,9
1987-09-28,70.128307870038,1987,9
1987-09-29,70.0204185746089,1987,9
1987-09-30,69.9425406624536,1987,9
1987-10-01,69.94510108370334,1987,10
1987-10-02,69.95937438051716,1987,10
1987-10-03,69.828816768581,1987,10
1987-10-04,69.70193250151856,1987,10
1987-10-05,69.56445620092715,1987,10
1987-10-06,69.65465682497417,1987,10
1987-10-07,69.66475960828429,1987,10
1987-10-08,69.68894934803711,1987,10
1987-10-09,69.60785341096133,1987,10
1987-10-10,69.56976031534336,1987,10
1987-10-11,69.56905747707374,1987,10
1987-10-12,69.63337804761947,1987,10
1987-10-13,69.56066249484631,1987,10
1987-10-14,69.44915138105446,1987,10
1987-10-15,69.34296346343841,1987,10
1987-10-16,69.4549409532356,1987,10
1987-10-17,69.59527960973907,1987,10
1987-10-18,69.53685152093726,1987,10
1987-10-19,69.19536575514543,1987,10
1987-10-20,68.76776662621121,1987,10
1987-10-21,68.45800952617377,1987,10
1987-10-22,68.41808337544778,1987,10
1987-10-23,68.4202386830749,1987,10
1987-10-24,68.29792209682405,1987,10
1987-10-25,68.300080274565,1987,10
1987-10-26,68.30298391238611,1987,10
1987-10-27,68.32695220415532,1987,10
1987-10-28,68.37351256791166,1987,10
1987-10-29,68.44723296717635,1987,10
1987-10-30,68.55968962582773,1987,10
1987-10-31,68.41090931537921,1987,10
1987-11-01,68.21425027178302,1987,11
1987-11-02,67.88160139856028,1987,11
1987-11-03,67.91374921719589,1987,11
1987-11-04,68.03313121050903,1987,11
1987-11-05,68.0207946942334,1987,11
1987-11-06,67.97653866653773,1987,11
1987-11-07,67.76378230847067,1987,11
1987-11-08,67.59894406821446,1987,11
1987-11-09,67.38106481571053,1987,11
1987-11-10,67.40413636958228,1987,11
1987-11-11,67.43948640237971,1987,11
1987-11-12,67.55419216255446,1987,11
1987-11-13,67.76579274952054,1987,11
1987-11-14,67.92739479438613,1987,11
1987-11-15,67.89442231805536,1987,11
1987-11-16,67.6945248506001,1987,11
1987-11-17,67.71933040294843,1987,11
1987-11-18,67.85803080169867,1987,11
1987-11-19,67.73227710324704,1987,11
1987-11-20,67.47351460813874,1987,11
1987-11-21,67.22319443661472,1987,11
1987-11-22,66.97834376978473,1987,11
1987-11-23,66.77764808475197,1987,11
1987-11-24,66.71702547554901,1987,11
1987-11-25,66.71469860065893,1987,11
1987-11-26,66.72713576272221,1987,11
1987-11-27,66.59039876306036,1987,11
1987-11-28,66.41861640768978,1987,11
1987-11-29,66.27334717201126,1987,11
1987-11-30,66.29693328234158,1987,11
1987-12-01,66.29677602799316,1987,12
1987-12-02,66.41671169053068,1987,12
1987-12-03,66.32231530707688,1987,12
1987-12-04,66.43770080435007,1987,12
1987-12-05,66.37786509620967,1987,12
1987-12-06,66.122216424604,1987,12
1987-12-07,66.01059703135272,1987,12
1987-12-08,65.9496278853474,1987,12
1987-12-09,66.13921290251155,1987,12
1987-12-10,66.58107726626616,1987,12
1987-12-11,67.14809133140123,1987,12
1987-12-12,67.18818895057302,1987,12
1987-12-13,66.79748465950503,1987,12
1987-12-14,66.28206491164204,1987,12
1987-12-15,65.99336331764293,1987,12
1987-12-16,65.77455926009462,1987,12
1987-12-17,65.60505171833998,1987,12
1987-12-18,65.66473609623442,1987,12
1987-12-19,65.55886043592457,1987,12
1987-12-20,65.48602970494314,1987,12
1987-12-21,65.62023800294017,1987,12
1987-12-22,65.75871271662304,1987,12
1987-12-23,65.87487925935613,1987,12
1987-12-24,65.90490379652915,1987,12
1987-12-25,65.91656350880143,1987,12
1987-12-26,65.87814189651739,1987,12
1987-12-27,65.69690575159174,1987,12
1987-12-28,65.41758793778878,1987,12
1987-12-29,65.48363730385172,1987,12
1987-12-30,65.67105338880636,1987,12
1987-12-31,65.68413361534155,1987,12
1988-01-01,65.59030385245823,1988,1
1988-01-02,65.98545712959779,1988,1
1988-01-03,65.88552750452793,1988,1
1988-01-04,65.92516423340324,1988,1
1988-01-05,66.08566186746626,1988,1
1988-01-06,66.00655420233515,1988,1
1988-01-07,65.8912953570687,1988,1
1988-01-08,65.77890954004538,1988,1
1988-01-09,65.94539686558652,1988,1
1988-01-10,65.90959766760209,1988,1
1988-01-11,66.09786311701816,1988,1
1988-01-12,66.25252419473648,1988,1
1988-01-13,66.26272763266608,1988,1
1988-01-14,66.25265631366813,1988,1
1988-01-15,66.24760176145186,1988,1
1988-01-16,66.21197572668676,1988,1
1988-01-17,66.03511774694422,1988,1
1988-01-18,65.89511646426759,1988,1
1988-01-19,65.71802557668678,1988,1
1988-01-20,65.65091201648313,1988,1
1988-01-21,65.99702255501332,1988,1
1988-01-22,66.12101890481598,1988,1
1988-01-23,65.98773561777682,1988,1
1988-01-24,65.87701569973267,1988,1
1988-01-25,65.80236202612424,1988,1
1988-01-26,65.40486947599601,1988,1
1988-01-27,65.49479688314372,1988,1
1988-01-28,65.88512675661735,1988,1
1988-01-29,65.76589759927872,1988,1
1988-01-30,65.80051773570774,1988,1
1988-01-31,65.96332289584228,1988,1
1988-02-01,65.93229311637282,1988,2
1988-02-02,65.81319930526239,1988,2
1988-02-03,65.83006900080491,1988,2
1988-02-04,65.79687291006414,1988,2
1988-02-05,65.79486133811079,1988,2
1988-02-06,65.91689684890942,1988,2
1988-02-07,66.23618797934786,1988,2
1988-02-08,66.4251830010073,1988,2
1988-02-09,66.37379080329384,1988,2
1988-02-10,66.3125705081308,1988,2
1988-02-11,66.54187502338179,1988,2
1988-02-12,66.93918095378206,1988,2
1988-02-13,66.93816450724125,1988,2
1988-02-14,67.20645017954789,1988,2
1988-02-15,66.85302974809366,1988,2
1988-02-16,67.05558454288743,1988,2
1988-02-17,66.8428170843037,1988,2
1988-02-18,66.86752922039607,1988,2
1988-02-19,66.94064743661394,1988,2
1988-02-20,67.14410467968848,1988,2
1988-02-21,67.4356693287623,1988,2
1988-02-22,67.37393048988318,1988,2
1988-02-23,67.31058112090425,1988,2
1988-02-24,66.99789763465265,1988,2
1988-02-25,66.82398382025298,1988,2
1988-02-26,66.95586707165596,1988,2
1988-02-27,67.3877075489737,1988,2
1988-02-28,67.60615980640304,1988,2
1988-02-29,67.45463650111141,1988,2
1988-03-01,67.553574662738,1988,3
1988-03-02,67.20771468352505,1988,3
1988-03-03,67.12814019726953,1988,3
1988-03-04,67.28444518941373,1988,3
1988-03-05,67.48698752067807,1988,3
1988-03-06,67.79432833230395,1988,3
1988-03-07,68.00940092981313,1988,3
1988-03-08,68.2705160187379,1988,3
1988-03-09,68.15463937162781,1988,3
1988-03-10,68.23213558120474,1988,3
1988-03-11,68.46838739584418,1988,3
1988-03-12,68.29718191643339,1988,3
1988-03-13,68.17774564983239,1988,3
1988-03-14,68.0542690146608,1988,3
1988-03-15,67.85666383609546,1988,3
1988-03-16,68.15748865223367,1988,3
1988-03-17,68.56067033598922,1988,3
1988-03-18,68.45657232017906,1988,3
1988-03-19,68.1638251173722,1988,3
1988-03-20,67.55239682323071,1988,3
1988-03-21,67.41657774445008,1988,3
1988-03-22,67.37844806531623,1988,3
1988-03-23,67.81715839849673,1988,3
1988-03-24,68.08435613111634,1988,3
1988-03-25,68.55675006948105,1988,3
1988-03-26,68.79175362913931,1988,3
1988-03-27,68.55888241641384,1988,3
1988-03-28,68.0152720517831,1988,3
1988-03-29,68.00061515956872,1988,3
1988-03-30,68.15965943144631,1988,3
1988-03-31,68.3870665467799,1988,3
1988-04-01,68.57263928197897,1988,4
1988-04-02,68.73996081013722,1988,4
1988-04-03,68.9775463429965,1988,4
1988-04-04,69.19876326292396,1988,4
1988-04-05,69.29851094785421,1988,4
1988-04-06,69.34571447642031,1988,4
1988-04-07,69.34246280663467,1988,4
1988-04-08,69.56449189900844,1988,4
1988-04-09,69.6241198177509,1988,4
1988-04-10,69.60240115142285,1988,4
1988-04-11,69.70900029977521,1988,4
1988-04-12,69.89052563456502,1988,4
1988-04-13,69.99014128473212,1988,4
1988-04-14,69.94260624778781,1988,4
1988-04-15,69.88193781256898,1988,4
1988-04-16,69.98262141269566,1988,4
1988-04-17,69.89323348654673,1988,4
1988-04-18,69.91272857065722,1988,4
1988-04-19,69.73075325972394,1988,4
1988-04-20,69.51246262097312,1988,4
1988-04-21,69.6003835229735,1988,4
1988-04-22,69.79566093739872,1988,4
1988-04-23,69.8329505285233,1988,4
1988-04-24,69.75376275502776,1988,4
1988-04-25,69.5897335138509,1988,4
1988-04-26,69.89384056353704,1988,4
1988-04-27,70.13107209173407,1988,4
1988-04-28,70.298491869313,1988,4
1988-04-29,70.35873987425703,1988,4
1988-04-30,70.40084009387256,1988,4
1988-05-01,70.42153005548612,1988,5
1988-05-02,70.25736592543284,1988,5
1988-05-03,70.08850839075538,1988,5
1988-05-04,70.11533190846009,1988,5
1988-05-05,70.22829180500058,1988,5
1988-05-06,70.39660280558674,1988,5
1988-05-07,70.7091879779675,1988,5
1988-05-08,70.81416978911352,1988,5
1988-05-09,70.98437711634527,1988,5
1988-05-10,70.73810741371169,1988,5
1988-05-11,70.89069343042408,1988,5
1988-05-12,70.888317080616,1988,5
1988-05-13,70.7920643808047,1988,5
1988-05-14,70.73400332884756,1988,5
1988-05-15,70.82859901407417,1988,5
1988-05-16,70.83251683333563,1988,5
1988-05-17,70.92663530409109,1988,5
1988-05-18,70.6947844015121,1988,5
1988-05-19,70.81964422538663,1988,5
1988-05-20,70.71925059906609,1988,5
1988-05-21,70.87709935662762,1988,5
1988-05-22,70.99837355571199,1988,5
1988-05-23,70.94597470371424,1988,5
1988-05-24,71.02854753939977,1988,5
1988-05-25,71.17743191879265,1988,5
1988-05-26,71.22903227883135,1988,5
1988-05-27,71.41191857144959,1988,5
1988-05-28,71.6248145101536,1988,5
1988-05-29,71.48722270062373,1988,5
1988-05-30,71.43313770623243,1988,5
1988-05-31,71.5040153094301,1988,5
1988-06-01,71.37643127611115,1988,6
1988-06-02,71.00097713377943,1988,6
1988-06-03,71.211736160063,1988,6
1988-06-04,71.1965397619328,1988,6
1988-06-05,70.96873514559242,1988,6
1988-06-06,70.76866031559969,1988,6
1988-06-07,70.87937096837864,1988,6
1988-06-08,70.94245553689004,1988,6
1988-06-09,71.08160113555911,1988,6
1988-06-10,71.10025444342753,1988,6
1988-06-11,71.09477892011917,1988,6
1988-06-12,71.14640504168912,1988,6
1988-06-13,71.06490709298853,1988,6
1988-06-14,70.72623302263798,1988,6
1988-06-15,70.99471537304049,1988,6
1988-06-16,70.51496421020275,1988,6
1988-06-17,70.6858440767429,1988,6
1988-06-18,70.54756337927634,1988,6
1988-06-19,70.70899399140389,1988,6
1988-06-20,70.84458605699135,1988,6
1988-06-21,70.84687956439073,1988,6
1988-06-22,70.79242412862044,1988,6
1988-06-23,70.6228995952041,1988,6
1988-06-24,70.84018569228546,1988,6
1988-06-25,70.91606583242029,1988,6
1988-06-26,71.0218457663855,1988,6
1988-06-27,71.06245920704811,1988,6
1988-06-28,70.88774629384274,1988,6
1988-06-29,70.71029634679707,1988,6
1988-06-30,70.66130438843355,1988,6
1988-07-01,70.7485380883878,1988,7
1988-07-02,70.70038708785424,1988,7
1988-07-03,70.64560335391337,1988,7
1988-07-04,70.70123321741383,1988,7
1988-07-05,70.6876970779969,1988,7
1988-07-06,70.44799364057104,1988,7
1988-07-07,70.42981604380046,1988,7
1988-07-08,70.3969558025517,1988,7
1988-07-09,70.60153772628651,1988,7
1988-07-10,70.74138149675827,1988,7
1988-07-11,70.76455474533262,1988,7
1988-07-12,70.7410478007168,1988,7
1988-07-13,70.58183544300924,1988,7
1988-07-14,70.44966358116282,1988,7
1988-07-15,70.50988559844147,1988,7
1988-07-16,70.55520551875908,1988,7
1988-07-17,70.59053789381801,1988,7
1988-07-18,70.63341642657888,1988,7
1988-07-19,70.6654483742437,1988,7
1988-07-20,70.81059565018955,1988,7
1988-07-21,70.87680170126468,1988,7
1988-07-22,70.57936934285884,1988,7
1988-07-23,70.49632816124256,1988,7
1988-07-24,70.51943276055323,1988,7
1988-07-25,70.47395741054497,1988,7
1988-07-26,70.53061178762961,1988,7
1988-07-27,70.47256287606447,1988,7
1988-07-28,70.5313678887179,1988,7
1988-07-29,70.64232829615783,1988,7
1988-07-30,70.74674476813003,1988,7
1988-07-31,70.69386705330146,1988,7
1988-08-01,70.53879939255883,1988,8
1988-08-02,70.5256099436046,1988,8
1988-08-03,70.50769677627771,1988,8
1988-08-04,70.63995810848968,1988,8
1988-08-05,70.60560186210812,1988,8
1988-08-06,70.63980243269664,1988,8
1988-08-07,70.6676749588382,1988,8
1988-08-08,70.63049787489376,1988,8
1988-08-09,70.41769291592912,1988,8
1988-08-10,70.45194185427744,1988,8
1988-08-11,70.47076275867859,1988,8
1988-08-12,70.4911590726042,1988,8
1988-08-13,70.57873064119103,1988,8
1988-08-14,70.65002778630036,1988,8
1988-08-15,70.51275058432496,1988,8
1988-08-16,70.50941205132374,1988,8
1988-08-17,70.46294147518992,1988,8
1988-08-18,70.45431915973181,1988,8
1988-08-19,70.47800612809058,1988,8
1988-08-20,70.54152737747879,1988,8
1988-08-21,70.62106593307479,1988,8
1988-08-22,70.60024670850454,1988,8
1988-08-23,70.46668845142692,1988,8
1988-08-24,70.33289177098725,1988,8
1988-08-25,70.35449832579314,1988,8
1988-08-26,70.36380831794244,1988,8
1988-08-27,70.29183277310138,1988,8
1988-08-28,70.26149016040083,1988,8
1988-08-29,70.23560171048042,1988,8
1988-08-30,70.12685575883795,1988,8
1988-08-31,70.19936915619509,1988,8
1988-09-01,70.327499464118,1988,9
1988-09-02,70.36854337965285,1988,9
1988-09-03,70.43068126334352,1988,9
1988-09-04,70.46447469089873,1988,9
1988-09-05,70.58532345082938,1988,9
1988-09-06,70.51451636307108,1988,9
1988-09-07,70.40454057802103,1988,9
1988-09-08,70.3412592222154,1988,9
1988-09-09,70.12940178052453,1988,9
1988-09-10,70.06896360670827,1988,9
1988-09-11,70.11873591499156,1988,9
1988-09-12,70.2333327290346,1988,9
1988-09-13,70.44274983559178,1988,9
1988-09-14,70.54412829653357,1988,9
1988-09-15,70.52826162934726,1988,9
1988-09-16,70.08765444746237,1988,9
1988-09-17,69.99908830766888,1988,9
1988-09-18,70.02404800506665,1988,9
1988-09-19,70.15177429577267,1988,9
1988-09-20,70.21520419074746,1988,9
1988-09-21,70.20560624629925,1988,9
1988-09-22,70.15886009230384,1988,9
1988-09-23,70.19125525851884,1988,9
1988-09-24,70.1999236430516,1988,9
1988-09-25,70.31841329115005,1988,9
1988-09-26,70.19853274230029,1988,9
1988-09-27,70.31752789228554,1988,9
1988-09-28,70.13733177104378,1988,9
1988-09-29,69.88078345604464,1988,9
1988-09-30,69.79110687195727,1988,9
1988-10-01,69.87517604232583,1988,10
1988-10-02,69.96826950236691,1988,10
1988-10-03,69.94269165947851,1988,10
1988-10-04,69.97013426869816,1988,10
1988-10-05,69.75520966719886,1988,10
1988-10-06,69.31730402980375,1988,10
1988-10-07,68.97171508340091,1988,10
1988-10-08,68.87446440821775,1988,10
1988-10-09,68.83925585655517,1988,10
1988-10-10,68.7749002274126,1988,10
1988-10-11,68.68853355449234,1988,10
1988-10-12,68.6638458151039,1988,10
1988-10-13,68.64074083960973,1988,10
1988-10-14,68.70408941327267,1988,10
1988-10-15,68.68457698024027,1988,10
1988-10-16,68.54808669136928,1988,10
1988-10-17,68.49078158723452,1988,10
1988-10-18,68.64109731108982,1988,10
1988-10-19,68.69153098127926,1988,10
1988-10-20,68.61711934465745,1988,10
1988-10-21,68.64537505330966,1988,10
1988-10-22,68.54978262098517,1988,10
1988-10-23,68.45481835330882,1988,10
1988-10-24,68.3896554005561,1988,10
1988-10-25,68.40820140198261,1988,10
1988-10-26,68.25122767179187,1988,10
1988-10-27,68.19776158833483,1988,10
1988-10-28,68.09865492331788,1988,10
1988-10-29,68.08263011842068,1988,10
1988-10-30,68.1040689395806,1988,10
1988-10-31,68.12229951776378,1988,10
1988-11-01,68.05713699340437,1988,11
1988-11-02,67.99944834317317,1988,11
1988-11-03,67.97953442206527,1988,11
1988-11-04,67.9751300576059,1988,11
1988-11-05,67.7722992179212,1988,11
1988-11-06,67.55203506691022,1988,11
1988-11-07,67.43216307741584,1988,11
1988-11-08,67.28030823934724,1988,11
1988-11-09,67.21179365559986,1988,11
1988-11-10,67.19230577151622,1988,11
1988-11-11,67.12971051386764,1988,11
1988-11-12,67.11579429315503,1988,11
1988-11-13,66.99896755389513,1988,11
1988-11-14,66.95108415137109,1988,11
1988-11-15,66.87859024887022,1988,11
1988-11-16,66.898235841043,1988,11
1988-11-17,66.76978893382704,1988,11
1988-11-18,66.75824559479909,1988,11
1988-11-19,66.7984663538073,1988,11
1988-11-20,66.71730714861211,1988,11
1988-11-21,66.62737960826851,1988,11
1988-11-22,66.6087020654895,1988,11
1988-11-23,66.77749528761083,1988,11
1988-11-24,66.86172326578166,1988,11
1988-11-25,66.85996192809591,1988,11
1988-11-26,66.54827525953372,1988,11
1988-11-27,66.3610575213466,1988,11
1988-11-28,66.21185050018853,1988,11
1988-11-29,65.9983894345303,1988,11
1988-11-30,65.8508693706792,1988,11
1988-12-01,66.21045990878721,1988,12
1988-12-02,66.05365062596067,1988,12
1988-12-03,66.28079964439254,1988,12
1988-12-04,66.27092822274673,1988,12
1988-12-05,66.09198810360492,1988,12
1988-12-06,66.05287294638359,1988,12
1988-12-07,65.91071208891849,1988,12
1988-12-08,65.82265737305592,1988,12
1988-12-09,65.9625620770785,1988,12
1988-12-10,66.03850886815468,1988,12
1988-12-11,66.16921467396088,1988,12
1988-12-12,66.38805412004884,1988,12
1988-12-13,66.48053278481696,1988,12
1988-12-14,66.31157113450192,1988,12
1988-12-15,66.19881255371251,1988,12
1988-12-16,66.02368963598383,1988,12
1988-12-17,66.09438965716063,1988,12
1988-12-18,66.11283834261326,1988,12
1988-12-19,66.29872242972132,1988,12
1988-12-20,66.39985323529292,1988,12
1988-12-21,66.25401919659565,1988,12
1988-12-22,66.09606562484858,1988,12
1988-12-23,66.15319497219318,1988,12
1988-12-24,66.195024288049,1988,12
1988-12-25,66.24157268488501,1988,12
1988-12-26,65.82679308748067,1988,12
1988-12-27,65.72504349252455,1988,12
1988-12-28,65.57453063737188,1988,12
1988-12-29,65.53671609666277,1988,12
1988-12-30,65.5050981489617,1988,12
1988-12-31,65.50186161190888,1988,12
1989-01-01,65.68529362047376,1989,1
1989-01-02,66.00926388211104,1989,1
1989-01-03,66.00820420916256,1989,1
1989-01-04,65.8210720875432,1989,1
1989-01-05,65.83010881314485,1989,1
1989-01-06,66.04609995146382,1989,1
1989-01-07,66.18522303520156,1989,1
1989-01-08,65.99062813572814,1989,1
1989-01-09,65.39194835484285,1989,1
1989-01-10,65.50377947959208,1989,1
1989-01-11,64.61650859800241,1989,1
1989-01-12,64.38992426926326,1989,1
1989-01-13,64.47266424893583,1989,1
1989-01-14,64.79377140944992,1989,1
1989-01-15,64.83177489970177,1989,1
1989-01-16,65.00064064852211,1989,1
1989-01-17,65.13414518871328,1989,1
1989-01-18,65.09666378485197,1989,1
1989-01-19,64.98555414037112,1989,1
1989-01-20,65.16734344587755,1989,1
1989-01-21,65.19676057558011,1989,1
1989-01-22,64.91542599942278,1989,1
1989-01-23,64.92849487909754,1989,1
1989-01-24,64.89388091633973,1989,1
1989-01-25,64.9427638513323,1989,1
1989-01-26,65.2723992543935,1989,1
1989-01-27,65.40310576035267,1989,1
1989-01-28,65.41223328239023,1989,1
1989-01-29,65.36359241842513,1989,1
1989-01-30,65.47670483613105,1989,1
1989-01-31,65.75161893428441,1989,1
1989-02-01,65.75350877311483,1989,2
1989-02-02,65.85021053331322,1989,2
1989-02-03,65.91232985100055,1989,2
1989-02-04,65.98551761057404,1989,2
1989-02-05,66.30878401996723,1989,2
1989-02-06,66.36950364279814,1989,2
1989-02-07,66.0230856675944,1989,2
1989-02-08,65.70599457108636,1989,2
1989-02-09,65.50455204660915,1989,2
1989-02-10,65.49285784627199,1989,2
1989-02-11,65.50882919261299,1989,2
1989-02-12,65.45666988099012,1989,2
1989-02-13,65.89017795649964,1989,2
1989-02-14,66.33626431043812,1989,2
1989-02-15,66.3572796627865,1989,2
1989-02-16,66.40212383536387,1989,2
1989-02-17,66.28460345445815,1989,2
1989-02-18,66.20757676113992,1989,2
1989-02-19,65.72592830782193,1989,2
1989-02-20,65.33198001044165,1989,2
1989-02-21,65.52447620587004,1989,2
1989-02-22,65.84129385109074,1989,2
1989-02-23,66.05099295697059,1989,2
1989-02-24,66.1164041940409,1989,2
1989-02-25,66.43305005015897,1989,2
1989-02-26,66.75051664257059,1989,2
1989-02-27,67.0402733345249,1989,2
1989-02-28,66.87463388705135,1989,2
1989-03-01,66.7941825214898,1989,3
1989-03-02,66.5976023503341,1989,3
1989-03-03,66.5083369405543,1989,3
1989-03-04,66.47621002304368,1989,3
1989-03-05,66.63588398833137,1989,3
1989-03-06,66.9444473399731,1989,3
1989-03-07,67.2371043752135,1989,3
1989-03-08,67.48604492054511,1989,3
1989-03-09,67.70978585370713,1989,3
1989-03-10,67.89324220977969,1989,3
1989-03-11,67.53826727771204,1989,3
1989-03-12,67.29061149219254,1989,3
1989-03-13,67.8029974042273,1989,3
1989-03-14,67.62122209712672,1989,3
1989-03-15,67.58322598973633,1989,3
1989-03-16,67.6316469022513,1989,3
1989-03-17,67.7885937151385,1989,3
1989-03-18,68.1040606179455,1989,3
1989-03-19,68.17922712930294,1989,3
1989-03-20,68.33516973548116,1989,3
1989-03-21,68.7102894931414,1989,3
1989-03-22,68.86670344863566,1989,3
1989-03-23,68.65504532616711,1989,3
1989-03-24,68.47955837721848,1989,3
1989-03-25,68.59284650213064,1989,3
1989-03-26,68.56670156481216,1989,3
1989-03-27,68.32552053524238,1989,3
1989-03-28,67.96860988204936,1989,3
1989-03-29,67.73760698287674,1989,3
1989-03-30,68.03915877885329,1989,3
1989-03-31,68.43480399885432,1989,3
1989-04-01,68.79768110043928,1989,4
1989-04-02,68.45298739233829,1989,4
1989-04-03,68.29087860547357,1989,4
1989-04-04,68.14498347377811,1989,4
1989-04-05,67.98549083230216,1989,4
1989-04-06,67.91888804315614,1989,4
1989-04-07,68.1528355545983,1989,4
1989-04-08,68.6152062947845,1989,4
1989-04-09,68.92504875809487,1989,4
1989-04-10,68.9372636897326,1989,4
1989-04-11,68.81872638369498,1989,4
1989-04-12,68.63037533755225,1989,4
1989-04-13,68.75780040101273,1989,4
1989-04-14,69.00115055995599,1989,4
1989-04-15,69.28898958605548,1989,4
1989-04-16,69.45700707100413,1989,4
1989-04-17,69.62233767731365,1989,4
1989-04-18,69.5070083843163,1989,4
1989-04-19,69.67767334713453,1989,4
1989-04-20,69.61155540454703,1989,4
1989-04-21,69.50270118771375,1989,4
1989-04-22,69.9685409194183,1989,4
1989-04-23,69.98703460789875,1989,4
1989-04-24,70.13708079659287,1989,4
1989-04-25,69.9376432706827,1989,4
1989-04-26,69.78738668172514,1989,4
1989-04-27,69.90839473380139,1989,4
1989-04-28,69.9250255912341,1989,4
1989-04-29,69.8131342587229,1989,4
1989-04-30,69.77650640319733,1989,4
1989-05-01,70.23569159199782,1989,5
1989-05-02,70.50049134445663,1989,5
1989-05-03,70.36207043031423,1989,5
1989-05-04,70.2555370235056,1989,5
1989-05-05,69.97710570064794,1989,5
1989-05-06,69.91259997672284,1989,5
1989-05-07,69.92278254208273,1989,5
1989-05-08,69.760322097054,1989,5
1989-05-09,69.75548668490735,1989,5
1989-05-10,70.16375905481846,1989,5
1989-05-11,70.55858485757722,1989,5
1989-05-12,70.64853527237545,1989,5
1989-05-13,70.684819784746,1989,5
1989-05-14,70.45967458493342,1989,5
1989-05-15,70.52450867374905,1989,5
1989-05-16,71.01070199903508,1989,5
1989-05-17,71.0587376090463,1989,5
1989-05-18,71.00118418022103,1989,5
1989-05-19,70.86439096757228,1989,5
1989-05-20,70.81759861006809,1989,5
1989-05-21,70.70741464566605,1989,5
1989-05-22,70.72021700954686,1989,5
1989-05-23,71.0482938742572,1989,5
1989-05-24,71.09800385863178,1989,5
1989-05-25,70.75369873888911,1989,5
1989-05-26,70.64615433784604,1989,5
1989-05-27,70.48808072925577,1989,5
1989-05-28,70.61869034534332,1989,5
1989-05-29,70.83296433634528,1989,5
1989-05-30,70.9921272832596,1989,5
1989-05-31,70.76079956811405,1989,5
1989-06-01,70.8301746554031,1989,6
1989-06-02,70.92400131398686,1989,6
1989-06-03,71.06913584776969,1989,6
1989-06-04,70.8733398474635,1989,6
1989-06-05,70.44395340346279,1989,6
1989-06-06,70.70257782162122,1989,6
1989-06-07,70.31604850118197,1989,6
1989-06-08,70.59081489138752,1989,6
1989-06-09,70.78729569859482,1989,6
1989-06-10,70.84546987187744,1989,6
1989-06-11,70.72793186771756,1989,6
1989-06-12,70.68348662091923,1989,6
1989-06-13,70.68045868159187,1989,6
1989-06-14,70.49005294083071,1989,6
1989-06-15,70.30356305551531,1989,6
1989-06-16,70.34922854489342,1989,6
1989-06-17,70.23649740100484,1989,6
1989-06-18,70.18356389963506,1989,6
1989-06-19,70.32063466206239,1989,6
1989-06-20,70.4480511515715,1989,6
1989-06-21,70.49163070546044,1989,6
1989-06-22,70.46311091422938,1989,6
1989-06-23,70.47448670518502,1989,6
1989-06-24,70.59510171086076,1989,6
1989-06-25,70.56775948752198,1989,6
1989-06-26,70.68199701191092,1989,6
1989-06-27,70.65907593739549,1989,6
1989-06-28,70.55850287769701,1989,6
1989-06-29,70.61380807797029,1989,6
1989-06-30,70.55755039157009,1989,6
1989-07-01,70.55151018987189,1989,7
1989-07-02,70.28339448569128,1989,7
1989-07-03,70.12989112132297,1989,7
1989-07-04,70.25064667066661,1989,7
1989-07-05,70.4833340800596,1989,7
1989-07-06,70.42692459542896,1989,7
1989-07-07,70.41503286359949,1989,7
1989-07-08,70.49256393854057,1989,7
1989-07-09,70.52491656294788,1989,7
1989-07-10,70.69996182577317,1989,7
1989-07-11,70.88011830756359,1989,7
1989-07-12,70.77787203794334,1989,7
1989-07-13,70.47279394815486,1989,7
1989-07-14,70.3651206696213,1989,7
1989-07-15,70.31433060624039,1989,7
1989-07-16,70.30958143545378,1989,7
1989-07-17,70.40270336064273,1989,7
1989-07-18,70.66828374003921,1989,7
1989-07-19,70.72186148711617,1989,7
1989-07-20,70.81852837353682,1989,7
1989-07-21,70.52532292780596,1989,7
1989-07-22,70.5036571588731,1989,7
1989-07-23,70.59549566131581,1989,7
1989-07-24,70.57483417484453,1989,7
1989-07-25,70.48345183226327,1989,7
1989-07-26,70.64024063715286,1989,7
1989-07-27,70.71619768611514,1989,7
1989-07-28,70.55347877973936,1989,7
1989-07-29,70.38961425021323,1989,7
1989-07-30,70.11911220978097,1989,7
1989-07-31,70.15289559333536,1989,7
1989-08-01,70.22525528203306,1989,8
1989-08-02,70.17215911289786,1989,8
1989-08-03,70.21437299830698,1989,8
1989-08-04,70.30880542564896,1989,8
1989-08-05,70.34746381944339,1989,8
1989-08-06,70.25228746962968,1989,8
1989-08-07,70.37801289098331,1989,8
1989-08-08,70.38990036458603,1989,8
1989-08-09,70.45392806593559,1989,8
1989-08-10,70.44901317101832,1989,8
1989-08-11,70.3320777395083,1989,8
1989-08-12,70.28517984100245,1989,8
1989-08-13,70.34732500613204,1989,8
1989-08-14,70.32555757941431,1989,8
1989-08-15,70.34317483778254,1989,8
1989-08-16,70.26993433115987,1989,8
1989-08-17,70.35626704288855,1989,8
1989-08-18,70.3716102746948,1989,8
1989-08-19,70.51217187942757,1989,8
1989-08-20,70.5613556946329,1989,8
1989-08-21,70.50484369538098,1989,8
1989-08-22,70.3969338682383,1989,8
1989-08-23,70.28314038609045,1989,8
1989-08-24,70.36179397434314,1989,8
1989-08-25,70.38629461362652,1989,8
1989-08-26,70.41466974118276,1989,8
1989-08-27,70.28910428462324,1989,8
1989-08-28,70.10434873598744,1989,8
1989-08-29,70.20384924472737,1989,8
1989-08-30,70.19946297429533,1989,8
1989-08-31,70.13714295916908,1989,8
1989-09-01,70.11580919408429,1989,9
1989-09-02,70.04961171984263,1989,9
1989-09-03,70.18531322975996,1989,9
1989-09-04,70.25763232818454,1989,9
1989-09-05,70.12352570544802,1989,9
1989-09-06,70.03948633264271,1989,9
1989-09-07,70.058867716909,1989,9
1989-09-08,70.04413752609977,1989,9
1989-09-09,70.13388101121588,1989,9
1989-09-10,70.17786699092578,1989,9
1989-09-11,70.04528205578877,1989,9
1989-09-12,69.99641486584179,1989,9
1989-09-13,70.00549499783291,1989,9
1989-09-14,69.997499158666,1989,9
1989-09-15,70.04416756787504,1989,9
1989-09-16,70.20820817976863,1989,9
1989-09-17,70.29534684109035,1989,9
1989-09-18,70.28315343827785,1989,9
1989-09-19,70.2755957211164,1989,9
1989-09-20,70.25464736892688,1989,9
1989-09-21,70.16049019831645,1989,9
1989-09-22,70.11674989743103,1989,9
1989-09-23,70.0830065247357,1989,9
1989-09-24,69.99850005226942,1989,9
1989-09-25,69.79241462987707,1989,9
1989-09-26,69.77429898884839,1989,9
1989-09-27,69.63672920838326,1989,9
1989-09-28,69.60244173348474,1989,9
1989-09-29,69.5852141256219,1989,9
1989-09-30,69.5560192389638,1989,9
1989-10-01,69.55010828019962,1989,10
1989-10-02,69.6064002322265,1989,10
1989-10-03,69.58802078691745,1989,10
1989-10-04,69.52376365466604,1989,10
1989-10-05,69.49347049293647,1989,10
1989-10-06,69.46275605361635,1989,10
1989-10-07,69.46000561805532,1989,10
1989-10-08,69.46366279919417,1989,10
1989-10-09,69.37097807463932,1989,10
1989-10-10,69.32180761719748,1989,10
1989-10-11,69.31913342891957,1989,10
1989-10-12,69.23103077337842,1989,10
1989-10-13,69.19205888792641,1989,10
1989-10-14,69.14332654175227,1989,10
1989-10-15,69.05661905191423,1989,10
1989-10-16,68.7861299790487,1989,10
1989-10-17,68.49175054007368,1989,10
1989-10-18,68.2418785020916,1989,10
1989-10-19,68.22258301151552,1989,10
1989-10-20,68.0994357404443,1989,10
1989-10-21,68.04670907110766,1989,10
1989-10-22,68.12063851858329,1989,10
1989-10-23,68.18216145207384,1989,10
1989-10-24,68.27402755026083,1989,10
1989-10-25,68.37926622075251,1989,10
1989-10-26,68.39561262407118,1989,10
1989-10-27,68.30343815926695,1989,10
1989-10-28,68.23044193022335,1989,10
1989-10-29,68.1657510040071,1989,10
1989-10-30,68.03302995219073,1989,10
1989-10-31,67.99776532497467,1989,10
1989-11-01,67.81927941867262,1989,11
1989-11-02,67.77788820329454,1989,11
1989-11-03,67.77480242783633,1989,11
1989-11-04,67.81031698581663,1989,11
1989-11-05,67.6896532946781,1989,11
1989-11-06,67.42302568695645,1989,11
1989-11-07,67.0747868512221,1989,11
1989-11-08,66.86239835146728,1989,11
1989-11-09,66.86798694922649,1989,11
1989-11-10,67.0231273773385,1989,11
1989-11-11,67.29313489160894,1989,11
1989-11-12,67.4946530388539,1989,11
1989-11-13,67.52525544891687,1989,11
1989-11-14,67.68712328585295,1989,11
1989-11-15,67.43022044367655,1989,11
1989-11-16,67.31803925712259,1989,11
1989-11-17,67.15338106524536,1989,11
1989-11-18,67.11754315691506,1989,11
1989-11-19,67.14611917919157,1989,11
1989-11-20,67.10769745912819,1989,11
1989-11-21,66.93396069609798,1989,11
1989-11-22,66.78708764327769,1989,11
1989-11-23,66.92101115165015,1989,11
1989-11-24,67.07887481323962,1989,11
1989-11-25,66.98428577182791,1989,11
1989-11-26,66.91650253916832,1989,11
1989-11-27,66.86211429008775,1989,11
1989-11-28,66.65367163616564,1989,11
1989-11-29,66.53889795157447,1989,11
1989-11-30,66.45547828880986,1989,11
1989-12-01,66.43990895792473,1989,12
1989-12-02,66.42164054563976,1989,12
1989-12-03,66.19475475901059,1989,12
1989-12-04,65.97768669684707,1989,12
1989-12-05,65.72949688188784,1989,12
1989-12-06,65.6144376793238,1989,12
1989-12-07,65.57623299214745,1989,12
1989-12-08,65.7151378745746,1989,12
1989-12-09,65.7140629616552,1989,12
1989-12-10,65.79482463109765,1989,12
1989-12-11,65.95059228617107,1989,12
1989-12-12,65.93578668465395,1989,12
1989-12-13,65.87371288471206,1989,12
1989-12-14,65.82130147258819,1989,12
1989-12-15,65.70027123951769,1989,12
1989-12-16,65.58173402754079,1989,12
1989-12-17,65.51063492268781,1989,12
1989-12-18,65.59836036496593,1989,12
1989-12-19,65.81705885765646,1989,12
1989-12-20,66.11107409214455,1989,12
1989-12-21,66.19562609624528,1989,12
1989-12-22,66.28741910070299,1989,12
1989-12-23,66.31435697842781,1989,12
1989-12-24,66.19777135181656,1989,12
1989-12-25,66.07753315262843,1989,12
1989-12-26,66.02331311257704,1989,12
1989-12-27,65.64994996712096,1989,12
1989-12-28,65.39369192789499,1989,12
1989-12-29,65.51134957129764,1989,12
1989-12-30,65.66389787819767,1989,12
1989-12-31,65.69406741759556,1989,12
1990-01-01,66.45690028968458,1990,1
1990-01-02,66.41036581055786,1990,1
1990-01-03,66.25474690329995,1990,1
1990-01-04,66.47167749360632,1990,1
1990-01-05,66.7424776055736,1990,1
1990-01-06,66.87568381621723,1990,1
1990-01-07,66.94068849183465,1990,1
1990-01-08,66.98788213591197,1990,1
1990-01-09,66.91648260029166,1990,1
1990-01-10,66.71945178789053,1990,1
1990-01-11,66.71313812469357,1990,1
1990-01-12,66.64780563443402,1990,1
1990-01-13,66.6605710016141,1990,1
1990-01-14,66.75626238945446,1990,1
1990-01-15,66.67772375155695,1990,1
1990-01-16,66.64610231044763,1990,1
1990-01-17,66.81972716699926,1990,1
1990-01-18,67.10949621912788,1990,1
1990-01-19,67.24672040863774,1990,1
1990-01-20,67.40061512856799,1990,1
1990-01-21,67.51378207751918,1990,1
1990-01-22,67.56732387588319,1990,1
1990-01-23,67.6656098118408,1990,1
1990-01-24,67.51330125492484,1990,1
1990-01-25,67.41599465734352,1990,1
1990-01-26,67.34059744626478,1990,1
1990-01-27,67.60279474294734,1990,1
1990-01-28,67.59573230349169,1990,1
1990-01-29,67.44343367091493,1990,1
1990-01-30,67.335193496816,1990,1
1990-01-31,67.3277886853824,1990,1
1990-02-01,67.27256411765111,1990,2
1990-02-02,67.0145201936756,1990,2
1990-02-03,66.5659649026523,1990,2
1990-02-04,66.62676319552791,1990,2
1990-02-05,66.81280616147761,1990,2
1990-02-06,67.16350085999693,1990,2
1990-02-07,67.60886750290312,1990,2
1990-02-08,67.9080824805656,1990,2
1990-02-09,68.71098495140099,1990,2
1990-02-10,68.25697087950806,1990,2
1990-02-11,67.81199939437222,1990,2
1990-02-12,68.10551103446328,1990,2
1990-02-13,68.5731548915186,1990,2
1990-02-14,68.22757164991215,1990,2
1990-02-15,67.90222133503492,1990,2
1990-02-16,67.55258619816696,1990,2
1990-02-17,67.73203277460986,1990,2
1990-02-18,67.95845634073251,1990,2
1990-02-19,67.37754480524214,1990,2
1990-02-20,67.32454656792991,1990,2
1990-02-21,67.2349782892727,1990,2
1990-02-22,67.24157172912892,1990,2
1990-02-23,67.61580307414359,1990,2
1990-02-24,68.37482985270523,1990,2
1990-02-25,67.95833769861169,1990,2
1990-02-26,68.08647921522693,1990,2
1990-02-27,68.37748586786094,1990,2
1990-02-28,68.52120618355069,1990,2
1990-03-01,67.95366394031966,1990,3
1990-03-02,67.59251007928019,1990,3
1990-03-03,67.29802693047394,1990,3
1990-03-04,67.30239231518253,1990,3
1990-03-05,67.56888907417425,1990,3
1990-03-06,67.81419980851724,1990,3
1990-03-07,67.74093189914613,1990,3
1990-03-08,67.69867425975268,1990,3
1990-03-09,67.94366466003778,1990,3
1990-03-10,68.2036808049958,1990,3
1990-03-11,68.46901073874166,1990,3
1990-03-12,68.28653628463853,1990,3
1990-03-13,68.18270496595196,1990,3
1990-03-14,68.24363007931548,1990,3
1990-03-15,68.5564547612849,1990,3
1990-03-16,68.79765738512769,1990,3
1990-03-17,69.12388471333817,1990,3
1990-03-18,69.40933377998196,1990,3
1990-03-19,69.42042573192339,1990,3
1990-03-20,69.29405548396603,1990,3
1990-03-21,69.51414862112189,1990,3
1990-03-22,69.59274092734691,1990,3
1990-03-23,69.28307369488657,1990,3
1990-03-24,68.5897826386138,1990,3
1990-03-25,68.08192960926145,1990,3
1990-03-26,68.2777643573344,1990,3
1990-03-27,68.95498615698422,1990,3
1990-03-28,68.85653486732977,1990,3
1990-03-29,68.8978972014721,1990,3
1990-03-30,69.05060447117752,1990,3
1990-03-31,69.82040726370498,1990,3
1990-04-01,68.96306121998727,1990,4
1990-04-02,68.92182380102669,1990,4
1990-04-03,68.97484059041804,1990,4
1990-04-04,68.82266116185691,1990,4
1990-04-05,69.00755884496274,1990,4
1990-04-06,69.43451053307145,1990,4
1990-04-07,70.26013720738482,1990,4
1990-04-08,69.97400491780449,1990,4
1990-04-09,69.99318008500654,1990,4
1990-04-10,69.59029350430865,1990,4
1990-04-11,69.86659000635157,1990,4
1990-04-12,70.32560285799086,1990,4
1990-04-13,70.37184112042675,1990,4
1990-04-14,70.1513410892025,1990,4
1990-04-15,70.04596641637029,1990,4
1990-04-16,70.3028181946906,1990,4
1990-04-17,70.494680209007,1990,4
1990-04-18,70.56596520081277,1990,4
1990-04-19,70.66674657749296,1990,4
1990-04-20,70.61668153313286,1990,4
1990-04-21,70.44287502709271,1990,4
1990-04-22,70.58218558568973,1990,4
1990-04-23,70.72993070877214,1990,4
1990-04-24,70.7540132674453,1990,4
1990-04-25,70.86271550883203,1990,4
1990-04-26,70.94163511786046,1990,4
1990-04-27,71.73519052969738,1990,4
1990-04-28,71.27559261602136,1990,4
1990-04-29,71.2451696978294,1990,4
1990-04-30,71.28349155455317,1990,4
1990-05-01,70.49555843500951,1990,5
1990-05-02,70.72293938328173,1990,5
1990-05-03,70.79507650405228,1990,5
1990-05-04,70.80427503528009,1990,5
1990-05-05,70.66209886124138,1990,5
1990-05-06,70.69623240268254,1990,5
1990-05-07,70.8327729895745,1990,5
1990-05-08,70.98678409071104,1990,5
1990-05-09,71.33002179977065,1990,5
1990-05-10,71.52213697789178,1990,5
1990-05-11,71.31709798082375,1990,5
1990-05-12,71.30422174538397,1990,5
1990-05-13,71.09236419912315,1990,5
1990-05-14,71.20762947197082,1990,5
1990-05-15,71.3560791262927,1990,5
1990-05-16,71.31213998617373,1990,5
1990-05-17,71.54036102961425,1990,5
1990-05-18,71.36532748956718,1990,5
1990-05-19,71.41064591639484,1990,5
1990-05-20,71.23951509308391,1990,5
1990-05-21,71.23623947340221,1990,5
1990-05-22,71.596419035987,1990,5
1990-05-23,71.69569774624371,1990,5
1990-05-24,71.5431864480518,1990,5
1990-05-25,71.40955043037388,1990,5
1990-05-26,71.55343303627264,1990,5
1990-05-27,71.37237116179668,1990,5
1990-05-28,71.62678179755302,1990,5
1990-05-29,71.56668573214982,1990,5
1990-05-30,71.4870907365603,1990,5
1990-05-31,71.29366781919657,1990,5
1990-06-01,71.37465059229767,1990,6
1990-06-02,71.46335352137285,1990,6
1990-06-03,71.50697873230183,1990,6
1990-06-04,71.68635267381978,1990,6
1990-06-05,71.56798373502681,1990,6
1990-06-06,71.39980504924937,1990,6
1990-06-07,71.50023713776562,1990,6
1990-06-08,71.65866529709815,1990,6
1990-06-09,71.62433881763859,1990,6
1990-06-10,71.44212007483867,1990,6
1990-06-11,71.43056662556364,1990,6
1990-06-12,71.31259761525963,1990,6
1990-06-13,71.30950655539883,1990,6
1990-06-14,71.36895107614363,1990,6
1990-06-15,71.50168778555914,1990,6
1990-06-16,71.54112956460412,1990,6
1990-06-17,71.6168955816764,1990,6
1990-06-18,71.56781979696687,1990,6
1990-06-19,71.64852374575689,1990,6
1990-06-20,71.45378242753813,1990,6
1990-06-21,71.51416728645201,1990,6
1990-06-22,71.4957200759223,1990,6
1990-06-23,71.546618950478,1990,6
1990-06-24,71.61824487756877,1990,6
1990-06-25,71.59141477408885,1990,6
1990-06-26,71.61597872108122,1990,6
1990-06-27,71.56594544718057,1990,6
1990-06-28,71.4567448155725,1990,6
1990-06-29,71.46942642968648,1990,6
1990-06-30,71.50160602969133,1990,6
1990-07-01,71.41445772196242,1990,7
1990-07-02,72.18204184677454,1990,7
1990-07-03,71.15280314347866,1990,7
1990-07-04,71.13271045479156,1990,7
1990-07-05,71.13066789780028,1990,7
1990-07-06,71.17835784939054,1990,7
1990-07-07,71.38717643970516,1990,7
1990-07-08,71.2196541000347,1990,7
1990-07-09,71.34471345450291,1990,7
1990-07-10,71.34439942469942,1990,7
1990-07-11,71.72851766480122,1990,7
1990-07-12,71.20519138964738,1990,7
1990-07-13,71.15394596805419,1990,7
1990-07-14,71.29263008357005,1990,7
1990-07-15,71.26244429327824,1990,7
1990-07-16,71.17262751184361,1990,7
1990-07-17,71.16374476830259,1990,7
1990-07-18,71.2073528048235,1990,7
1990-07-19,71.08459009195047,1990,7
1990-07-20,71.06512686745424,1990,7
1990-07-21,71.00967790346776,1990,7
1990-07-22,71.12775053215434,1990,7
1990-07-23,71.2497136116299,1990,7
1990-07-24,71.18194075794158,1990,7
1990-07-25,71.21085268660319,1990,7
1990-07-26,71.2120012384098,1990,7
1990-07-27,71.2194938460696,1990,7
1990-07-28,71.12145507748409,1990,7
1990-07-29,71.1519163618628,1990,7
1990-07-30,71.20655109904776,1990,7
1990-07-31,71.32571616685603,1990,7
1990-08-01,71.33351575963468,1990,8
1990-08-02,71.1141940601353,1990,8
1990-08-03,71.06690266456754,1990,8
1990-08-04,71.15275732744072,1990,8
1990-08-05,71.19463184808423,1990,8
1990-08-06,71.19291175563407,1990,8
1990-08-07,71.08936249441099,1990,8
1990-08-08,71.08692987238818,1990,8
1990-08-09,71.09384439729364,1990,8
1990-08-10,71.11129517958994,1990,8
1990-08-11,71.23563287663066,1990,8
1990-08-12,71.16637598368244,1990,8
1990-08-13,71.01441322140316,1990,8
1990-08-14,71.01582017944384,1990,8
1990-08-15,71.10724401809199,1990,8
1990-08-16,71.23702573865552,1990,8
1990-08-17,71.14999954102191,1990,8
1990-08-18,71.20734084569756,1990,8
1990-08-19,71.29684141670654,1990,8
1990-08-20,71.32423410460486,1990,8
1990-08-21,71.27904852184838,1990,8
1990-08-22,71.22727409741984,1990,8
1990-08-23,71.1496115703016,1990,8
1990-08-24,71.21921282732347,1990,8
1990-08-25,71.1021772844415,1990,8
1990-08-26,71.1909558301031,1990,8
1990-08-27,71.13890507538582,1990,8
1990-08-28,71.0787427657994,1990,8
1990-08-29,71.05753154874071,1990,8
1990-08-30,71.04407022892522,1990,8
1990-08-31,71.12545278522866,1990,8
1990-09-01,71.32917452144677,1990,9
1990-09-02,71.37936163641176,1990,9
1990-09-03,71.08404362448312,1990,9
1990-09-04,70.97002215505985,1990,9
1990-09-05,70.9011465820654,1990,9
1990-09-06,70.94114834523306,1990,9
1990-09-07,70.91822180672415,1990,9
1990-09-08,71.65898836545205,1990,9
1990-09-09,71.06072587142134,1990,9
1990-09-10,71.008294440992,1990,9
1990-09-11,70.96504894938596,1990,9
1990-09-12,70.94547840558204,1990,9
1990-09-13,70.97203557131668,1990,9
1990-09-14,70.95036088032396,1990,9
1990-09-15,70.9322829926357,1990,9
1990-09-16,70.94823907733328,1990,9
1990-09-17,70.88519487534157,1990,9
1990-09-18,70.69175628055342,1990,9
1990-09-19,70.70087587984817,1990,9
1990-09-20,70.68124620447009,1990,9
1990-09-21,70.79622608967716,1990,9
1990-09-22,70.82786249990501,1990,9
1990-09-23,70.92647979200946,1990,9
1990-09-24,70.80229453097425,1990,9
1990-09-25,70.72576438192444,1990,9
1990-09-26,70.59900181179007,1990,9
1990-09-27,70.70226412742451,1990,9
1990-09-28,70.65212442664608,1990,9
1990-09-29,70.56447167489782,1990,9
1990-09-30,70.59730748703825,1990,9
1990-10-01,70.41771567843372,1990,10
1990-10-02,70.39291731410265,1990,10
1990-10-03,70.45985282283222,1990,10
1990-10-04,70.38090687106468,1990,10
1990-10-05,70.40316024567822,1990,10
1990-10-06,70.48963596440446,1990,10
1990-10-07,70.50080753144411,1990,10
1990-10-08,70.65929271364777,1990,10
1990-10-09,70.20632101498315,1990,10
1990-10-10,70.1184331487322,1990,10
1990-10-11,70.13254228344462,1990,10
1990-10-12,70.15406897353002,1990,10
1990-10-13,70.0490177648758,1990,10
1990-10-14,69.80558934621985,1990,10
1990-10-15,69.67684503929428,1990,10
1990-10-16,69.41768339278482,1990,10
1990-10-17,69.37374964692643,1990,10
1990-10-18,69.34539776261691,1990,10
1990-10-19,69.19335231578856,1990,10
1990-10-20,69.15592480056239,1990,10
1990-10-21,69.0581455039997,1990,10
1990-10-22,68.97422126856829,1990,10
1990-10-23,68.99365524665514,1990,10
1990-10-24,68.98453043327008,1990,10
1990-10-25,68.98858376515525,1990,10
1990-10-26,69.00086982972763,1990,10
1990-10-27,68.96596115132017,1990,10
1990-10-28,68.94630290533735,1990,10
1990-10-29,68.91216627001927,1990,10
1990-10-30,68.83317301870032,1990,10
1990-10-31,68.74576586465415,1990,10
1990-11-01,68.98441239077515,1990,11
1990-11-02,68.48200301580319,1990,11
1990-11-03,68.4958655891273,1990,11
1990-11-04,68.649501081835,1990,11
1990-11-05,68.73935141122223,1990,11
1990-11-06,68.80619889290654,1990,11
1990-11-07,68.79212125130913,1990,11
1990-11-08,68.5964159775025,1990,11
1990-11-09,68.35893197614358,1990,11
1990-11-10,68.28873036758954,1990,11
1990-11-11,68.18349120406519,1990,11
1990-11-12,68.08355272258827,1990,11
1990-11-13,68.20028570046294,1990,11
1990-11-14,68.42796146568547,1990,11
1990-11-15,68.5481347822574,1990,11
1990-11-16,68.45144637376319,1990,11
1990-11-17,68.27688364990978,1990,11
1990-11-18,68.18263545504522,1990,11
1990-11-19,68.189628612948,1990,11
1990-11-20,68.30459136286458,1990,11
1990-11-21,68.16132123670806,1990,11
1990-11-22,68.13650063782197,1990,11
1990-11-23,68.07231106522848,1990,11
1990-11-24,68.22383629833789,1990,11
1990-11-25,68.12624885661563,1990,11
1990-11-26,68.01438235434296,1990,11
1990-11-27,67.93616045362828,1990,11
1990-11-28,67.8649197190768,1990,11
1990-11-29,67.61371217478661,1990,11
1990-11-30,67.30488656676609,1990,11
1990-12-01,67.40750458384593,1990,12
1990-12-02,67.41603531557827,1990,12
1990-12-03,67.43234671445514,1990,12
1990-12-04,67.60672771480866,1990,12
1990-12-05,67.65717063898448,1990,12
1990-12-06,67.42197018853633,1990,12
1990-12-07,67.16203869635801,1990,12
1990-12-08,67.49822469788656,1990,12
1990-12-09,67.63097479581387,1990,12
1990-12-10,67.11624340220429,1990,12
1990-12-11,67.0544140546538,1990,12
1990-12-12,67.05861560180243,1990,12
1990-12-13,66.87149062474529,1990,12
1990-12-14,66.93902983712586,1990,12
1990-12-15,66.87805356690066,1990,12
1990-12-16,66.95663759933717,1990,12
1990-12-17,67.22553017858706,1990,12
1990-12-18,67.13914241402648,1990,12
1990-12-19,66.82691448897305,1990,12
1990-12-20,66.50544180183941,1990,12
1990-12-21,66.44883356831642,1990,12
1990-12-22,66.45373438014906,1990,12
1990-12-23,66.74212867879591,1990,12
1990-12-24,66.77101167417248,1990,12
1990-12-25,66.81400279930293,1990,12
1990-12-26,66.9011144450261,1990,12
1990-12-27,66.65443616276028,1990,12
1990-12-28,66.77767420430072,1990,12
1990-12-29,67.09121590848967,1990,12
1990-12-30,66.65174443447331,1990,12
1990-12-31,66.28016292077217,1990,12
1991-01-01,65.41796533883907,1991,1
1991-01-02,65.2203036431055,1991,1
1991-01-03,64.83346188139502,1991,1
1991-01-04,64.67201333585069,1991,1
1991-01-05,64.87339425704155,1991,1
1991-01-06,65.1652603918045,1991,1
1991-01-07,65.6380766768409,1991,1
1991-01-08,65.91768798297424,1991,1
1991-01-09,65.76191862459655,1991,1
1991-01-10,65.75336370558934,1991,1
1991-01-11,65.87978577292702,1991,1
1991-01-12,65.89987762195629,1991,1
1991-01-13,65.69254072929725,1991,1
1991-01-14,65.35591151563483,1991,1
1991-01-15,65.20421563589325,1991,1
1991-01-16,65.48921334549229,1991,1
1991-01-17,65.57645769436829,1991,1
1991-01-18,65.60243940152814,1991,1
1991-01-19,65.53682984722948,1991,1
1991-01-20,65.39577430422992,1991,1
1991-01-21,65.49305524202072,1991,1
1991-01-22,65.58018135139642,1991,1
1991-01-23,65.85426832495189,1991,1
1991-01-24,65.963125870164,1991,1
1991-01-25,66.13958945130945,1991,1
1991-01-26,66.36774491684514,1991,1
1991-01-27,66.39673495225654,1991,1
1991-01-28,66.51921229407608,1991,1
1991-01-29,66.45905471699778,1991,1
1991-01-30,66.451465632108,1991,1
1991-01-31,66.40528913563674,1991,1
1991-02-01,66.56158807656526,1991,2
1991-02-02,66.58296024745549,1991,2
1991-02-03,66.43762214429512,1991,2
1991-02-04,66.27543511138215,1991,2
1991-02-05,66.23144087255456,1991,2
1991-02-06,66.5459675622872,1991,2
1991-02-07,66.6878197444345,1991,2
1991-02-08,66.88019666259208,1991,2
1991-02-09,66.99009331916831,1991,2
1991-02-10,67.13099121984975,1991,2
1991-02-11,67.26508199251519,1991,2
1991-02-12,66.92718023112087,1991,2
1991-02-13,66.572372713648,1991,2
1991-02-14,66.48810727109169,1991,2
1991-02-15,66.3990583348588,1991,2
1991-02-16,66.20356982500721,1991,2
1991-02-17,66.19026594406171,1991,2
1991-02-18,66.25788602141728,1991,2
1991-02-19,66.2950692986826,1991,2
1991-02-20,66.60528020049797,1991,2
1991-02-21,66.86190016292247,1991,2
1991-02-22,67.23714048383219,1991,2
1991-02-23,67.59416869679272,1991,2
1991-02-24,67.64271294021407,1991,2
1991-02-25,67.8229473374241,1991,2
1991-02-26,67.83054989941222,1991,2
1991-02-27,67.31260842063465,1991,2
1991-02-28,67.41306626507723,1991,2
1991-03-01,67.31570694390754,1991,3
1991-03-02,67.39310504090541,1991,3
1991-03-03,67.61802725722578,1991,3
1991-03-04,67.97144327376712,1991,3
1991-03-05,67.9077492217763,1991,3
1991-03-06,67.54673488053747,1991,3
1991-03-07,67.48996116119038,1991,3
1991-03-08,67.61101102158892,1991,3
1991-03-09,67.97753638327082,1991,3
1991-03-10,68.2268026039324,1991,3
1991-03-11,68.14989431460212,1991,3
1991-03-12,68.15568496126785,1991,3
1991-03-13,68.23119995864997,1991,3
1991-03-14,68.11822214349186,1991,3
1991-03-15,68.12661476653476,1991,3
1991-03-16,68.25766114869604,1991,3
1991-03-17,68.4559819962283,1991,3
1991-03-18,68.76628445717192,1991,3
1991-03-19,68.66982240737272,1991,3
1991-03-20,68.58850527153331,1991,3
1991-03-21,68.79686654280808,1991,3
1991-03-22,68.80277076944489,1991,3
1991-03-23,68.41931686470511,1991,3
1991-03-24,68.00208300282411,1991,3
1991-03-25,67.89181259553281,1991,3
1991-03-26,68.23352223637788,1991,3
1991-03-27,68.77114450284184,1991,3
1991-03-28,69.0367517222042,1991,3
1991-03-29,69.28514019699433,1991,3
1991-03-30,69.45707487990846,1991,3
1991-03-31,70.09359663508347,1991,3
1991-04-01,69.92110960354614,1991,4
1991-04-02,70.25850650700266,1991,4
1991-04-03,69.59242389623282,1991,4
1991-04-04,69.39240412154635,1991,4
1991-04-05,69.44862283694344,1991,4
1991-04-06,69.39095748790187,1991,4
1991-04-07,69.17584937181186,1991,4
1991-04-08,69.15876911635915,1991,4
1991-04-09,69.08737361372438,1991,4
1991-04-10,68.86051715948471,1991,4
1991-04-11,68.83280731434908,1991,4
1991-04-12,69.16638210447637,1991,4
1991-04-13,69.58702636104523,1991,4
1991-04-14,69.53442836450962,1991,4
1991-04-15,69.5816606592004,1991,4
1991-04-16,69.44222606625938,1991,4
1991-04-17,69.21739045823851,1991,4
1991-04-18,68.98703072890932,1991,4
1991-04-19,68.95160212940405,1991,4
1991-04-20,68.96629751387367,1991,4
1991-04-21,69.36135111494073,1991,4
1991-04-22,69.78407572169853,1991,4
1991-04-23,69.90507890535028,1991,4
1991-04-24,69.91828139415813,1991,4
1991-04-25,69.88307467939723,1991,4
1991-04-26,70.02997642077882,1991,4
1991-04-27,70.00582486827763,1991,4
1991-04-28,70.19628921478753,1991,4
1991-04-29,70.36508212657861,1991,4
1991-04-30,70.38476885327665,1991,4
1991-05-01,70.64542776559149,1991,5
1991-05-02,70.61056190069642,1991,5
1991-05-03,70.45241444706117,1991,5
1991-05-04,70.57689430516639,1991,5
1991-05-05,70.75638840835829,1991,5
1991-05-06,70.69456322744811,1991,5
1991-05-07,70.7781497673706,1991,5
1991-05-08,70.85510994155774,1991,5
1991-05-09,70.70746614335145,1991,5
1991-05-10,70.54488320276205,1991,5
1991-05-11,70.30671838126062,1991,5
1991-05-12,70.23654969367676,1991,5
1991-05-13,70.45423363055767,1991,5
1991-05-14,70.63884859086187,1991,5
1991-05-15,70.65284111566699,1991,5
1991-05-16,70.65428070288624,1991,5
1991-05-17,70.82445395353521,1991,5
1991-05-18,70.93350733161864,1991,5
1991-05-19,70.92116010083743,1991,5
1991-05-20,71.00502079510825,1991,5
1991-05-21,70.88991437131662,1991,5
1991-05-22,70.69936382780476,1991,5
1991-05-23,70.66114735466263,1991,5
1991-05-24,71.11831250705136,1991,5
1991-05-25,71.17554308947827,1991,5
1991-05-26,71.18564729457705,1991,5
1991-05-27,70.91532587951261,1991,5
1991-05-28,71.15892700192077,1991,5
1991-05-29,71.16468601819336,1991,5
1991-05-30,71.00454235208295,1991,5
1991-05-31,70.91399349411952,1991,5
1991-06-01,71.08345546046525,1991,6
1991-06-02,71.14977373908198,1991,6
1991-06-03,71.02284066744532,1991,6
1991-06-04,71.28269388893756,1991,6
1991-06-05,71.33444669258985,1991,6
1991-06-06,71.23273086213582,1991,6
1991-06-07,71.25684013246479,1991,6
1991-06-08,71.06653671796242,1991,6
1991-06-09,71.11874420056047,1991,6
1991-06-10,70.70951036748922,1991,6
1991-06-11,70.72136893333024,1991,6
1991-06-12,70.53800244002777,1991,6
1991-06-13,70.74556619187693,1991,6
1991-06-14,71.0017127494008,1991,6
1991-06-15,70.96616657542681,1991,6
1991-06-16,71.05332728130045,1991,6
1991-06-17,71.23883238925781,1991,6
1991-06-18,70.97825370088975,1991,6
1991-06-19,70.67148382287309,1991,6
1991-06-20,70.62032476035425,1991,6
1991-06-21,70.78743713573992,1991,6
1991-06-22,70.93539015506015,1991,6
1991-06-23,70.97298811065477,1991,6
1991-06-24,71.03622280722387,1991,6
1991-06-25,71.16277789338295,1991,6
1991-06-26,71.11129200704232,1991,6
1991-06-27,71.04071753493034,1991,6
1991-06-28,71.10596959139805,1991,6
1991-06-29,71.17085385271683,1991,6
1991-06-30,71.15552685327384,1991,6
1991-07-01,70.99972781869063,1991,7
1991-07-02,71.11100561952554,1991,7
1991-07-03,71.17144842804353,1991,7
1991-07-04,71.10356296409692,1991,7
1991-07-05,70.97980683422668,1991,7
1991-07-06,70.96537971799219,1991,7
1991-07-07,70.94886208332373,1991,7
1991-07-08,70.8961713702777,1991,7
1991-07-09,71.0412799110573,1991,7
1991-07-10,70.98128425611402,1991,7
1991-07-11,70.93669071221865,1991,7
1991-07-12,70.87310787222319,1991,7
1991-07-13,70.74594331997362,1991,7
1991-07-14,70.78109749961709,1991,7
1991-07-15,70.89567313643121,1991,7
1991-07-16,70.77954369597933,1991,7
1991-07-17,70.84953665682357,1991,7
1991-07-18,70.86536164603955,1991,7
1991-07-19,70.83053150031388,1991,7
1991-07-20,70.88407976967855,1991,7
1991-07-21,70.79219672240868,1991,7
1991-07-22,70.6821552072328,1991,7
1991-07-23,70.6729796523734,1991,7
1991-07-24,70.79119211314772,1991,7
1991-07-25,70.75670086876646,1991,7
1991-07-26,70.77622455654307,1991,7
1991-07-27,70.79641270673858,1991,7
1991-07-28,70.95288210955773,1991,7
1991-07-29,70.93612431904708,1991,7
1991-07-30,70.8651428749211,1991,7
1991-07-31,70.81505218103447,1991,7
1991-08-01,70.73498196973482,1991,8
1991-08-02,70.78998213692836,1991,8
1991-08-03,70.72610084190093,1991,8
1991-08-04,70.58598083818217,1991,8
1991-08-05,70.47972131327536,1991,8
1991-08-06,70.5487740100517,1991,8
1991-08-07,70.6377329453741,1991,8
1991-08-08,70.6865054874691,1991,8
1991-08-09,70.5568064769004,1991,8
1991-08-10,70.48527891796434,1991,8
1991-08-11,70.52300511591827,1991,8
1991-08-12,70.52622214639557,1991,8
1991-08-13,70.60426177479997,1991,8
1991-08-14,70.679755727454,1991,8
1991-08-15,70.77923017147971,1991,8
1991-08-16,70.71057043533274,1991,8
1991-08-17,70.62638929991857,1991,8
1991-08-18,70.64190962422148,1991,8
1991-08-19,70.70488449558047,1991,8
1991-08-20,70.74372355863466,1991,8
1991-08-21,70.67576306073765,1991,8
1991-08-22,70.54658895274608,1991,8
1991-08-23,70.55203512183894,1991,8
1991-08-24,70.53564323828601,1991,8
1991-08-25,70.49899928369824,1991,8
1991-08-26,70.47867270055163,1991,8
1991-08-27,70.45959059423515,1991,8
1991-08-28,70.41545051184546,1991,8
1991-08-29,70.3900388778831,1991,8
1991-08-30,70.39746604707103,1991,8
1991-08-31,70.41572581395681,1991,8
1991-09-01,70.45899605233362,1991,9
1991-09-02,70.39758375692863,1991,9
1991-09-03,70.44060683552419,1991,9
1991-09-04,70.473339573325,1991,9
1991-09-05,70.45839641722623,1991,9
1991-09-06,70.36239122105083,1991,9
1991-09-07,70.35482898112976,1991,9
1991-09-08,70.30467621503715,1991,9
1991-09-09,70.30223046606541,1991,9
1991-09-10,70.26088862722351,1991,9
1991-09-11,70.26243981570076,1991,9
1991-09-12,70.34933988083034,1991,9
1991-09-13,70.36958431325858,1991,9
1991-09-14,70.31763013871961,1991,9
1991-09-15,70.27126339578234,1991,9
1991-09-16,70.27733309231795,1991,9
1991-09-17,70.23886388665696,1991,9
1991-09-18,70.22244047050904,1991,9
1991-09-19,70.1667390645492,1991,9
1991-09-20,70.06442007449813,1991,9
1991-09-21,70.09195906363473,1991,9
1991-09-22,70.1121242890312,1991,9
1991-09-23,70.07452470303177,1991,9
1991-09-24,70.02820488674662,1991,9
1991-09-25,70.00476155821507,1991,9
1991-09-26,69.99702454826135,1991,9
1991-09-27,70.0380228460286,1991,9
1991-09-28,70.02882507817564,1991,9
1991-09-29,69.981652562372,1991,9
1991-09-30,69.80586367608802,1991,9
1991-10-01,69.45528988896378,1991,10
1991-10-02,69.17741623065089,1991,10
1991-10-03,69.08016887142065,1991,10
1991-10-04,69.07126662460296,1991,10
1991-10-05,69.15157823293362,1991,10
1991-10-06,69.20481957086139,1991,10
1991-10-07,69.2741677655451,1991,10
1991-10-08,69.36521503524233,1991,10
1991-10-09,69.38691834078712,1991,10
1991-10-10,69.34189341698125,1991,10
1991-10-11,69.26944452891262,1991,10
1991-10-12,69.09556908856452,1991,10
1991-10-13,68.92451806751404,1991,10
1991-10-14,68.89335759153698,1991,10
1991-10-15,69.13445539083916,1991,10
1991-10-16,69.14021458371025,1991,10
1991-10-17,68.77448428249967,1991,10
1991-10-18,68.63369094787119,1991,10
1991-10-19,68.61954472357951,1991,10
1991-10-20,68.5513650042076,1991,10
1991-10-21,68.46568172643907,1991,10
1991-10-22,68.50049345697127,1991,10
1991-10-23,68.37718251904673,1991,10
1991-10-24,68.23279279195262,1991,10
1991-10-25,68.13132099406724,1991,10
1991-10-26,68.12107189515653,1991,10
1991-10-27,68.19650062366203,1991,10
1991-10-28,68.49895154769777,1991,10
1991-10-29,68.2470417176584,1991,10
1991-10-30,68.31910348051717,1991,10
1991-10-31,68.29498932144749,1991,10
1991-11-01,68.26334335043693,1991,11
1991-11-02,67.9488209888234,1991,11
1991-11-03,67.71761664651554,1991,11
1991-11-04,67.58330722333247,1991,11
1991-11-05,67.44599735352334,1991,11
1991-11-06,67.3303862923761,1991,11
1991-11-07,67.33758757404351,1991,11
1991-11-08,67.5822310640018,1991,11
1991-11-09,67.61203783683366,1991,11
1991-11-10,67.70683553456479,1991,11
1991-11-11,67.5689226813372,1991,11
1991-11-12,67.4690177401707,1991,11
1991-11-13,67.4206515662742,1991,11
1991-11-14,67.41207490277,1991,11
1991-11-15,67.40683211974944,1991,11
1991-11-16,67.34381393658747,1991,11
1991-11-17,67.53435357211123,1991,11
1991-11-18,67.67334819643808,1991,11
1991-11-19,67.38266911340008,1991,11
1991-11-20,67.1174608310397,1991,11
1991-11-21,66.98863989187792,1991,11
1991-11-22,66.82818700793923,1991,11
1991-11-23,66.73895342344703,1991,11
1991-11-24,66.56200010079912,1991,11
1991-11-25,66.54176856999715,1991,11
1991-11-26,66.64703424088198,1991,11
1991-11-27,66.75126374350211,1991,11
1991-11-28,66.50402084899974,1991,11
1991-11-29,66.34700821505666,1991,11
1991-11-30,66.30926282435576,1991,11
1991-12-01,66.32959855928564,1991,12
1991-12-02,66.22635865892407,1991,12
1991-12-03,66.17919155600498,1991,12
1991-12-04,66.16923604354967,1991,12
1991-12-05,66.11628676037428,1991,12
1991-12-06,66.1465031699742,1991,12
1991-12-07,66.2021278247254,1991,12
1991-12-08,66.30091260834638,1991,12
1991-12-09,66.38977110565833,1991,12
1991-12-10,66.61461223895549,1991,12
1991-12-11,66.52905289157134,1991,12
1991-12-12,66.63938204484039,1991,12
1991-12-13,66.58270310379508,1991,12
1991-12-14,66.51611259123489,1991,12
1991-12-15,66.58489918546984,1991,12
1991-12-16,66.53274144056593,1991,12
1991-12-17,66.45200964498048,1991,12
1991-12-18,66.47603105585024,1991,12
1991-12-19,66.40586347712005,1991,12
1991-12-20,66.67097109801426,1991,12
1991-12-21,66.97334626563631,1991,12
1991-12-22,66.98611560047489,1991,12
1991-12-23,66.85116763894001,1991,12
1991-12-24,67.02025359517303,1991,12
1991-12-25,66.7324862171256,1991,12
1991-12-26,66.26015042870772,1991,12
1991-12-27,65.83383678454832,1991,12
1991-12-28,65.6056613613169,1991,12
1991-12-29,65.58693731599436,1991,12
1991-12-30,65.67214650668684,1991,12
1991-12-31,65.65111790592296,1991,12
1992-01-01,65.1843224811413,1992,1
1992-01-02,64.90227582514308,1992,1
1992-01-03,64.81416134590972,1992,1
1992-01-04,64.97199681281242,1992,1
1992-01-05,64.9643591779354,1992,1
1992-01-06,64.9715767395503,1992,1
1992-01-07,65.17206112437604,1992,1
1992-01-08,65.1473136132269,1992,1
1992-01-09,65.21417467903599,1992,1
1992-01-10,65.46141342981245,1992,1
1992-01-11,65.47479033486238,1992,1
1992-01-12,65.06786974518546,1992,1
1992-01-13,65.0333179275566,1992,1
1992-01-14,65.15227099889591,1992,1
1992-01-15,65.28359885078427,1992,1
1992-01-16,65.35235146922959,1992,1
1992-01-17,65.39436961970392,1992,1
1992-01-18,65.6220041726197,1992,1
1992-01-19,65.46983758898443,1992,1
1992-01-20,65.65814676006592,1992,1
1992-01-21,65.81285439561648,1992,1
1992-01-22,65.85984322929046,1992,1
1992-01-23,65.92667697544462,1992,1
1992-01-24,66.3503759276557,1992,1
1992-01-25,66.30890534600984,1992,1
1992-01-26,66.47851542164045,1992,1
1992-01-27,66.44966788222003,1992,1
1992-01-28,66.60605253658373,1992,1
1992-01-29,66.77694140689714,1992,1
1992-01-30,66.8305399129928,1992,1
1992-01-31,66.61092929582554,1992,1
1992-02-01,66.3334847132078,1992,2
1992-02-02,66.32215435783803,1992,2
1992-02-03,66.11775482421469,1992,2
1992-02-04,66.28700672774829,1992,2
1992-02-05,66.37767503653228,1992,2
1992-02-06,66.54742424834342,1992,2
1992-02-07,66.81750714084022,1992,2
1992-02-08,66.27832182209941,1992,2
1992-02-09,66.0125115067857,1992,2
1992-02-10,65.75431990622988,1992,2
1992-02-11,65.53043247906015,1992,2
1992-02-12,65.73797390354414,1992,2
1992-02-13,66.29400175808524,1992,2
1992-02-14,66.20731607315933,1992,2
1992-02-15,65.85538378394499,1992,2
1992-02-16,65.93845813811049,1992,2
1992-02-17,66.02221134040886,1992,2
1992-02-18,65.81981142541885,1992,2
1992-02-19,65.8493637424501,1992,2
1992-02-20,66.40557856740814,1992,2
1992-02-21,66.45835447214253,1992,2
1992-02-22,66.48669667535275,1992,2
1992-02-23,66.42041705011205,1992,2
1992-02-24,66.28649326664998,1992,2
1992-02-25,66.19509253860485,1992,2
1992-02-26,66.11986033472681,1992,2
1992-02-27,66.37219459808844,1992,2
1992-02-28,66.88870002006433,1992,2
1992-02-29,67.22257888261812,1992,2
1992-03-01,67.43334203268651,1992,3
1992-03-02,67.2211784269078,1992,3
1992-03-03,67.15976129732576,1992,3
1992-03-04,67.13087396032621,1992,3
1992-03-05,67.44115848453683,1992,3
1992-03-06,67.4598219821629,1992,3
1992-03-07,67.24717584348588,1992,3
1992-03-08,67.06575997532364,1992,3
1992-03-09,67.05445823295462,1992,3
1992-03-10,67.28172854608499,1992,3
1992-03-11,67.61864401461767,1992,3
1992-03-12,67.86291988178077,1992,3
1992-03-13,68.16040238304177,1992,3
1992-03-14,67.93071433341392,1992,3
1992-03-15,67.49188083225438,1992,3
1992-03-16,67.23451431387095,1992,3
1992-03-17,67.33546865348481,1992,3
1992-03-18,67.75487893283065,1992,3
1992-03-19,68.05677999565779,1992,3
1992-03-20,68.42061182870485,1992,3
1992-03-21,68.4875990536328,1992,3
1992-03-22,68.64459946396641,1992,3
1992-03-23,68.71111566163655,1992,3
1992-03-24,68.64146098904503,1992,3
1992-03-25,68.8220881860848,1992,3
1992-03-26,68.67721839185471,1992,3
1992-03-27,68.82053194836327,1992,3
1992-03-28,68.9957976355315,1992,3
1992-03-29,68.83762841590234,1992,3
1992-03-30,68.94631425552956,1992,3
1992-03-31,68.89098280734508,1992,3
1992-04-01,68.45296216280435,1992,4
1992-04-02,68.63096496099674,1992,4
1992-04-03,68.78287906990802,1992,4
1992-04-04,69.01120495415478,1992,4
1992-04-05,69.17039593655505,1992,4
1992-04-06,69.20510283874678,1992,4
1992-04-07,69.11260798382207,1992,4
1992-04-08,69.32965864911895,1992,4
1992-04-09,69.37984677451723,1992,4
1992-04-10,69.5281258252266,1992,4
1992-04-11,69.48742799552002,1992,4
1992-04-12,69.53368148385236,1992,4
1992-04-13,69.55503596314912,1992,4
1992-04-14,69.69522684976646,1992,4
1992-04-15,69.4589986484883,1992,4
1992-04-16,69.36998900550775,1992,4
1992-04-17,69.4224205150426,1992,4
1992-04-18,69.43797652136847,1992,4
1992-04-19,69.63068420149239,1992,4
1992-04-20,69.71816602809824,1992,4
1992-04-21,69.95030913790467,1992,4
1992-04-22,69.90019106139441,1992,4
1992-04-23,69.43612748442474,1992,4
1992-04-24,69.45853420668496,1992,4
1992-04-25,69.62914170651925,1992,4
1992-04-26,69.69387393328597,1992,4
1992-04-27,69.87531580960002,1992,4
1992-04-28,70.03412365276179,1992,4
1992-04-29,70.42008300527519,1992,4
1992-04-30,70.34347161971237,1992,4
1992-05-01,69.96369650377632,1992,5
1992-05-02,69.92079710187215,1992,5
1992-05-03,70.0330913376137,1992,5
1992-05-04,69.75556524222777,1992,5
1992-05-05,69.65073817475643,1992,5
1992-05-06,69.85622622571029,1992,5
1992-05-07,69.99380157357825,1992,5
1992-05-08,70.22775267483098,1992,5
1992-05-09,70.38226648631479,1992,5
1992-05-10,70.42993872508585,1992,5
1992-05-11,70.59683221621515,1992,5
1992-05-12,70.65857215107786,1992,5
1992-05-13,70.91605400720546,1992,5
1992-05-14,70.97566529505748,1992,5
1992-05-15,70.9847295323676,1992,5
1992-05-16,70.88714259721469,1992,5
1992-05-17,70.59071113226288,1992,5
1992-05-18,70.42797864907894,1992,5
1992-05-19,70.39776543177588,1992,5
1992-05-20,70.3582595408833,1992,5
1992-05-21,70.21463608945949,1992,5
1992-05-22,70.34108516870586,1992,5
1992-05-23,70.46050080581887,1992,5
1992-05-24,70.57104505639037,1992,5
1992-05-25,70.66175463749582,1992,5
1992-05-26,70.35970820295366,1992,5
1992-05-27,70.58006883591983,1992,5
1992-05-28,70.36345692662287,1992,5
1992-05-29,70.73557841235844,1992,5
1992-05-30,70.6233201979544,1992,5
1992-05-31,70.44752217546764,1992,5
1992-06-01,70.53140289487433,1992,6
1992-06-02,70.68058566700368,1992,6
1992-06-03,70.72023803216982,1992,6
1992-06-04,70.88190897789083,1992,6
1992-06-05,71.06050462147202,1992,6
1992-06-06,71.19796319139145,1992,6
1992-06-07,71.27829070634274,1992,6
1992-06-08,71.05103496522865,1992,6
1992-06-09,70.96289755000458,1992,6
1992-06-10,70.92155042849843,1992,6
1992-06-11,70.96908991044917,1992,6
1992-06-12,71.08162259641634,1992,6
1992-06-13,71.2377000042742,1992,6
1992-06-14,71.34744613512369,1992,6
1992-06-15,71.19624086566378,1992,6
1992-06-16,71.17906904685566,1992,6
1992-06-17,71.28532873608292,1992,6
1992-06-18,71.31308487752315,1992,6
1992-06-19,71.20723842882275,1992,6
1992-06-20,71.24876539981176,1992,6
1992-06-21,71.06531761449997,1992,6
1992-06-22,70.96921640489373,1992,6
1992-06-23,70.87262136112477,1992,6
1992-06-24,70.69798573850332,1992,6
1992-06-25,70.89278071104279,1992,6
1992-06-26,70.94804372033121,1992,6
1992-06-27,70.94855153880235,1992,6
1992-06-28,70.89835549251579,1992,6
1992-06-29,70.92789067490448,1992,6
1992-06-30,70.85003465836789,1992,6
1992-07-01,70.9850188943433,1992,7
1992-07-02,70.89270816356229,1992,7
1992-07-03,70.69517896669981,1992,7
1992-07-04,70.8539685299312,1992,7
1992-07-05,71.24073109820321,1992,7
1992-07-06,71.22204928287498,1992,7
1992-07-07,70.96687242622092,1992,7
1992-07-08,71.07296596166752,1992,7
1992-07-09,70.86806806698206,1992,7
1992-07-10,70.97020690507186,1992,7
1992-07-11,70.7493518993512,1992,7
1992-07-12,70.91435032699803,1992,7
1992-07-13,70.72657138244614,1992,7
1992-07-14,70.66296347480576,1992,7
1992-07-15,70.76448585045641,1992,7
1992-07-16,70.65537872721887,1992,7
1992-07-17,70.45973773414305,1992,7
1992-07-18,70.4656250733434,1992,7
1992-07-19,70.52873812906024,1992,7
1992-07-20,70.62537292269654,1992,7
1992-07-21,70.56613657016455,1992,7
1992-07-22,70.51791981469697,1992,7
1992-07-23,70.83875695414248,1992,7
1992-07-24,70.71025500365708,1992,7
1992-07-25,70.71610468893266,1992,7
1992-07-26,70.61841305530982,1992,7
1992-07-27,70.65736806221285,1992,7
1992-07-28,70.6228671312869,1992,7
1992-07-29,70.5441423245885,1992,7
1992-07-30,70.53482396381368,1992,7
1992-07-31,70.60100580683175,1992,7
1992-08-01,70.5585247964479,1992,8
1992-08-02,70.50909946123004,1992,8
1992-08-03,70.54188009096224,1992,8
1992-08-04,70.52616772968199,1992,8
1992-08-05,70.57095296873753,1992,8
1992-08-06,70.66012002507631,1992,8
1992-08-07,70.54810531628054,1992,8
1992-08-08,70.44142433402116,1992,8
1992-08-09,70.26685770003519,1992,8
1992-08-10,70.27864843956608,1992,8
1992-08-11,70.36057011004661,1992,8
1992-08-12,70.43489873631053,1992,8
1992-08-13,70.7576224276277,1992,8
1992-08-14,70.64582936750772,1992,8
1992-08-15,70.61777885971757,1992,8
1992-08-16,70.56213026629935,1992,8
1992-08-17,70.53378951888526,1992,8
1992-08-18,70.54267725123921,1992,8
1992-08-19,70.47314302371659,1992,8
1992-08-20,70.4127541967237,1992,8
1992-08-21,70.34697857847425,1992,8
1992-08-22,70.44577731220781,1992,8
1992-08-23,70.52989239498659,1992,8
1992-08-24,70.56652789227978,1992,8
1992-08-25,70.55642390740951,1992,8
1992-08-26,70.4691808807907,1992,8
1992-08-27,70.49663949679505,1992,8
1992-08-28,70.40841647978675,1992,8
1992-08-29,70.43595639334742,1992,8
1992-08-30,70.57102983704455,1992,8
1992-08-31,70.64414333870086,1992,8
1992-09-01,70.80584734256568,1992,9
1992-09-02,70.70257816248417,1992,9
1992-09-03,70.4996620491407,1992,9
1992-09-04,70.26821830483541,1992,9
1992-09-05,70.34115648518053,1992,9
1992-09-06,70.3922577218996,1992,9
1992-09-07,70.34827748031022,1992,9
1992-09-08,70.32635781444422,1992,9
1992-09-09,70.2490027089153,1992,9
1992-09-10,70.12326169354888,1992,9
1992-09-11,70.07605682979565,1992,9
1992-09-12,69.9678366954593,1992,9
1992-09-13,69.85878414626929,1992,9
1992-09-14,69.8060086769398,1992,9
1992-09-15,69.93804793488256,1992,9
1992-09-16,69.86979113039877,1992,9
1992-09-17,69.73430465211116,1992,9
1992-09-18,69.68514243148837,1992,9
1992-09-19,69.6513993901584,1992,9
1992-09-20,69.8094322016171,1992,9
1992-09-21,69.80236696751271,1992,9
1992-09-22,69.73400934729055,1992,9
1992-09-23,69.67811904030701,1992,9
1992-09-24,69.66303711867121,1992,9
1992-09-25,69.63819111759105,1992,9
1992-09-26,69.70063638060927,1992,9
1992-09-27,69.71951576797626,1992,9
1992-09-28,69.69369999373835,1992,9
1992-09-29,69.60762825135704,1992,9
1992-09-30,69.56743154055907,1992,9
1992-10-01,69.63198555360546,1992,10
1992-10-02,69.71226784370945,1992,10
1992-10-03,69.67530504855573,1992,10
1992-10-04,69.66324496156776,1992,10
1992-10-05,69.513726787607,1992,10
1992-10-06,69.4046132309783,1992,10
1992-10-07,69.31734567582077,1992,10
1992-10-08,69.33825652400358,1992,10
1992-10-09,69.4216518216659,1992,10
1992-10-10,69.55333352113962,1992,10
1992-10-11,69.55249151098256,1992,10
1992-10-12,69.43209894663497,1992,10
1992-10-13,69.36365581789916,1992,10
1992-10-14,69.2043652049161,1992,10
1992-10-15,69.09984968852821,1992,10
1992-10-16,68.9837216306863,1992,10
1992-10-17,68.9444448673765,1992,10
1992-10-18,69.03107985418269,1992,10
1992-10-19,68.98958260862706,1992,10
1992-10-20,68.89358827494064,1992,10
1992-10-21,68.80009325894684,1992,10
1992-10-22,68.67645422496324,1992,10
1992-10-23,68.5906121125712,1992,10
1992-10-24,68.48922547950902,1992,10
1992-10-25,68.52564336873156,1992,10
1992-10-26,68.27345912027123,1992,10
1992-10-27,68.14064830533951,1992,10
1992-10-28,67.99522614887191,1992,10
1992-10-29,67.90712419231446,1992,10
1992-10-30,67.75997308719887,1992,10
1992-10-31,67.78694743969665,1992,10
1992-11-01,68.14066063315488,1992,11
1992-11-02,68.06065180846967,1992,11
1992-11-03,68.03479431621125,1992,11
1992-11-04,67.97397026854398,1992,11
1992-11-05,67.81989164217397,1992,11
1992-11-06,67.68451988883545,1992,11
1992-11-07,67.40854942780419,1992,11
1992-11-08,67.14586786898371,1992,11
1992-11-09,67.13682800027213,1992,11
1992-11-10,67.21708212343351,1992,11
1992-11-11,67.22417770625317,1992,11
1992-11-12,67.2621887777823,1992,11
1992-11-13,67.45789073384667,1992,11
1992-11-14,67.48153655701695,1992,11
1992-11-15,67.59149914436128,1992,11
1992-11-16,67.7232990240676,1992,11
1992-11-17,67.8762369955457,1992,11
1992-11-18,67.89329141240457,1992,11
1992-11-19,67.93085350617804,1992,11
1992-11-20,67.70395442891771,1992,11
1992-11-21,67.4827670467914,1992,11
1992-11-22,67.40902286216347,1992,11
1992-11-23,67.26845891076323,1992,11
1992-11-24,66.95080520380259,1992,11
1992-11-25,66.69764873898616,1992,11
1992-11-26,66.31486149076856,1992,11
1992-11-27,66.34679017687395,1992,11
1992-11-28,66.40115408062147,1992,11
1992-11-29,66.52074685249451,1992,11
1992-11-30,66.39364739231299,1992,11
1992-12-01,66.48887376991887,1992,12
1992-12-02,66.49979636180804,1992,12
1992-12-03,66.54363466726306,1992,12
1992-12-04,66.73175038055541,1992,12
1992-12-05,66.5491510522929,1992,12
1992-12-06,66.3787062134869,1992,12
1992-12-07,66.14392080494954,1992,12
1992-12-08,66.25967219532296,1992,12
1992-12-09,66.06004816415098,1992,12
1992-12-10,66.00129295189531,1992,12
1992-12-11,65.89902513472562,1992,12
1992-12-12,65.87177926478775,1992,12
1992-12-13,65.97705009497885,1992,12
1992-12-14,65.64377448066358,1992,12
1992-12-15,65.5362603656277,1992,12
1992-12-16,65.52256260961636,1992,12
1992-12-17,65.40881897562306,1992,12
1992-12-18,65.57263787366772,1992,12
1992-12-19,65.6649851310234,1992,12
1992-12-20,65.8046136545489,1992,12
1992-12-21,65.78852673074428,1992,12
1992-12-22,65.6853370174845,1992,12
1992-12-23,65.58990132946276,1992,12
1992-12-24,65.57626968781342,1992,12
1992-12-25,65.3705055836618,1992,12
1992-12-26,65.45302517208863,1992,12
1992-12-27,65.58750221448311,1992,12
1992-12-28,65.54012742826168,1992,12
1992-12-29,65.63487315403911,1992,12
1992-12-30,65.71656180016623,1992,12
1992-12-31,65.85889303543604,1992,12
1993-01-01,66.66578083737346,1993,1
1993-01-02,66.77448822844649,1993,1
1993-01-03,66.85945084916563,1993,1
1993-01-04,66.85363607544076,1993,1
1993-01-05,66.72572727400423,1993,1
1993-01-06,66.65936567345967,1993,1
1993-01-07,66.77110707943605,1993,1
1993-01-08,66.51082489805677,1993,1
1993-01-09,66.70366046148763,1993,1
1993-01-10,66.6884741098973,1993,1
1993-01-11,66.59544004180741,1993,1
1993-01-12,66.55986286678902,1993,1
1993-01-13,66.32516607510811,1993,1
1993-01-14,65.99727434344824,1993,1
1993-01-15,66.18097301906019,1993,1
1993-01-16,66.5621443657099,1993,1
1993-01-17,66.360801399333,1993,1
1993-01-18,66.18270743481715,1993,1
1993-01-19,65.97589355330327,1993,1
1993-01-20,65.69495478490047,1993,1
1993-01-21,65.60358100812336,1993,1
1993-01-22,65.6289110899629,1993,1
1993-01-23,65.61227239407084,1993,1
1993-01-24,65.77435657659443,1993,1
1993-01-25,65.92413781036957,1993,1
1993-01-26,66.02529077249663,1993,1
1993-01-27,65.9735925901212,1993,1
1993-01-28,66.12167286394869,1993,1
1993-01-29,66.50771950807138,1993,1
1993-01-30,66.53415606441996,1993,1
1993-01-31,66.72883483302357,1993,1
1993-02-01,66.71167130934249,1993,2
1993-02-02,66.55428464383655,1993,2
1993-02-03,66.47901323571938,1993,2
1993-02-04,66.59673687850889,1993,2
1993-02-05,66.66062338037929,1993,2
1993-02-06,66.64200267073146,1993,2
1993-02-07,66.73341292339823,1993,2
1993-02-08,66.88608812000385,1993,2
1993-02-09,67.05790126200922,1993,2
1993-02-10,67.28446814204827,1993,2
1993-02-11,67.56525261088323,1993,2
1993-02-12,67.67705896906166,1993,2
1993-02-13,67.87737108623176,1993,2
1993-02-14,67.89650885670822,1993,2
1993-02-15,67.99770621327885,1993,2
1993-02-16,68.33640437459383,1993,2
1993-02-17,68.34846115019174,1993,2
1993-02-18,68.12126554175353,1993,2
1993-02-19,67.6943572683484,1993,2
1993-02-20,66.90729159517693,1993,2
1993-02-21,66.3531062704431,1993,2
1993-02-22,65.91884346979182,1993,2
1993-02-23,66.26083414849423,1993,2
1993-02-24,66.88209563973493,1993,2
1993-02-25,67.29866953548287,1993,2
1993-02-26,67.48660928404423,1993,2
1993-02-27,67.52066818486102,1993,2
1993-02-28,67.43063345414909,1993,2
1993-03-01,67.27109574705877,1993,3
1993-03-02,67.31019061859455,1993,3
1993-03-03,67.52220527110737,1993,3
1993-03-04,67.75129894643636,1993,3
1993-03-05,67.64608508907959,1993,3
1993-03-06,67.5942127833592,1993,3
1993-03-07,67.66192278878444,1993,3
1993-03-08,67.79102936862485,1993,3
1993-03-09,68.05072811492059,1993,3
1993-03-10,68.18829110203106,1993,3
1993-03-11,68.32979939495482,1993,3
1993-03-12,68.35820891849605,1993,3
1993-03-13,68.44325437775716,1993,3
1993-03-14,68.66625695891051,1993,3
1993-03-15,68.40409255829084,1993,3
1993-03-16,68.31143750410763,1993,3
1993-03-17,68.10638680476961,1993,3
1993-03-18,67.9423866571793,1993,3
1993-03-19,67.88186126415825,1993,3
1993-03-20,67.79444758256432,1993,3
1993-03-21,68.43109078039363,1993,3
1993-03-22,68.82428176017982,1993,3
1993-03-23,69.03790609312853,1993,3
1993-03-24,69.18889408579439,1993,3
1993-03-25,68.64733944725158,1993,3
1993-03-26,68.20623535627267,1993,3
1993-03-27,67.78597117055456,1993,3
1993-03-28,67.68454352094952,1993,3
1993-03-29,67.8298413098252,1993,3
1993-03-30,68.14188389391806,1993,3
1993-03-31,68.45249268456378,1993,3
1993-04-01,68.6319027872961,1993,4
1993-04-02,68.6312931949633,1993,4
1993-04-03,68.65837196848715,1993,4
1993-04-04,68.78113658224507,1993,4
1993-04-05,68.9208315599102,1993,4
1993-04-06,69.22971775418452,1993,4
1993-04-07,69.435778088215,1993,4
1993-04-08,69.52330505551328,1993,4
1993-04-09,69.2171104251324,1993,4
1993-04-10,69.45130578744042,1993,4
1993-04-11,69.83906028143487,1993,4
1993-04-12,69.5417436810686,1993,4
1993-04-13,69.4491269914816,1993,4
1993-04-14,69.64604924510763,1993,4
1993-04-15,69.76994883279221,1993,4
1993-04-16,69.78991312721053,1993,4
1993-04-17,69.82643108275074,1993,4
1993-04-18,69.84034147409584,1993,4
1993-04-19,69.9114918885287,1993,4
1993-04-20,70.11718868654742,1993,4
1993-04-21,70.2008373977372,1993,4
1993-04-22,70.36969621147811,1993,4
1993-04-23,70.51328430600033,1993,4
1993-04-24,70.6349099407649,1993,4
1993-04-25,70.53441762075589,1993,4
1993-04-26,70.57933319873973,1993,4
1993-04-27,70.73518594148369,1993,4
1993-04-28,71.05144762016046,1993,4
1993-04-29,70.91246444915097,1993,4
1993-04-30,70.97647755757099,1993,4
1993-05-01,71.06581875797889,1993,5
1993-05-02,71.2464467317326,1993,5
1993-05-03,71.21335980843698,1993,5
1993-05-04,71.2888977894578,1993,5
1993-05-05,71.2930740216962,1993,5
1993-05-06,71.26150656093573,1993,5
1993-05-07,71.29880268209233,1993,5
1993-05-08,71.18431786887241,1993,5
1993-05-09,71.10091097866429,1993,5
1993-05-10,70.71545267984344,1993,5
1993-05-11,70.74637100224054,1993,5
1993-05-12,70.68889794457516,1993,5
1993-05-13,70.7092111263807,1993,5
1993-05-14,70.84206055829969,1993,5
1993-05-15,70.9950723869572,1993,5
1993-05-16,71.0161555822203,1993,5
1993-05-17,70.99169277496028,1993,5
1993-05-18,70.58264825587705,1993,5
1993-05-19,70.75761637029171,1993,5
1993-05-20,70.64200061218736,1993,5
1993-05-21,70.8208229336685,1993,5
1993-05-22,71.14564846217995,1993,5
1993-05-23,71.36134647708903,1993,5
1993-05-24,71.56817697797513,1993,5
1993-05-25,71.56150448841542,1993,5
1993-05-26,71.69594770078969,1993,5
1993-05-27,71.50629904620571,1993,5
1993-05-28,71.26795133298525,1993,5
1993-05-29,71.03323157900371,1993,5
1993-05-30,70.9963853582082,1993,5
1993-05-31,71.30339222292147,1993,5
1993-06-01,71.24480888956715,1993,6
1993-06-02,71.0652222645323,1993,6
1993-06-03,71.33969335556098,1993,6
1993-06-04,71.41538477147441,1993,6
1993-06-05,71.45101583096823,1993,6
1993-06-06,71.71067012477295,1993,6
1993-06-07,71.61232856049511,1993,6
1993-06-08,71.61482384060128,1993,6
1993-06-09,71.57822892474218,1993,6
1993-06-10,71.62199137690806,1993,6
1993-06-11,71.6568223376001,1993,6
1993-06-12,71.66240704615414,1993,6
1993-06-13,71.54288978067554,1993,6
1993-06-14,71.38587553861953,1993,6
1993-06-15,71.0160158830199,1993,6
1993-06-16,70.96919575718817,1993,6
1993-06-17,71.08955313319348,1993,6
1993-06-18,70.78589375262007,1993,6
1993-06-19,70.8169779201121,1993,6
1993-06-20,71.08511284288588,1993,6
1993-06-21,71.3714138622528,1993,6
1993-06-22,71.56539328604002,1993,6
1993-06-23,71.65091759140915,1993,6
1993-06-24,71.25928664618131,1993,6
1993-06-25,71.17680120274981,1993,6
1993-06-26,71.03628385286639,1993,6
1993-06-27,71.0880984327472,1993,6
1993-06-28,71.22286501103277,1993,6
1993-06-29,71.32197410753986,1993,6
1993-06-30,71.38157923144807,1993,6
1993-07-01,71.22595528511958,1993,7
1993-07-02,71.2817027447291,1993,7
1993-07-03,71.22545657476775,1993,7
1993-07-04,71.20093542737189,1993,7
1993-07-05,71.17357662515069,1993,7
1993-07-06,71.41682186422757,1993,7
1993-07-07,71.40102524657232,1993,7
1993-07-08,70.900222048498,1993,7
1993-07-09,70.92682049731386,1993,7
1993-07-10,71.0390880059579,1993,7
1993-07-11,70.82775024267048,1993,7
1993-07-12,70.90382313276787,1993,7
1993-07-13,71.03045350365153,1993,7
1993-07-14,71.20819264588945,1993,7
1993-07-15,71.05766713105729,1993,7
1993-07-16,70.94461387711925,1993,7
1993-07-17,70.7897512587913,1993,7
1993-07-18,70.85536850945306,1993,7
1993-07-19,71.05303771902977,1993,7
1993-07-20,71.1147017371596,1993,7
1993-07-21,71.30234521458357,1993,7
1993-07-22,70.98377730321292,1993,7
1993-07-23,70.9322086904729,1993,7
1993-07-24,70.8657327922918,1993,7
1993-07-25,70.99058972166705,1993,7
1993-07-26,70.75052987884149,1993,7
1993-07-27,70.87005470448008,1993,7
1993-07-28,71.00300384905277,1993,7
1993-07-29,71.19697755884565,1993,7
1993-07-30,71.23152276796338,1993,7
1993-07-31,71.2184490962644,1993,7
1993-08-01,71.18564826547845,1993,8
1993-08-02,71.18835819944768,1993,8
1993-08-03,71.17208690696191,1993,8
1993-08-04,71.06915945245505,1993,8
1993-08-05,71.16600584960194,1993,8
1993-08-06,70.85376523213657,1993,8
1993-08-07,70.8154147378073,1993,8
1993-08-08,70.94469023544681,1993,8
1993-08-09,70.95042047311254,1993,8
1993-08-10,70.94374355728236,1993,8
1993-08-11,70.89337070372044,1993,8
1993-08-12,70.85843759762321,1993,8
1993-08-13,70.88917091318393,1993,8
1993-08-14,71.01777102183208,1993,8
1993-08-15,71.0208312338253,1993,8
1993-08-16,70.9110861816311,1993,8
1993-08-17,70.87631662339192,1993,8
1993-08-18,70.94642488203445,1993,8
1993-08-19,70.9811411716015,1993,8
1993-08-20,70.9101564995084,1993,8
1993-08-21,70.87121706500285,1993,8
1993-08-22,70.91057493055013,1993,8
1993-08-23,70.93669682804587,1993,8
1993-08-24,71.08493093376009,1993,8
1993-08-25,70.73259543106602,1993,8
1993-08-26,70.68390775823728,1993,8
1993-08-27,70.85128620372146,1993,8
1993-08-28,70.99322309418143,1993,8
1993-08-29,71.0014029368055,1993,8
1993-08-30,70.94603113999028,1993,8
1993-08-31,70.87635433193412,1993,8
1993-09-01,70.60260086732023,1993,9
1993-09-02,70.60627477955944,1993,9
1993-09-03,70.56514507672954,1993,9
1993-09-04,70.61566830972531,1993,9
1993-09-05,70.45027358997912,1993,9
1993-09-06,70.40309792654695,1993,9
1993-09-07,70.47274439215167,1993,9
1993-09-08,70.45701395565439,1993,9
1993-09-09,70.50113775001044,1993,9
1993-09-10,70.57415173064085,1993,9
1993-09-11,70.53781260564931,1993,9
1993-09-12,70.55193285650346,1993,9
1993-09-13,70.4403317847909,1993,9
1993-09-14,70.47167543631672,1993,9
1993-09-15,70.44618741277897,1993,9
1993-09-16,70.49384575887964,1993,9
1993-09-17,70.46414963618848,1993,9
1993-09-18,70.49279005739741,1993,9
1993-09-19,70.85208988777543,1993,9
1993-09-20,70.63874455354502,1993,9
1993-09-21,70.64625345594976,1993,9
1993-09-22,70.64200098618065,1993,9
1993-09-23,70.57468573958529,1993,9
1993-09-24,70.45882951698285,1993,9
1993-09-25,70.37043408754344,1993,9
1993-09-26,70.35278995656759,1993,9
1993-09-27,70.40597168180557,1993,9
1993-09-28,70.28608479799033,1993,9
1993-09-29,70.2898073528275,1993,9
1993-09-30,70.24483597385631,1993,9
1993-10-01,70.33585900938733,1993,10
1993-10-02,70.21524127910736,1993,10
1993-10-03,70.14359291016987,1993,10
1993-10-04,70.13755071659045,1993,10
1993-10-05,70.09387075840003,1993,10
1993-10-06,70.13815062608991,1993,10
1993-10-07,69.99810379983153,1993,10
1993-10-08,70.02377919201048,1993,10
1993-10-09,69.97880192236569,1993,10
1993-10-10,69.87023926057249,1993,10
1993-10-11,69.96223146773342,1993,10
1993-10-12,69.94595302940941,1993,10
1993-10-13,69.8032541102791,1993,10
1993-10-14,69.73862819075438,1993,10
1993-10-15,69.6334416169753,1993,10
1993-10-16,69.52917082437308,1993,10
1993-10-17,69.43005902026128,1993,10
1993-10-18,69.38658083869463,1993,10
1993-10-19,69.26714383043208,1993,10
1993-10-20,69.31133840121082,1993,10
1993-10-21,69.01376519238036,1993,10
1993-10-22,68.983675244914,1993,10
1993-10-23,69.10424239867741,1993,10
1993-10-24,68.93500365310614,1993,10
1993-10-25,69.00751992175076,1993,10
1993-10-26,69.00985560298555,1993,10
1993-10-27,68.9220355709219,1993,10
1993-10-28,68.79906262443434,1993,10
1993-10-29,68.69656740870371,1993,10
1993-10-30,68.65445920887561,1993,10
1993-10-31,68.43759917976993,1993,10
1993-11-01,68.33568013352726,1993,11
1993-11-02,68.28639483382486,1993,11
1993-11-03,68.20345844137347,1993,11
1993-11-04,68.34494363904726,1993,11
1993-11-05,68.37132588739735,1993,11
1993-11-06,68.57155766161578,1993,11
1993-11-07,68.5465505037377,1993,11
1993-11-08,68.55215044507221,1993,11
1993-11-09,68.39224454866647,1993,11
1993-11-10,68.19193841487129,1993,11
1993-11-11,67.9921823447317,1993,11
1993-11-12,67.9925709726581,1993,11
1993-11-13,67.9047881507957,1993,11
1993-11-14,68.08176699597952,1993,11
1993-11-15,67.87519259482329,1993,11
1993-11-16,68.09375054045721,1993,11
1993-11-17,68.26387170750131,1993,11
1993-11-18,68.3300593266037,1993,11
1993-11-19,68.22598072249487,1993,11
1993-11-20,68.03328886763711,1993,11
1993-11-21,67.86569465443,1993,11
1993-11-22,67.66143014093282,1993,11
1993-11-23,67.3778701203972,1993,11
1993-11-24,67.18121719073555,1993,11
1993-11-25,66.76863400470832,1993,11
1993-11-26,66.55703293550515,1993,11
1993-11-27,66.50506675845207,1993,11
1993-11-28,66.5281801303491,1993,11
1993-11-29,66.7217290831632,1993,11
1993-11-30,66.86987995242826,1993,11
1993-12-01,67.02789647928884,1993,12
1993-12-02,66.8886326227917,1993,12
1993-12-03,66.7797220404128,1993,12
1993-12-04,66.72460915547518,1993,12
1993-12-05,66.94613724940007,1993,12
1993-12-06,67.16232111013873,1993,12
1993-12-07,67.15874406276255,1993,12
1993-12-08,67.13519984835477,1993,12
1993-12-09,66.90664079070451,1993,12
1993-12-10,66.60089261900784,1993,12
1993-12-11,66.46952624810933,1993,12
1993-12-12,66.43017350640356,1993,12
1993-12-13,66.25137053333398,1993,12
1993-12-14,66.11574579787373,1993,12
1993-12-15,65.93511672738198,1993,12
1993-12-16,65.91414641176053,1993,12
1993-12-17,65.95543445451413,1993,12
1993-12-18,66.04624305059914,1993,12
1993-12-19,66.01958943562545,1993,12
1993-12-20,65.79437244048778,1993,12
1993-12-21,65.76081206917885,1993,12
1993-12-22,65.81237640978156,1993,12
1993-12-23,65.73838153909428,1993,12
1993-12-24,65.6799463579627,1993,12
1993-12-25,65.69031354119532,1993,12
1993-12-26,65.71965928056744,1993,12
1993-12-27,65.7317033884091,1993,12
1993-12-28,66.32443117329213,1993,12
1993-12-29,66.45129260022574,1993,12
1993-12-30,66.34923882084256,1993,12
1993-12-31,66.43442873493846,1993,12
1994-01-01,66.5289579990386,1994,1
1994-01-02,66.4992330907836,1994,1
1994-01-03,66.58176875165987,1994,1
1994-01-04,66.47873758573957,1994,1
1994-01-05,66.36202006709686,1994,1
1994-01-06,66.2990159108589,1994,1
1994-01-07,66.43250209061708,1994,1
1994-01-08,66.5385956248402,1994,1
1994-01-09,66.42623731760737,1994,1
1994-01-10,66.59524574953566,1994,1
1994-01-11,66.73027833609332,1994,1
1994-01-12,66.92189054617474,1994,1
1994-01-13,66.94690533837397,1994,1
1994-01-14,66.94741835872787,1994,1
1994-01-15,66.83233339031027,1994,1
1994-01-16,66.38185452475362,1994,1
1994-01-17,65.89295454917564,1994,1
1994-01-18,65.93221402574699,1994,1
1994-01-19,66.14715967900175,1994,1
1994-01-20,66.33128523481048,1994,1
1994-01-21,66.5360298405581,1994,1
1994-01-22,66.22709457178306,1994,1
1994-01-23,66.3961302031903,1994,1
1994-01-24,66.56630108763098,1994,1
1994-01-25,66.79257532456822,1994,1
1994-01-26,66.86711243309792,1994,1
1994-01-27,67.09310391797487,1994,1
1994-01-28,67.22585202752376,1994,1
1994-01-29,66.98894980087785,1994,1
1994-01-30,66.53053319977522,1994,1
1994-01-31,66.26628233805492,1994,1
1994-02-01,66.30637459435755,1994,2
1994-02-02,66.31455655002695,1994,2
1994-02-03,66.16658024341838,1994,2
1994-02-04,66.44813193803027,1994,2
1994-02-05,66.84045393065604,1994,2
1994-02-06,66.88025563995623,1994,2
1994-02-07,67.0465402828721,1994,2
1994-02-08,67.2515305572225,1994,2
1994-02-09,66.87072177566245,1994,2
1994-02-10,66.54830756207063,1994,2
1994-02-11,66.63089527780384,1994,2
1994-02-12,66.69994779231521,1994,2
1994-02-13,66.69267476480981,1994,2
1994-02-14,66.85204141309615,1994,2
1994-02-15,67.09840942857826,1994,2
1994-02-16,67.21306841399735,1994,2
1994-02-17,67.21633650491697,1994,2
1994-02-18,67.33960051862626,1994,2
1994-02-19,67.37913803467919,1994,2
1994-02-20,67.53584398484905,1994,2
1994-02-21,67.56188332556097,1994,2
1994-02-22,66.92529277824957,1994,2
1994-02-23,66.44260881756462,1994,2
1994-02-24,66.34786736782031,1994,2
1994-02-25,66.59797437588573,1994,2
1994-02-26,66.84185067723362,1994,2
1994-02-27,67.21036299688443,1994,2
1994-02-28,67.21177127774182,1994,2
1994-03-01,67.04109220485103,1994,3
1994-03-02,67.00780873124002,1994,3
1994-03-03,67.3494509579697,1994,3
1994-03-04,67.60907264756423,1994,3
1994-03-05,67.77030407118791,1994,3
1994-03-06,67.90945736360241,1994,3
1994-03-07,67.76784597037283,1994,3
1994-03-08,67.69306065859416,1994,3
1994-03-09,67.61322246973498,1994,3
1994-03-10,67.78159151358967,1994,3
1994-03-11,67.98064859215756,1994,3
1994-03-12,68.30499733797062,1994,3
1994-03-13,68.5525946961907,1994,3
1994-03-14,68.87699813272903,1994,3
1994-03-15,69.0680312202355,1994,3
1994-03-16,69.27206838492248,1994,3
1994-03-17,69.30014874537221,1994,3
1994-03-18,69.31064538966082,1994,3
1994-03-19,69.4589167889526,1994,3
1994-03-20,69.65455938267515,1994,3
1994-03-21,69.57308450292236,1994,3
1994-03-22,69.0888297880827,1994,3
1994-03-23,68.96828248525094,1994,3
1994-03-24,69.09915285892005,1994,3
1994-03-25,69.41459735602822,1994,3
1994-03-26,69.42558743198393,1994,3
1994-03-27,70.01005427228736,1994,3
1994-03-28,69.26372684123663,1994,3
1994-03-29,69.50886322010233,1994,3
1994-03-30,69.88602146813984,1994,3
1994-03-31,70.0299069196037,1994,3
1994-04-01,69.68624571665724,1994,4
1994-04-02,69.5896130068559,1994,4
1994-04-03,69.32740261492818,1994,4
1994-04-04,69.60822973143055,1994,4
1994-04-05,69.62137825845379,1994,4
1994-04-06,69.7026476257023,1994,4
1994-04-07,69.26390257142522,1994,4
1994-04-08,68.8901617128644,1994,4
1994-04-09,69.10395119929004,1994,4
1994-04-10,69.12528888009918,1994,4
1994-04-11,69.27624434587186,1994,4
1994-04-12,69.35059469676088,1994,4
1994-04-13,69.48578178237912,1994,4
1994-04-14,70.17121688746528,1994,4
1994-04-15,69.85419660612568,1994,4
1994-04-16,70.02881478216005,1994,4
1994-04-17,69.71902225963223,1994,4
1994-04-18,69.54961707738187,1994,4
1994-04-19,69.75128261377613,1994,4
1994-04-20,70.0115343183124,1994,4
1994-04-21,70.4554226585258,1994,4
1994-04-22,70.16608970209487,1994,4
1994-04-23,69.96293486146206,1994,4
1994-04-24,69.9773355480932,1994,4
1994-04-25,70.08937650739614,1994,4
1994-04-26,70.23274585502253,1994,4
1994-04-27,70.3472167799227,1994,4
1994-04-28,70.12772928114168,1994,4
1994-04-29,70.47301218983526,1994,4
1994-04-30,70.43593711026845,1994,4
1994-05-01,70.52523957028772,1994,5
1994-05-02,70.6194283335342,1994,5
1994-05-03,71.14590435319016,1994,5
1994-05-04,70.99528132725135,1994,5
1994-05-05,70.97283266056368,1994,5
1994-05-06,71.02124253168051,1994,5
1994-05-07,70.99184777758308,1994,5
1994-05-08,71.12272614174495,1994,5
1994-05-09,70.81428079570836,1994,5
1994-05-10,70.81224830150636,1994,5
1994-05-11,70.62499071175596,1994,5
1994-05-12,70.93432095098908,1994,5
1994-05-13,71.0187332674863,1994,5
1994-05-14,70.99517200999726,1994,5
1994-05-15,70.84596344948676,1994,5
1994-05-16,70.77485646995743,1994,5
1994-05-17,70.98098483584738,1994,5
1994-05-18,71.0868225057969,1994,5
1994-05-19,71.28016504080463,1994,5
1994-05-20,71.37236667970173,1994,5
1994-05-21,71.418692610481,1994,5
1994-05-22,71.48619669906624,1994,5
1994-05-23,71.4890759075629,1994,5
1994-05-24,71.37661972216816,1994,5
1994-05-25,71.12875413477514,1994,5
1994-05-26,71.05223527548054,1994,5
1994-05-27,71.3238483732066,1994,5
1994-05-28,71.45501993324086,1994,5
1994-05-29,71.53123356635258,1994,5
1994-05-30,71.94705141835772,1994,5
1994-05-31,71.77091509080061,1994,5
1994-06-01,71.73404373415723,1994,6
1994-06-02,71.59973497478349,1994,6
1994-06-03,71.69690299261362,1994,6
1994-06-04,71.91834410999536,1994,6
1994-06-05,71.66993686395205,1994,6
1994-06-06,71.37989314149357,1994,6
1994-06-07,71.75235323736432,1994,6
1994-06-08,71.87524577439085,1994,6
1994-06-09,71.60713225163506,1994,6
1994-06-10,71.40594567462021,1994,6
1994-06-11,70.89364202379947,1994,6
1994-06-12,70.84370442217062,1994,6
1994-06-13,70.92491405739858,1994,6
1994-06-14,70.89390869598084,1994,6
1994-06-15,70.94524437572494,1994,6
1994-06-16,71.18925474972376,1994,6
1994-06-17,71.10974099086914,1994,6
1994-06-18,71.25545133231337,1994,6
1994-06-19,71.37525864480392,1994,6
1994-06-20,71.54133322107832,1994,6
1994-06-21,71.59834845285067,1994,6
1994-06-22,71.40316548367188,1994,6
1994-06-23,71.28350887317728,1994,6
1994-06-24,71.31739050997699,1994,6
1994-06-25,71.27316600354972,1994,6
1994-06-26,71.0149411426677,1994,6
1994-06-27,71.06181498618866,1994,6
1994-06-28,71.13699778748685,1994,6
1994-06-29,71.13849125788781,1994,6
1994-06-30,71.06632960826384,1994,6
1994-07-01,71.2492998768711,1994,7
1994-07-02,71.04746277976089,1994,7
1994-07-03,70.96740955040205,1994,7
1994-07-04,70.92145270391435,1994,7
1994-07-05,70.89861759082498,1994,7
1994-07-06,71.11265171875739,1994,7
1994-07-07,71.1580856523287,1994,7
1994-07-08,71.08784734353748,1994,7
1994-07-09,71.04543398367176,1994,7
1994-07-10,71.09655378912551,1994,7
1994-07-11,71.139137097906,1994,7
1994-07-12,71.20688928563175,1994,7
1994-07-13,71.0086977852217,1994,7
1994-07-14,71.00304202447961,1994,7
1994-07-15,70.95734560744832,1994,7
1994-07-16,71.01330618150419,1994,7
1994-07-17,71.10180641664716,1994,7
1994-07-18,71.02134504712389,1994,7
1994-07-19,70.96743410507895,1994,7
1994-07-20,70.92003026150509,1994,7
1994-07-21,70.86954553273878,1994,7
1994-07-22,70.86971288488779,1994,7
1994-07-23,70.92958053746402,1994,7
1994-07-24,70.92008654543467,1994,7
1994-07-25,70.9290482166598,1994,7
1994-07-26,71.25386710248729,1994,7
1994-07-27,71.04096584752217,1994,7
1994-07-28,71.01082088705606,1994,7
1994-07-29,71.00160460721499,1994,7
1994-07-30,70.92834742081985,1994,7
1994-07-31,70.91032335049422,1994,7
1994-08-01,71.02996268823408,1994,8
1994-08-02,71.08979306327798,1994,8
1994-08-03,70.93985689757112,1994,8
1994-08-04,70.89714694456387,1994,8
1994-08-05,70.899945422162,1994,8
1994-08-06,70.96850680626636,1994,8
1994-08-07,71.01300046066976,1994,8
1994-08-08,70.97762258088416,1994,8
1994-08-09,70.96427872239731,1994,8
1994-08-10,70.74446092406488,1994,8
1994-08-11,70.79967260121768,1994,8
1994-08-12,70.77216534965929,1994,8
1994-08-13,70.85755609736361,1994,8
1994-08-14,70.97194774271297,1994,8
1994-08-15,70.95391472987136,1994,8
1994-08-16,70.85583915342573,1994,8
1994-08-17,70.8038143665509,1994,8
1994-08-18,70.81813298672958,1994,8
1994-08-19,70.84035504097156,1994,8
1994-08-20,70.88032665844595,1994,8
1994-08-21,70.95823392632447,1994,8
1994-08-22,70.87208846078025,1994,8
1994-08-23,70.84026521039961,1994,8
1994-08-24,70.84642459419001,1994,8
1994-08-25,70.83731583041104,1994,8
1994-08-26,70.76832384441664,1994,8
1994-08-27,70.74918282041635,1994,8
1994-08-28,70.79264460640407,1994,8
1994-08-29,70.81843524573512,1994,8
1994-08-30,70.87787515187108,1994,8
1994-08-31,70.86406909425205,1994,8
1994-09-01,70.84278873078387,1994,9
1994-09-02,70.86841958588835,1994,9
1994-09-03,70.7771092204163,1994,9
1994-09-04,70.83724225794656,1994,9
1994-09-05,70.78855785196646,1994,9
1994-09-06,70.79027229999087,1994,9
1994-09-07,70.69643242688346,1994,9
1994-09-08,70.83180801971777,1994,9
1994-09-09,70.79769271835475,1994,9
1994-09-10,70.74972792382054,1994,9
1994-09-11,70.67346662770822,1994,9
1994-09-12,70.89461580580759,1994,9
1994-09-13,70.43678085424362,1994,9
1994-09-14,70.3280925427154,1994,9
1994-09-15,70.40926792476755,1994,9
1994-09-16,70.5598280842306,1994,9
1994-09-17,70.47131547122724,1994,9
1994-09-18,70.26969055681714,1994,9
1994-09-19,70.09841107784223,1994,9
1994-09-20,69.95559823769645,1994,9
1994-09-21,69.80623088268047,1994,9
1994-09-22,69.90047003246278,1994,9
1994-09-23,69.9830686869127,1994,9
1994-09-24,69.90928501853656,1994,9
1994-09-25,69.93795780200836,1994,9
1994-09-26,69.84122402460264,1994,9
1994-09-27,69.65951327123439,1994,9
1994-09-28,69.57037937073456,1994,9
1994-09-29,69.60926649243306,1994,9
1994-09-30,69.5410726296103,1994,9
1994-10-01,69.649185028517,1994,10
1994-10-02,69.66144605791523,1994,10
1994-10-03,69.6369553727086,1994,10
1994-10-04,69.69131539612619,1994,10
1994-10-05,69.69555402663974,1994,10
1994-10-06,69.72148513527475,1994,10
1994-10-07,69.79537998261,1994,10
1994-10-08,69.65825502229683,1994,10
1994-10-09,69.58834949023617,1994,10
1994-10-10,69.55854919595342,1994,10
1994-10-11,69.53725979620455,1994,10
1994-10-12,69.30925542665373,1994,10
1994-10-13,69.24953125464421,1994,10
1994-10-14,69.22428665303612,1994,10
1994-10-15,69.24491711240817,1994,10
1994-10-16,68.8540390849872,1994,10
1994-10-17,68.72907746734897,1994,10
1994-10-18,68.72583791983455,1994,10
1994-10-19,68.7567621210039,1994,10
1994-10-20,68.91946995484942,1994,10
1994-10-21,69.01456813102908,1994,10
1994-10-22,69.06731368594336,1994,10
1994-10-23,68.9893134269879,1994,10
1994-10-24,68.94743669564032,1994,10
1994-10-25,68.95114005743817,1994,10
1994-10-26,69.00024092830492,1994,10
1994-10-27,68.83128558784557,1994,10
1994-10-28,68.7956308135386,1994,10
1994-10-29,68.75058959866581,1994,10
1994-10-30,68.70156926805238,1994,10
1994-10-31,68.72581357481381,1994,10
1994-11-01,68.52322082369805,1994,11
1994-11-02,68.29414916218568,1994,11
1994-11-03,68.25799123878195,1994,11
1994-11-04,68.51117024546708,1994,11
1994-11-05,68.44695008251503,1994,11
1994-11-06,68.40290370103662,1994,11
1994-11-07,68.27842340536495,1994,11
1994-11-08,68.22792641667203,1994,11
1994-11-09,68.16388531297142,1994,11
1994-11-10,68.21277559952497,1994,11
1994-11-11,68.13684130671466,1994,11
1994-11-12,68.09259154469267,1994,11
1994-11-13,68.14043262062535,1994,11
1994-11-14,68.04308622173643,1994,11
1994-11-15,67.95876726471779,1994,11
1994-11-16,67.90553024653147,1994,11
1994-11-17,67.78758521381687,1994,11
1994-11-18,67.56567438746255,1994,11
1994-11-19,67.30429164456291,1994,11
1994-11-20,67.18816747276237,1994,11
1994-11-21,67.27508876314107,1994,11
1994-11-22,67.31544949786058,1994,11
1994-11-23,67.23273863603326,1994,11
1994-11-24,67.18430390231589,1994,11
1994-11-25,66.97123217094342,1994,11
1994-11-26,66.93828025249003,1994,11
1994-11-27,66.86574503785909,1994,11
1994-11-28,66.90913079513986,1994,11
1994-11-29,66.98313199521186,1994,11
1994-11-30,67.19330847209191,1994,11
1994-12-01,66.93953483624553,1994,12
1994-12-02,66.99002528503001,1994,12
1994-12-03,66.90678418103273,1994,12
1994-12-04,66.89217328830179,1994,12
1994-12-05,66.8920436242631,1994,12
1994-12-06,66.83552098018806,1994,12
1994-12-07,66.76878626646649,1994,12
1994-12-08,66.87974517478834,1994,12
1994-12-09,66.85007166128835,1994,12
1994-12-10,66.65060534436175,1994,12
1994-12-11,66.20015545968674,1994,12
1994-12-12,65.6727602756781,1994,12
1994-12-13,65.62802759572551,1994,12
1994-12-14,65.7229982561836,1994,12
1994-12-15,65.84061864350863,1994,12
1994-12-16,65.84093179635123,1994,12
1994-12-17,65.82286832032361,1994,12
1994-12-18,65.95514510220715,1994,12
1994-12-19,66.03473023610519,1994,12
1994-12-20,65.92775591675341,1994,12
1994-12-21,65.96785215184731,1994,12
1994-12-22,66.01212403872024,1994,12
1994-12-23,66.015730870037,1994,12
1994-12-24,66.16837371121143,1994,12
1994-12-25,66.14599886123132,1994,12
1994-12-26,66.28521858407427,1994,12
1994-12-27,66.39224883183141,1994,12
1994-12-28,66.488074579684,1994,12
1994-12-29,66.1922554158036,1994,12
1994-12-30,65.81572427235456,1994,12
1994-12-31,65.57821216267523,1994,12
1995-01-01,66.36287247256942,1995,1
1995-01-02,66.18533922535335,1995,1
1995-01-03,66.45274362619176,1995,1
1995-01-04,66.68660718461017,1995,1
1995-01-05,66.8425452017727,1995,1
1995-01-06,67.20569769039493,1995,1
1995-01-07,67.44013589148983,1995,1
1995-01-08,67.68787148770873,1995,1
1995-01-09,68.23617127389913,1995,1
1995-01-10,67.8981138966111,1995,1
1995-01-11,67.03539208014821,1995,1
1995-01-12,66.84223525611449,1995,1
1995-01-13,66.51007934339972,1995,1
1995-01-14,66.63413802894082,1995,1
1995-01-15,67.11949238012056,1995,1
1995-01-16,67.14258768012638,1995,1
1995-01-17,68.13604511800418,1995,1
1995-01-18,66.73208078565642,1995,1
1995-01-19,66.6025511027327,1995,1
1995-01-20,66.7261186040801,1995,1
1995-01-21,66.86638922169912,1995,1
1995-01-22,66.6984113821112,1995,1
1995-01-23,66.4571617469044,1995,1
1995-01-24,66.58615931671645,1995,1
1995-01-25,66.63532460742826,1995,1
1995-01-26,66.69463716689377,1995,1
1995-01-27,66.72150644971667,1995,1
1995-01-28,66.85952114520046,1995,1
1995-01-29,66.99533505775209,1995,1
1995-01-30,66.96647072642502,1995,1
1995-01-31,67.03804544111597,1995,1
1995-02-01,67.18979091245393,1995,2
1995-02-02,67.39407718727453,1995,2
1995-02-03,67.53189660627892,1995,2
1995-02-04,67.68291945522783,1995,2
1995-02-05,67.63395535615959,1995,2
1995-02-06,67.56843977651938,1995,2
1995-02-07,67.45859604790385,1995,2
1995-02-08,67.55061155464423,1995,2
1995-02-09,67.79041383395568,1995,2
1995-02-10,68.84106111994942,1995,2
1995-02-11,68.3751822161458,1995,2
1995-02-12,68.53121251324953,1995,2
1995-02-13,69.286743982766,1995,2
1995-02-14,68.60366314037114,1995,2
1995-02-15,68.11382223874138,1995,2
1995-02-16,67.60114246287053,1995,2
1995-02-17,67.52468061919083,1995,2
1995-02-18,67.87725769553877,1995,2
1995-02-19,67.86813030567266,1995,2
1995-02-20,67.88050718612332,1995,2
1995-02-21,68.09766596735696,1995,2
1995-02-22,68.16363289381296,1995,2
1995-02-23,68.4738262067926,1995,2
1995-02-24,67.4169913690079,1995,2
1995-02-25,67.5242257104613,1995,2
1995-02-26,68.03643667086975,1995,2
1995-02-27,68.18475235100628,1995,2
1995-02-28,69.0051999689465,1995,2
1995-03-01,68.19607966219063,1995,3
1995-03-02,68.32358277952054,1995,3
1995-03-03,68.23660117135843,1995,3
1995-03-04,68.26857190640158,1995,3
1995-03-05,68.56670366709739,1995,3
1995-03-06,68.42684122280268,1995,3
1995-03-07,68.63642540521258,1995,3
1995-03-08,68.53678969228073,1995,3
1995-03-09,68.64066327184156,1995,3
1995-03-10,68.60452954735368,1995,3
1995-03-11,68.47624215557046,1995,3
1995-03-12,68.35577256279367,1995,3
1995-03-13,68.54298205617975,1995,3
1995-03-14,68.79072583884826,1995,3
1995-03-15,69.13062402002,1995,3
1995-03-16,69.31734787098362,1995,3
1995-03-17,69.32044370875339,1995,3
1995-03-18,69.3345965867861,1995,3
1995-03-19,69.50572713398762,1995,3
1995-03-20,69.60949630103893,1995,3
1995-03-21,69.60856697737802,1995,3
1995-03-22,69.66706173878438,1995,3
1995-03-23,69.89982816509047,1995,3
1995-03-24,70.20477120253204,1995,3
1995-03-25,70.45816701353772,1995,3
1995-03-26,69.87878059225996,1995,3
1995-03-27,70.2332052027548,1995,3
1995-03-28,69.69884104707964,1995,3
1995-03-29,70.09905627817754,1995,3
1995-03-30,69.81978876946403,1995,3
1995-03-31,69.74533377099604,1995,3
1995-04-01,69.74291472793772,1995,4
1995-04-02,69.7039723579672,1995,4
1995-04-03,69.68873754809123,1995,4
1995-04-04,69.70203753771844,1995,4
1995-04-05,69.58459803941486,1995,4
1995-04-06,69.8900780222552,1995,4
1995-04-07,70.04436509847318,1995,4
1995-04-08,70.26487718115678,1995,4
1995-04-09,70.5947503186781,1995,4
1995-04-10,70.73035679018238,1995,4
1995-04-11,70.5901827843553,1995,4
1995-04-12,70.28518152786503,1995,4
1995-04-13,70.08145366273591,1995,4
1995-04-14,70.26753694551743,1995,4
1995-04-15,70.56920918185367,1995,4
1995-04-16,70.52724407887534,1995,4
1995-04-17,71.37491719918404,1995,4
1995-04-18,70.79112468573506,1995,4
1995-04-19,70.7894329622174,1995,4
1995-04-20,70.91092550969495,1995,4
1995-04-21,70.46447498734739,1995,4
1995-04-22,70.69103541608284,1995,4
1995-04-23,70.93257488440672,1995,4
1995-04-24,71.09381798940004,1995,4
1995-04-25,71.42403833686396,1995,4
1995-04-26,71.51569462303405,1995,4
1995-04-27,71.36721893108538,1995,4
1995-04-28,71.50132566422847,1995,4
1995-04-29,71.62331409704689,1995,4
1995-04-30,71.61103314513674,1995,4
1995-05-01,71.37218159685668,1995,5
1995-05-02,71.3067684776751,1995,5
1995-05-03,71.32689596756974,1995,5
1995-05-04,71.19683935901216,1995,5
1995-05-05,71.28048311541251,1995,5
1995-05-06,71.31805172017793,1995,5
1995-05-07,71.46903008918429,1995,5
1995-05-08,71.55454510581662,1995,5
1995-05-09,71.68611681267836,1995,5
1995-05-10,71.89192822092322,1995,5
1995-05-11,71.92300212734237,1995,5
1995-05-12,72.74203497350031,1995,5
1995-05-13,72.00656078886962,1995,5
1995-05-14,72.08004824410233,1995,5
1995-05-15,72.02973231949856,1995,5
1995-05-16,72.11718987896367,1995,5
1995-05-17,72.00319644297704,1995,5
1995-05-18,71.83516075869335,1995,5
1995-05-19,71.87410320351523,1995,5
1995-05-20,71.8206704861634,1995,5
1995-05-21,71.74195369140422,1995,5
1995-05-22,71.74209720418935,1995,5
1995-05-23,71.63205192843336,1995,5
1995-05-24,71.695848661298,1995,5
1995-05-25,72.2671769072713,1995,5
1995-05-26,71.79064876313863,1995,5
1995-05-27,71.85136184817874,1995,5
1995-05-28,71.90281728677152,1995,5
1995-05-29,72.04897449648381,1995,5
1995-05-30,72.08971325603699,1995,5
1995-05-31,72.29028244328718,1995,5
1995-06-01,72.42100149539087,1995,6
1995-06-02,72.6506300822159,1995,6
1995-06-03,72.62405941132671,1995,6
1995-06-04,72.63198818772032,1995,6
1995-06-05,72.57917937705126,1995,6
1995-06-06,72.58818600710823,1995,6
1995-06-07,72.66430556215212,1995,6
1995-06-08,72.68530922303721,1995,6
1995-06-09,72.73067008153313,1995,6
1995-06-10,72.6846049976727,1995,6
1995-06-11,72.72243621618037,1995,6
1995-06-12,72.65313836774642,1995,6
1995-06-13,72.63257035590264,1995,6
1995-06-14,72.60124007157003,1995,6
1995-06-15,72.73748355302698,1995,6
1995-06-16,72.75959558672251,1995,6
1995-06-17,72.43336546819003,1995,6
1995-06-18,72.08643590750697,1995,6
1995-06-19,72.0847493076287,1995,6
1995-06-20,71.80533806964498,1995,6
1995-06-21,71.81045388437839,1995,6
1995-06-22,72.08868829443087,1995,6
1995-06-23,72.21199148758288,1995,6
1995-06-24,71.66134656385151,1995,6
1995-06-25,71.83412619860651,1995,6
1995-06-26,72.23346451153347,1995,6
1995-06-27,72.10536594167284,1995,6
1995-06-28,72.03855133928627,1995,6
1995-06-29,72.06025598621711,1995,6
1995-06-30,72.22329571881687,1995,6
1995-07-01,72.06744744268413,1995,7
1995-07-02,72.07080455561015,1995,7
1995-07-03,71.97367039804534,1995,7
1995-07-04,72.10727539555651,1995,7
1995-07-05,72.09129173162239,1995,7
1995-07-06,72.25732876042878,1995,7
1995-07-07,72.20140707636897,1995,7
1995-07-08,72.10493283406171,1995,7
1995-07-09,72.09677443315984,1995,7
1995-07-10,71.87345168588445,1995,7
1995-07-11,71.69772119802697,1995,7
1995-07-12,71.6936580544341,1995,7
1995-07-13,71.75991997673823,1995,7
1995-07-14,71.88750212929087,1995,7
1995-07-15,71.72442635860702,1995,7
1995-07-16,71.71759317593204,1995,7
1995-07-17,71.9012876651397,1995,7
1995-07-18,71.74811945270912,1995,7
1995-07-19,71.55425408578834,1995,7
1995-07-20,71.60159516686359,1995,7
1995-07-21,71.5768251998661,1995,7
1995-07-22,71.60956541508959,1995,7
1995-07-23,71.60165483840805,1995,7
1995-07-24,71.61875800707485,1995,7
1995-07-25,71.46968647215392,1995,7
1995-07-26,71.44887360059059,1995,7
1995-07-27,71.59524411144736,1995,7
1995-07-28,72.19262266272067,1995,7
1995-07-29,71.54910456648655,1995,7
1995-07-30,71.68950321208523,1995,7
1995-07-31,71.74793868623343,1995,7
1995-08-01,71.76475753320594,1995,8
1995-08-02,71.70051675760256,1995,8
1995-08-03,71.56828196862352,1995,8
1995-08-04,71.57175681803658,1995,8
1995-08-05,71.6732054142248,1995,8
1995-08-06,71.69676299366857,1995,8
1995-08-07,71.70351075633637,1995,8
1995-08-08,71.60872081469999,1995,8
1995-08-09,71.68550623450687,1995,8
1995-08-10,72.23502694016788,1995,8
1995-08-11,71.69247862883556,1995,8
1995-08-12,71.76025631678408,1995,8
1995-08-13,71.5992484965063,1995,8
1995-08-14,71.47830467155194,1995,8
1995-08-15,71.5594783120757,1995,8
1995-08-16,71.59726208984749,1995,8
1995-08-17,71.5860333900499,1995,8
1995-08-18,71.58737589885378,1995,8
1995-08-19,71.75648948146433,1995,8
1995-08-20,71.56351397763987,1995,8
1995-08-21,71.49062938474302,1995,8
1995-08-22,71.62563161165798,1995,8
1995-08-23,71.66612466095951,1995,8
1995-08-24,71.71690984084877,1995,8
1995-08-25,71.72177973790059,1995,8
1995-08-26,71.68934830202602,1995,8
1995-08-27,71.59917521008394,1995,8
1995-08-28,71.56291022829548,1995,8
1995-08-29,71.48765445918576,1995,8
1995-08-30,71.4282488091734,1995,8
1995-08-31,71.42340298034243,1995,8
1995-09-01,71.57481293286149,1995,9
1995-09-02,71.62136237053761,1995,9
1995-09-03,71.49350873588895,1995,9
1995-09-04,72.40856604423462,1995,9
1995-09-05,71.74102559856108,1995,9
1995-09-06,71.73208997981622,1995,9
1995-09-07,71.15912733315176,1995,9
1995-09-08,71.2118352980354,1995,9
1995-09-09,71.21409204420634,1995,9
1995-09-10,71.30753183683835,1995,9
1995-09-11,71.28250505877504,1995,9
1995-09-12,71.29092736515102,1995,9
1995-09-13,71.3548797566687,1995,9
1995-09-14,71.33843613614899,1995,9
1995-09-15,71.41988242679511,1995,9
1995-09-16,71.43510785064598,1995,9
1995-09-17,71.35488942546304,1995,9
1995-09-18,71.27632368871423,1995,9
1995-09-19,71.26967731763176,1995,9
1995-09-20,71.28320722419433,1995,9
1995-09-21,71.1942437487643,1995,9
1995-09-22,71.20009776654531,1995,9
1995-09-23,71.14578753589201,1995,9
1995-09-24,71.16045170665585,1995,9
1995-09-25,71.22386376591508,1995,9
1995-09-26,71.15187364937212,1995,9
1995-09-27,71.16323616933619,1995,9
1995-09-28,71.16283998450139,1995,9
1995-09-29,71.09410727588208,1995,9
1995-09-30,71.66105434487713,1995,9
1995-10-01,71.16470028545099,1995,10
1995-10-02,71.13071838698053,1995,10
1995-10-03,71.16009433023437,1995,10
1995-10-04,71.04658037765243,1995,10
1995-10-05,70.94266319986778,1995,10
1995-10-06,70.85220254542588,1995,10
1995-10-07,70.81937082514239,1995,10
1995-10-08,70.7052528252423,1995,10
1995-10-09,70.75702930597892,1995,10
1995-10-10,70.85512274244138,1995,10
1995-10-11,70.92101565632144,1995,10
1995-10-12,70.92465529479637,1995,10
1995-10-13,70.9276265176048,1995,10
1995-10-14,70.95788339899177,1995,10
1995-10-15,70.85766274474652,1995,10
1995-10-16,70.92679489904062,1995,10
1995-10-17,71.69312862932665,1995,10
1995-10-18,70.56682467756077,1995,10
1995-10-19,70.28605827487763,1995,10
1995-10-20,70.19954983583443,1995,10
1995-10-21,70.07042682253542,1995,10
1995-10-22,70.08594482364302,1995,10
1995-10-23,69.80921938395004,1995,10
1995-10-24,69.5072922210281,1995,10
1995-10-25,69.21164158448596,1995,10
1995-10-26,69.29356682205848,1995,10
1995-10-27,69.31492084646707,1995,10
1995-10-28,69.3270567806906,1995,10
1995-10-29,69.34325925040149,1995,10
1995-10-30,69.43847888711349,1995,10
1995-10-31,69.58712031241637,1995,10
1995-11-01,69.32575865799969,1995,11
1995-11-02,69.0838516406536,1995,11
1995-11-03,68.79924146822275,1995,11
1995-11-04,68.57817291871459,1995,11
1995-11-05,68.55368324827488,1995,11
1995-11-06,68.61045946152856,1995,11
1995-11-07,68.62668377250267,1995,11
1995-11-08,69.4618665672922,1995,11
1995-11-09,69.15973847518913,1995,11
1995-11-10,69.10671827762837,1995,11
1995-11-11,69.05612159604887,1995,11
1995-11-12,69.06794279496518,1995,11
1995-11-13,68.76964828302755,1995,11
1995-11-14,68.48663511749247,1995,11
1995-11-15,68.3107289983117,1995,11
1995-11-16,68.25782449597469,1995,11
1995-11-17,68.54540569810106,1995,11
1995-11-18,68.74526646630274,1995,11
1995-11-19,68.6924706002118,1995,11
1995-11-20,68.48468908813625,1995,11
1995-11-21,68.33545393948934,1995,11
1995-11-22,68.40395847798278,1995,11
1995-11-23,68.66124538792216,1995,11
1995-11-24,68.63625251063887,1995,11
1995-11-25,68.25208076034453,1995,11
1995-11-26,67.88215761329681,1995,11
1995-11-27,67.96607247858957,1995,11
1995-11-28,68.2417611568968,1995,11
1995-11-29,68.18194576639674,1995,11
1995-11-30,68.01576731885922,1995,11
1995-12-01,67.65967727638308,1995,12
1995-12-02,67.3940264877929,1995,12
1995-12-03,67.43246560815884,1995,12
1995-12-04,67.30720402260648,1995,12
1995-12-05,67.18731357475629,1995,12
1995-12-06,67.30804666610955,1995,12
1995-12-07,67.34337451919431,1995,12
1995-12-08,67.46879659650136,1995,12
1995-12-09,68.1822805273865,1995,12
1995-12-10,67.5051073086072,1995,12
1995-12-11,67.70542276412229,1995,12
1995-12-12,67.56693630631608,1995,12
1995-12-13,67.36813021801201,1995,12
1995-12-14,67.39039585445076,1995,12
1995-12-15,67.28883226496055,1995,12
1995-12-16,67.41208889228899,1995,12
1995-12-17,67.40403724114181,1995,12
1995-12-18,67.47801863595726,1995,12
1995-12-19,67.47556024707559,1995,12
1995-12-20,67.51572254351902,1995,12
1995-12-21,67.52892621862608,1995,12
1995-12-22,67.73979092499249,1995,12
1995-12-23,67.5954712282217,1995,12
1995-12-24,67.36322925272765,1995,12
1995-12-25,67.17255959113628,1995,12
1995-12-26,67.17800184484697,1995,12
1995-12-27,67.2301284559038,1995,12
1995-12-28,67.38646611635718,1995,12
1995-12-29,67.47894718591309,1995,12
1995-12-30,67.57606820093955,1995,12
1995-12-31,67.6330435768262,1995,12
1996-01-01,67.60204830469519,1996,1
1996-01-02,67.62806080647977,1996,1
1996-01-03,67.62200766172761,1996,1
1996-01-04,67.45998878944688,1996,1
1996-01-05,67.44152668292148,1996,1
1996-01-06,67.28308183716791,1996,1
1996-01-07,67.19870938371263,1996,1
1996-01-08,67.21033407558198,1996,1
1996-01-09,67.2253972560703,1996,1
1996-01-10,67.33062271140889,1996,1
1996-01-11,67.19889920312418,1996,1
1996-01-12,67.19931529699164,1996,1
1996-01-13,67.30730661819193,1996,1
1996-01-14,67.47493557326116,1996,1
1996-01-15,67.94210984997191,1996,1
1996-01-16,67.64894311296491,1996,1
1996-01-17,67.37012489175538,1996,1
1996-01-18,66.95760914122562,1996,1
1996-01-19,66.74055768071692,1996,1
1996-01-20,66.77955465939672,1996,1
1996-01-21,66.95375944915364,1996,1
1996-01-22,67.21439327390671,1996,1
1996-01-23,67.36845979075152,1996,1
1996-01-24,67.21885491219292,1996,1
1996-01-25,67.17214775088065,1996,1
1996-01-26,67.05615509951114,1996,1
1996-01-27,66.96230150789759,1996,1
1996-01-28,67.0670111362726,1996,1
1996-01-29,66.9547520833229,1996,1
1996-01-30,66.69312935413488,1996,1
1996-01-31,66.70051919677552,1996,1
1996-02-01,66.97000626506038,1996,2
1996-02-02,66.99435003917846,1996,2
1996-02-03,67.14140355660511,1996,2
1996-02-04,67.18632119659078,1996,2
1996-02-05,67.34117466941697,1996,2
1996-02-06,67.4129106461267,1996,2
1996-02-07,67.53119704027931,1996,2
1996-02-08,67.72968871266697,1996,2
1996-02-09,67.88235887334746,1996,2
1996-02-10,67.69383923619232,1996,2
1996-02-11,67.46845008246382,1996,2
1996-02-12,67.53140434531392,1996,2
1996-02-13,67.51510931111453,1996,2
1996-02-14,67.66645364443941,1996,2
1996-02-15,67.90475491405377,1996,2
1996-02-16,67.86324767967923,1996,2
1996-02-17,67.85649436342688,1996,2
1996-02-18,67.9513983129185,1996,2
1996-02-19,67.99692618825081,1996,2
1996-02-20,68.10816782997709,1996,2
1996-02-21,68.97265717678974,1996,2
1996-02-22,68.57271204037207,1996,2
1996-02-23,69.53354947904762,1996,2
1996-02-24,68.86324315871236,1996,2
1996-02-25,69.05036528362476,1996,2
1996-02-26,68.65643676996447,1996,2
1996-02-27,68.16568106579044,1996,2
1996-02-28,68.25577380621655,1996,2
1996-02-29,68.17904382593099,1996,2
1996-03-01,68.64667161466532,1996,3
1996-03-02,68.95787742606592,1996,3
1996-03-03,68.63237118855389,1996,3
1996-03-04,68.60121655185719,1996,3
1996-03-05,68.67565391331459,1996,3
1996-03-06,68.75427837882461,1996,3
1996-03-07,68.95758640406378,1996,3
1996-03-08,69.68191986982895,1996,3
1996-03-09,69.12712950947187,1996,3
1996-03-10,69.32208762798292,1996,3
1996-03-11,69.54836433006756,1996,3
1996-03-12,69.79930038909454,1996,3
1996-03-13,69.77735963616692,1996,3
1996-03-14,69.837528337676,1996,3
1996-03-15,70.03562354590179,1996,3
1996-03-16,70.16116613117022,1996,3
1996-03-17,70.05786037503536,1996,3
1996-03-18,70.323792854981,1996,3
1996-03-19,70.38425846543286,1996,3
1996-03-20,69.50241988629638,1996,3
1996-03-21,69.67073177425029,1996,3
1996-03-22,69.86750128395191,1996,3
1996-03-23,69.62499331351867,1996,3
1996-03-24,69.67169887550848,1996,3
1996-03-25,69.92446634564772,1996,3
1996-03-26,70.28247540575643,1996,3
1996-03-27,70.36198476079097,1996,3
1996-03-28,70.5312422435971,1996,3
1996-03-29,70.72730585739409,1996,3
1996-03-30,70.46353428018516,1996,3
1996-03-31,69.94214767161522,1996,3
1996-04-01,70.13453706109226,1996,4
1996-04-02,69.24878639551035,1996,4
1996-04-03,69.55645365199165,1996,4
1996-04-04,69.81736755375222,1996,4
1996-04-05,70.18062576830958,1996,4
1996-04-06,70.50249878359989,1996,4
1996-04-07,70.68909151034163,1996,4
1996-04-08,70.40351865434715,1996,4
1996-04-09,70.19768432857647,1996,4
1996-04-10,69.97727908694834,1996,4
1996-04-11,70.09070220870416,1996,4
1996-04-12,70.8439478748567,1996,4
1996-04-13,71.07146900574025,1996,4
1996-04-14,70.46020641433508,1996,4
1996-04-15,70.5460882788111,1996,4
1996-04-16,70.76287918554874,1996,4
1996-04-17,71.16758843329521,1996,4
1996-04-18,71.36879487782085,1996,4
1996-04-19,71.2625072209118,1996,4
1996-04-20,71.10496568328125,1996,4
1996-04-21,71.10734088448775,1996,4
1996-04-22,71.00593769062888,1996,4
1996-04-23,71.13327227804194,1996,4
1996-04-24,70.94536809368897,1996,4
1996-04-25,70.92976926826213,1996,4
1996-04-26,70.91995404765541,1996,4
1996-04-27,71.4381710512452,1996,4
1996-04-28,71.5654411178143,1996,4
1996-04-29,71.81511299306375,1996,4
1996-04-30,71.83376996018575,1996,4
1996-05-01,71.53093137965703,1996,5
1996-05-02,71.39297721020668,1996,5
1996-05-03,71.59362973296066,1996,5
1996-05-04,71.57968558916693,1996,5
1996-05-05,71.48994218391431,1996,5
1996-05-06,71.39914579122313,1996,5
1996-05-07,71.32991819557174,1996,5
1996-05-08,71.50108905625521,1996,5
1996-05-09,71.73431657549654,1996,5
1996-05-10,71.90819106348953,1996,5
1996-05-11,71.74050412775547,1996,5
1996-05-12,71.30604296240425,1996,5
1996-05-13,71.5294729820785,1996,5
1996-05-14,71.69100167878788,1996,5
1996-05-15,71.45695074632923,1996,5
1996-05-16,71.53190634442187,1996,5
1996-05-17,71.56967218568187,1996,5
1996-05-18,72.2451017083571,1996,5
1996-05-19,71.32022444192928,1996,5
1996-05-20,71.37904021160044,1996,5
1996-05-21,71.66083547278963,1996,5
1996-05-22,71.82899816569568,1996,5
1996-05-23,71.79131529840635,1996,5
1996-05-24,72.11005496704365,1996,5
1996-05-25,72.1875309606998,1996,5
1996-05-26,72.15282521441314,1996,5
1996-05-27,72.0779164794725,1996,5
1996-05-28,72.69781223321358,1996,5
1996-05-29,72.26404066759423,1996,5
1996-05-30,72.25776878338068,1996,5
1996-05-31,72.15797145352812,1996,5
1996-06-01,72.21542190241732,1996,6
1996-06-02,72.10280766862313,1996,6
1996-06-03,72.10328204569211,1996,6
1996-06-04,72.08504691680541,1996,6
1996-06-05,71.76871251673114,1996,6
1996-06-06,71.84449229176582,1996,6
1996-06-07,71.95288653968628,1996,6
1996-06-08,72.03208786407073,1996,6
1996-06-09,71.85472013835306,1996,6
1996-06-10,72.01986546975866,1996,6
1996-06-11,72.04551125833291,1996,6
1996-06-12,72.05691979255272,1996,6
1996-06-13,72.28543289486254,1996,6
1996-06-14,72.54710725766353,1996,6
1996-06-15,71.88270089271701,1996,6
1996-06-16,71.91811350054697,1996,6
1996-06-17,71.86642174885975,1996,6
1996-06-18,71.99160366445327,1996,6
1996-06-19,71.8625026947151,1996,6
1996-06-20,71.71622758878202,1996,6
1996-06-21,71.80404677088639,1996,6
1996-06-22,71.79029099797539,1996,6
1996-06-23,71.73197869685886,1996,6
1996-06-24,71.78681163434531,1996,6
1996-06-25,71.81854990958676,1996,6
1996-06-26,71.85430494599973,1996,6
1996-06-27,71.88668152822237,1996,6
1996-06-28,71.934134366331,1996,6
1996-06-29,71.88168973262229,1996,6
1996-06-30,71.65623975285023,1996,6
1996-07-01,71.5794440124641,1996,7
1996-07-02,71.66026128153362,1996,7
1996-07-03,71.90696890081622,1996,7
1996-07-04,71.87066100539549,1996,7
1996-07-05,71.76665846173165,1996,7
1996-07-06,71.65259850698726,1996,7
1996-07-07,71.68206928094811,1996,7
1996-07-08,71.78785677246948,1996,7
1996-07-09,71.8909367819598,1996,7
1996-07-10,71.96684653280742,1996,7
1996-07-11,71.83023632647756,1996,7
1996-07-12,71.81060006851098,1996,7
1996-07-13,71.7710255800008,1996,7
1996-07-14,71.81848869359284,1996,7
1996-07-15,71.62717851037743,1996,7
1996-07-16,71.62864795433515,1996,7
1996-07-17,71.82670640301342,1996,7
1996-07-18,71.83985763417851,1996,7
1996-07-19,71.80083495816856,1996,7
1996-07-20,71.73751776850202,1996,7
1996-07-21,71.6936319683881,1996,7
1996-07-22,71.69760016940562,1996,7
1996-07-23,71.66895401646612,1996,7
1996-07-24,71.72391147943026,1996,7
1996-07-25,71.75605944570458,1996,7
1996-07-26,72.2805625630162,1996,7
1996-07-27,71.66347402245962,1996,7
1996-07-28,71.63227163631417,1996,7
1996-07-29,71.59711816530971,1996,7
1996-07-30,71.6466612033714,1996,7
1996-07-31,71.71939382834863,1996,7
1996-08-01,71.60303856734353,1996,8
1996-08-02,71.6119438556551,1996,8
1996-08-03,71.61296816472733,1996,8
1996-08-04,71.71274257171407,1996,8
1996-08-05,71.75055002558443,1996,8
1996-08-06,71.57545437080485,1996,8
1996-08-07,71.98889717437754,1996,8
1996-08-08,71.4642923026624,1996,8
1996-08-09,71.41315066996843,1996,8
1996-08-10,71.49200779925341,1996,8
1996-08-11,71.59281771443008,1996,8
1996-08-12,71.64673593657143,1996,8
1996-08-13,71.54625427716229,1996,8
1996-08-14,71.49183503789912,1996,8
1996-08-15,71.49095675057261,1996,8
1996-08-16,71.49665846772488,1996,8
1996-08-17,71.49102074106702,1996,8
1996-08-18,71.41229005301591,1996,8
1996-08-19,71.35299214547759,1996,8
1996-08-20,71.34163127966596,1996,8
1996-08-21,71.28061563372759,1996,8
1996-08-22,71.19613822879305,1996,8
1996-08-23,72.05392819169394,1996,8
1996-08-24,71.86247687602642,1996,8
1996-08-25,71.27882671261594,1996,8
1996-08-26,71.40936137128979,1996,8
1996-08-27,71.48772799579217,1996,8
1996-08-28,71.50262407201862,1996,8
1996-08-29,71.53943835087148,1996,8
1996-08-30,71.52986822867112,1996,8
1996-08-31,71.33079021395375,1996,8
1996-09-01,71.31629941680866,1996,9
1996-09-02,71.30538668080705,1996,9
1996-09-03,71.32759689179233,1996,9
1996-09-04,71.34270349844353,1996,9
1996-09-05,71.3047442842752,1996,9
1996-09-06,71.29617534580653,1996,9
1996-09-07,71.26076972716272,1996,9
1996-09-08,71.19301105876495,1996,9
1996-09-09,71.1767560227156,1996,9
1996-09-10,71.34563071375871,1996,9
1996-09-11,71.3238117117186,1996,9
1996-09-12,71.41067235063895,1996,9
1996-09-13,71.53601505800003,1996,9
1996-09-14,71.50372821964135,1996,9
1996-09-15,71.29531653022886,1996,9
1996-09-16,71.24582528627383,1996,9
1996-09-17,71.33474117443677,1996,9
1996-09-18,71.29532325905814,1996,9
1996-09-19,71.09243926386627,1996,9
1996-09-20,71.11561063080393,1996,9
1996-09-21,71.04213239756531,1996,9
1996-09-22,71.09714704850163,1996,9
1996-09-23,71.11471443629426,1996,9
1996-09-24,71.18513533635796,1996,9
1996-09-25,71.24277006069666,1996,9
1996-09-26,71.26249810909657,1996,9
1996-09-27,71.1013860249626,1996,9
1996-09-28,71.01733070503147,1996,9
1996-09-29,70.96248308085775,1996,9
1996-09-30,70.98143989072194,1996,9
1996-10-01,71.03637943324247,1996,10
1996-10-02,71.11736450967004,1996,10
1996-10-03,71.02279417887978,1996,10
1996-10-04,70.90876270283961,1996,10
1996-10-05,71.46286944713707,1996,10
1996-10-06,70.45882573143287,1996,10
1996-10-07,70.38726552599636,1996,10
1996-10-08,70.28215976743004,1996,10
1996-10-09,70.1440624145214,1996,10
1996-10-10,70.07697726546333,1996,10
1996-10-11,70.08935475874397,1996,10
1996-10-12,70.05503532601148,1996,10
1996-10-13,70.08133636818033,1996,10
1996-10-14,70.10787862996386,1996,10
1996-10-15,70.68535705986798,1996,10
1996-10-16,69.84515052032218,1996,10
1996-10-17,69.83656874894514,1996,10
1996-10-18,69.95044068465266,1996,10
1996-10-19,69.95669571088965,1996,10
1996-10-20,70.00680715642561,1996,10
1996-10-21,69.96583530443026,1996,10
1996-10-22,70.07771650982305,1996,10
1996-10-23,70.05500191134209,1996,10
1996-10-24,69.95864210651874,1996,10
1996-10-25,69.7723216073002,1996,10
1996-10-26,69.85544050547024,1996,10
1996-10-27,69.88991392768612,1996,10
1996-10-28,69.88921683757685,1996,10
1996-10-29,69.72918567975154,1996,10
1996-10-30,69.32482654786239,1996,10
1996-10-31,69.17472561294804,1996,10
1996-11-01,69.17326418389433,1996,11
1996-11-02,69.03721128293577,1996,11
1996-11-03,68.91469469709038,1996,11
1996-11-04,68.75943144185503,1996,11
1996-11-05,68.75083923111038,1996,11
1996-11-06,68.87459041316764,1996,11
1996-11-07,68.93411592495244,1996,11
1996-11-08,68.90525407240092,1996,11
1996-11-09,68.88618950689204,1996,11
1996-11-10,68.89804002452121,1996,11
1996-11-11,68.8721151518441,1996,11
1996-11-12,68.80148555595439,1996,11
1996-11-13,68.82331949897141,1996,11
1996-11-14,68.62631818184418,1996,11
1996-11-15,68.48239643513689,1996,11
1996-11-16,68.17906464425869,1996,11
1996-11-17,67.65710693795498,1996,11
1996-11-18,67.63776736638525,1996,11
1996-11-19,68.1027805109391,1996,11
1996-11-20,67.9798158873761,1996,11
1996-11-21,68.03026804848228,1996,11
1996-11-22,68.01267176929683,1996,11
1996-11-23,68.03251439699895,1996,11
1996-11-24,67.86906979890537,1996,11
1996-11-25,67.9124217353522,1996,11
1996-11-26,67.68765406862835,1996,11
1996-11-27,67.64249817204391,1996,11
1996-11-28,67.52392698363094,1996,11
1996-11-29,67.36625903801874,1996,11
1996-11-30,67.20572410538965,1996,11
1996-12-01,67.24657389271432,1996,12
1996-12-02,67.13312758391149,1996,12
1996-12-03,67.38646498444045,1996,12
1996-12-04,67.53060342816094,1996,12
1996-12-05,67.58549106967172,1996,12
1996-12-06,67.57078966845003,1996,12
1996-12-07,67.40430118258507,1996,12
1996-12-08,67.08134529412789,1996,12
1996-12-09,66.55127840064395,1996,12
1996-12-10,66.39770813415866,1996,12
1996-12-11,66.37621025180948,1996,12
1996-12-12,66.53342996934148,1996,12
1996-12-13,66.88289009376737,1996,12
1996-12-14,67.06279749204764,1996,12
1996-12-15,67.1297972329785,1996,12
1996-12-16,67.17380978858075,1996,12
1996-12-17,67.59451907690726,1996,12
1996-12-18,67.3370695942493,1996,12
1996-12-19,67.11384009827108,1996,12
1996-12-20,66.97367247922027,1996,12
1996-12-21,66.87235020254055,1996,12
1996-12-22,66.78065857180967,1996,12
1996-12-23,66.89698462726113,1996,12
1996-12-24,66.84230479850932,1996,12
1996-12-25,66.95175785143725,1996,12
1996-12-26,67.13872327047319,1996,12
1996-12-27,67.09954260505741,1996,12
1996-12-28,67.02203189149486,1996,12
1996-12-29,66.8833499825748,1996,12
1996-12-30,66.82050239036292,1996,12
1996-12-31,66.76832620057557,1996,12
1997-01-01,66.15615931021962,1997,1
1997-01-02,66.1387167151139,1997,1
1997-01-03,66.08570840776967,1997,1
1997-01-04,66.17602476279468,1997,1
1997-01-05,66.27211545417995,1997,1
1997-01-06,66.26323613465289,1997,1
1997-01-07,66.21665246312281,1997,1
1997-01-08,66.20680430247782,1997,1
1997-01-09,66.23732463008277,1997,1
1997-01-10,66.31344699588088,1997,1
1997-01-11,66.48074520796372,1997,1
1997-01-12,66.45279418867979,1997,1
1997-01-13,66.30794631739074,1997,1
1997-01-14,66.36846927685237,1997,1
1997-01-15,66.50710971738737,1997,1
1997-01-16,66.197209842486,1997,1
1997-01-17,66.17133030895111,1997,1
1997-01-18,66.26144705567646,1997,1
1997-01-19,66.6523306995038,1997,1
1997-01-20,66.48168572907491,1997,1
1997-01-21,66.0798848906201,1997,1
1997-01-22,65.66580131840094,1997,1
1997-01-23,65.5997534309064,1997,1
1997-01-24,65.59075331916435,1997,1
1997-01-25,65.37409209947131,1997,1
1997-01-26,65.59854559939839,1997,1
1997-01-27,66.12451486493605,1997,1
1997-01-28,66.08546626433402,1997,1
1997-01-29,66.06914656809602,1997,1
1997-01-30,66.11310551772735,1997,1
1997-01-31,66.15187743941787,1997,1
1997-02-01,66.25804593167162,1997,2
1997-02-02,66.54657776242789,1997,2
1997-02-03,66.81804228642923,1997,2
1997-02-04,66.5236530412065,1997,2
1997-02-05,66.27888005014793,1997,2
1997-02-06,66.05443226994036,1997,2
1997-02-07,65.87578744903321,1997,2
1997-02-08,66.017569370435,1997,2
1997-02-09,66.47949301256311,1997,2
1997-02-10,66.36662416214392,1997,2
1997-02-11,66.0959693040008,1997,2
1997-02-12,65.91673837771934,1997,2
1997-02-13,65.95248986193448,1997,2
1997-02-14,66.34413076542332,1997,2
1997-02-15,66.56751173122092,1997,2
1997-02-16,66.89637566960965,1997,2
1997-02-17,66.76351042427305,1997,2
1997-02-18,66.69418807387312,1997,2
1997-02-19,66.88026136338338,1997,2
1997-02-20,66.84660809513905,1997,2
1997-02-21,66.7723422641096,1997,2
1997-02-22,66.90277124620596,1997,2
1997-02-23,66.97230932166131,1997,2
1997-02-24,67.26570945499468,1997,2
1997-02-25,67.72911595602093,1997,2
1997-02-26,67.6754137798383,1997,2
1997-02-27,67.59845600856104,1997,2
1997-02-28,67.60732316737655,1997,2
1997-03-01,67.77986709493078,1997,3
1997-03-02,67.9340567664237,1997,3
1997-03-03,67.59049844139027,1997,3
1997-03-04,67.57024079809472,1997,3
1997-03-05,67.57796573440723,1997,3
1997-03-06,67.94539368294384,1997,3
1997-03-07,68.06523654822549,1997,3
1997-03-08,68.1677431788966,1997,3
1997-03-09,68.3824628481523,1997,3
1997-03-10,68.51004925478486,1997,3
1997-03-11,68.66025902884408,1997,3
1997-03-12,68.75755364836212,1997,3
1997-03-13,68.96928640610027,1997,3
1997-03-14,68.94070684085649,1997,3
1997-03-15,69.05365583538762,1997,3
1997-03-16,69.08641230740098,1997,3
1997-03-17,69.09104547259597,1997,3
1997-03-18,69.22265095188354,1997,3
1997-03-19,69.52153374277253,1997,3
1997-03-20,69.16251379871869,1997,3
1997-03-21,68.88869587004035,1997,3
1997-03-22,68.71921803718523,1997,3
1997-03-23,68.49852890703147,1997,3
1997-03-24,68.55752868521432,1997,3
1997-03-25,68.46414216700057,1997,3
1997-03-26,68.59453805391838,1997,3
1997-03-27,68.81298431841051,1997,3
1997-03-28,69.22945329859286,1997,3
1997-03-29,69.59773065843022,1997,3
1997-03-30,68.7508963909088,1997,3
1997-03-31,68.88528409222499,1997,3
1997-04-01,69.20303096906663,1997,4
1997-04-02,69.07311824128635,1997,4
1997-04-03,68.87776010257902,1997,4
1997-04-04,68.61870441249322,1997,4
1997-04-05,68.59103567700812,1997,4
1997-04-06,68.54284188203324,1997,4
1997-04-07,68.70661431985175,1997,4
1997-04-08,69.14449648308953,1997,4
1997-04-09,69.4096801817615,1997,4
1997-04-10,69.34642506700389,1997,4
1997-04-11,69.39920342680999,1997,4
1997-04-12,69.57529238282437,1997,4
1997-04-13,69.76187040069136,1997,4
1997-04-14,69.96004807263671,1997,4
1997-04-15,69.95942385986713,1997,4
1997-04-16,70.2489570122745,1997,4
1997-04-17,69.08506955216345,1997,4
1997-04-18,69.25002289269763,1997,4
1997-04-19,69.28149421543382,1997,4
1997-04-20,69.68461886150128,1997,4
1997-04-21,69.71598084004032,1997,4
1997-04-22,69.84662552034673,1997,4
1997-04-23,70.02219135921356,1997,4
1997-04-24,70.1639139360358,1997,4
1997-04-25,70.43162671180217,1997,4
1997-04-26,70.52316831089132,1997,4
1997-04-27,70.59645487409854,1997,4
1997-04-28,70.55765180325822,1997,4
1997-04-29,70.29141673326677,1997,4
1997-04-30,70.24868168007671,1997,4
1997-05-01,70.22695602388296,1997,5
1997-05-02,70.26207108613741,1997,5
1997-05-03,70.20697009762053,1997,5
1997-05-04,70.22414303785177,1997,5
1997-05-05,70.22070950061514,1997,5
1997-05-06,70.1514750138125,1997,5
1997-05-07,70.34438713071962,1997,5
1997-05-08,70.29776066281329,1997,5
1997-05-09,70.24622210414911,1997,5
1997-05-10,70.4388965837584,1997,5
1997-05-11,70.51982617843188,1997,5
1997-05-12,70.80470856194472,1997,5
1997-05-13,70.84250697384557,1997,5
1997-05-14,70.78253650657959,1997,5
1997-05-15,71.19434473741772,1997,5
1997-05-16,70.72309584058691,1997,5
1997-05-17,70.57825177935607,1997,5
1997-05-18,70.80980822261608,1997,5
1997-05-19,70.97349467056169,1997,5
1997-05-20,70.9944858731086,1997,5
1997-05-21,71.15396638769762,1997,5
1997-05-22,71.04955147220825,1997,5
1997-05-23,71.14597419603967,1997,5
1997-05-24,71.13975582908395,1997,5
1997-05-25,71.1027891602999,1997,5
1997-05-26,71.19692371911574,1997,5
1997-05-27,71.23300187669668,1997,5
1997-05-28,71.26890223683769,1997,5
1997-05-29,71.14706218125103,1997,5
1997-05-30,70.9790814101804,1997,5
1997-05-31,70.74336357507768,1997,5
1997-06-01,70.66090361144671,1997,6
1997-06-02,70.88204353629904,1997,6
1997-06-03,70.81099577356906,1997,6
1997-06-04,71.17206233575945,1997,6
1997-06-05,71.05246602135475,1997,6
1997-06-06,71.32873138778291,1997,6
1997-06-07,71.30820667006859,1997,6
1997-06-08,71.39464749975994,1997,6
1997-06-09,71.38051212544188,1997,6
1997-06-10,71.10598173800165,1997,6
1997-06-11,71.22144572746694,1997,6
1997-06-12,71.36341604150597,1997,6
1997-06-13,71.04167891430473,1997,6
1997-06-14,71.2310863528146,1997,6
1997-06-15,71.48367276310644,1997,6
1997-06-16,71.44266130028461,1997,6
1997-06-17,71.58048017093459,1997,6
1997-06-18,71.30069121750616,1997,6
1997-06-19,70.99332233002093,1997,6
1997-06-20,71.15042045196209,1997,6
1997-06-21,71.10259930971326,1997,6
1997-06-22,71.39893016967888,1997,6
1997-06-23,71.22075982206671,1997,6
1997-06-24,71.20153922539623,1997,6
1997-06-25,71.3149900311678,1997,6
1997-06-26,71.26359376100855,1997,6
1997-06-27,71.23780088013586,1997,6
1997-06-28,71.1598562712559,1997,6
1997-06-29,71.137114782599,1997,6
1997-06-30,71.20918881357693,1997,6
1997-07-01,71.22097486588528,1997,7
1997-07-02,71.25331165235141,1997,7
1997-07-03,71.44889929846119,1997,7
1997-07-04,71.21914523301355,1997,7
1997-07-05,71.3238497930719,1997,7
1997-07-06,71.34826086632415,1997,7
1997-07-07,71.3798550381964,1997,7
1997-07-08,71.34647919362347,1997,7
1997-07-09,71.33743516508771,1997,7
1997-07-10,71.22202795125891,1997,7
1997-07-11,71.1166744252279,1997,7
1997-07-12,71.29346589909129,1997,7
1997-07-13,71.38510403053026,1997,7
1997-07-14,71.35558281491062,1997,7
1997-07-15,71.49139459974536,1997,7
1997-07-16,71.48693848413477,1997,7
1997-07-17,71.57907499846517,1997,7
1997-07-18,71.67912628623397,1997,7
1997-07-19,71.3895863677413,1997,7
1997-07-20,71.32711886951753,1997,7
1997-07-21,71.19622276754271,1997,7
1997-07-22,71.23720720631198,1997,7
1997-07-23,71.32571078844174,1997,7
1997-07-24,71.37421724124255,1997,7
1997-07-25,71.29425745868336,1997,7
1997-07-26,71.34262553748188,1997,7
1997-07-27,71.32024673108172,1997,7
1997-07-28,71.32105931621882,1997,7
1997-07-29,71.2241515967752,1997,7
1997-07-30,71.10386255572853,1997,7
1997-07-31,71.15670030232097,1997,7
1997-08-01,71.13169683408887,1997,8
1997-08-02,71.03500844389652,1997,8
1997-08-03,71.10044024854352,1997,8
1997-08-04,71.05770032545769,1997,8
1997-08-05,71.02682137946321,1997,8
1997-08-06,70.99297057447097,1997,8
1997-08-07,71.08978098159653,1997,8
1997-08-08,70.99660426384916,1997,8
1997-08-09,71.34835914458783,1997,8
1997-08-10,71.21013056839094,1997,8
1997-08-11,71.13796619906314,1997,8
1997-08-12,70.92681744959636,1997,8
1997-08-13,70.97744892856743,1997,8
1997-08-14,71.07015211859735,1997,8
1997-08-15,71.13233931716879,1997,8
1997-08-16,71.15579808849517,1997,8
1997-08-17,71.11997711736431,1997,8
1997-08-18,71.1446988504551,1997,8
1997-08-19,71.17418898828272,1997,8
1997-08-20,71.15302852615565,1997,8
1997-08-21,71.1889224989342,1997,8
1997-08-22,71.13005484518429,1997,8
1997-08-23,70.88338318104311,1997,8
1997-08-24,70.96719494004829,1997,8
1997-08-25,70.95966322492745,1997,8
1997-08-26,70.91640118687846,1997,8
1997-08-27,72.26661135778107,1997,8
1997-08-28,70.95436062241608,1997,8
1997-08-29,70.74405083036217,1997,8
1997-08-30,70.73445971625969,1997,8
1997-08-31,70.82616906195308,1997,8
1997-09-01,70.87801674609375,1997,9
1997-09-02,70.80901106998472,1997,9
1997-09-03,70.79362349729502,1997,9
1997-09-04,70.94114569764656,1997,9
1997-09-05,70.94526363182837,1997,9
1997-09-06,70.90415047166256,1997,9
1997-09-07,70.93109325807112,1997,9
1997-09-08,70.885698526643,1997,9
1997-09-09,70.78649841961779,1997,9
1997-09-10,70.75461553972626,1997,9
1997-09-11,70.70893501129716,1997,9
1997-09-12,70.63653792361337,1997,9
1997-09-13,70.66665676228062,1997,9
1997-09-14,70.68240419815095,1997,9
1997-09-15,70.68934903203207,1997,9
1997-09-16,70.84164394500634,1997,9
1997-09-17,70.72735525604516,1997,9
1997-09-18,70.77087072770625,1997,9
1997-09-19,70.82502535006951,1997,9
1997-09-20,70.7941905826025,1997,9
1997-09-21,70.66059959760433,1997,9
1997-09-22,70.61778537728625,1997,9
1997-09-23,70.6086911594998,1997,9
1997-09-24,70.6331599406534,1997,9
1997-09-25,70.65990060304735,1997,9
1997-09-26,70.54724796461547,1997,9
1997-09-27,70.49534670125291,1997,9
1997-09-28,70.32598283465596,1997,9
1997-09-29,70.23346913588558,1997,9
1997-09-30,70.40484998235819,1997,9
1997-10-01,69.80508351636531,1997,10
1997-10-02,69.66244470191816,1997,10
1997-10-03,69.72679339172598,1997,10
1997-10-04,69.72512355239645,1997,10
1997-10-05,69.58277253025324,1997,10
1997-10-06,69.68560001252793,1997,10
1997-10-07,69.75692929419746,1997,10
1997-10-08,69.76502097619696,1997,10
1997-10-09,69.73474057709977,1997,10
1997-10-10,69.77037467627046,1997,10
1997-10-11,69.69019009250144,1997,10
1997-10-12,69.68157744523315,1997,10
1997-10-13,69.62600077389796,1997,10
1997-10-14,69.55809571269991,1997,10
1997-10-15,69.45951736382196,1997,10
1997-10-16,69.40198382409503,1997,10
1997-10-17,69.46710734142611,1997,10
1997-10-18,69.50505612886784,1997,10
1997-10-19,69.67608493369043,1997,10
1997-10-20,69.28982275461622,1997,10
1997-10-21,69.19454363690696,1997,10
1997-10-22,69.44274414008532,1997,10
1997-10-23,68.98421193109293,1997,10
1997-10-24,68.79327327736034,1997,10
1997-10-25,68.80634069808957,1997,10
1997-10-26,69.02048152870402,1997,10
1997-10-27,68.95152509212326,1997,10
1997-10-28,68.99843667758215,1997,10
1997-10-29,68.87129085253147,1997,10
1997-10-30,68.73817327959132,1997,10
1997-10-31,68.81822960939462,1997,10
1997-11-01,68.82927536819243,1997,11
1997-11-02,68.75183222482354,1997,11
1997-11-03,68.6832370706347,1997,11
1997-11-04,68.71669364026144,1997,11
1997-11-05,68.6103904136522,1997,11
1997-11-06,68.56288169782141,1997,11
1997-11-07,68.6383158419889,1997,11
1997-11-08,68.66614930893638,1997,11
1997-11-09,68.67149768246242,1997,11
1997-11-10,70.40491899877648,1997,11
1997-11-11,68.52281088729315,1997,11
1997-11-12,68.49156425394658,1997,11
1997-11-13,68.31981283967143,1997,11
1997-11-14,68.20510291244878,1997,11
1997-11-15,68.1239185359127,1997,11
1997-11-16,68.17368435331176,1997,11
1997-11-17,68.2474411390289,1997,11
1997-11-18,68.2893857960172,1997,11
1997-11-19,68.09581157712971,1997,11
1997-11-20,68.06592494971078,1997,11
1997-11-21,68.1267851143176,1997,11
1997-11-22,68.30732094775517,1997,11
1997-11-23,68.2032623594766,1997,11
1997-11-24,68.21999540918533,1997,11
1997-11-25,68.60388709829373,1997,11
1997-11-26,68.8073238989564,1997,11
1997-11-27,68.23344476229906,1997,11
1997-11-28,67.97872525998213,1997,11
1997-11-29,67.94623747953545,1997,11
1997-11-30,67.9362562881943,1997,11
1997-12-01,67.81576634067163,1997,12
1997-12-02,67.46806340834256,1997,12
1997-12-03,67.33045728398851,1997,12
1997-12-04,67.46275575734099,1997,12
1997-12-05,67.4616379405781,1997,12
1997-12-06,67.7334977863148,1997,12
1997-12-07,67.86987534922817,1997,12
1997-12-08,68.02947454141847,1997,12
1997-12-09,67.95764939795124,1997,12
1997-12-10,67.33866817299094,1997,12
1997-12-11,67.00270634661251,1997,12
1997-12-12,67.01509266626285,1997,12
1997-12-13,67.38776808585658,1997,12
1997-12-14,67.33188099546716,1997,12
1997-12-15,66.91935233672451,1997,12
1997-12-16,67.03085377221063,1997,12
1997-12-17,66.89136611030762,1997,12
1997-12-18,66.855805324027,1997,12
1997-12-19,67.07474401888004,1997,12
1997-12-20,66.95188350490966,1997,12
1997-12-21,66.93263216553102,1997,12
1997-12-22,66.8471160319007,1997,12
1997-12-23,66.63616631655849,1997,12
1997-12-24,66.67809581840896,1997,12
1997-12-25,66.79068138343693,1997,12
1997-12-26,66.81495699678625,1997,12
1997-12-27,66.74113223225126,1997,12
1997-12-28,66.66800794501783,1997,12
1997-12-29,66.83128264267509,1997,12
1997-12-30,66.6989627203168,1997,12
1997-12-31,66.47938874865935,1997,12
1998-01-01,66.27136702100783,1998,1
1998-01-02,66.23354433546886,1998,1
1998-01-03,66.1969217318187,1998,1
1998-01-04,66.42590912650078,1998,1
1998-01-05,66.37101405702875,1998,1
1998-01-06,66.3980202220495,1998,1
1998-01-07,66.5186413498589,1998,1
1998-01-08,66.7152971632674,1998,1
1998-01-09,66.71165125674987,1998,1
1998-01-10,66.71864582414337,1998,1
1998-01-11,67.02605786496105,1998,1
1998-01-12,67.05784843303762,1998,1
1998-01-13,66.80569455265216,1998,1
1998-01-14,66.8836944117638,1998,1
1998-01-15,66.86057847026119,1998,1
1998-01-16,66.41864463385554,1998,1
1998-01-17,66.13197344941915,1998,1
1998-01-18,65.9948592136977,1998,1
1998-01-19,65.93171689084245,1998,1
1998-01-20,66.0267146142459,1998,1
1998-01-21,66.1111597112068,1998,1
1998-01-22,65.82903351853662,1998,1
1998-01-23,66.02796298672364,1998,1
1998-01-24,66.18605201466373,1998,1
1998-01-25,66.46649225444955,1998,1
1998-01-26,66.58871877834375,1998,1
1998-01-27,66.72658892700993,1998,1
1998-01-28,67.37274588987975,1998,1
1998-01-29,67.17447800456422,1998,1
1998-01-30,67.17555160002645,1998,1
1998-01-31,67.44665789830016,1998,1
1998-02-01,67.53971336557862,1998,2
1998-02-02,67.61531409320611,1998,2
1998-02-03,67.37793770876047,1998,2
1998-02-04,67.21032610874333,1998,2
1998-02-05,66.78082854364725,1998,2
1998-02-06,66.63594284145108,1998,2
1998-02-07,66.67892027374506,1998,2
1998-02-08,66.51453237427708,1998,2
1998-02-09,66.57915293871513,1998,2
1998-02-10,67.1138944169522,1998,2
1998-02-11,66.83720743988513,1998,2
1998-02-12,67.09666213240526,1998,2
1998-02-13,67.18149181867102,1998,2
1998-02-14,67.74538410171111,1998,2
1998-02-15,67.99468601884419,1998,2
1998-02-16,67.97414199825495,1998,2
1998-02-17,67.88219156409885,1998,2
1998-02-18,67.85059143293745,1998,2
1998-02-19,67.50654139807877,1998,2
1998-02-20,67.11116626302474,1998,2
1998-02-21,67.13689654738356,1998,2
1998-02-22,67.23486057994799,1998,2
1998-02-23,67.98468351353756,1998,2
1998-02-24,68.3428019761393,1998,2
1998-02-25,67.85675672268144,1998,2
1998-02-26,67.41405409757412,1998,2
1998-02-27,67.27629155076949,1998,2
1998-02-28,67.36103976582919,1998,2
1998-03-01,67.42602109494251,1998,3
1998-03-02,67.45834681111707,1998,3
1998-03-03,67.73665186414411,1998,3
1998-03-04,68.21002490957378,1998,3
1998-03-05,68.46356098667682,1998,3
1998-03-06,68.15444111303438,1998,3
1998-03-07,67.99930193548872,1998,3
1998-03-08,67.46873451112246,1998,3
1998-03-09,67.51803143638988,1998,3
1998-03-10,67.98395674761258,1998,3
1998-03-11,68.57515600133554,1998,3
1998-03-12,68.47568804771979,1998,3
1998-03-13,68.98929895544083,1998,3
1998-03-14,67.94452090606443,1998,3
1998-03-15,67.9063324077189,1998,3
1998-03-16,68.31944373805614,1998,3
1998-03-17,68.49418369179864,1998,3
1998-03-18,68.34328981928203,1998,3
1998-03-19,68.52899158620998,1998,3
1998-03-20,68.76679643859417,1998,3
1998-03-21,68.99340799419205,1998,3
1998-03-22,69.42200282665144,1998,3
1998-03-23,69.33245837613143,1998,3
1998-03-24,68.87806893147562,1998,3
1998-03-25,68.30841436713641,1998,3
1998-03-26,68.23231140234303,1998,3
1998-03-27,68.66874567694657,1998,3
1998-03-28,69.16552002415236,1998,3
1998-03-29,69.52989749208963,1998,3
1998-03-30,69.2661357601251,1998,3
1998-03-31,69.22718242149782,1998,3
1998-04-01,69.74606958569845,1998,4
1998-04-02,69.72139598371386,1998,4
1998-04-03,70.00810767885301,1998,4
1998-04-04,69.98712073773417,1998,4
1998-04-05,69.91458734930559,1998,4
1998-04-06,69.97650868234636,1998,4
1998-04-07,70.2207113733988,1998,4
1998-04-08,70.49735964019952,1998,4
1998-04-09,70.53832329510338,1998,4
1998-04-10,69.71485241085473,1998,4
1998-04-11,69.86612086930455,1998,4
1998-04-12,70.05321534690813,1998,4
1998-04-13,70.12965920075997,1998,4
1998-04-14,70.08643126028417,1998,4
1998-04-15,70.23515898301001,1998,4
1998-04-16,70.39345572804142,1998,4
1998-04-17,70.02811907253255,1998,4
1998-04-18,70.24743857724954,1998,4
1998-04-19,70.66290284986312,1998,4
1998-04-20,70.52444740739463,1998,4
1998-04-21,70.81571710653411,1998,4
1998-04-22,70.81163789664394,1998,4
1998-04-23,70.86314181271578,1998,4
1998-04-24,70.8808695131153,1998,4
1998-04-25,70.80569552621006,1998,4
1998-04-26,71.29664172502102,1998,4
1998-04-27,70.63265809411081,1998,4
1998-04-28,70.62412971043572,1998,4
1998-04-29,70.70772707376398,1998,4
1998-04-30,70.9560217855945,1998,4
1998-05-01,71.23025206452327,1998,5
1998-05-02,70.98332093993967,1998,5
1998-05-03,71.14827661471857,1998,5
1998-05-04,71.15745944480118,1998,5
1998-05-05,71.23486400031356,1998,5
1998-05-06,72.12795804629224,1998,5
1998-05-07,71.74020723122187,1998,5
1998-05-08,70.67109917051455,1998,5
1998-05-09,70.64568561084283,1998,5
1998-05-10,70.51278580316625,1998,5
1998-05-11,70.44376037393694,1998,5
1998-05-12,70.5517175037826,1998,5
1998-05-13,70.84534370593627,1998,5
1998-05-14,71.08630292688702,1998,5
1998-05-15,71.31955680648672,1998,5
1998-05-16,71.39916446819329,1998,5
1998-05-17,71.56583394184213,1998,5
1998-05-18,72.2114076354704,1998,5
1998-05-19,71.53000215582618,1998,5
1998-05-20,71.86274788086786,1998,5
1998-05-21,71.78046001422172,1998,5
1998-05-22,71.89137242606076,1998,5
1998-05-23,71.86182542449954,1998,5
1998-05-24,72.02877829283791,1998,5
1998-05-25,72.11013347665289,1998,5
1998-05-26,72.08602802602203,1998,5
1998-05-27,72.08413576637902,1998,5
1998-05-28,72.18729725633091,1998,5
1998-05-29,72.15754897180953,1998,5
1998-05-30,71.92323501143974,1998,5
1998-05-31,72.0782441813772,1998,5
1998-06-01,72.14203725730032,1998,6
1998-06-02,72.13465302247613,1998,6
1998-06-03,71.97650736415378,1998,6
1998-06-04,72.02533131340003,1998,6
1998-06-05,71.95008491798815,1998,6
1998-06-06,71.75465341141124,1998,6
1998-06-07,71.80446730598173,1998,6
1998-06-08,71.99208151577791,1998,6
1998-06-09,71.80766509661976,1998,6
1998-06-10,71.76975590562084,1998,6
1998-06-11,71.38460576463538,1998,6
1998-06-12,71.3801976391814,1998,6
1998-06-13,71.45037416723748,1998,6
1998-06-14,71.32423044188613,1998,6
1998-06-15,71.32604887075998,1998,6
1998-06-16,71.26777268829872,1998,6
1998-06-17,71.34040387453885,1998,6
1998-06-18,71.49030167101286,1998,6
1998-06-19,71.69116219970853,1998,6
1998-06-20,71.68857195952926,1998,6
1998-06-21,71.74135886519463,1998,6
1998-06-22,71.80190454890821,1998,6
1998-06-23,71.75901245388351,1998,6
1998-06-24,71.9174283350787,1998,6
1998-06-25,71.86435725463667,1998,6
1998-06-26,71.94877260975599,1998,6
1998-06-27,71.75863346495778,1998,6
1998-06-28,71.65757728063168,1998,6
1998-06-29,71.48807672115969,1998,6
1998-06-30,71.45854192450332,1998,6
1998-07-01,71.48055645102899,1998,7
1998-07-02,71.44912772115487,1998,7
1998-07-03,71.43382826640514,1998,7
1998-07-04,71.36350558837988,1998,7
1998-07-05,71.26567449090696,1998,7
1998-07-06,71.19168549980266,1998,7
1998-07-07,71.42860003183159,1998,7
1998-07-08,71.32264686518212,1998,7
1998-07-09,71.40241985106661,1998,7
1998-07-10,71.4653565848669,1998,7
1998-07-11,71.36146680133128,1998,7
1998-07-12,71.31407245637409,1998,7
1998-07-13,71.28153645902104,1998,7
1998-07-14,71.33138026014396,1998,7
1998-07-15,71.29118205040464,1998,7
1998-07-16,71.17928171130966,1998,7
1998-07-17,71.32434557136375,1998,7
1998-07-18,71.19049924175724,1998,7
1998-07-19,71.17102895455271,1998,7
1998-07-20,71.18703885888418,1998,7
1998-07-21,71.26696567769369,1998,7
1998-07-22,71.41177829274187,1998,7
1998-07-23,71.4725511784458,1998,7
1998-07-24,71.39550301984788,1998,7
1998-07-25,71.33574097831139,1998,7
1998-07-26,71.2755149066897,1998,7
1998-07-27,71.40909615681387,1998,7
1998-07-28,71.41116766429741,1998,7
1998-07-29,71.23175614325916,1998,7
1998-07-30,71.28122224804996,1998,7
1998-07-31,71.40127114466362,1998,7
1998-08-01,71.51538014808085,1998,8
1998-08-02,71.459989077609,1998,8
1998-08-03,71.3172249031944,1998,8
1998-08-04,71.25345716260239,1998,8
1998-08-05,71.29573706222799,1998,8
1998-08-06,71.24466238630258,1998,8
1998-08-07,71.3020429816173,1998,8
1998-08-08,71.49824393590876,1998,8
1998-08-09,71.3554582251122,1998,8
1998-08-10,71.44804799227106,1998,8
1998-08-11,71.4930988028957,1998,8
1998-08-12,71.39692292304926,1998,8
1998-08-13,71.23660091688258,1998,8
1998-08-14,71.20749543246454,1998,8
1998-08-15,71.10817469553739,1998,8
1998-08-16,71.10607547380583,1998,8
1998-08-17,71.10796355700991,1998,8
1998-08-18,71.18470675730062,1998,8
1998-08-19,71.24021001150113,1998,8
1998-08-20,71.20622260521289,1998,8
1998-08-21,71.18477091748426,1998,8
1998-08-22,71.18098894512816,1998,8
1998-08-23,71.21876230210646,1998,8
1998-08-24,71.30472675240284,1998,8
1998-08-25,71.21374974538075,1998,8
1998-08-26,71.10542223760974,1998,8
1998-08-27,71.07235099756628,1998,8
1998-08-28,71.02594947854816,1998,8
1998-08-29,71.08286709115836,1998,8
1998-08-30,71.2240162183191,1998,8
1998-08-31,71.1418471757842,1998,8
1998-09-01,71.00471693763546,1998,9
1998-09-02,70.92435151685527,1998,9
1998-09-03,70.98746692837295,1998,9
1998-09-04,70.96295660891086,1998,9
1998-09-05,71.06326304228652,1998,9
1998-09-06,71.1377852227629,1998,9
1998-09-07,71.28628106402668,1998,9
1998-09-08,71.0554514406617,1998,9
1998-09-09,71.21434200770574,1998,9
1998-09-10,70.98177783357109,1998,9
1998-09-11,70.97675170799495,1998,9
1998-09-12,71.34726087148769,1998,9
1998-09-13,70.79884630893488,1998,9
1998-09-14,70.72899940809502,1998,9
1998-09-15,70.7250339673825,1998,9
1998-09-16,70.87031309604092,1998,9
1998-09-17,71.02820158287199,1998,9
1998-09-18,71.17124914468656,1998,9
1998-09-19,70.99179691298316,1998,9
1998-09-20,70.86659190815672,1998,9
1998-09-21,70.74103139224151,1998,9
1998-09-22,70.80116399389823,1998,9
1998-09-23,70.78212761289579,1998,9
1998-09-24,70.70937656262387,1998,9
1998-09-25,70.7676408558157,1998,9
1998-09-26,70.86864695645687,1998,9
1998-09-27,70.90084566385403,1998,9
1998-09-28,70.94041424581364,1998,9
1998-09-29,70.94196102739251,1998,9
1998-09-30,70.97510696641271,1998,9
1998-10-01,70.77841707295639,1998,10
1998-10-02,70.7049309993282,1998,10
1998-10-03,70.55243317292798,1998,10
1998-10-04,70.51438176249462,1998,10
1998-10-05,70.41858460675518,1998,10
1998-10-06,70.48180098242578,1998,10
1998-10-07,70.55306495568804,1998,10
1998-10-08,70.52749397730258,1998,10
1998-10-09,70.54611502468515,1998,10
1998-10-10,70.60457901054879,1998,10
1998-10-11,70.45512003956401,1998,10
1998-10-12,70.44155279787097,1998,10
1998-10-13,70.45213408904303,1998,10
1998-10-14,70.4074828440943,1998,10
1998-10-15,70.54555783454674,1998,10
1998-10-16,70.38286476211208,1998,10
1998-10-17,70.89162445850225,1998,10
1998-10-18,70.27534929035937,1998,10
1998-10-19,69.83762601193149,1998,10
1998-10-20,69.6670163196831,1998,10
1998-10-21,69.58902105242139,1998,10
1998-10-22,69.65297981187183,1998,10
1998-10-23,69.78439867114099,1998,10
1998-10-24,69.84848501399993,1998,10
1998-10-25,69.85033452018783,1998,10
1998-10-26,69.70640968459246,1998,10
1998-10-27,69.52372386073523,1998,10
1998-10-28,69.06936272739772,1998,10
1998-10-29,68.80887559094022,1998,10
1998-10-30,68.7158330487984,1998,10
1998-10-31,68.8259766576934,1998,10
1998-11-01,69.32945201585186,1998,11
1998-11-02,69.2738097037704,1998,11
1998-11-03,69.2909516680961,1998,11
1998-11-04,69.19430852892528,1998,11
1998-11-05,69.13277835611646,1998,11
1998-11-06,69.06181019305524,1998,11
1998-11-07,69.08582929456007,1998,11
1998-11-08,69.08060806730332,1998,11
1998-11-09,68.93336884993144,1998,11
1998-11-10,68.82426651944452,1998,11
1998-11-11,68.58566081057242,1998,11
1998-11-12,68.35389060092203,1998,11
1998-11-13,68.14786350859019,1998,11
1998-11-14,68.07798420682694,1998,11
1998-11-15,68.26927542542705,1998,11
1998-11-16,68.32484022116843,1998,11
1998-11-17,68.30891154770998,1998,11
1998-11-18,68.48102776082659,1998,11
1998-11-19,68.43065303323863,1998,11
1998-11-20,68.39058985980655,1998,11
1998-11-21,68.26453766146993,1998,11
1998-11-22,67.98338131794657,1998,11
1998-11-23,68.1633726888899,1998,11
1998-11-24,67.91735311052473,1998,11
1998-11-25,67.513834420911,1998,11
1998-11-26,67.27030322160113,1998,11
1998-11-27,67.23245147683257,1998,11
1998-11-28,66.78988487024118,1998,11
1998-11-29,66.83071277609615,1998,11
1998-11-30,67.0291836914333,1998,11
1998-12-01,67.30487252471748,1998,12
1998-12-02,66.9503966328091,1998,12
1998-12-03,66.81389469481084,1998,12
1998-12-04,66.7527260585627,1998,12
1998-12-05,67.08295355496658,1998,12
1998-12-06,66.95977183041784,1998,12
1998-12-07,66.9845239987311,1998,12
1998-12-08,67.00495572198962,1998,12
1998-12-09,66.74950364725268,1998,12
1998-12-10,66.80448739794264,1998,12
1998-12-11,66.69558296061469,1998,12
1998-12-12,66.81027660351873,1998,12
1998-12-13,66.77499002340782,1998,12
1998-12-14,66.68906102376738,1998,12
1998-12-15,67.01602090326968,1998,12
1998-12-16,66.81967841224777,1998,12
1998-12-17,66.55835572107362,1998,12
1998-12-18,66.42691041623382,1998,12
1998-12-19,66.12662781298262,1998,12
1998-12-20,66.40528312819517,1998,12
1998-12-21,66.46259788637046,1998,12
1998-12-22,66.4348309681756,1998,12
1998-12-23,66.23439708448149,1998,12
1998-12-24,66.4660902517202,1998,12
1998-12-25,66.45731439538343,1998,12
1998-12-26,66.10740195515405,1998,12
1998-12-27,65.84333593980747,1998,12
1998-12-28,66.02268013311111,1998,12
1998-12-29,65.83022968104672,1998,12
1998-12-30,65.80750481352716,1998,12
1998-12-31,65.89155216294337,1998,12
1999-01-01,67.17834114819996,1999,1
1999-01-02,67.13698860131174,1999,1
1999-01-03,67.11926280080823,1999,1
1999-01-04,67.21312089965272,1999,1
1999-01-05,67.44298499299717,1999,1
1999-01-06,67.7603828898409,1999,1
1999-01-07,67.75291326532833,1999,1
1999-01-08,67.37933623150856,1999,1
1999-01-09,67.18553603152294,1999,1
1999-01-10,66.96289087829142,1999,1
1999-01-11,66.74500159996482,1999,1
1999-01-12,66.85115434388881,1999,1
1999-01-13,66.9938321766939,1999,1
1999-01-14,67.13288409435897,1999,1
1999-01-15,67.14863647895616,1999,1
1999-01-16,67.15379996663277,1999,1
1999-01-17,67.04234374160225,1999,1
1999-01-18,67.08025546897797,1999,1
1999-01-19,67.14784608618854,1999,1
1999-01-20,67.9813308762667,1999,1
1999-01-21,68.22121779549136,1999,1
1999-01-22,67.65389488544464,1999,1
1999-01-23,67.83600348441819,1999,1
1999-01-24,68.02516045081433,1999,1
1999-01-25,68.60064695708097,1999,1
1999-01-26,67.50807528357441,1999,1
1999-01-27,67.26919891755402,1999,1
1999-01-28,67.56643305431042,1999,1
1999-01-29,68.00700451993441,1999,1
1999-01-30,67.25920690798895,1999,1
1999-01-31,67.26615946592393,1999,1
1999-02-01,67.36750897035333,1999,2
1999-02-02,67.65325627458871,1999,2
1999-02-03,67.87086792266616,1999,2
1999-02-04,67.94006164958951,1999,2
1999-02-05,67.89478667627223,1999,2
1999-02-06,68.01936030359865,1999,2
1999-02-07,68.86909019682925,1999,2
1999-02-08,69.09451416814566,1999,2
1999-02-09,69.31335530050228,1999,2
1999-02-10,68.39457588497403,1999,2
1999-02-11,68.5927220253586,1999,2
1999-02-12,68.8608336684765,1999,2
1999-02-13,69.03527803397257,1999,2
1999-02-14,68.94347847646284,1999,2
1999-02-15,68.86770351873419,1999,2
1999-02-16,68.9974734337795,1999,2
1999-02-17,69.10728327336172,1999,2
1999-02-18,69.12221637914345,1999,2
1999-02-19,69.12766762598139,1999,2
1999-02-20,69.1665418414924,1999,2
1999-02-21,69.05337583117685,1999,2
1999-02-22,69.06228200589682,1999,2
1999-02-23,69.25314105553733,1999,2
1999-02-24,69.32806308295731,1999,2
1999-02-25,69.26085668609085,1999,2
1999-02-26,69.2748010244958,1999,2
1999-02-27,69.18950199251485,1999,2
1999-02-28,69.05492765035017,1999,2
1999-03-01,68.96174418877959,1999,3
1999-03-02,68.97335356780253,1999,3
1999-03-03,69.15592924599412,1999,3
1999-03-04,69.40080453058953,1999,3
1999-03-05,69.56264844829069,1999,3
1999-03-06,69.67475380321112,1999,3
1999-03-07,69.8628253613763,1999,3
1999-03-08,70.57099859344703,1999,3
1999-03-09,69.7849548618037,1999,3
1999-03-10,69.75765271096991,1999,3
1999-03-11,69.60019351150493,1999,3
1999-03-12,69.61838973401287,1999,3
1999-03-13,69.5551306125891,1999,3
1999-03-14,69.46544848798368,1999,3
1999-03-15,69.36369220852325,1999,3
1999-03-16,69.50651540951036,1999,3
1999-03-17,69.91442077468437,1999,3
1999-03-18,69.95333624587646,1999,3
1999-03-19,69.75236562248563,1999,3
1999-03-20,69.71114330872008,1999,3
1999-03-21,69.52227298652612,1999,3
1999-03-22,69.40460858157573,1999,3
1999-03-23,69.62511430847313,1999,3
1999-03-24,70.02723334963873,1999,3
1999-03-25,70.47399254938678,1999,3
1999-03-26,70.44062699818406,1999,3
1999-03-27,70.28433083421729,1999,3
1999-03-28,70.20764400841286,1999,3
1999-03-29,70.43051083442235,1999,3
1999-03-30,70.66125494416842,1999,3
1999-03-31,70.73317724051114,1999,3
1999-04-01,70.84102668261077,1999,4
1999-04-02,71.13688416512672,1999,4
1999-04-03,70.9227904291912,1999,4
1999-04-04,70.85837909517083,1999,4
1999-04-05,70.82579675066061,1999,4
1999-04-06,71.03602172430506,1999,4
1999-04-07,71.11716147951505,1999,4
1999-04-08,71.38030621493857,1999,4
1999-04-09,71.40343609383,1999,4
1999-04-10,71.44083822590653,1999,4
1999-04-11,71.6482140939645,1999,4
1999-04-12,72.36717523033508,1999,4
1999-04-13,71.55685705156137,1999,4
1999-04-14,71.23927597836247,1999,4
1999-04-15,70.98949382574379,1999,4
1999-04-16,70.9189293855185,1999,4
1999-04-17,70.96926077318744,1999,4
1999-04-18,71.18016945020602,1999,4
1999-04-19,71.25312499148163,1999,4
1999-04-20,71.36211556618413,1999,4
1999-04-21,71.58908609461676,1999,4
1999-04-22,71.74576456061394,1999,4
1999-04-23,71.84704470537373,1999,4
1999-04-24,71.86616205333867,1999,4
1999-04-25,71.91465282438735,1999,4
1999-04-26,71.97798462922185,1999,4
1999-04-27,71.93079377340074,1999,4
1999-04-28,72.07190060744354,1999,4
1999-04-29,72.16428792580494,1999,4
1999-04-30,72.28200319160017,1999,4
1999-05-01,72.46094766387941,1999,5
1999-05-02,72.31205550078985,1999,5
1999-05-03,72.36259441405541,1999,5
1999-05-04,72.4596498480978,1999,5
1999-05-05,72.41698481456673,1999,5
1999-05-06,72.29075011694869,1999,5
1999-05-07,72.37681171127807,1999,5
1999-05-08,72.53722432752892,1999,5
1999-05-09,72.7485325745837,1999,5
1999-05-10,72.05605432464095,1999,5
1999-05-11,71.91417946163244,1999,5
1999-05-12,71.95328079597843,1999,5
1999-05-13,72.41633977957171,1999,5
1999-05-14,71.74837430151307,1999,5
1999-05-15,71.63932820260351,1999,5
1999-05-16,71.9834759004862,1999,5
1999-05-17,72.2707762086918,1999,5
1999-05-18,72.34812730515725,1999,5
1999-05-19,72.26807691625775,1999,5
1999-05-20,72.31897533866672,1999,5
1999-05-21,72.16073917395128,1999,5
1999-05-22,72.12705531080772,1999,5
1999-05-23,72.33814131551716,1999,5
1999-05-24,72.66418306981645,1999,5
1999-05-25,72.72135645331228,1999,5
1999-05-26,72.13628016932924,1999,5
1999-05-27,72.25655208311666,1999,5
1999-05-28,72.24844452408297,1999,5
1999-05-29,72.29635490526755,1999,5
1999-05-30,72.46696549277458,1999,5
1999-05-31,72.392485760434,1999,5
1999-06-01,72.25196434081626,1999,6
1999-06-02,72.08579769524873,1999,6
1999-06-03,72.3818578207788,1999,6
1999-06-04,71.80956463224382,1999,6
1999-06-05,72.46879513477728,1999,6
1999-06-06,72.31581816105621,1999,6
1999-06-07,72.43024827767383,1999,6
1999-06-08,72.52297864841344,1999,6
1999-06-09,72.71109345182555,1999,6
1999-06-10,72.62048322476393,1999,6
1999-06-11,72.91208349123951,1999,6
1999-06-12,72.07623650019292,1999,6
1999-06-13,72.13969137867434,1999,6
1999-06-14,72.3206503710443,1999,6
1999-06-15,72.43938441017558,1999,6
1999-06-16,72.39380452548798,1999,6
1999-06-17,72.30749242147297,1999,6
1999-06-18,72.2006073951509,1999,6
1999-06-19,72.40075249294009,1999,6
1999-06-20,72.33626698390901,1999,6
1999-06-21,72.7266430843815,1999,6
1999-06-22,72.05764441522055,1999,6
1999-06-23,72.14567467223586,1999,6
1999-06-24,72.08571312435063,1999,6
1999-06-25,72.19087031789222,1999,6
1999-06-26,72.42021759182225,1999,6
1999-06-27,72.40597270497123,1999,6
1999-06-28,72.25443827380802,1999,6
1999-06-29,72.33297140282109,1999,6
1999-06-30,72.38764097083724,1999,6
1999-07-01,72.43886371861616,1999,7
1999-07-02,72.39337703583061,1999,7
1999-07-03,72.3350914249202,1999,7
1999-07-04,72.47207591367523,1999,7
1999-07-05,72.3497338400105,1999,7
1999-07-06,72.34584736880812,1999,7
1999-07-07,72.22431703779766,1999,7
1999-07-08,72.97466580403761,1999,7
1999-07-09,72.61291868914618,1999,7
1999-07-10,72.67556418909156,1999,7
1999-07-11,72.35115600561264,1999,7
1999-07-12,72.1192103156767,1999,7
1999-07-13,73.07165896827826,1999,7
1999-07-14,72.17245701212994,1999,7
1999-07-15,72.23133816345705,1999,7
1999-07-16,72.31223267709642,1999,7
1999-07-17,72.43405402087652,1999,7
1999-07-18,72.341374811838,1999,7
1999-07-19,72.09931226395098,1999,7
1999-07-20,71.99992129174663,1999,7
1999-07-21,72.4856539770787,1999,7
1999-07-22,71.94295112725443,1999,7
1999-07-23,72.03282824193519,1999,7
1999-07-24,72.07542214216545,1999,7
1999-07-25,72.13396719899885,1999,7
1999-07-26,72.1433752357318,1999,7
1999-07-27,72.20899993127979,1999,7
1999-07-28,72.09164029649448,1999,7
1999-07-29,72.0141543870491,1999,7
1999-07-30,72.6352625873504,1999,7
1999-07-31,72.55961856381616,1999,7
1999-08-01,72.12752720110855,1999,8
1999-08-02,72.03318951332504,1999,8
1999-08-03,72.02092721359479,1999,8
1999-08-04,71.98302856994958,1999,8
1999-08-05,72.07502143711214,1999,8
1999-08-06,72.06153180035705,1999,8
1999-08-07,71.99937990244321,1999,8
1999-08-08,72.62968598315437,1999,8
1999-08-09,72.13999129075327,1999,8
1999-08-10,72.11860344584439,1999,8
1999-08-11,72.66290273474257,1999,8
1999-08-12,72.05520373542285,1999,8
1999-08-13,71.91874369283752,1999,8
1999-08-14,72.47740706977244,1999,8
1999-08-15,71.97603436539256,1999,8
1999-08-16,72.52410101481242,1999,8
1999-08-17,71.94092359203742,1999,8
1999-08-18,72.01099351858463,1999,8
1999-08-19,71.98585919203845,1999,8
1999-08-20,72.53543242785508,1999,8
1999-08-21,72.01303369254195,1999,8
1999-08-22,71.99475195672139,1999,8
1999-08-23,72.07500182024836,1999,8
1999-08-24,72.09096156120688,1999,8
1999-08-25,72.02402684490407,1999,8
1999-08-26,71.89977210941966,1999,8
1999-08-27,71.83858217418613,1999,8
1999-08-28,71.83116679362914,1999,8
1999-08-29,71.86041750761262,1999,8
1999-08-30,71.82894782453934,1999,8
1999-08-31,71.87761329200484,1999,8
1999-09-01,71.897465020886,1999,9
1999-09-02,71.91212802920562,1999,9
1999-09-03,71.85990958996885,1999,9
1999-09-04,71.82550694243524,1999,9
1999-09-05,71.93177008282068,1999,9
1999-09-06,71.9092797139703,1999,9
1999-09-07,71.80604694959443,1999,9
1999-09-08,71.90524556773322,1999,9
1999-09-09,71.8665551372256,1999,9
1999-09-10,71.8037609065127,1999,9
1999-09-11,71.78037910474643,1999,9
1999-09-12,71.72438111408239,1999,9
1999-09-13,71.77188754911894,1999,9
1999-09-14,71.8147507309414,1999,9
1999-09-15,71.76931885465996,1999,9
1999-09-16,71.84369661026194,1999,9
1999-09-17,71.83197651072535,1999,9
1999-09-18,71.77704669205131,1999,9
1999-09-19,71.85204628993613,1999,9
1999-09-20,71.8414676899185,1999,9
1999-09-21,71.88579292996282,1999,9
1999-09-22,71.81170872879389,1999,9
1999-09-23,71.80025555737423,1999,9
1999-09-24,71.80318070788299,1999,9
1999-09-25,72.25710674272632,1999,9
1999-09-26,71.62310531220858,1999,9
1999-09-27,71.64489104670209,1999,9
1999-09-28,71.66856020658193,1999,9
1999-09-29,71.77640621329927,1999,9
1999-09-30,71.76542914710446,1999,9
1999-10-01,71.50597304256456,1999,10
1999-10-02,71.42701091492403,1999,10
1999-10-03,71.35840145415038,1999,10
1999-10-04,71.40371957400902,1999,10
1999-10-05,71.9653167231532,1999,10
1999-10-06,71.39383364877655,1999,10
1999-10-07,71.344487448038,1999,10
1999-10-08,71.3081987893583,1999,10
1999-10-09,71.88110243037889,1999,10
1999-10-10,71.18345565245218,1999,10
1999-10-11,71.20989686358166,1999,10
1999-10-12,71.11186482888549,1999,10
1999-10-13,70.9791431655832,1999,10
1999-10-14,70.91494750832148,1999,10
1999-10-15,70.77105835933223,1999,10
1999-10-16,70.76714497432741,1999,10
1999-10-17,70.61764240039317,1999,10
1999-10-18,70.55453744698558,1999,10
1999-10-19,70.50697441143338,1999,10
1999-10-20,70.52995037878088,1999,10
1999-10-21,70.4993633791712,1999,10
1999-10-22,70.49374057962137,1999,10
1999-10-23,70.50755908114715,1999,10
1999-10-24,70.37192864410206,1999,10
1999-10-25,70.39233487008073,1999,10
1999-10-26,70.42378586994126,1999,10
1999-10-27,70.38486345650291,1999,10
1999-10-28,70.16487622690474,1999,10
1999-10-29,70.1898199394902,1999,10
1999-10-30,70.20157998078682,1999,10
1999-10-31,70.19651818161906,1999,10
1999-11-01,70.89798391860894,1999,11
1999-11-02,70.30601950525421,1999,11
1999-11-03,70.1669387957496,1999,11
1999-11-04,70.18296603563229,1999,11
1999-11-05,70.9030779324297,1999,11
1999-11-06,70.27130180353998,1999,11
1999-11-07,70.13114186913803,1999,11
1999-11-08,69.78849005856412,1999,11
1999-11-09,69.40596258449017,1999,11
1999-11-10,69.17957458975468,1999,11
1999-11-11,69.01429625950578,1999,11
1999-11-12,68.97901655349668,1999,11
1999-11-13,68.9405839869154,1999,11
1999-11-14,68.93275393680193,1999,11
1999-11-15,68.97131996827618,1999,11
1999-11-16,68.81578815870591,1999,11
1999-11-17,68.79831285129482,1999,11
1999-11-18,68.74064780054495,1999,11
1999-11-19,68.62087712216773,1999,11
1999-11-20,68.58171434125953,1999,11
1999-11-21,68.42471952196038,1999,11
1999-11-22,68.49774500610596,1999,11
1999-11-23,68.52255521832133,1999,11
1999-11-24,68.64420936417865,1999,11
1999-11-25,68.55947840239182,1999,11
1999-11-26,69.14576011220419,1999,11
1999-11-27,68.39628245649958,1999,11
1999-11-28,68.30977399021249,1999,11
1999-11-29,68.24887266070274,1999,11
1999-11-30,68.25388257021584,1999,11
1999-12-01,68.28030485419539,1999,12
1999-12-02,68.20924520693319,1999,12
1999-12-03,68.10686922767621,1999,12
1999-12-04,68.06041238823882,1999,12
1999-12-05,67.98684858255669,1999,12
1999-12-06,67.92730595177245,1999,12
1999-12-07,68.1405247484316,1999,12
1999-12-08,68.75934406581743,1999,12
1999-12-09,67.94827260211412,1999,12
1999-12-10,67.86771064868726,1999,12
1999-12-11,67.72311277226216,1999,12
1999-12-12,67.41442634811318,1999,12
1999-12-13,67.45374237468702,1999,12
1999-12-14,67.52437510702647,1999,12
1999-12-15,67.50176489572499,1999,12
1999-12-16,67.45597709286383,1999,12
1999-12-17,67.375679629143,1999,12
1999-12-18,67.37712520360176,1999,12
1999-12-19,67.30582270419795,1999,12
1999-12-20,67.24263335607513,1999,12
1999-12-21,67.28802799230948,1999,12
1999-12-22,67.44918672908429,1999,12
1999-12-23,67.6898309664949,1999,12
1999-12-24,67.57221279728992,1999,12
1999-12-25,67.58540345168576,1999,12
1999-12-26,67.59313235198894,1999,12
1999-12-27,67.6507329660555,1999,12
1999-12-28,67.78200558838834,1999,12
1999-12-29,67.50802173183864,1999,12
1999-12-30,67.27599087922859,1999,12
1999-12-31,67.18326492316565,1999,12
2000-01-01,66.23633258774632,2000,1
2000-01-02,66.28040228079,2000,1
2000-01-03,66.12312778891757,2000,1
2000-01-04,66.04690625631311,2000,1
2000-01-05,65.93497849694529,2000,1
2000-01-06,65.93883969109568,2000,1
2000-01-07,65.88085466691786,2000,1
2000-01-08,66.00299673277682,2000,1
2000-01-09,66.27345934085868,2000,1
2000-01-10,66.53742663888949,2000,1
2000-01-11,66.87033946889241,2000,1
2000-01-12,67.26129541035536,2000,1
2000-01-13,67.15482916247136,2000,1
2000-01-14,66.75887428689394,2000,1
2000-01-15,67.11395941875308,2000,1
2000-01-16,66.2220441903281,2000,1
2000-01-17,66.16503756465747,2000,1
2000-01-18,66.22787405146791,2000,1
2000-01-19,66.45210343017042,2000,1
2000-01-20,66.46393571063952,2000,1
2000-01-21,66.71720188515877,2000,1
2000-01-22,66.9261912974181,2000,1
2000-01-23,66.89620070331262,2000,1
2000-01-24,66.98725071068345,2000,1
2000-01-25,66.97689708395329,2000,1
2000-01-26,66.98219187939115,2000,1
2000-01-27,66.99525468942693,2000,1
2000-01-28,66.70686039684749,2000,1
2000-01-29,66.48181982231289,2000,1
2000-01-30,66.26150433411217,2000,1
2000-01-31,66.55138404341552,2000,1
2000-02-01,67.16369207976503,2000,2
2000-02-02,66.91128839057569,2000,2
2000-02-03,67.176182793655,2000,2
2000-02-04,67.33249866959042,2000,2
2000-02-05,67.468749507382,2000,2
2000-02-06,67.11831619404938,2000,2
2000-02-07,66.82749077614652,2000,2
2000-02-08,66.80280456636144,2000,2
2000-02-09,66.90049319417835,2000,2
2000-02-10,67.13825020035392,2000,2
2000-02-11,67.49000022616903,2000,2
2000-02-12,67.1475755617816,2000,2
2000-02-13,66.77135673576127,2000,2
2000-02-14,66.75502001766276,2000,2
2000-02-15,66.81354226907676,2000,2
2000-02-16,66.92764504533261,2000,2
2000-02-17,66.95415214660457,2000,2
2000-02-18,66.79471707689095,2000,2
2000-02-19,66.85862002041686,2000,2
2000-02-20,66.92559127195992,2000,2
2000-02-21,67.09960421844696,2000,2
2000-02-22,67.13846792008833,2000,2
2000-02-23,67.33037509511902,2000,2
2000-02-24,67.35658750584584,2000,2
2000-02-25,67.16988739960179,2000,2
2000-02-26,67.081439848134,2000,2
2000-02-27,67.12692301911096,2000,2
2000-02-28,67.43839020959595,2000,2
2000-02-29,67.76844725644935,2000,2
2000-03-01,67.95301300737965,2000,3
2000-03-02,68.04305074101786,2000,3
2000-03-03,67.91581212680384,2000,3
2000-03-04,68.2406485479121,2000,3
2000-03-05,68.03789344623785,2000,3
2000-03-06,67.8471611509777,2000,3
2000-03-07,68.01311431700503,2000,3
2000-03-08,68.0734455236001,2000,3
2000-03-09,67.7721069111792,2000,3
2000-03-10,67.71156186809765,2000,3
2000-03-11,68.32577947731846,2000,3
2000-03-12,68.67579071924216,2000,3
2000-03-13,68.53683392320411,2000,3
2000-03-14,68.31317083361994,2000,3
2000-03-15,68.26437931964614,2000,3
2000-03-16,68.25044897404072,2000,3
2000-03-17,68.29331149231508,2000,3
2000-03-18,69.05677002959578,2000,3
2000-03-19,68.38611383195345,2000,3
2000-03-20,68.17348602165278,2000,3
2000-03-21,68.36850086815542,2000,3
2000-03-22,68.87523368071432,2000,3
2000-03-23,68.63608506027613,2000,3
2000-03-24,68.59743539566074,2000,3
2000-03-25,68.62418554973279,2000,3
2000-03-26,68.70444705379457,2000,3
2000-03-27,69.01436313724176,2000,3
2000-03-28,69.15281108725983,2000,3
2000-03-29,69.38083022423567,2000,3
2000-03-30,69.41978214799339,2000,3
2000-03-31,69.62831794785191,2000,3
2000-04-01,69.87804420499184,2000,4
2000-04-02,69.86757736428933,2000,4
2000-04-03,69.78048051496597,2000,4
2000-04-04,69.88224887408806,2000,4
2000-04-05,69.95536450157442,2000,4
2000-04-06,69.8924476272092,2000,4
2000-04-07,69.95080365832617,2000,4
2000-04-08,70.16518773643723,2000,4
2000-04-09,70.20307765405195,2000,4
2000-04-10,70.07504132903118,2000,4
2000-04-11,70.12620609521915,2000,4
2000-04-12,70.29722186950771,2000,4
2000-04-13,70.48954306944641,2000,4
2000-04-14,70.72895528803981,2000,4
2000-04-15,70.66032847117962,2000,4
2000-04-16,70.55359307845742,2000,4
2000-04-17,70.57335760730054,2000,4
2000-04-18,70.8075879168794,2000,4
2000-04-19,70.77882406702348,2000,4
2000-04-20,70.91985510720633,2000,4
2000-04-21,70.82535250060377,2000,4
2000-04-22,71.09092711887881,2000,4
2000-04-23,70.80943256414574,2000,4
2000-04-24,70.92759137914587,2000,4
2000-04-25,70.7176338609167,2000,4
2000-04-26,71.04893483454326,2000,4
2000-04-27,71.19146120037156,2000,4
2000-04-28,71.00045768883777,2000,4
2000-04-29,71.07943757750024,2000,4
2000-04-30,71.00254044722051,2000,4
2000-05-01,71.07307840587038,2000,5
2000-05-02,71.14808129937252,2000,5
2000-05-03,71.17620514342617,2000,5
2000-05-04,71.08206680561374,2000,5
2000-05-05,71.19901771136107,2000,5
2000-05-06,71.03186207414198,2000,5
2000-05-07,70.7697548672048,2000,5
2000-05-08,70.77588857687645,2000,5
2000-05-09,71.1906616506851,2000,5
2000-05-10,71.41951863763799,2000,5
2000-05-11,71.56969789062204,2000,5
2000-05-12,71.56595522326297,2000,5
2000-05-13,71.43446815427217,2000,5
2000-05-14,71.46956212638104,2000,5
2000-05-15,71.71841261173125,2000,5
2000-05-16,71.41516639143205,2000,5
2000-05-17,71.55230516113599,2000,5
2000-05-18,71.55660084424139,2000,5
2000-05-19,71.64330268162294,2000,5
2000-05-20,71.51638404252101,2000,5
2000-05-21,71.21406582161241,2000,5
2000-05-22,71.39691071526391,2000,5
2000-05-23,71.42812756717929,2000,5
2000-05-24,71.6279621926033,2000,5
2000-05-25,71.8300049656807,2000,5
2000-05-26,71.66515033755971,2000,5
2000-05-27,72.03334877078294,2000,5
2000-05-28,71.71054047145765,2000,5
2000-05-29,71.81761782629928,2000,5
2000-05-30,71.66371135555438,2000,5
2000-05-31,72.37120845838253,2000,5
2000-06-01,71.28235187495359,2000,6
2000-06-02,71.50033049392934,2000,6
2000-06-03,71.57897794300845,2000,6
2000-06-04,71.41131332090289,2000,6
2000-06-05,71.21547228944283,2000,6
2000-06-06,71.20251870198342,2000,6
2000-06-07,71.15115740466004,2000,6
2000-06-08,71.077022643324,2000,6
2000-06-09,71.18801079775544,2000,6
2000-06-10,71.31851468094546,2000,6
2000-06-11,71.26668025590813,2000,6
2000-06-12,71.3146476117936,2000,6
2000-06-13,71.42859333180107,2000,6
2000-06-14,71.66243166298399,2000,6
2000-06-15,71.62369605966065,2000,6
2000-06-16,71.57294156802845,2000,6
2000-06-17,71.58528618731994,2000,6
2000-06-18,71.64049195936764,2000,6
2000-06-19,71.55545726957632,2000,6
2000-06-20,71.49402565606971,2000,6
2000-06-21,71.47256579035668,2000,6
2000-06-22,71.40157965796821,2000,6
2000-06-23,71.23450272325827,2000,6
2000-06-24,71.33080589162226,2000,6
2000-06-25,71.4760879458283,2000,6
2000-06-26,71.52659344474687,2000,6
2000-06-27,71.41066375715205,2000,6
2000-06-28,71.4567020089382,2000,6
2000-06-29,71.44187318706055,2000,6
2000-06-30,71.25213905000369,2000,6
2000-07-01,71.28131410357909,2000,7
2000-07-02,71.27077582086679,2000,7
2000-07-03,71.11636272600097,2000,7
2000-07-04,71.17346150762371,2000,7
2000-07-05,71.43722827068113,2000,7
2000-07-06,71.56251158136243,2000,7
2000-07-07,71.46935827366883,2000,7
2000-07-08,71.36195227406532,2000,7
2000-07-09,71.33153917083683,2000,7
2000-07-10,71.27880660435547,2000,7
2000-07-11,71.29727695412298,2000,7
2000-07-12,71.29930728631871,2000,7
2000-07-13,71.31388638656351,2000,7
2000-07-14,71.22128629041232,2000,7
2000-07-15,71.22357598448957,2000,7
2000-07-16,71.22567683820515,2000,7
2000-07-17,71.1949624797797,2000,7
2000-07-18,71.0656697706553,2000,7
2000-07-19,71.1305900096068,2000,7
2000-07-20,71.10982409708717,2000,7
2000-07-21,71.0799825512678,2000,7
2000-07-22,71.0389401284413,2000,7
2000-07-23,70.97953373122012,2000,7
2000-07-24,71.06577130757292,2000,7
2000-07-25,71.03648847051122,2000,7
2000-07-26,71.06296887903673,2000,7
2000-07-27,71.22336908590553,2000,7
2000-07-28,71.20412509475872,2000,7
2000-07-29,71.30258495223559,2000,7
2000-07-30,71.32140812490219,2000,7
2000-07-31,71.24101449279941,2000,7
2000-08-01,71.18043593628036,2000,8
2000-08-02,71.09135551570981,2000,8
2000-08-03,71.15880516817413,2000,8
2000-08-04,71.18628468701992,2000,8
2000-08-05,71.17219020848071,2000,8
2000-08-06,71.2796255369254,2000,8
2000-08-07,71.37545227429779,2000,8
2000-08-08,71.42086759675891,2000,8
2000-08-09,71.32058349182842,2000,8
2000-08-10,71.08955286730242,2000,8
2000-08-11,70.98602501682723,2000,8
2000-08-12,71.10855821808683,2000,8
2000-08-13,71.25827266007624,2000,8
2000-08-14,71.1744681495106,2000,8
2000-08-15,71.01255825727434,2000,8
2000-08-16,70.9394990952754,2000,8
2000-08-17,71.08418858290278,2000,8
2000-08-18,71.1077774552968,2000,8
2000-08-19,71.08941315243635,2000,8
2000-08-20,71.08911321426652,2000,8
2000-08-21,71.06372660123297,2000,8
2000-08-22,71.16623763840552,2000,8
2000-08-23,71.1564561554569,2000,8
2000-08-24,71.1587029936614,2000,8
2000-08-25,71.35153242585719,2000,8
2000-08-26,71.3946715545901,2000,8
2000-08-27,71.3403617387865,2000,8
2000-08-28,71.29494460436173,2000,8
2000-08-29,71.1961535376374,2000,8
2000-08-30,71.10662433211056,2000,8
2000-08-31,71.01246570273776,2000,8
2000-09-01,70.97359557264076,2000,9
2000-09-02,70.97406766504767,2000,9
2000-09-03,71.04245767169155,2000,9
2000-09-04,71.05789269020057,2000,9
2000-09-05,71.06150288003748,2000,9
2000-09-06,70.90593207368816,2000,9
2000-09-07,70.9120304337243,2000,9
2000-09-08,70.85359296204841,2000,9
2000-09-09,70.80677294418484,2000,9
2000-09-10,70.68960604492105,2000,9
2000-09-11,70.63965945821447,2000,9
2000-09-12,70.68962305750294,2000,9
2000-09-13,70.80893137494367,2000,9
2000-09-14,70.94942313386207,2000,9
2000-09-15,70.88422033622231,2000,9
2000-09-16,70.92315712339747,2000,9
2000-09-17,70.91253190470886,2000,9
2000-09-18,70.8372295755209,2000,9
2000-09-19,70.64096883826949,2000,9
2000-09-20,70.69473777491487,2000,9
2000-09-21,70.74153877767554,2000,9
2000-09-22,70.7014251972586,2000,9
2000-09-23,70.83405847177897,2000,9
2000-09-24,70.55429489119926,2000,9
2000-09-25,70.57750715705242,2000,9
2000-09-26,70.46982940224743,2000,9
2000-09-27,70.37332743435121,2000,9
2000-09-28,70.38742061738307,2000,9
2000-09-29,70.34324915716155,2000,9
2000-09-30,70.31243103366802,2000,9
2000-10-01,70.37528071846661,2000,10
2000-10-02,70.28535240119167,2000,10
2000-10-03,70.35052134930672,2000,10
2000-10-04,70.32289407147971,2000,10
2000-10-05,70.47508405156658,2000,10
2000-10-06,70.64856424153956,2000,10
2000-10-07,70.59553168990118,2000,10
2000-10-08,70.55717479975921,2000,10
2000-10-09,70.48263408426499,2000,10
2000-10-10,70.4404822475024,2000,10
2000-10-11,70.34196129409148,2000,10
2000-10-12,70.2333478407969,2000,10
2000-10-13,70.03039069024123,2000,10
2000-10-14,69.82874260061546,2000,10
2000-10-15,69.61511556083101,2000,10
2000-10-16,69.44544428277378,2000,10
2000-10-17,69.44883023012954,2000,10
2000-10-18,69.56976113597574,2000,10
2000-10-19,69.76770589163999,2000,10
2000-10-20,69.88431994554499,2000,10
2000-10-21,69.77392939561713,2000,10
2000-10-22,69.72320049443262,2000,10
2000-10-23,69.65254855134047,2000,10
2000-10-24,69.53709484572076,2000,10
2000-10-25,69.40701342583507,2000,10
2000-10-26,69.30335510858755,2000,10
2000-10-27,69.14972609134483,2000,10
2000-10-28,69.0293640400331,2000,10
2000-10-29,68.89172417536196,2000,10
2000-10-30,68.8920975322608,2000,10
2000-10-31,68.91894491498749,2000,10
2000-11-01,68.94885833226063,2000,11
2000-11-02,69.01798502923171,2000,11
2000-11-03,69.06609861623757,2000,11
2000-11-04,69.05021685887571,2000,11
2000-11-05,68.97264700768214,2000,11
2000-11-06,68.84323972880146,2000,11
2000-11-07,68.76078765244954,2000,11
2000-11-08,68.68964202025558,2000,11
2000-11-09,68.63368157061495,2000,11
2000-11-10,68.52220537181722,2000,11
2000-11-11,68.48811111629342,2000,11
2000-11-12,68.31287109255061,2000,11
2000-11-13,68.44904389236255,2000,11
2000-11-14,68.25091251534714,2000,11
2000-11-15,68.03468988757957,2000,11
2000-11-16,67.96075106671805,2000,11
2000-11-17,67.85930421118582,2000,11
2000-11-18,67.92994678742748,2000,11
2000-11-19,67.85368037920666,2000,11
2000-11-20,67.69487633412277,2000,11
2000-11-21,67.70849453442165,2000,11
2000-11-22,67.92267883877403,2000,11
2000-11-23,68.15300123494764,2000,11
2000-11-24,68.14681607467092,2000,11
2000-11-25,67.86711968800908,2000,11
2000-11-26,67.4816316383492,2000,11
2000-11-27,67.62843108163538,2000,11
2000-11-28,67.46139396051824,2000,11
2000-11-29,67.43327772445478,2000,11
2000-11-30,67.27788800212605,2000,11
2000-12-01,67.07728169655194,2000,12
2000-12-02,66.63998799117576,2000,12
2000-12-03,66.54918680033272,2000,12
2000-12-04,66.4209351023158,2000,12
2000-12-05,66.34183570985556,2000,12
2000-12-06,66.33851038033602,2000,12
2000-12-07,66.32497337293731,2000,12
2000-12-08,66.44829930853948,2000,12
2000-12-09,66.46625402801156,2000,12
2000-12-10,66.40358457788376,2000,12
2000-12-11,66.32832749207788,2000,12
2000-12-12,66.3796841613582,2000,12
2000-12-13,66.23565157258919,2000,12
2000-12-14,66.20592088682497,2000,12
2000-12-15,66.3647503935954,2000,12
2000-12-16,66.61353434253247,2000,12
2000-12-17,66.65856510070496,2000,12
2000-12-18,66.65737358180284,2000,12
2000-12-19,66.64762506611143,2000,12
2000-12-20,66.35312710737496,2000,12
2000-12-21,66.2267748189675,2000,12
2000-12-22,66.20079277466029,2000,12
2000-12-23,66.07995163561625,2000,12
2000-12-24,66.11526811728709,2000,12
2000-12-25,66.0675578271605,2000,12
2000-12-26,66.0588238993145,2000,12
2000-12-27,66.18180405526181,2000,12
2000-12-28,66.26651895011173,2000,12
2000-12-29,66.38507813114968,2000,12
2000-12-30,66.657057793785,2000,12
2000-12-31,67.26603879020936,2000,12
2001-01-01,67.03229005470402,2001,1
2001-01-02,66.61871293637374,2001,1
2001-01-03,66.49900940079938,2001,1
2001-01-04,66.25629075200698,2001,1
2001-01-05,66.1119509389412,2001,1
2001-01-06,65.75553061144338,2001,1
2001-01-07,65.68964241194178,2001,1
2001-01-08,65.676774650298,2001,1
2001-01-09,65.69842357676455,2001,1
2001-01-10,65.7292667567588,2001,1
2001-01-11,65.67877097681725,2001,1
2001-01-12,66.09839010086017,2001,1
2001-01-13,66.17708846466552,2001,1
2001-01-14,66.0270019414379,2001,1
2001-01-15,66.00891360936828,2001,1
2001-01-16,66.10488595901843,2001,1
2001-01-17,66.22544557658036,2001,1
2001-01-18,66.25949885523424,2001,1
2001-01-19,66.32385598568332,2001,1
2001-01-20,66.2358606309565,2001,1
2001-01-21,66.21475031620771,2001,1
2001-01-22,66.53468800687499,2001,1
2001-01-23,66.37040444306568,2001,1
2001-01-24,66.01042638304017,2001,1
2001-01-25,65.63978706339005,2001,1
2001-01-26,65.59903418753848,2001,1
2001-01-27,65.69316646393862,2001,1
2001-01-28,65.8272992127361,2001,1
2001-01-29,66.1894103457265,2001,1
2001-01-30,66.51429428120728,2001,1
2001-01-31,66.7595995448143,2001,1
2001-02-01,66.65659531244943,2001,2
2001-02-02,66.59458711348903,2001,2
2001-02-03,66.35077584066354,2001,2
2001-02-04,66.26356147760677,2001,2
2001-02-05,66.38025842777562,2001,2
2001-02-06,66.35857978404844,2001,2
2001-02-07,66.4111365026019,2001,2
2001-02-08,66.23791033057798,2001,2
2001-02-09,66.19711835649069,2001,2
2001-02-10,66.18823057492807,2001,2
2001-02-11,66.33766052597713,2001,2
2001-02-12,66.43540959666801,2001,2
2001-02-13,66.7524115062298,2001,2
2001-02-14,67.13424838933335,2001,2
2001-02-15,67.7155619979521,2001,2
2001-02-16,67.19008363145952,2001,2
2001-02-17,67.4082852261624,2001,2
2001-02-18,67.66090354657055,2001,2
2001-02-19,67.82695306298746,2001,2
2001-02-20,67.91951258380378,2001,2
2001-02-21,67.88539223070462,2001,2
2001-02-22,67.69135112402483,2001,2
2001-02-23,67.6481550497331,2001,2
2001-02-24,68.00036726509994,2001,2
2001-02-25,68.25207721154285,2001,2
2001-02-26,68.01105001778932,2001,2
2001-02-27,67.83521830054639,2001,2
2001-02-28,67.86865314131086,2001,2
2001-03-01,67.86623167693503,2001,3
2001-03-02,67.65055446602582,2001,3
2001-03-03,67.68109097932178,2001,3
2001-03-04,67.83269233908655,2001,3
2001-03-05,67.72969936361449,2001,3
2001-03-06,67.61838690061283,2001,3
2001-03-07,67.73778618299612,2001,3
2001-03-08,67.70785963073398,2001,3
2001-03-09,67.9119483055031,2001,3
2001-03-10,68.02847725510158,2001,3
2001-03-11,68.10090326670797,2001,3
2001-03-12,68.33762855182177,2001,3
2001-03-13,68.49624413487506,2001,3
2001-03-14,68.51598260230777,2001,3
2001-03-15,68.59175020705173,2001,3
2001-03-16,68.64840096185074,2001,3
2001-03-17,68.70718482715576,2001,3
2001-03-18,68.71734599641673,2001,3
2001-03-19,69.08144306833928,2001,3
2001-03-20,69.34470890730782,2001,3
2001-03-21,70.50024481901225,2001,3
2001-03-22,69.32552705781833,2001,3
2001-03-23,69.11207274687605,2001,3
2001-03-24,69.06587396277028,2001,3
2001-03-25,69.18554195509729,2001,3
2001-03-26,69.28351115554607,2001,3
2001-03-27,69.49667387546494,2001,3
2001-03-28,70.37928993193584,2001,3
2001-03-29,69.68419106535194,2001,3
2001-03-30,69.4031330913514,2001,3
2001-03-31,68.99135577884871,2001,3
2001-04-01,69.19233486817109,2001,4
2001-04-02,69.20014293189149,2001,4
2001-04-03,69.59939138255761,2001,4
2001-04-04,69.58248276816144,2001,4
2001-04-05,69.72528447670192,2001,4
2001-04-06,69.92125122635842,2001,4
2001-04-07,69.72360096418946,2001,4
2001-04-08,70.02238401031727,2001,4
2001-04-09,70.12064427072602,2001,4
2001-04-10,70.3746877953143,2001,4
2001-04-11,70.41678117715126,2001,4
2001-04-12,70.37586837210364,2001,4
2001-04-13,70.0716290201877,2001,4
2001-04-14,69.79156291700639,2001,4
2001-04-15,69.89413996883385,2001,4
2001-04-16,69.97164987855187,2001,4
2001-04-17,69.78658637272545,2001,4
2001-04-18,69.50008769886938,2001,4
2001-04-19,69.80959437677275,2001,4
2001-04-20,69.66995268951094,2001,4
2001-04-21,69.96464796834864,2001,4
2001-04-22,69.98782421627654,2001,4
2001-04-23,70.1746041176892,2001,4
2001-04-24,70.4118295412561,2001,4
2001-04-25,70.629813053314,2001,4
2001-04-26,70.731807343759,2001,4
2001-04-27,70.89498632536694,2001,4
2001-04-28,70.95432159107732,2001,4
2001-04-29,71.06424848865531,2001,4
2001-04-30,71.11389352033281,2001,4
2001-05-01,71.06881645238239,2001,5
2001-05-02,71.1324565543303,2001,5
2001-05-03,71.20616707317097,2001,5
2001-05-04,70.85157208239153,2001,5
2001-05-05,71.13939448234206,2001,5
2001-05-06,71.57834756397664,2001,5
2001-05-07,71.48509720020832,2001,5
2001-05-08,71.4056450240557,2001,5
2001-05-09,71.48323434271511,2001,5
2001-05-10,71.59268093822642,2001,5
2001-05-11,71.59717158192603,2001,5
2001-05-12,71.57351808203268,2001,5
2001-05-13,71.69698616024131,2001,5
2001-05-14,71.60181017480089,2001,5
2001-05-15,71.44379603545673,2001,5
2001-05-16,71.16840395766539,2001,5
2001-05-17,70.9187055586586,2001,5
2001-05-18,70.83400127933677,2001,5
2001-05-19,71.06000936081499,2001,5
2001-05-20,71.04123635365059,2001,5
2001-05-21,71.09570455654786,2001,5
2001-05-22,70.98088623639622,2001,5
2001-05-23,71.35618884169844,2001,5
2001-05-24,71.59560700588969,2001,5
2001-05-25,71.65082923872482,2001,5
2001-05-26,71.6068908501144,2001,5
2001-05-27,71.33646970263496,2001,5
2001-05-28,71.33698420571758,2001,5
2001-05-29,71.14907513696708,2001,5
2001-05-30,71.08926695083026,2001,5
2001-05-31,71.23999663200573,2001,5
2001-06-01,71.47964845766498,2001,6
2001-06-02,71.61136181543877,2001,6
2001-06-03,71.42565895743245,2001,6
2001-06-04,71.14767131827962,2001,6
2001-06-05,70.90654626175238,2001,6
2001-06-06,71.07049318842085,2001,6
2001-06-07,71.08028706763915,2001,6
2001-06-08,71.03401733401206,2001,6
2001-06-09,71.1423091339647,2001,6
2001-06-10,71.2166202244943,2001,6
2001-06-11,71.42436923415822,2001,6
2001-06-12,71.41845326239691,2001,6
2001-06-13,71.49520069294202,2001,6
2001-06-14,71.07440862153989,2001,6
2001-06-15,70.91755149319695,2001,6
2001-06-16,70.93697342505833,2001,6
2001-06-17,70.88064331629211,2001,6
2001-06-18,70.99344664228528,2001,6
2001-06-19,71.12753342304634,2001,6
2001-06-20,71.17479485037914,2001,6
2001-06-21,71.2919979629755,2001,6
2001-06-22,71.27195899895231,2001,6
2001-06-23,71.3512125588887,2001,6
2001-06-24,71.2318191219563,2001,6
2001-06-25,71.27533918705369,2001,6
2001-06-26,71.26559006900412,2001,6
2001-06-27,71.2607505608261,2001,6
2001-06-28,71.40163204701598,2001,6
2001-06-29,71.47691418470541,2001,6
2001-06-30,71.38164956052098,2001,6
2001-07-01,71.2093218772267,2001,7
2001-07-02,71.32605938478491,2001,7
2001-07-03,71.23933924683688,2001,7
2001-07-04,71.2369590978196,2001,7
2001-07-05,71.2531783388236,2001,7
2001-07-06,71.35882949609012,2001,7
2001-07-07,71.4266718020007,2001,7
2001-07-08,71.34391486258737,2001,7
2001-07-09,71.28803197849417,2001,7
2001-07-10,71.36729216069824,2001,7
2001-07-11,71.22455854830854,2001,7
2001-07-12,71.16856129932026,2001,7
2001-07-13,71.15712576116245,2001,7
2001-07-14,71.33467430617657,2001,7
2001-07-15,71.17550352163819,2001,7
2001-07-16,71.02332250458392,2001,7
2001-07-17,70.88113691336231,2001,7
2001-07-18,70.94884436443752,2001,7
2001-07-19,71.12718250278819,2001,7
2001-07-20,71.26651130142335,2001,7
2001-07-21,71.28873079212111,2001,7
2001-07-22,71.30027327260079,2001,7
2001-07-23,71.22238186362198,2001,7
2001-07-24,71.40293411471934,2001,7
2001-07-25,71.20936730646326,2001,7
2001-07-26,71.18031264016325,2001,7
2001-07-27,71.14995906046657,2001,7
2001-07-28,71.175013551945,2001,7
2001-07-29,71.11354224834572,2001,7
2001-07-30,70.97195336308314,2001,7
2001-07-31,71.14453115759366,2001,7
2001-08-01,71.08605631570144,2001,8
2001-08-02,71.34286315195433,2001,8
2001-08-03,71.29123600055863,2001,8
2001-08-04,71.30882135316698,2001,8
2001-08-05,71.11544487778042,2001,8
2001-08-06,71.36974184775957,2001,8
2001-08-07,71.34195266716124,2001,8
2001-08-08,71.34140501174069,2001,8
2001-08-09,71.159153120212,2001,8
2001-08-10,71.36123124042679,2001,8
2001-08-11,71.42634195129682,2001,8
2001-08-12,71.24874603133968,2001,8
2001-08-13,71.27103900298174,2001,8
2001-08-14,71.15337707354625,2001,8
2001-08-15,71.08683193877609,2001,8
2001-08-16,71.17104105200038,2001,8
2001-08-17,71.15831591423722,2001,8
2001-08-18,71.10927614834425,2001,8
2001-08-19,71.00964749885627,2001,8
2001-08-20,71.03626259515754,2001,8
2001-08-21,71.12581212932369,2001,8
2001-08-22,71.12984823183328,2001,8
2001-08-23,71.00429168529483,2001,8
2001-08-24,70.90029223834247,2001,8
2001-08-25,70.91642189348066,2001,8
2001-08-26,71.03718835788216,2001,8
2001-08-27,70.98856267946199,2001,8
2001-08-28,70.96766933285207,2001,8
2001-08-29,70.96168832567905,2001,8
2001-08-30,70.96851290763452,2001,8
2001-08-31,70.93606611967918,2001,8
2001-09-01,70.93934469350486,2001,9
2001-09-02,70.93916876109799,2001,9
2001-09-03,70.97558038058119,2001,9
2001-09-04,70.92090275880633,2001,9
2001-09-05,70.91101362349917,2001,9
2001-09-06,70.68156334565798,2001,9
2001-09-07,70.83930449584949,2001,9
2001-09-08,70.85040313744616,2001,9
2001-09-09,70.92866212559753,2001,9
2001-09-10,70.86931430207076,2001,9
2001-09-11,70.74606128138731,2001,9
2001-09-12,70.69414789440556,2001,9
2001-09-13,71.05270256092734,2001,9
2001-09-14,70.62165783277348,2001,9
2001-09-15,70.55238792997565,2001,9
2001-09-16,70.61942473494584,2001,9
2001-09-17,70.53181407088665,2001,9
2001-09-18,70.51321629297091,2001,9
2001-09-19,70.46329598698755,2001,9
2001-09-20,70.49917761577446,2001,9
2001-09-21,70.52854146257579,2001,9
2001-09-22,70.58198690915232,2001,9
2001-09-23,70.63989120075031,2001,9
2001-09-24,70.59383725445173,2001,9
2001-09-25,70.65801535878967,2001,9
2001-09-26,70.49702163586915,2001,9
2001-09-27,70.37426800255507,2001,9
2001-09-28,70.38809170450743,2001,9
2001-09-29,70.47485294723509,2001,9
2001-09-30,70.54669748314869,2001,9
2001-10-01,70.63932810063369,2001,10
2001-10-02,70.65423950960714,2001,10
2001-10-03,70.65612460556883,2001,10
2001-10-04,70.63856759178552,2001,10
2001-10-05,70.48110583464084,2001,10
2001-10-06,70.32985756551845,2001,10
2001-10-07,70.36505963754024,2001,10
2001-10-08,70.71712010820974,2001,10
2001-10-09,70.54561892992335,2001,10
2001-10-10,70.4033922995759,2001,10
2001-10-11,70.30936082366993,2001,10
2001-10-12,70.2551496938806,2001,10
2001-10-13,70.21285319837321,2001,10
2001-10-14,70.08179823566542,2001,10
2001-10-15,69.93375931450814,2001,10
2001-10-16,69.69593881275044,2001,10
2001-10-17,69.48170037923366,2001,10
2001-10-18,69.2793657308713,2001,10
2001-10-19,69.24760375941418,2001,10
2001-10-20,69.29269603686471,2001,10
2001-10-21,69.26352065339384,2001,10
2001-10-22,69.13415148705573,2001,10
2001-10-23,69.16277919348906,2001,10
2001-10-24,69.21630827424084,2001,10
2001-10-25,69.174460812033,2001,10
2001-10-26,69.0688277695835,2001,10
2001-10-27,69.07086199124657,2001,10
2001-10-28,69.14786675991351,2001,10
2001-10-29,69.15887393127325,2001,10
2001-10-30,69.1669814749646,2001,10
2001-10-31,69.21987311219554,2001,10
2001-11-01,69.19016933550965,2001,11
2001-11-02,69.19875567745007,2001,11
2001-11-03,69.14306569811245,2001,11
2001-11-04,68.90720106070405,2001,11
2001-11-05,68.7864319234372,2001,11
2001-11-06,68.94904138743436,2001,11
2001-11-07,68.76259438049632,2001,11
2001-11-08,68.507456771191,2001,11
2001-11-09,68.27301543667532,2001,11
2001-11-10,68.11369591419923,2001,11
2001-11-11,68.01508346820457,2001,11
2001-11-12,67.98660318928496,2001,11
2001-11-13,68.02102299227859,2001,11
2001-11-14,68.04025473176421,2001,11
2001-11-15,68.21190503365986,2001,11
2001-11-16,68.48378376033003,2001,11
2001-11-17,68.37947909539675,2001,11
2001-11-18,68.61354283788249,2001,11
2001-11-19,68.2374044188011,2001,11
2001-11-20,68.00841405078391,2001,11
2001-11-21,67.88779303098379,2001,11
2001-11-22,67.84066252120991,2001,11
2001-11-23,67.75583624992058,2001,11
2001-11-24,67.57431067817022,2001,11
2001-11-25,67.38942983442374,2001,11
2001-11-26,67.33731494148988,2001,11
2001-11-27,67.39100182380473,2001,11
2001-11-28,67.22890824126738,2001,11
2001-11-29,67.00069479987486,2001,11
2001-11-30,66.87977839771656,2001,11
2001-12-01,66.87456506491101,2001,12
2001-12-02,66.75364696726209,2001,12
2001-12-03,66.76986449307701,2001,12
2001-12-04,66.805295591379,2001,12
2001-12-05,66.82089968244064,2001,12
2001-12-06,66.84216064685539,2001,12
2001-12-07,66.86345115109908,2001,12
2001-12-08,66.88069415642799,2001,12
2001-12-09,66.8575214464552,2001,12
2001-12-10,66.92176005327505,2001,12
2001-12-11,67.05584984430256,2001,12
2001-12-12,66.96837510711771,2001,12
2001-12-13,66.79730096491005,2001,12
2001-12-14,66.78761616299072,2001,12
2001-12-15,66.86422396010371,2001,12
2001-12-16,66.61239782440119,2001,12
2001-12-17,66.5945808699022,2001,12
2001-12-18,66.76418248471434,2001,12
2001-12-19,66.71084927333914,2001,12
2001-12-20,66.45585271387516,2001,12
2001-12-21,66.38623683587525,2001,12
2001-12-22,66.1441492427555,2001,12
2001-12-23,66.05223404640165,2001,12
2001-12-24,66.00802697204405,2001,12
2001-12-25,66.02829471875178,2001,12
2001-12-26,66.7690740810883,2001,12
2001-12-27,66.44553621000482,2001,12
2001-12-28,66.50782748203129,2001,12
2001-12-29,66.49840430661258,2001,12
2001-12-30,66.48131730251771,2001,12
2001-12-31,66.66247859095829,2001,12
2002-01-01,66.4772984646786,2002,1
2002-01-02,66.32303530898746,2002,1
2002-01-03,66.17508239088845,2002,1
2002-01-04,66.14315828107169,2002,1
2002-01-05,66.34857382024215,2002,1
2002-01-06,66.58110553619224,2002,1
2002-01-07,66.72681940619606,2002,1
2002-01-08,66.79056627679722,2002,1
2002-01-09,66.82437236530748,2002,1
2002-01-10,66.7737265171734,2002,1
2002-01-11,66.53758842824679,2002,1
2002-01-12,66.50822018470676,2002,1
2002-01-13,66.65694024466599,2002,1
2002-01-14,67.03234734401326,2002,1
2002-01-15,67.38095507549997,2002,1
2002-01-16,67.57337634671363,2002,1
2002-01-17,67.23526275957269,2002,1
2002-01-18,67.29677072685706,2002,1
2002-01-19,67.14885311487785,2002,1
2002-01-20,67.20140722561406,2002,1
2002-01-21,67.08746960058866,2002,1
2002-01-22,68.11886261836064,2002,1
2002-01-23,67.16350864643505,2002,1
2002-01-24,67.01197717860131,2002,1
2002-01-25,66.90404943353232,2002,1
2002-01-26,66.8530429420764,2002,1
2002-01-27,67.00842807824115,2002,1
2002-01-28,66.69299410390148,2002,1
2002-01-29,66.4252814711361,2002,1
2002-01-30,66.56167086906973,2002,1
2002-01-31,66.41763653527595,2002,1
2002-02-01,66.6056220648088,2002,2
2002-02-02,66.45240287918665,2002,2
2002-02-03,66.41694818675428,2002,2
2002-02-04,66.26718366909465,2002,2
2002-02-05,66.63662863188905,2002,2
2002-02-06,66.88567620065842,2002,2
2002-02-07,67.16534705956202,2002,2
2002-02-08,66.97424399329145,2002,2
2002-02-09,66.6789177607336,2002,2
2002-02-10,66.66740651402476,2002,2
2002-02-11,67.01685398452685,2002,2
2002-02-12,66.95316230845624,2002,2
2002-02-13,66.82368433224562,2002,2
2002-02-14,66.91268129674286,2002,2
2002-02-15,67.06949098064088,2002,2
2002-02-16,67.23883385928299,2002,2
2002-02-17,67.64799132326111,2002,2
2002-02-18,67.80438578075362,2002,2
2002-02-19,67.85166617168976,2002,2
2002-02-20,67.86607299035052,2002,2
2002-02-21,67.71994206012876,2002,2
2002-02-22,68.1057634139066,2002,2
2002-02-23,68.07585968116676,2002,2
2002-02-24,68.30371041461046,2002,2
2002-02-25,67.70911142706812,2002,2
2002-02-26,67.47961514076252,2002,2
2002-02-27,67.58677298925782,2002,2
2002-02-28,67.71208074217579,2002,2
2002-03-01,68.34012895206793,2002,3
2002-03-02,68.51593848471136,2002,3
2002-03-03,68.1484766528178,2002,3
2002-03-04,67.8809200709257,2002,3
2002-03-05,67.81176866505287,2002,3
2002-03-06,68.02251743928868,2002,3
2002-03-07,68.12532446662912,2002,3
2002-03-08,68.61206705297214,2002,3
2002-03-09,68.92447214300479,2002,3
2002-03-10,68.92217910192586,2002,3
2002-03-11,68.94712291090242,2002,3
2002-03-12,68.8812758573732,2002,3
2002-03-13,69.02660166063518,2002,3
2002-03-14,69.01062222222937,2002,3
2002-03-15,68.7773670136843,2002,3
2002-03-16,68.79505503196197,2002,3
2002-03-17,68.87763280961587,2002,3
2002-03-18,68.946663900196,2002,3
2002-03-19,69.08212018300888,2002,3
2002-03-20,69.26044253110203,2002,3
2002-03-21,69.5307914367025,2002,3
2002-03-22,69.52147153545809,2002,3
2002-03-23,69.54825475343885,2002,3
2002-03-24,69.73105144195351,2002,3
2002-03-25,69.71329475174079,2002,3
2002-03-26,69.71901268525566,2002,3
2002-03-27,69.78286047511351,2002,3
2002-03-28,69.56657293663454,2002,3
2002-03-29,69.4866627457993,2002,3
2002-03-30,69.40767155127051,2002,3
2002-03-31,69.73602168560782,2002,3
2002-04-01,69.85268319308427,2002,4
2002-04-02,69.82299822653968,2002,4
2002-04-03,69.49545352839671,2002,4
2002-04-04,69.50591047025254,2002,4
2002-04-05,69.8833357324878,2002,4
2002-04-06,70.31477285960328,2002,4
2002-04-07,70.31528782292973,2002,4
2002-04-08,70.091813279851,2002,4
2002-04-09,69.76907589895599,2002,4
2002-04-10,69.76271062225709,2002,4
2002-04-11,69.73031319754685,2002,4
2002-04-12,69.82173483610138,2002,4
2002-04-13,69.93971477575714,2002,4
2002-04-14,70.18316422727627,2002,4
2002-04-15,70.5259122655595,2002,4
2002-04-16,70.61587780698659,2002,4
2002-04-17,70.76269770948555,2002,4
2002-04-18,70.74566042537323,2002,4
2002-04-19,70.82467671966891,2002,4
2002-04-20,70.9169796742845,2002,4
2002-04-21,70.96580149439224,2002,4
2002-04-22,70.75116596530742,2002,4
2002-04-23,70.83919148121574,2002,4
2002-04-24,71.05470891595944,2002,4
2002-04-25,70.92493991487027,2002,4
2002-04-26,70.55774328248424,2002,4
2002-04-27,70.27360194600197,2002,4
2002-04-28,70.86987699814337,2002,4
2002-04-29,70.88826834409473,2002,4
2002-04-30,70.63572819437944,2002,4
2002-05-01,71.0688187407665,2002,5
2002-05-02,71.09166432401095,2002,5
2002-05-03,71.07835559547212,2002,5
2002-05-04,71.02098549391853,2002,5
2002-05-05,71.32412839334418,2002,5
2002-05-06,71.42575523442025,2002,5
2002-05-07,71.18606060193301,2002,5
2002-05-08,71.31752710580376,2002,5
2002-05-09,71.61993581662169,2002,5
2002-05-10,71.82372702641152,2002,5
2002-05-11,71.75150334412979,2002,5
2002-05-12,71.66835569801323,2002,5
2002-05-13,71.94861189328275,2002,5
2002-05-14,72.09531660267382,2002,5
2002-05-15,71.55481828840459,2002,5
2002-05-16,71.83994534054575,2002,5
2002-05-17,71.84737983639756,2002,5
2002-05-18,71.70809081756686,2002,5
2002-05-19,71.67745187900096,2002,5
2002-05-20,71.59261078440501,2002,5
2002-05-21,71.54416200310669,2002,5
2002-05-22,71.44374414477201,2002,5
2002-05-23,71.73081128498357,2002,5
2002-05-24,71.80498527183605,2002,5
2002-05-25,71.43840306572322,2002,5
2002-05-26,70.92036763612093,2002,5
2002-05-27,71.02952401134027,2002,5
2002-05-28,70.82342165384767,2002,5
2002-05-29,70.86685218755554,2002,5
2002-05-30,70.68625539458287,2002,5
2002-05-31,70.99790645711668,2002,5
2002-06-01,71.20857771178119,2002,6
2002-06-02,71.25152417963143,2002,6
2002-06-03,71.36555735155724,2002,6
2002-06-04,71.46301152142003,2002,6
2002-06-05,71.49038274645031,2002,6
2002-06-06,71.28338277343465,2002,6
2002-06-07,71.60000292179616,2002,6
2002-06-08,71.70741679011367,2002,6
2002-06-09,71.85232453871949,2002,6
2002-06-10,71.66531830695172,2002,6
2002-06-11,71.6487176048484,2002,6
2002-06-12,71.43449830986751,2002,6
2002-06-13,71.5250020781633,2002,6
2002-06-14,71.69700870387452,2002,6
2002-06-15,71.35489070826888,2002,6
2002-06-16,71.47062031210329,2002,6
2002-06-17,71.35385245460712,2002,6
2002-06-18,71.42349505698135,2002,6
2002-06-19,71.38168429674732,2002,6
2002-06-20,71.34884835878104,2002,6
2002-06-21,71.39184882285457,2002,6
2002-06-22,71.412291762565,2002,6
2002-06-23,71.53878275411988,2002,6
2002-06-24,71.48075098694292,2002,6
2002-06-25,71.85702616249779,2002,6
2002-06-26,71.25614473110134,2002,6
2002-06-27,71.19201370169147,2002,6
2002-06-28,71.33618961512207,2002,6
2002-06-29,71.36968104284892,2002,6
2002-06-30,71.56165141542594,2002,6
2002-07-01,71.54920009456802,2002,7
2002-07-02,71.55852485918616,2002,7
2002-07-03,71.71627283343184,2002,7
2002-07-04,71.56176199966194,2002,7
2002-07-05,71.55651679383854,2002,7
2002-07-06,71.46429770386793,2002,7
2002-07-07,71.50506851483122,2002,7
2002-07-08,71.64418252288358,2002,7
2002-07-09,71.64333785086954,2002,7
2002-07-10,71.57448535162919,2002,7
2002-07-11,71.64034180323056,2002,7
2002-07-12,71.66484787697208,2002,7
2002-07-13,71.66459744644901,2002,7
2002-07-14,71.69738368195378,2002,7
2002-07-15,71.49240348188614,2002,7
2002-07-16,71.5077489615116,2002,7
2002-07-17,71.48601264590151,2002,7
2002-07-18,71.74656034502951,2002,7
2002-07-19,71.44697453772827,2002,7
2002-07-20,71.42053423738818,2002,7
2002-07-21,71.24499071453018,2002,7
2002-07-22,71.17083697978595,2002,7
2002-07-23,71.2290359817347,2002,7
2002-07-24,71.41433715746894,2002,7
2002-07-25,71.4343678245014,2002,7
2002-07-26,71.19242325203865,2002,7
2002-07-27,71.33582492154933,2002,7
2002-07-28,71.4421852718465,2002,7
2002-07-29,71.40144452873241,2002,7
2002-07-30,71.28038447323378,2002,7
2002-07-31,71.28055882573982,2002,7
2002-08-01,71.23157846218292,2002,8
2002-08-02,71.57512207835485,2002,8
2002-08-03,71.31993054996587,2002,8
2002-08-04,71.1553794721521,2002,8
2002-08-05,71.11409142399886,2002,8
2002-08-06,71.17002748182298,2002,8
2002-08-07,71.20556093432761,2002,8
2002-08-08,71.20939954108582,2002,8
2002-08-09,71.11964072421398,2002,8
2002-08-10,71.1804421039292,2002,8
2002-08-11,71.20058084813608,2002,8
2002-08-12,71.36699592865828,2002,8
2002-08-13,70.91451814608646,2002,8
2002-08-14,70.9373656202736,2002,8
2002-08-15,70.9733853224187,2002,8
2002-08-16,70.9905575880905,2002,8
2002-08-17,71.01557879171236,2002,8
2002-08-18,71.01197411903782,2002,8
2002-08-19,70.96241599708307,2002,8
2002-08-20,71.06882305611009,2002,8
2002-08-21,71.0074147961034,2002,8
2002-08-22,70.94709777696877,2002,8
2002-08-23,70.94616750598192,2002,8
2002-08-24,70.97951351047622,2002,8
2002-08-25,70.96286084974153,2002,8
2002-08-26,70.92371652274906,2002,8
2002-08-27,70.92937271726548,2002,8
2002-08-28,70.94187164488369,2002,8
2002-08-29,70.96536443770552,2002,8
2002-08-30,70.92358379713193,2002,8
2002-08-31,70.95077533891333,2002,8
2002-09-01,70.95545383068765,2002,9
2002-09-02,70.94209291096806,2002,9
2002-09-03,70.87307078150913,2002,9
2002-09-04,70.75934765195905,2002,9
2002-09-05,71.40649572617369,2002,9
2002-09-06,70.54986653532873,2002,9
2002-09-07,70.49935345190127,2002,9
2002-09-08,70.48102531568216,2002,9
2002-09-09,70.41667925727974,2002,9
2002-09-10,70.37836224538977,2002,9
2002-09-11,70.36991001303714,2002,9
2002-09-12,70.46305846817806,2002,9
2002-09-13,70.46176671238355,2002,9
2002-09-14,70.95426058296002,2002,9
2002-09-15,70.50967722781735,2002,9
2002-09-16,70.49714544503473,2002,9
2002-09-17,70.45134237105887,2002,9
2002-09-18,70.34170974650667,2002,9
2002-09-19,70.34644621090432,2002,9
2002-09-20,70.42483111799078,2002,9
2002-09-21,70.44160313540162,2002,9
2002-09-22,70.4437996724686,2002,9
2002-09-23,70.56207356132701,2002,9
2002-09-24,70.50178199806523,2002,9
2002-09-25,70.47952584567847,2002,9
2002-09-26,70.31011143561128,2002,9
2002-09-27,70.31867372880012,2002,9
2002-09-28,70.40037004199696,2002,9
2002-09-29,70.32400764805733,2002,9
2002-09-30,70.2487285981206,2002,9
2002-10-01,70.17532447047576,2002,10
2002-10-02,70.17446017306,2002,10
2002-10-03,70.10642156144735,2002,10
2002-10-04,70.07866744331051,2002,10
2002-10-05,70.04148715470959,2002,10
2002-10-06,70.08517049313954,2002,10
2002-10-07,70.18439703530989,2002,10
2002-10-08,70.16404178308727,2002,10
2002-10-09,70.0866404529023,2002,10
2002-10-10,70.15779796563885,2002,10
2002-10-11,70.14122131151136,2002,10
2002-10-12,70.16215650434833,2002,10
2002-10-13,69.9045417553547,2002,10
2002-10-14,70.89857300162127,2002,10
2002-10-15,69.89286060195616,2002,10
2002-10-16,70.01003784304585,2002,10
2002-10-17,70.0013582581443,2002,10
2002-10-18,69.81016367481426,2002,10
2002-10-19,69.65470113669446,2002,10
2002-10-20,69.53445899163277,2002,10
2002-10-21,69.6349576061261,2002,10
2002-10-22,69.4077616762119,2002,10
2002-10-23,69.15915315144285,2002,10
2002-10-24,68.98591499203468,2002,10
2002-10-25,68.93038738786748,2002,10
2002-10-26,68.8199627915071,2002,10
2002-10-27,68.68224299154907,2002,10
2002-10-28,68.5380823811286,2002,10
2002-10-29,68.50852380136295,2002,10
2002-10-30,68.53195923679715,2002,10
2002-10-31,68.53569653430655,2002,10
2002-11-01,69.18603036857074,2002,11
2002-11-02,69.09077033070238,2002,11
2002-11-03,68.98655340058247,2002,11
2002-11-04,68.87328832396345,2002,11
2002-11-05,68.74740124425331,2002,11
2002-11-06,68.86859187870621,2002,11
2002-11-07,69.13210622616053,2002,11
2002-11-08,68.90739333972209,2002,11
2002-11-09,69.05949239596123,2002,11
2002-11-10,69.14682992910697,2002,11
2002-11-11,69.07834664415455,2002,11
2002-11-12,69.04694147251492,2002,11
2002-11-13,68.68176683172766,2002,11
2002-11-14,68.57336628416604,2002,11
2002-11-15,68.33742864907506,2002,11
2002-11-16,68.24996940403776,2002,11
2002-11-17,68.12181120140585,2002,11
2002-11-18,68.06645697737191,2002,11
2002-11-19,67.98618703275733,2002,11
2002-11-20,67.98674760203676,2002,11
2002-11-21,67.86328381169724,2002,11
2002-11-22,67.8380417359948,2002,11
2002-11-23,67.83982855636413,2002,11
2002-11-24,68.11201492720856,2002,11
2002-11-25,67.98467170185843,2002,11
2002-11-26,67.8780639532004,2002,11
2002-11-27,67.71698895409328,2002,11
2002-11-28,67.65686692740991,2002,11
2002-11-29,67.53691262274063,2002,11
2002-11-30,67.3306865533096,2002,11
2002-12-01,66.75679953527029,2002,12
2002-12-02,66.78328786283723,2002,12
2002-12-03,66.7350735439105,2002,12
2002-12-04,66.92757104558487,2002,12
2002-12-05,66.90570987111676,2002,12
2002-12-06,67.01288834593579,2002,12
2002-12-07,67.09963005195966,2002,12
2002-12-08,67.10363708186293,2002,12
2002-12-09,67.00450054220055,2002,12
2002-12-10,66.8369187338599,2002,12
2002-12-11,66.75237875617715,2002,12
2002-12-12,66.78148539882991,2002,12
2002-12-13,66.82415938545084,2002,12
2002-12-14,66.87848550438679,2002,12
2002-12-15,66.91429974402944,2002,12
2002-12-16,67.03219111382576,2002,12
2002-12-17,66.88721567752043,2002,12
2002-12-18,66.95979688925026,2002,12
2002-12-19,67.13431155558027,2002,12
2002-12-20,67.14980201696356,2002,12
2002-12-21,66.99332996217699,2002,12
2002-12-22,66.8064370691937,2002,12
2002-12-23,66.74963882238127,2002,12
2002-12-24,67.8668420051703,2002,12
2002-12-25,66.72541187689797,2002,12
2002-12-26,66.45616892706035,2002,12
2002-12-27,66.44372229710267,2002,12
2002-12-28,66.32405539653857,2002,12
2002-12-29,66.09939729698024,2002,12
2002-12-30,66.41074840052997,2002,12
2002-12-31,66.626437686484,2002,12
2003-01-01,65.70280200437132,2003,1
2003-01-02,65.54363302964326,2003,1
2003-01-03,66.00427017247654,2003,1
2003-01-04,66.04234543889662,2003,1
2003-01-05,65.94647701477784,2003,1
2003-01-06,65.89868722007778,2003,1
2003-01-07,65.80036606069707,2003,1
2003-01-08,65.5981355273267,2003,1
2003-01-09,65.75386230009384,2003,1
2003-01-10,65.54394899859939,2003,1
2003-01-11,65.66306685425313,2003,1
2003-01-12,66.0666820997275,2003,1
2003-01-13,65.55275140339586,2003,1
2003-01-14,65.50532839887605,2003,1
2003-01-15,65.3468091342613,2003,1
2003-01-16,65.26338685600939,2003,1
2003-01-17,65.16804199231622,2003,1
2003-01-18,65.2472161049922,2003,1
2003-01-19,65.30304611563189,2003,1
2003-01-20,65.63860508557305,2003,1
2003-01-21,65.97724723942065,2003,1
2003-01-22,65.74457802719797,2003,1
2003-01-23,65.81390085573332,2003,1
2003-01-24,65.95711355258223,2003,1
2003-01-25,66.14279686730212,2003,1
2003-01-26,66.42595337586985,2003,1
2003-01-27,66.74673391039664,2003,1
2003-01-28,66.84096494620049,2003,1
2003-01-29,66.68008371678059,2003,1
2003-01-30,66.80745081596082,2003,1
2003-01-31,66.91977290721853,2003,1
2003-02-01,66.99809701663918,2003,2
2003-02-02,66.97519756573799,2003,2
2003-02-03,66.9445577454934,2003,2
2003-02-04,66.73354121914996,2003,2
2003-02-05,66.75624179180268,2003,2
2003-02-06,66.68445507890885,2003,2
2003-02-07,66.69159194955556,2003,2
2003-02-08,66.86295850293203,2003,2
2003-02-09,66.83475116654654,2003,2
2003-02-10,67.03558841892159,2003,2
2003-02-11,66.79038544527961,2003,2
2003-02-12,66.87570439570774,2003,2
2003-02-13,66.82662043884773,2003,2
2003-02-14,67.10277729764411,2003,2
2003-02-15,67.03610129301958,2003,2
2003-02-16,67.28678321216076,2003,2
2003-02-17,67.90958946377734,2003,2
2003-02-18,68.01375230214838,2003,2
2003-02-19,67.51258015219283,2003,2
2003-02-20,67.2944166555492,2003,2
2003-02-21,66.84923439247882,2003,2
2003-02-22,66.84606962499278,2003,2
2003-02-23,67.49723454526571,2003,2
2003-02-24,67.47577487208585,2003,2
2003-02-25,67.78857919950649,2003,2
2003-02-26,67.93481846729733,2003,2
2003-02-27,68.18503834647935,2003,2
2003-02-28,68.25106552391672,2003,2
2003-03-01,68.29079927182319,2003,3
2003-03-02,68.45635925331003,2003,3
2003-03-03,68.58019542615024,2003,3
2003-03-04,67.332667258774,2003,3
2003-03-05,66.48796753897415,2003,3
2003-03-06,66.4126025447319,2003,3
2003-03-07,66.66426911620312,2003,3
2003-03-08,66.90961683066023,2003,3
2003-03-09,67.18100072624695,2003,3
2003-03-10,67.64526473994417,2003,3
2003-03-11,67.83876219868654,2003,3
2003-03-12,67.96237778086527,2003,3
2003-03-13,67.81952267571131,2003,3
2003-03-14,68.15789228467814,2003,3
2003-03-15,68.38404415896036,2003,3
2003-03-16,68.4710889685204,2003,3
2003-03-17,68.66072164513426,2003,3
2003-03-18,68.22687326198604,2003,3
2003-03-19,68.39090642037388,2003,3
2003-03-20,68.24110844298296,2003,3
2003-03-21,68.44904816476185,2003,3
2003-03-22,68.83114352651057,2003,3
2003-03-23,68.77254723910727,2003,3
2003-03-24,68.9794433948926,2003,3
2003-03-25,69.57167407214125,2003,3
2003-03-26,69.16809334704126,2003,3
2003-03-27,69.18833009451816,2003,3
2003-03-28,69.30278534601523,2003,3
2003-03-29,69.40237469350788,2003,3
2003-03-30,69.42772663143089,2003,3
2003-03-31,69.25149702081993,2003,3
2003-04-01,69.34994934515122,2003,4
2003-04-02,69.38573374166968,2003,4
2003-04-03,69.70156119852389,2003,4
2003-04-04,69.81003521271934,2003,4
2003-04-05,69.4455571437585,2003,4
2003-04-06,69.35028434877526,2003,4
2003-04-07,69.48973847331158,2003,4
2003-04-08,69.48067275101482,2003,4
2003-04-09,69.62273578808744,2003,4
2003-04-10,69.83349821591298,2003,4
2003-04-11,69.9984299052521,2003,4
2003-04-12,70.13897905921313,2003,4
2003-04-13,70.22274800568864,2003,4
2003-04-14,70.2368336056096,2003,4
2003-04-15,70.23686774437547,2003,4
2003-04-16,70.27306727568813,2003,4
2003-04-17,70.2815365127656,2003,4
2003-04-18,70.28773507628826,2003,4
2003-04-19,70.42508256722431,2003,4
2003-04-20,70.0503437028702,2003,4
2003-04-21,70.0851267015597,2003,4
2003-04-22,69.94546348190458,2003,4
2003-04-23,70.1770466824744,2003,4
2003-04-24,70.42945287037101,2003,4
2003-04-25,70.56504143988732,2003,4
2003-04-26,70.79599501222415,2003,4
2003-04-27,70.81276956482976,2003,4
2003-04-28,70.38473206882895,2003,4
2003-04-29,70.52102364743348,2003,4
2003-04-30,70.18781579806276,2003,4
2003-05-01,70.36884554052962,2003,5
2003-05-02,70.54659101598962,2003,5
2003-05-03,70.65537531548854,2003,5
2003-05-04,70.29939815549531,2003,5
2003-05-05,70.05082179316032,2003,5
2003-05-06,70.20106084636343,2003,5
2003-05-07,70.18931368096649,2003,5
2003-05-08,70.22087172944089,2003,5
2003-05-09,70.26700966037387,2003,5
2003-05-10,70.26821047386169,2003,5
2003-05-11,70.59541942504937,2003,5
2003-05-12,70.65492991249853,2003,5
2003-05-13,70.865422097488,2003,5
2003-05-14,70.8526807600007,2003,5
2003-05-15,70.93303826774677,2003,5
2003-05-16,70.91540783261202,2003,5
2003-05-17,70.87274485576368,2003,5
2003-05-18,71.00455179248182,2003,5
2003-05-19,71.10007808678242,2003,5
2003-05-20,71.24719857383596,2003,5
2003-05-21,71.61135511735556,2003,5
2003-05-22,71.25813783287573,2003,5
2003-05-23,70.85163400293146,2003,5
2003-05-24,71.23273309887507,2003,5
2003-05-25,70.96317717481361,2003,5
2003-05-26,71.02786733316746,2003,5
2003-05-27,71.2639121742871,2003,5
2003-05-28,71.27369855899168,2003,5
2003-05-29,71.20522986457354,2003,5
2003-05-30,71.30746175043052,2003,5
2003-05-31,71.62822152956741,2003,5
2003-06-01,71.54456542640506,2003,6
2003-06-02,71.582433462683,2003,6
2003-06-03,71.78481434104886,2003,6
2003-06-04,71.9667497025265,2003,6
2003-06-05,71.76728387647432,2003,6
2003-06-06,71.53075386295053,2003,6
2003-06-07,71.48144965929629,2003,6
2003-06-08,71.33297745154634,2003,6
2003-06-09,71.33962371412547,2003,6
2003-06-10,71.61447849803064,2003,6
2003-06-11,71.5947047178257,2003,6
2003-06-12,71.57448695252931,2003,6
2003-06-13,71.41728582599777,2003,6
2003-06-14,71.17569945545785,2003,6
2003-06-15,71.03979029097363,2003,6
2003-06-16,71.12993752867598,2003,6
2003-06-17,71.08731814124076,2003,6
2003-06-18,70.9170257538151,2003,6
2003-06-19,70.70927868017867,2003,6
2003-06-20,70.83146244828258,2003,6
2003-06-21,70.89302730603745,2003,6
2003-06-22,71.27795214615723,2003,6
2003-06-23,70.88588212588722,2003,6
2003-06-24,70.83675411078252,2003,6
2003-06-25,70.76796545925818,2003,6
2003-06-26,70.98575833131123,2003,6
2003-06-27,70.94118185205697,2003,6
2003-06-28,70.90248599423529,2003,6
2003-06-29,70.93270290320307,2003,6
2003-06-30,70.83939313638172,2003,6
2003-07-01,70.8799837363645,2003,7
2003-07-02,70.87702796315179,2003,7
2003-07-03,70.92756964317522,2003,7
2003-07-04,71.06394461264544,2003,7
2003-07-05,70.89307226112084,2003,7
2003-07-06,70.63833684152192,2003,7
2003-07-07,70.73572038654234,2003,7
2003-07-08,70.87468549470934,2003,7
2003-07-09,70.76398487056426,2003,7
2003-07-10,70.8075563421233,2003,7
2003-07-11,70.54121996832964,2003,7
2003-07-12,70.98150225023505,2003,7
2003-07-13,70.78861378952793,2003,7
2003-07-14,71.06600871100127,2003,7
2003-07-15,70.80285454191745,2003,7
2003-07-16,70.8068647451819,2003,7
2003-07-17,70.8141118414321,2003,7
2003-07-18,70.96066172790256,2003,7
2003-07-19,70.8945218172706,2003,7
2003-07-20,70.98322700719235,2003,7
2003-07-21,70.892209033793,2003,7
2003-07-22,70.84984206156257,2003,7
2003-07-23,70.94853013605248,2003,7
2003-07-24,71.00492598304402,2003,7
2003-07-25,70.87557126464706,2003,7
2003-07-26,70.8823093326753,2003,7
2003-07-27,70.97202660612469,2003,7
2003-07-28,70.84796866794262,2003,7
2003-07-29,70.81405232950456,2003,7
2003-07-30,70.75106799838913,2003,7
2003-07-31,70.68054766952149,2003,7
2003-08-01,70.61499082025372,2003,8
2003-08-02,70.61430876242319,2003,8
2003-08-03,70.64078112712396,2003,8
2003-08-04,70.64823189127364,2003,8
2003-08-05,70.76725200461281,2003,8
2003-08-06,70.78790150876073,2003,8
2003-08-07,71.00204103531283,2003,8
2003-08-08,71.29295592810239,2003,8
2003-08-09,70.92716392552401,2003,8
2003-08-10,70.69957739924487,2003,8
2003-08-11,70.76869307724188,2003,8
2003-08-12,70.6900920439279,2003,8
2003-08-13,70.72478585727977,2003,8
2003-08-14,70.76795800183501,2003,8
2003-08-15,70.67793371622766,2003,8
2003-08-16,70.9797431090956,2003,8
2003-08-17,70.83538058553214,2003,8
2003-08-18,70.84668160586553,2003,8
2003-08-19,70.66510661013612,2003,8
2003-08-20,70.55832142637013,2003,8
2003-08-21,70.65782828567811,2003,8
2003-08-22,70.79803129601552,2003,8
2003-08-23,70.92988513557621,2003,8
2003-08-24,70.67174398024632,2003,8
2003-08-25,70.62455289123687,2003,8
2003-08-26,70.70376025071549,2003,8
2003-08-27,70.66174052720288,2003,8
2003-08-28,70.70138004840227,2003,8
2003-08-29,70.62290103671883,2003,8
2003-08-30,70.7205504333559,2003,8
2003-08-31,70.62488290061826,2003,8
2003-09-01,70.55979137156321,2003,9
2003-09-02,70.56424691336473,2003,9
2003-09-03,70.54879619739476,2003,9
2003-09-04,70.54410647232866,2003,9
2003-09-05,70.44480681354122,2003,9
2003-09-06,70.44800960369305,2003,9
2003-09-07,70.3544234731492,2003,9
2003-09-08,70.37500070950793,2003,9
2003-09-09,70.51305768665911,2003,9
2003-09-10,70.44383151612679,2003,9
2003-09-11,70.49951696365605,2003,9
2003-09-12,70.47190124055318,2003,9
2003-09-13,70.47671388905191,2003,9
2003-09-14,70.47851400325526,2003,9
2003-09-15,70.4292619831343,2003,9
2003-09-16,70.34224046306176,2003,9
2003-09-17,70.43967163616864,2003,9
2003-09-18,70.40186815307659,2003,9
2003-09-19,70.46837238132625,2003,9
2003-09-20,70.53662271732591,2003,9
2003-09-21,70.56000682993326,2003,9
2003-09-22,70.846512070657,2003,9
2003-09-23,70.42834881009472,2003,9
2003-09-24,70.27030180630179,2003,9
2003-09-25,70.14043602757046,2003,9
2003-09-26,70.09736266063369,2003,9
2003-09-27,70.1746045375708,2003,9
2003-09-28,70.13957904060736,2003,9
2003-09-29,70.0568708854752,2003,9
2003-09-30,69.95232840165681,2003,9
2003-10-01,69.96753186957875,2003,10
2003-10-02,69.80744077297449,2003,10
2003-10-03,69.86707845649684,2003,10
2003-10-04,69.4790820502708,2003,10
2003-10-05,69.50985178150167,2003,10
2003-10-06,69.54774407538602,2003,10
2003-10-07,69.72661304522777,2003,10
2003-10-08,69.77366577649346,2003,10
2003-10-09,69.7537547372641,2003,10
2003-10-10,69.55802459652523,2003,10
2003-10-11,69.41417095442321,2003,10
2003-10-12,69.24677366966492,2003,10
2003-10-13,69.03120721392368,2003,10
2003-10-14,68.93118885897829,2003,10
2003-10-15,68.75537543630965,2003,10
2003-10-16,68.79004758904783,2003,10
2003-10-17,68.98391796483936,2003,10
2003-10-18,69.19732124504391,2003,10
2003-10-19,69.16768598814673,2003,10
2003-10-20,69.1069891453214,2003,10
2003-10-21,68.9204141498043,2003,10
2003-10-22,68.78346386515183,2003,10
2003-10-23,68.81850083767279,2003,10
2003-10-24,68.6497453166955,2003,10
2003-10-25,68.52666719985005,2003,10
2003-10-26,68.52894923776928,2003,10
2003-10-27,68.64327162384522,2003,10
2003-10-28,68.64499315730366,2003,10
2003-10-29,68.86773799200873,2003,10
2003-10-30,68.94470588831182,2003,10
2003-10-31,68.99440375926734,2003,10
2003-11-01,68.82004745115242,2003,11
2003-11-02,68.74988118982901,2003,11
2003-11-03,68.65555053163146,2003,11
2003-11-04,68.52526523381945,2003,11
2003-11-05,68.61289651793463,2003,11
2003-11-06,68.35323200550948,2003,11
2003-11-07,68.22733390817402,2003,11
2003-11-08,68.27450818746227,2003,11
2003-11-09,68.18969474984327,2003,11
2003-11-10,67.98835819032175,2003,11
2003-11-11,67.58481568605238,2003,11
2003-11-12,67.46758307600787,2003,11
2003-11-13,67.47668040018758,2003,11
2003-11-14,67.685197091251,2003,11
2003-11-15,67.59921533237062,2003,11
2003-11-16,67.73726339416471,2003,11
2003-11-17,67.65740107489844,2003,11
2003-11-18,67.55833942104684,2003,11
2003-11-19,67.48613143201588,2003,11
2003-11-20,67.22912242242839,2003,11
2003-11-21,67.05139452194275,2003,11
2003-11-22,66.98264984188853,2003,11
2003-11-23,67.05620371766993,2003,11
2003-11-24,67.05733825795699,2003,11
2003-11-25,66.97426767742432,2003,11
2003-11-26,67.27330764832514,2003,11
2003-11-27,66.63029570280439,2003,11
2003-11-28,66.66012484714595,2003,11
2003-11-29,66.7359730403134,2003,11
2003-11-30,66.78067178549705,2003,11
2003-12-01,66.56345348779229,2003,12
2003-12-02,66.50426667327709,2003,12
2003-12-03,66.39805325101685,2003,12
2003-12-04,66.40023570270967,2003,12
2003-12-05,66.55565173651088,2003,12
2003-12-06,66.4425025463499,2003,12
2003-12-07,66.36854932181626,2003,12
2003-12-08,66.4644101139784,2003,12
2003-12-09,66.66993140984559,2003,12
2003-12-10,66.73497692936365,2003,12
2003-12-11,66.68553537187661,2003,12
2003-12-12,66.84659659352063,2003,12
2003-12-13,66.88049794960587,2003,12
2003-12-14,66.72517193759505,2003,12
2003-12-15,66.72934097873052,2003,12
2003-12-16,66.7220406329603,2003,12
2003-12-17,66.44794424192233,2003,12
2003-12-18,66.29123146860653,2003,12
2003-12-19,66.29056517897823,2003,12
2003-12-20,66.17615455927981,2003,12
2003-12-21,66.0484891370412,2003,12
2003-12-22,65.78637982209477,2003,12
2003-12-23,65.81967200255129,2003,12
2003-12-24,65.91229572017774,2003,12
2003-12-25,65.96467973151572,2003,12
2003-12-26,65.94959444317907,2003,12
2003-12-27,66.15032073443088,2003,12
2003-12-28,66.04741268456873,2003,12
2003-12-29,65.66020748982505,2003,12
2003-12-30,65.51468008226529,2003,12
2003-12-31,65.65179106752511,2003,12
2004-01-01,65.86137787723148,2004,1
2004-01-02,65.82120615826791,2004,1
2004-01-03,65.8763430558985,2004,1
2004-01-04,65.74811410242384,2004,1
2004-01-05,65.80826313122002,2004,1
2004-01-06,65.85392901606632,2004,1
2004-01-07,65.94633547962842,2004,1
2004-01-08,66.11924407291409,2004,1
2004-01-09,65.89775375651155,2004,1
2004-01-10,65.80082604882618,2004,1
2004-01-11,65.87161440377483,2004,1
2004-01-12,66.22619633529357,2004,1
2004-01-13,66.16175428493068,2004,1
2004-01-14,66.23443235929727,2004,1
2004-01-15,66.30775873523751,2004,1
2004-01-16,66.63800199742994,2004,1
2004-01-17,66.78465758296038,2004,1
2004-01-18,66.63707446686318,2004,1
2004-01-19,66.59865429841626,2004,1
2004-01-20,66.56879072992392,2004,1
2004-01-21,66.83927479704863,2004,1
2004-01-22,66.80796880718935,2004,1
2004-01-23,66.98452914552391,2004,1
2004-01-24,66.71388027254056,2004,1
2004-01-25,66.38924782430252,2004,1
2004-01-26,66.28450517306021,2004,1
2004-01-27,66.04714888082687,2004,1
2004-01-28,66.10669383046267,2004,1
2004-01-29,66.4267550105065,2004,1
2004-01-30,66.81839767160787,2004,1
2004-01-31,66.83701470762243,2004,1
2004-02-01,66.60778057333718,2004,2
2004-02-02,66.612560650982,2004,2
2004-02-03,66.0035474405609,2004,2
2004-02-04,65.79069733200329,2004,2
2004-02-05,65.97293123108852,2004,2
2004-02-06,66.08507648335426,2004,2
2004-02-07,65.93799708330017,2004,2
2004-02-08,65.89805726736898,2004,2
2004-02-09,66.21957957733156,2004,2
2004-02-10,66.44458646797781,2004,2
2004-02-11,66.50491951476099,2004,2
2004-02-12,66.71861535358073,2004,2
2004-02-13,67.27283371544429,2004,2
2004-02-14,66.97351462230958,2004,2
2004-02-15,66.94693097982889,2004,2
2004-02-16,67.00697619868488,2004,2
2004-02-17,67.37446690173739,2004,2
2004-02-18,67.35309851845423,2004,2
2004-02-19,67.35387213165728,2004,2
2004-02-20,67.45176555609932,2004,2
2004-02-21,67.32403178881638,2004,2
2004-02-22,67.50682494794403,2004,2
2004-02-23,67.45880202546454,2004,2
2004-02-24,67.4618735195616,2004,2
2004-02-25,67.61853429471341,2004,2
2004-02-26,67.71720929126262,2004,2
2004-02-27,68.10562215823448,2004,2
2004-02-28,68.12532544280705,2004,2
2004-02-29,68.15092878301233,2004,2
2004-03-01,68.18577694775567,2004,3
2004-03-02,67.7507137082507,2004,3
2004-03-03,68.01778505508395,2004,3
2004-03-04,68.1207736969979,2004,3
2004-03-05,68.37068457377907,2004,3
2004-03-06,68.55198430962592,2004,3
2004-03-07,68.12929116723964,2004,3
2004-03-08,68.11324224255206,2004,3
2004-03-09,68.29309317355374,2004,3
2004-03-10,68.43064244879024,2004,3
2004-03-11,68.36950528445213,2004,3
2004-03-12,68.56604468974844,2004,3
2004-03-13,68.96457548992014,2004,3
2004-03-14,68.8132271695001,2004,3
2004-03-15,69.02163193051237,2004,3
2004-03-16,69.11657841616122,2004,3
2004-03-17,69.28058880734702,2004,3
2004-03-18,69.45448939574132,2004,3
2004-03-19,69.46312049921288,2004,3
2004-03-20,69.43434531406564,2004,3
2004-03-21,69.88490736288391,2004,3
2004-03-22,69.85236131845295,2004,3
2004-03-23,69.96105245315174,2004,3
2004-03-24,69.89790563792506,2004,3
2004-03-25,69.47282955022287,2004,3
2004-03-26,69.41061305247274,2004,3
2004-03-27,69.45944399988728,2004,3
2004-03-28,69.50024788365283,2004,3
2004-03-29,69.5890067744589,2004,3
2004-03-30,69.86130080477194,2004,3
2004-03-31,69.5138857976311,2004,3
2004-04-01,69.65922893818804,2004,4
2004-04-02,69.77061272135764,2004,4
2004-04-03,69.89144446555723,2004,4
2004-04-04,70.07891685906604,2004,4
2004-04-05,70.04896436028493,2004,4
2004-04-06,70.26403161320012,2004,4
2004-04-07,70.12713269088697,2004,4
2004-04-08,70.19648997784078,2004,4
2004-04-09,70.18222108943415,2004,4
2004-04-10,70.21682824541892,2004,4
2004-04-11,70.40899892417815,2004,4
2004-04-12,70.53496968281175,2004,4
2004-04-13,70.58738974502722,2004,4
2004-04-14,70.74866748284943,2004,4
2004-04-15,70.72726530795629,2004,4
2004-04-16,71.07749319626836,2004,4
2004-04-17,70.86268074728005,2004,4
2004-04-18,71.05433723217853,2004,4
2004-04-19,70.88114761023832,2004,4
2004-04-20,71.20610451179381,2004,4
2004-04-21,71.11797512317271,2004,4
2004-04-22,70.9352587888896,2004,4
2004-04-23,70.42531590240594,2004,4
2004-04-24,70.41099866160191,2004,4
2004-04-25,70.1995380030366,2004,4
2004-04-26,70.29125944228919,2004,4
2004-04-27,70.48390515819736,2004,4
2004-04-28,70.59062164050121,2004,4
2004-04-29,70.56002662163692,2004,4
2004-04-30,70.14454417181761,2004,4
2004-05-01,69.88561637115477,2004,5
2004-05-02,70.04251614779274,2004,5
2004-05-03,70.43026586446241,2004,5
2004-05-04,70.17995981895113,2004,5
2004-05-05,70.45860834095281,2004,5
2004-05-06,70.76718932106705,2004,5
2004-05-07,71.01132865795388,2004,5
2004-05-08,71.31945559427695,2004,5
2004-05-09,71.26638781132795,2004,5
2004-05-10,71.28521797732077,2004,5
2004-05-11,71.59858975436582,2004,5
2004-05-12,71.4881679440262,2004,5
2004-05-13,71.58786316640436,2004,5
2004-05-14,71.38670910092176,2004,5
2004-05-15,71.56426866330916,2004,5
2004-05-16,71.54726173944577,2004,5
2004-05-17,71.5255942951723,2004,5
2004-05-18,71.49904407029531,2004,5
2004-05-19,71.54409438336816,2004,5
2004-05-20,71.61410619811811,2004,5
2004-05-21,71.55719443394617,2004,5
2004-05-22,71.26889264491115,2004,5
2004-05-23,71.1638984111867,2004,5
2004-05-24,70.98996541543579,2004,5
2004-05-25,71.07656269242887,2004,5
2004-05-26,71.1439559010916,2004,5
2004-05-27,71.03862745575636,2004,5
2004-05-28,71.16793464787665,2004,5
2004-05-29,71.11347067977357,2004,5
2004-05-30,71.21467901176742,2004,5
2004-05-31,71.43719994743259,2004,5
2004-06-01,71.56506448437759,2004,6
2004-06-02,71.37234698817703,2004,6
2004-06-03,71.52275787276415,2004,6
2004-06-04,71.36569769200136,2004,6
2004-06-05,71.3059814389328,2004,6
2004-06-06,71.30002511314534,2004,6
2004-06-07,70.89340582887331,2004,6
2004-06-08,71.12782971655241,2004,6
2004-06-09,71.06992281279092,2004,6
2004-06-10,71.22548081456631,2004,6
2004-06-11,71.36246188548643,2004,6
2004-06-12,71.1920301345848,2004,6
2004-06-13,71.4615066083593,2004,6
2004-06-14,72.9086351270634,2004,6
2004-06-15,71.17149343626956,2004,6
2004-06-16,71.18098507615179,2004,6
2004-06-17,71.11783384587153,2004,6
2004-06-18,71.1064405277467,2004,6
2004-06-19,71.02343610838898,2004,6
2004-06-20,71.16600091501061,2004,6
2004-06-21,71.08751509859042,2004,6
2004-06-22,71.17807680942073,2004,6
2004-06-23,71.16886362860177,2004,6
2004-06-24,71.54168554259483,2004,6
2004-06-25,71.30121591901579,2004,6
2004-06-26,71.0268616143152,2004,6
2004-06-27,70.9031602318127,2004,6
2004-06-28,71.38763427905948,2004,6
2004-06-29,71.20711745095046,2004,6
2004-06-30,71.64210389268166,2004,6
2004-07-01,71.82506966906998,2004,7
2004-07-02,71.62009866835177,2004,7
2004-07-03,71.5368441623391,2004,7
2004-07-04,71.87721645128858,2004,7
2004-07-05,71.39747016402185,2004,7
2004-07-06,71.31207647592403,2004,7
2004-07-07,71.28730624681047,2004,7
2004-07-08,71.29139216832206,2004,7
2004-07-09,71.1479174372476,2004,7
2004-07-10,71.24965505311751,2004,7
2004-07-11,71.06204825253724,2004,7
2004-07-12,70.98534418727097,2004,7
2004-07-13,71.00986987744399,2004,7
2004-07-14,70.89634054581522,2004,7
2004-07-15,71.06842307756699,2004,7
2004-07-16,71.01660657290657,2004,7
2004-07-17,71.20657133995908,2004,7
2004-07-18,70.96044084958473,2004,7
2004-07-19,70.97043415513559,2004,7
2004-07-20,71.00054900658763,2004,7
2004-07-21,70.96582502667984,2004,7
2004-07-22,70.9558232681358,2004,7
2004-07-23,70.93309494248564,2004,7
2004-07-24,70.99361374602059,2004,7
2004-07-25,71.19263185286486,2004,7
2004-07-26,71.02101451490813,2004,7
2004-07-27,71.03374071079442,2004,7
2004-07-28,70.98906529133899,2004,7
2004-07-29,70.90301107411028,2004,7
2004-07-30,70.85048482972778,2004,7
2004-07-31,70.86085569107134,2004,7
2004-08-01,70.82770768826079,2004,8
2004-08-02,70.84249557949123,2004,8
2004-08-03,70.83625916047963,2004,8
2004-08-04,70.84075841683229,2004,8
2004-08-05,71.03502514452752,2004,8
2004-08-06,71.05941203765954,2004,8
2004-08-07,71.02700873717588,2004,8
2004-08-08,70.96834230248508,2004,8
2004-08-09,70.81014239491269,2004,8
2004-08-10,70.77180150926739,2004,8
2004-08-11,70.81950680751103,2004,8
2004-08-12,70.88495431767313,2004,8
2004-08-13,70.89515171791852,2004,8
2004-08-14,71.25644640545373,2004,8
2004-08-15,71.0041671961037,2004,8
2004-08-16,71.00000964966229,2004,8
2004-08-17,70.88031989175848,2004,8
2004-08-18,70.8106151584566,2004,8
2004-08-19,70.85641649486148,2004,8
2004-08-20,70.81141123692255,2004,8
2004-08-21,70.76660975429583,2004,8
2004-08-22,70.82010718360046,2004,8
2004-08-23,70.84624483691958,2004,8
2004-08-24,70.80768477176262,2004,8
2004-08-25,70.79066393880031,2004,8
2004-08-26,70.85449225308241,2004,8
2004-08-27,70.84166398167694,2004,8
2004-08-28,70.68341546241686,2004,8
2004-08-29,71.12187451147813,2004,8
2004-08-30,70.87217018732242,2004,8
2004-08-31,70.7951562117572,2004,8
2004-09-01,70.94388308944477,2004,9
2004-09-02,70.6562110424606,2004,9
2004-09-03,70.7911957023383,2004,9
2004-09-04,70.6728410206721,2004,9
2004-09-05,70.75069319448632,2004,9
2004-09-06,70.61950871268024,2004,9
2004-09-07,70.73732800159254,2004,9
2004-09-08,70.87359402273873,2004,9
2004-09-09,70.921215560094,2004,9
2004-09-10,70.7386421192754,2004,9
2004-09-11,70.5800277818499,2004,9
2004-09-12,70.63362504874695,2004,9
2004-09-13,70.88066271210198,2004,9
2004-09-14,70.82409479089756,2004,9
2004-09-15,70.44525814324534,2004,9
2004-09-16,70.41606914833305,2004,9
2004-09-17,70.64726870690872,2004,9
2004-09-18,70.58587618572895,2004,9
2004-09-19,70.62306916216993,2004,9
2004-09-20,70.63335838227043,2004,9
2004-09-21,70.54741800207863,2004,9
2004-09-22,70.50981069742744,2004,9
2004-09-23,70.49294224633111,2004,9
2004-09-24,70.4038584747459,2004,9
2004-09-25,70.42322283781914,2004,9
2004-09-26,70.39619988032253,2004,9
2004-09-27,70.44820548506392,2004,9
2004-09-28,70.48346309652584,2004,9
2004-09-29,70.57045905794207,2004,9
2004-09-30,70.40729073098,2004,9
2004-10-01,70.78481974663205,2004,10
2004-10-02,70.48998170908015,2004,10
2004-10-03,70.22197941060526,2004,10
2004-10-04,70.18271358646894,2004,10
2004-10-05,70.1251798024647,2004,10
2004-10-06,70.1358802827693,2004,10
2004-10-07,69.98070136517683,2004,10
2004-10-08,69.91805786015885,2004,10
2004-10-09,69.97069047575378,2004,10
2004-10-10,69.95616738602845,2004,10
2004-10-11,69.95759076733447,2004,10
2004-10-12,69.30923480408957,2004,10
2004-10-13,69.3012704170114,2004,10
2004-10-14,69.29939586679387,2004,10
2004-10-15,68.99684653092665,2004,10
2004-10-16,68.80025623504982,2004,10
2004-10-17,68.77304891900687,2004,10
2004-10-18,68.7308660962613,2004,10
2004-10-19,68.77928228285234,2004,10
2004-10-20,68.73549748504612,2004,10
2004-10-21,68.8080940542987,2004,10
2004-10-22,68.82426299407423,2004,10
2004-10-23,68.70763395032407,2004,10
2004-10-24,68.64271335959793,2004,10
2004-10-25,68.62905333154171,2004,10
2004-10-26,68.52592776163213,2004,10
2004-10-27,68.83594126374085,2004,10
2004-10-28,68.46295860000488,2004,10
2004-10-29,68.40238776733239,2004,10
2004-10-30,68.62979370280546,2004,10
2004-10-31,68.28932169286992,2004,10
2004-11-01,68.13843333731741,2004,11
2004-11-02,68.01380370765436,2004,11
2004-11-03,67.89604161087475,2004,11
2004-11-04,67.6538960599579,2004,11
2004-11-05,67.43857558945423,2004,11
2004-11-06,67.51280564114369,2004,11
2004-11-07,67.80887097723402,2004,11
2004-11-08,67.92085254629119,2004,11
2004-11-09,68.00500837807056,2004,11
2004-11-10,68.11636411009059,2004,11
2004-11-11,68.08766156724892,2004,11
2004-11-12,68.10471071259514,2004,11
2004-11-13,68.12256844379858,2004,11
2004-11-14,68.05978666407097,2004,11
2004-11-15,67.99918282706822,2004,11
2004-11-16,67.81941954000614,2004,11
2004-11-17,67.86950252221698,2004,11
2004-11-18,67.9406284929488,2004,11
2004-11-19,67.55800140140039,2004,11
2004-11-20,67.48325050672537,2004,11
2004-11-21,67.51502811602025,2004,11
2004-11-22,67.5593724236189,2004,11
2004-11-23,67.55807990035233,2004,11
2004-11-24,67.5773093505908,2004,11
2004-11-25,67.56420108255082,2004,11
2004-11-26,67.60344204302956,2004,11
2004-11-27,67.5711707044263,2004,11
2004-11-28,67.70200200683432,2004,11
2004-11-29,67.187382965769,2004,11
2004-11-30,66.93154378324212,2004,11
2004-12-01,67.01147282638144,2004,12
2004-12-02,66.96919115628998,2004,12
2004-12-03,66.90098509284316,2004,12
2004-12-04,66.76759136313446,2004,12
2004-12-05,66.58174363765782,2004,12
2004-12-06,66.52182133895613,2004,12
2004-12-07,66.5715242548305,2004,12
2004-12-08,66.60459107388601,2004,12
2004-12-09,66.67138891568165,2004,12
2004-12-10,66.63512002271334,2004,12
2004-12-11,66.70389627414139,2004,12
2004-12-12,66.85242324068581,2004,12
2004-12-13,66.68988373299295,2004,12
2004-12-14,66.67721809687468,2004,12
2004-12-15,66.90027453429637,2004,12
2004-12-16,66.76021749626095,2004,12
2004-12-17,66.52690452308644,2004,12
2004-12-18,66.83301273379828,2004,12
2004-12-19,66.40164661500103,2004,12
2004-12-20,66.57162665535581,2004,12
2004-12-21,66.88882311635946,2004,12
2004-12-22,66.6867716521027,2004,12
2004-12-23,66.68177382062916,2004,12
2004-12-24,66.67788011375114,2004,12
2004-12-25,66.58380571938025,2004,12
2004-12-26,66.07058701225002,2004,12
2004-12-27,66.12118011930335,2004,12
2004-12-28,66.38184448450073,2004,12
2004-12-29,66.54137514867003,2004,12
2004-12-30,66.49015986400319,2004,12
2004-12-31,66.95600461145901,2004,12
2005-01-01,66.82758222063886,2005,1
2005-01-02,66.70417794302412,2005,1
2005-01-03,66.70038431612755,2005,1
2005-01-04,66.62232624336654,2005,1
2005-01-05,66.30411328594163,2005,1
2005-01-06,66.21944109053837,2005,1
2005-01-07,66.45929503652084,2005,1
2005-01-08,66.1823590738197,2005,1
2005-01-09,66.08025963763734,2005,1
2005-01-10,66.05442281880957,2005,1
2005-01-11,66.03438915543137,2005,1
2005-01-12,65.8051347971616,2005,1
2005-01-13,65.70422822123443,2005,1
2005-01-14,65.78380630513715,2005,1
2005-01-15,66.0704066665072,2005,1
2005-01-16,66.21467487211457,2005,1
2005-01-17,66.39469654742199,2005,1
2005-01-18,66.20844623955958,2005,1
2005-01-19,65.88184885775574,2005,1
2005-01-20,65.6836604111495,2005,1
2005-01-21,66.06411620572847,2005,1
2005-01-22,66.41011445791851,2005,1
2005-01-23,66.40071679873128,2005,1
2005-01-24,66.1734335703936,2005,1
2005-01-25,66.34935974298457,2005,1
2005-01-26,66.60286527411147,2005,1
2005-01-27,66.39364611155416,2005,1
2005-01-28,66.72219893750751,2005,1
2005-01-29,66.49812245840437,2005,1
2005-01-30,66.53725226289016,2005,1
2005-01-31,66.83100189996657,2005,1
2005-02-01,66.52849763274926,2005,2
2005-02-02,66.08643605519165,2005,2
2005-02-03,66.05899601532157,2005,2
2005-02-04,66.30826696876855,2005,2
2005-02-05,66.64490202951377,2005,2
2005-02-06,67.27376103394772,2005,2
2005-02-07,67.23654209241352,2005,2
2005-02-08,67.24581006099696,2005,2
2005-02-09,67.31895269080958,2005,2
2005-02-10,67.36180461692473,2005,2
2005-02-11,67.38364729552411,2005,2
2005-02-12,67.51901853003865,2005,2
2005-02-13,67.6251679792168,2005,2
2005-02-14,67.51407396218998,2005,2
2005-02-15,67.45359990063358,2005,2
2005-02-16,67.49293711095085,2005,2
2005-02-17,67.4229172456824,2005,2
2005-02-18,67.3730094687353,2005,2
2005-02-19,67.22051689149993,2005,2
2005-02-20,66.84148006214444,2005,2
2005-02-21,66.7017253254462,2005,2
2005-02-22,66.74427345224134,2005,2
2005-02-23,66.82575661543798,2005,2
2005-02-24,67.16096020482435,2005,2
2005-02-25,67.24472294647744,2005,2
2005-02-26,67.53293486619239,2005,2
2005-02-27,67.7724667727397,2005,2
2005-02-28,67.95777788788533,2005,2
2005-03-01,68.25312326287307,2005,3
2005-03-02,68.41895725520243,2005,3
2005-03-03,68.49433608764305,2005,3
2005-03-04,68.65318975756198,2005,3
2005-03-05,68.56496086737843,2005,3
2005-03-06,68.7481578999724,2005,3
2005-03-07,68.92844161796037,2005,3
2005-03-08,68.89937593373624,2005,3
2005-03-09,68.62413047326827,2005,3
2005-03-10,68.3747195116628,2005,3
2005-03-11,68.21560390403279,2005,3
2005-03-12,68.30526825273323,2005,3
2005-03-13,68.4403228086045,2005,3
2005-03-14,68.26331048442391,2005,3
2005-03-15,68.520128830955,2005,3
2005-03-16,68.86925896097291,2005,3
2005-03-17,69.41871268611835,2005,3
2005-03-18,69.5269120757843,2005,3
2005-03-19,69.46110610097365,2005,3
2005-03-20,69.46979991812897,2005,3
2005-03-21,69.36374215359432,2005,3
2005-03-22,69.23635465385928,2005,3
2005-03-23,68.94827135485446,2005,3
2005-03-24,68.69903109795625,2005,3
2005-03-25,68.47542722615138,2005,3
2005-03-26,69.06246017074446,2005,3
2005-03-27,69.14041504907038,2005,3
2005-03-28,69.36052861237944,2005,3
2005-03-29,69.28295236018194,2005,3
2005-03-30,69.31317911513203,2005,3
2005-03-31,69.00290633391536,2005,3
2005-04-01,68.88305441037099,2005,4
2005-04-02,69.22928035160488,2005,4
2005-04-03,69.41659164979184,2005,4
2005-04-04,69.44126518391066,2005,4
2005-04-05,69.71097086926757,2005,4
2005-04-06,69.92801462402407,2005,4
2005-04-07,70.11063836126071,2005,4
2005-04-08,70.15811462574362,2005,4
2005-04-09,69.61557194967693,2005,4
2005-04-10,69.16479090982557,2005,4
2005-04-11,68.96297232319593,2005,4
2005-04-12,69.00822106935193,2005,4
2005-04-13,69.22086957982535,2005,4
2005-04-14,69.64548331449829,2005,4
2005-04-15,69.90460286621757,2005,4
2005-04-16,70.07887746454908,2005,4
2005-04-17,69.96070337251845,2005,4
2005-04-18,69.8861098555379,2005,4
2005-04-19,69.95288122830581,2005,4
2005-04-20,69.99082272177523,2005,4
2005-04-21,70.10876221352824,2005,4
2005-04-22,70.4196739515649,2005,4
2005-04-23,70.73993562631023,2005,4
2005-04-24,70.59856966616242,2005,4
2005-04-25,70.57216280423148,2005,4
2005-04-26,70.0915842052659,2005,4
2005-04-27,70.16927030802864,2005,4
2005-04-28,70.15381074449722,2005,4
2005-04-29,70.04714238557612,2005,4
2005-04-30,70.06492078103575,2005,4
2005-05-01,69.95540780779106,2005,5
2005-05-02,70.11685713903238,2005,5
2005-05-03,70.14104923979671,2005,5
2005-05-04,69.979993503487,2005,5
2005-05-05,70.19740731643323,2005,5
2005-05-06,70.38285034747703,2005,5
2005-05-07,70.5645902888673,2005,5
2005-05-08,70.8105233550683,2005,5
2005-05-09,70.94828726438597,2005,5
2005-05-10,70.70542296664502,2005,5
2005-05-11,70.77268917571648,2005,5
2005-05-12,70.86070801893786,2005,5
2005-05-13,70.5770691001933,2005,5
2005-05-14,70.60528842971155,2005,5
2005-05-15,70.9896154235343,2005,5
2005-05-16,70.89234161846711,2005,5
2005-05-17,71.05924136821105,2005,5
2005-05-18,71.17757335525643,2005,5
2005-05-19,71.24830273645034,2005,5
2005-05-20,71.1462926233548,2005,5
2005-05-21,71.2618841862321,2005,5
2005-05-22,71.28369424832071,2005,5
2005-05-23,71.53254651646057,2005,5
2005-05-24,71.4718145234091,2005,5
2005-05-25,71.49192540486126,2005,5
2005-05-26,71.32324344332238,2005,5
2005-05-27,71.23722978273949,2005,5
2005-05-28,71.15532526805318,2005,5
2005-05-29,71.21183146472268,2005,5
2005-05-30,71.26571786533141,2005,5
2005-05-31,71.2343390995114,2005,5
2005-06-01,71.40675233894963,2005,6
2005-06-02,71.3193705322494,2005,6
2005-06-03,71.48562075258698,2005,6
2005-06-04,71.51767565841429,2005,6
2005-06-05,71.53120398725409,2005,6
2005-06-06,71.59014465711985,2005,6
2005-06-07,71.32083899964664,2005,6
2005-06-08,71.2976856350598,2005,6
2005-06-09,71.35899816996785,2005,6
2005-06-10,71.46090406581266,2005,6
2005-06-11,71.61474186827989,2005,6
2005-06-12,71.71775627149343,2005,6
2005-06-13,71.62626611169554,2005,6
2005-06-14,71.62828293480914,2005,6
2005-06-15,71.75341584404579,2005,6
2005-06-16,71.72536744531737,2005,6
2005-06-17,71.82756961135532,2005,6
2005-06-18,71.82864847986777,2005,6
2005-06-19,71.7417955232499,2005,6
2005-06-20,72.00560436415024,2005,6
2005-06-21,71.96578427181919,2005,6
2005-06-22,71.48492041591774,2005,6
2005-06-23,71.32133801661695,2005,6
2005-06-24,71.38835490879339,2005,6
2005-06-25,71.4166837419787,2005,6
2005-06-26,73.97638433615383,2005,6
2005-06-27,71.16329021309126,2005,6
2005-06-28,71.16363469786018,2005,6
2005-06-29,71.2151790999434,2005,6
2005-06-30,71.09445262240763,2005,6
2005-07-01,71.33918410846567,2005,7
2005-07-02,71.31707366533482,2005,7
2005-07-03,70.95520878422184,2005,7
2005-07-04,70.88773822993093,2005,7
2005-07-05,70.79597973803288,2005,7
2005-07-06,70.85617626485445,2005,7
2005-07-07,70.95624994108672,2005,7
2005-07-08,71.07529479268531,2005,7
2005-07-09,71.13640071273346,2005,7
2005-07-10,71.3011305481907,2005,7
2005-07-11,71.15424317316042,2005,7
2005-07-12,71.01916765315862,2005,7
2005-07-13,71.1383482234133,2005,7
2005-07-14,71.08766553299488,2005,7
2005-07-15,70.883841220075,2005,7
2005-07-16,70.88940323919125,2005,7
2005-07-17,70.90850298242428,2005,7
2005-07-18,70.96518298328238,2005,7
2005-07-19,71.15888309894542,2005,7
2005-07-20,71.09455488157117,2005,7
2005-07-21,71.05483680064313,2005,7
2005-07-22,71.11788426568093,2005,7
2005-07-23,71.12491331674731,2005,7
2005-07-24,71.09842058796762,2005,7
2005-07-25,71.18983766097847,2005,7
2005-07-26,71.2345897836481,2005,7
2005-07-27,71.4017044393691,2005,7
2005-07-28,71.08738298652389,2005,7
2005-07-29,71.02314195296279,2005,7
2005-07-30,71.02279864345859,2005,7
2005-07-31,71.16828558925212,2005,7
2005-08-01,71.27406851303667,2005,8
2005-08-02,71.20207400112066,2005,8
2005-08-03,71.16625736449151,2005,8
2005-08-04,71.27054174998327,2005,8
2005-08-05,71.08809074093531,2005,8
2005-08-06,70.87991487398321,2005,8
2005-08-07,70.79387276922559,2005,8
2005-08-08,70.88771570284786,2005,8
2005-08-09,70.87749815754559,2005,8
2005-08-10,70.98607745211964,2005,8
2005-08-11,71.0351622563832,2005,8
2005-08-12,71.04100290208268,2005,8
2005-08-13,71.12730690432859,2005,8
2005-08-14,71.23806675685266,2005,8
2005-08-15,71.1104142357034,2005,8
2005-08-16,71.02242481741627,2005,8
2005-08-17,71.00223910351838,2005,8
2005-08-18,71.01660097448989,2005,8
2005-08-19,70.97152827748735,2005,8
2005-08-20,70.8094906283617,2005,8
2005-08-21,70.78471150157755,2005,8
2005-08-22,70.82180820919162,2005,8
2005-08-23,70.79550444784356,2005,8
2005-08-24,70.80517350679024,2005,8
2005-08-25,70.65477548415994,2005,8
2005-08-26,70.66552061072734,2005,8
2005-08-27,70.74568623545377,2005,8
2005-08-28,70.65774496094988,2005,8
2005-08-29,70.7133267574183,2005,8
2005-08-30,70.86650149013242,2005,8
2005-08-31,70.9221584255249,2005,8
2005-09-01,70.94119823222215,2005,9
2005-09-02,71.09239622041609,2005,9
2005-09-03,71.10280230878827,2005,9
2005-09-04,71.02618886910027,2005,9
2005-09-05,71.07269170614828,2005,9
2005-09-06,71.09685474237813,2005,9
2005-09-07,71.07205810598231,2005,9
2005-09-08,71.05933389761626,2005,9
2005-09-09,71.00659562645069,2005,9
2005-09-10,70.83391631632695,2005,9
2005-09-11,70.93317933848519,2005,9
2005-09-12,70.69991662286915,2005,9
2005-09-13,70.70003587609288,2005,9
2005-09-14,70.68195021740753,2005,9
2005-09-15,70.62632555163391,2005,9
2005-09-16,70.58625828398583,2005,9
2005-09-17,70.61461961849541,2005,9
2005-09-18,70.53269505524565,2005,9
2005-09-19,70.83656353011826,2005,9
2005-09-20,70.65509357838438,2005,9
2005-09-21,70.71620054792464,2005,9
2005-09-22,71.06373500202645,2005,9
2005-09-23,70.98752378602703,2005,9
2005-09-24,70.50747898711758,2005,9
2005-09-25,70.40319441367278,2005,9
2005-09-26,70.33989134955709,2005,9
2005-09-27,70.35679133367563,2005,9
2005-09-28,70.30302864246929,2005,9
2005-09-29,70.49201402137184,2005,9
2005-09-30,70.52179595104823,2005,9
2005-10-01,70.46451729585685,2005,10
2005-10-02,70.17854127296548,2005,10
2005-10-03,70.1096816892921,2005,10
2005-10-04,70.34878917330487,2005,10
2005-10-05,70.22088312454494,2005,10
2005-10-06,69.8781829641971,2005,10
2005-10-07,69.95618989385574,2005,10
2005-10-08,69.81902755540986,2005,10
2005-10-09,69.79516889756516,2005,10
2005-10-10,69.72464816349252,2005,10
2005-10-11,70.08954617679318,2005,10
2005-10-12,69.7317348771862,2005,10
2005-10-13,69.74883214507132,2005,10
2005-10-14,69.77608620322306,2005,10
2005-10-15,69.79538684449456,2005,10
2005-10-16,69.83986450489732,2005,10
2005-10-17,69.8060387628402,2005,10
2005-10-18,69.7438180517184,2005,10
2005-10-19,69.39917807706225,2005,10
2005-10-20,69.20354491980602,2005,10
2005-10-21,69.10813463691572,2005,10
2005-10-22,68.91233645629531,2005,10
2005-10-23,68.78316190345642,2005,10
2005-10-24,68.90522730821012,2005,10
2005-10-25,69.0263662761588,2005,10
2005-10-26,69.00601388795381,2005,10
2005-10-27,68.87824635610632,2005,10
2005-10-28,68.68718766804977,2005,10
2005-10-29,68.58928786329744,2005,10
2005-10-30,68.43290551476063,2005,10
2005-10-31,68.3617929546452,2005,10
2005-11-01,68.35927051431304,2005,11
2005-11-02,68.23173417209458,2005,11
2005-11-03,68.338017501843,2005,11
2005-11-04,68.11223274362763,2005,11
2005-11-05,67.96839221042451,2005,11
2005-11-06,67.81968514739391,2005,11
2005-11-07,67.68441149178021,2005,11
2005-11-08,67.66241250678732,2005,11
2005-11-09,67.81831010087586,2005,11
2005-11-10,67.3841695400012,2005,11
2005-11-11,67.45297177978051,2005,11
2005-11-12,67.35950300000935,2005,11
2005-11-13,67.31547605338386,2005,11
2005-11-14,67.27980338369134,2005,11
2005-11-15,67.6011423766886,2005,11
2005-11-16,67.53681375517851,2005,11
2005-11-17,67.09341503564458,2005,11
2005-11-18,66.81847344131012,2005,11
2005-11-19,66.82531059761773,2005,11
2005-11-20,66.8239205255422,2005,11
2005-11-21,67.12464591778654,2005,11
2005-11-22,67.19032364999697,2005,11
2005-11-23,67.23901705063317,2005,11
2005-11-24,67.19617803585437,2005,11
2005-11-25,67.53271166733583,2005,11
2005-11-26,67.22317950276629,2005,11
2005-11-27,67.21727908102102,2005,11
2005-11-28,67.39555945161675,2005,11
2005-11-29,67.19896558797339,2005,11
2005-11-30,66.98076134654069,2005,11
2005-12-01,66.75662306906527,2005,12
2005-12-02,66.87462121658915,2005,12
2005-12-03,66.99151146890604,2005,12
2005-12-04,66.94674978469176,2005,12
2005-12-05,66.72091619687048,2005,12
2005-12-06,66.33006013438744,2005,12
2005-12-07,66.20674275471895,2005,12
2005-12-08,65.97775103367405,2005,12
2005-12-09,66.01080764271076,2005,12
2005-12-10,66.03829773160155,2005,12
2005-12-11,66.03871479027103,2005,12
2005-12-12,66.31106894640372,2005,12
2005-12-13,65.8846196370661,2005,12
2005-12-14,65.64946191730147,2005,12
2005-12-15,65.53965541362845,2005,12
2005-12-16,65.65441995113245,2005,12
2005-12-17,65.69361582408962,2005,12
2005-12-18,66.18857203218566,2005,12
2005-12-19,65.79885710733629,2005,12
2005-12-20,66.034886743484,2005,12
2005-12-21,66.34866834642467,2005,12
2005-12-22,66.70956130324629,2005,12
2005-12-23,66.68072729351515,2005,12
2005-12-24,66.31910771416734,2005,12
2005-12-25,66.1092516438622,2005,12
2005-12-26,65.76245523375191,2005,12
2005-12-27,65.81482134166862,2005,12
2005-12-28,65.77319802536594,2005,12
2005-12-29,65.75173378442395,2005,12
2005-12-30,65.82361356859319,2005,12
2005-12-31,65.953115592199,2005,12
2006-01-01,65.61864242123107,2006,1
2006-01-02,65.78081033309094,2006,1
2006-01-03,65.59004646873903,2006,1
2006-01-04,65.41775159524757,2006,1
2006-01-05,65.31958010106527,2006,1
2006-01-06,65.1890126139221,2006,1
2006-01-07,65.17122819395189,2006,1
2006-01-08,65.22352290658064,2006,1
2006-01-09,65.32269175720805,2006,1
2006-01-10,65.44377386124428,2006,1
2006-01-11,65.31261357030209,2006,1
2006-01-12,65.3998381892884,2006,1
2006-01-13,65.54252371284335,2006,1
2006-01-14,65.75176159519211,2006,1
2006-01-15,66.02181472530678,2006,1
2006-01-16,66.192128184649,2006,1
2006-01-17,66.49258435401319,2006,1
2006-01-18,66.6031605450576,2006,1
2006-01-19,66.54731771229228,2006,1
2006-01-20,66.20389012421434,2006,1
2006-01-21,66.04423028681883,2006,1
2006-01-22,65.81095442098602,2006,1
2006-01-23,65.47805397161268,2006,1
2006-01-24,65.41972094227678,2006,1
2006-01-25,65.23342751783188,2006,1
2006-01-26,65.09699490343057,2006,1
2006-01-27,65.22984392696762,2006,1
2006-01-28,65.45465321258115,2006,1
2006-01-29,65.59629315318152,2006,1
2006-01-30,65.80912398210275,2006,1
2006-01-31,66.04424192068672,2006,1
2006-02-01,66.29568264203485,2006,2
2006-02-02,66.42255787040168,2006,2
2006-02-03,66.50089835486773,2006,2
2006-02-04,66.55680172785296,2006,2
2006-02-05,66.38138630170936,2006,2
2006-02-06,66.20177592085105,2006,2
2006-02-07,66.21507859805654,2006,2
2006-02-08,66.38877911350441,2006,2
2006-02-09,66.50893732828727,2006,2
2006-02-10,66.56799866254632,2006,2
2006-02-11,66.56692301100719,2006,2
2006-02-12,66.76458345599093,2006,2
2006-02-13,66.86825646452836,2006,2
2006-02-14,67.12399540401023,2006,2
2006-02-15,67.3831993631435,2006,2
2006-02-16,67.41972532830555,2006,2
2006-02-17,67.54072649281785,2006,2
2006-02-18,67.66055147678564,2006,2
2006-02-19,67.81530474150053,2006,2
2006-02-20,67.94153991777301,2006,2
2006-02-21,67.88162871761033,2006,2
2006-02-22,67.86654463103568,2006,2
2006-02-23,67.90091551313424,2006,2
2006-02-24,67.8402894219832,2006,2
2006-02-25,67.93045574601106,2006,2
2006-02-26,68.02211162913076,2006,2
2006-02-27,67.88941227413956,2006,2
2006-02-28,67.92219285022392,2006,2
2006-03-01,67.8115614391732,2006,3
2006-03-02,67.73243373699871,2006,3
2006-03-03,67.80444341337493,2006,3
2006-03-04,67.8140894024188,2006,3
2006-03-05,67.7875986071329,2006,3
2006-03-06,67.80424232334165,2006,3
2006-03-07,67.86062698317724,2006,3
2006-03-08,68.06050862954525,2006,3
2006-03-09,68.37005916647797,2006,3
2006-03-10,68.06570802760274,2006,3
2006-03-11,67.65784017369,2006,3
2006-03-12,67.4389334320926,2006,3
2006-03-13,67.66106891514458,2006,3
2006-03-14,67.97783866392871,2006,3
2006-03-15,67.91362176923862,2006,3
2006-03-16,67.8033485110948,2006,3
2006-03-17,67.61733631632995,2006,3
2006-03-18,67.67736773119277,2006,3
2006-03-19,67.76185234490441,2006,3
2006-03-20,68.06773414309225,2006,3
2006-03-21,68.25066788127216,2006,3
2006-03-22,68.23701845773874,2006,3
2006-03-23,68.22277598669537,2006,3
2006-03-24,68.4277704803758,2006,3
2006-03-25,68.61828094252486,2006,3
2006-03-26,68.75748541923065,2006,3
2006-03-27,68.60540882034286,2006,3
2006-03-28,68.35395481230627,2006,3
2006-03-29,68.28479165523477,2006,3
2006-03-30,68.38969156431303,2006,3
2006-03-31,68.65631532407524,2006,3
2006-04-01,68.91353959212437,2006,4
2006-04-02,69.19927304892737,2006,4
2006-04-03,69.17921900758749,2006,4
2006-04-04,69.20986229934823,2006,4
2006-04-05,69.30285470982611,2006,4
2006-04-06,69.45787554616626,2006,4
2006-04-07,69.57878842782304,2006,4
2006-04-08,69.73528502556483,2006,4
2006-04-09,70.00417028505869,2006,4
2006-04-10,69.952854657366,2006,4
2006-04-11,69.57464881766396,2006,4
2006-04-12,69.50336699301153,2006,4
2006-04-13,69.36967561801116,2006,4
2006-04-14,69.33971123465005,2006,4
2006-04-15,69.59480941685452,2006,4
2006-04-16,69.7585652265739,2006,4
2006-04-17,69.40865659480288,2006,4
2006-04-18,68.76071446521661,2006,4
2006-04-19,68.88655655971488,2006,4
2006-04-20,69.03560039716274,2006,4
2006-04-21,69.5528821523034,2006,4
2006-04-22,69.64682613026852,2006,4
2006-04-23,69.78287893085881,2006,4
2006-04-24,69.86257410996004,2006,4
2006-04-25,70.02668861825889,2006,4
2006-04-26,70.1802006301967,2006,4
2006-04-27,70.27346563834415,2006,4
2006-04-28,70.3290551816589,2006,4
2006-04-29,70.42246828137064,2006,4
2006-04-30,70.48067336141422,2006,4
2006-05-01,70.67396335519119,2006,5
2006-05-02,70.64419935829224,2006,5
2006-05-03,70.31173586308209,2006,5
2006-05-04,70.28676746846327,2006,5
2006-05-05,70.50380703465339,2006,5
2006-05-06,70.71599892893464,2006,5
2006-05-07,70.80192787808039,2006,5
2006-05-08,70.78445954249902,2006,5
2006-05-09,70.59573031777377,2006,5
2006-05-10,70.90013741548925,2006,5
2006-05-11,70.68170799736252,2006,5
2006-05-12,70.91862660502073,2006,5
2006-05-13,70.7988719749028,2006,5
2006-05-14,70.81843671520159,2006,5
2006-05-15,70.67096909841561,2006,5
2006-05-16,70.75100261301341,2006,5
2006-05-17,70.52829379599237,2006,5
2006-05-18,70.6266095367043,2006,5
2006-05-19,70.64353282314345,2006,5
2006-05-20,70.26891720943931,2006,5
2006-05-21,70.48818789999687,2006,5
2006-05-22,70.46183447303534,2006,5
2006-05-23,70.62423658105475,2006,5
2006-05-24,70.71593735906912,2006,5
2006-05-25,70.8854790121535,2006,5
2006-05-26,70.86105425639695,2006,5
2006-05-27,70.70006872069204,2006,5
2006-05-28,70.81639745277617,2006,5
2006-05-29,70.7487498609408,2006,5
2006-05-30,70.99861674675131,2006,5
2006-05-31,71.15188157564242,2006,5
2006-06-01,70.91446498326904,2006,6
2006-06-02,70.71129010164647,2006,6
2006-06-03,70.66262973446166,2006,6
2006-06-04,70.70950132176638,2006,6
2006-06-05,70.54022934146683,2006,6
2006-06-06,70.60314974692896,2006,6
2006-06-07,70.66240889766371,2006,6
2006-06-08,70.77897310352694,2006,6
2006-06-09,70.86816223548584,2006,6
2006-06-10,70.91975363984209,2006,6
2006-06-11,71.00904095033503,2006,6
2006-06-12,71.05837657858007,2006,6
2006-06-13,70.85685330730159,2006,6
2006-06-14,70.71444786044978,2006,6
2006-06-15,70.8866731388304,2006,6
2006-06-16,70.79265740949188,2006,6
2006-06-17,70.64801337392109,2006,6
2006-06-18,70.78320461867335,2006,6
2006-06-19,70.75215112088885,2006,6
2006-06-20,70.93730879890148,2006,6
2006-06-21,70.77750203075486,2006,6
2006-06-22,71.10558200567594,2006,6
2006-06-23,71.26624776916815,2006,6
2006-06-24,71.20602320411861,2006,6
2006-06-25,71.00713855430368,2006,6
2006-06-26,70.96149277956005,2006,6
2006-06-27,70.86251598634239,2006,6
2006-06-28,70.83632896930372,2006,6
2006-06-29,70.76221558304431,2006,6
2006-06-30,70.6459319889222,2006,6
2006-07-01,70.80197783289435,2006,7
2006-07-02,71.03014340980255,2006,7
2006-07-03,70.90671683589841,2006,7
2006-07-04,70.94975623125636,2006,7
2006-07-05,70.95993460548985,2006,7
2006-07-06,70.78189968209945,2006,7
2006-07-07,70.9072521423715,2006,7
2006-07-08,71.14471350474766,2006,7
2006-07-09,70.96616610507589,2006,7
2006-07-10,70.68668748117167,2006,7
2006-07-11,70.79058144825251,2006,7
2006-07-12,70.62361961721548,2006,7
2006-07-13,70.66325798075323,2006,7
2006-07-14,70.63391193666521,2006,7
2006-07-15,70.6619639640396,2006,7
2006-07-16,70.71501802866962,2006,7
2006-07-17,70.81364800632565,2006,7
2006-07-18,70.80399996356385,2006,7
2006-07-19,70.76502174345843,2006,7
2006-07-20,70.62870671204556,2006,7
2006-07-21,70.52445627825958,2006,7
2006-07-22,70.56395147761266,2006,7
2006-07-23,70.62982473522621,2006,7
2006-07-24,70.69570886412461,2006,7
2006-07-25,70.76029740380038,2006,7
2006-07-26,70.63866269396657,2006,7
2006-07-27,70.423838828028,2006,7
2006-07-28,70.30548682172724,2006,7
2006-07-29,70.39942736200713,2006,7
2006-07-30,70.43185698889737,2006,7
2006-07-31,70.53297856506707,2006,7
2006-08-01,70.51614500682003,2006,8
2006-08-02,70.45682679341694,2006,8
2006-08-03,70.4632186263247,2006,8
2006-08-04,70.41880888698972,2006,8
2006-08-05,70.41250249186176,2006,8
2006-08-06,70.32749989159053,2006,8
2006-08-07,70.36666119751447,2006,8
2006-08-08,70.33733174952017,2006,8
2006-08-09,70.42953130653729,2006,8
2006-08-10,70.52067257999835,2006,8
2006-08-11,70.52140507334856,2006,8
2006-08-12,70.60521413386934,2006,8
2006-08-13,70.6244858086797,2006,8
2006-08-14,70.63341918236334,2006,8
2006-08-15,70.50184374593404,2006,8
2006-08-16,70.60433477839575,2006,8
2006-08-17,70.64563779582164,2006,8
2006-08-18,70.64874018186,2006,8
2006-08-19,70.57950285414825,2006,8
2006-08-20,70.53695939772408,2006,8
2006-08-21,70.52130039582144,2006,8
2006-08-22,70.45257936049464,2006,8
2006-08-23,70.43570413507727,2006,8
2006-08-24,70.43265316893053,2006,8
2006-08-25,70.32906204271458,2006,8
2006-08-26,70.37163615338753,2006,8
2006-08-27,70.25750486478813,2006,8
2006-08-28,70.22598019131348,2006,8
2006-08-29,70.24873960581817,2006,8
2006-08-30,70.10972439557993,2006,8
2006-08-31,70.1327685419787,2006,8
2006-09-01,70.0892087588346,2006,9
2006-09-02,70.03864917544715,2006,9
2006-09-03,70.07949830136316,2006,9
2006-09-04,70.1061268815063,2006,9
2006-09-05,70.20837034516087,2006,9
2006-09-06,70.28743614752851,2006,9
2006-09-07,70.3689941565518,2006,9
2006-09-08,70.44709015184122,2006,9
2006-09-09,70.3567047075803,2006,9
2006-09-10,70.40471395461266,2006,9
2006-09-11,70.42983967874184,2006,9
2006-09-12,70.36508327322453,2006,9
2006-09-13,70.30612199208079,2006,9
2006-09-14,70.2021959135298,2006,9
2006-09-15,70.19449590816473,2006,9
2006-09-16,70.19709542284986,2006,9
2006-09-17,70.25703786797895,2006,9
2006-09-18,70.29828441159714,2006,9
2006-09-19,70.39063892382762,2006,9
2006-09-20,70.25841930631404,2006,9
2006-09-21,70.10280268811191,2006,9
2006-09-22,69.98636746548031,2006,9
2006-09-23,69.76277127484063,2006,9
2006-09-24,69.84577326020526,2006,9
2006-09-25,69.86211154569718,2006,9
2006-09-26,69.82893391240938,2006,9
2006-09-27,69.90671042051171,2006,9
2006-09-28,69.94466654725272,2006,9
2006-09-29,69.91386397514809,2006,9
2006-09-30,69.97910166517116,2006,9
2006-10-01,69.9436303488525,2006,10
2006-10-02,69.8950772267304,2006,10
2006-10-03,69.9821354313985,2006,10
2006-10-04,69.98589798818419,2006,10
2006-10-05,69.79487593752854,2006,10
2006-10-06,69.82930887963556,2006,10
2006-10-07,69.721362693381,2006,10
2006-10-08,69.68069482707492,2006,10
2006-10-09,69.63267953367654,2006,10
2006-10-10,69.64312440980592,2006,10
2006-10-11,69.54681422234077,2006,10
2006-10-12,69.46180328120185,2006,10
2006-10-13,69.50037656582943,2006,10
2006-10-14,69.49726041393168,2006,10
2006-10-15,69.36148231315214,2006,10
2006-10-16,69.30537461961225,2006,10
2006-10-17,69.25898408651962,2006,10
2006-10-18,69.25495990906315,2006,10
2006-10-19,69.1479460511653,2006,10
2006-10-20,68.79679203860644,2006,10
2006-10-21,68.77215105562442,2006,10
2006-10-22,68.66964967249578,2006,10
2006-10-23,68.52556803334546,2006,10
2006-10-24,68.51670693732348,2006,10
2006-10-25,68.50207887139628,2006,10
2006-10-26,68.4516613313191,2006,10
2006-10-27,68.50423224216112,2006,10
2006-10-28,68.51986782922968,2006,10
2006-10-29,68.52527194545944,2006,10
2006-10-30,68.44102417156363,2006,10
2006-10-31,68.5030222122379,2006,10
2006-11-01,68.46442672236849,2006,11
2006-11-02,68.52765327222531,2006,11
2006-11-03,68.45234896997229,2006,11
2006-11-04,68.44768056547855,2006,11
2006-11-05,68.46258809016584,2006,11
2006-11-06,68.33936302834483,2006,11
2006-11-07,68.26724746404992,2006,11
2006-11-08,68.09601126005496,2006,11
2006-11-09,68.11291871588016,2006,11
2006-11-10,68.09820717482357,2006,11
2006-11-11,68.08769242948864,2006,11
2006-11-12,67.92332917247813,2006,11
2006-11-13,67.83509128288362,2006,11
2006-11-14,67.77288423179859,2006,11
2006-11-15,67.75895678265996,2006,11
2006-11-16,67.70837873297756,2006,11
2006-11-17,67.60600830562522,2006,11
2006-11-18,67.55995800124448,2006,11
2006-11-19,67.46253080541379,2006,11
2006-11-20,67.5012652541231,2006,11
2006-11-21,67.35655205530136,2006,11
2006-11-22,67.5268453774882,2006,11
2006-11-23,67.58049972213665,2006,11
2006-11-24,67.3867277764898,2006,11
2006-11-25,67.03077591524598,2006,11
2006-11-26,66.90834999843872,2006,11
2006-11-27,66.63765677289119,2006,11
2006-11-28,66.59180194400439,2006,11
2006-11-29,66.7829244426808,2006,11
2006-11-30,66.73078087966583,2006,11
2006-12-01,66.58807153813895,2006,12
2006-12-02,66.37674414327992,2006,12
2006-12-03,66.51719678685181,2006,12
2006-12-04,66.81497670524044,2006,12
2006-12-05,66.92472560614523,2006,12
2006-12-06,66.8567472619425,2006,12
2006-12-07,66.70548284452944,2006,12
2006-12-08,66.53793266517506,2006,12
2006-12-09,66.38785997462543,2006,12
2006-12-10,66.46139476429732,2006,12
2006-12-11,66.51622367990632,2006,12
2006-12-12,66.3266220484907,2006,12
2006-12-13,66.15536370060573,2006,12
2006-12-14,65.93486753868028,2006,12
2006-12-15,65.88545868825115,2006,12
2006-12-16,65.87414691409563,2006,12
2006-12-17,65.95891181434583,2006,12
2006-12-18,65.89601046023525,2006,12
2006-12-19,65.8711770329901,2006,12
2006-12-20,66.04862676969087,2006,12
2006-12-21,66.28673800104693,2006,12
2006-12-22,66.34179870033651,2006,12
2006-12-23,66.2523240662697,2006,12
2006-12-24,66.11776853225429,2006,12
2006-12-25,66.06915039741621,2006,12
2006-12-26,66.1593077570988,2006,12
2006-12-27,66.18897078480396,2006,12
2006-12-28,66.00445013937957,2006,12
2006-12-29,65.71447711385655,2006,12
2006-12-30,65.64532665668064,2006,12
2006-12-31,65.62353816366361,2006,12
2007-01-01,66.02676265673051,2007,1
2007-01-02,65.92368607631396,2007,1
2007-01-03,65.59949123536322,2007,1
2007-01-04,65.44176108797424,2007,1
2007-01-05,65.51182238214972,2007,1
2007-01-06,65.49616446200925,2007,1
2007-01-07,65.47627048623296,2007,1
2007-01-08,65.47669033822575,2007,1
2007-01-09,65.65304529887884,2007,1
2007-01-10,65.75332924094502,2007,1
2007-01-11,65.68877276545194,2007,1
2007-01-12,65.65332541577635,2007,1
2007-01-13,65.5805867666178,2007,1
2007-01-14,65.47787763701588,2007,1
2007-01-15,65.60795367727856,2007,1
2007-01-16,65.7028445201198,2007,1
2007-01-17,65.65347944809034,2007,1
2007-01-18,65.74089986804078,2007,1
2007-01-19,65.81471925910033,2007,1
2007-01-20,65.90453979309669,2007,1
2007-01-21,66.0036469480249,2007,1
2007-01-22,65.76942604097567,2007,1
2007-01-23,65.55895631079923,2007,1
2007-01-24,65.78296240017258,2007,1
2007-01-25,66.06745218688295,2007,1
2007-01-26,66.33116904151788,2007,1
2007-01-27,66.61852892958838,2007,1
2007-01-28,66.97760809488594,2007,1
2007-01-29,67.3633366508724,2007,1
2007-01-30,67.56504320284274,2007,1
2007-01-31,67.2685323086959,2007,1
2007-02-01,66.97555476808837,2007,2
2007-02-02,66.87314649130826,2007,2
2007-02-03,66.9796595053406,2007,2
2007-02-04,67.23433730336359,2007,2
2007-02-05,67.1126542240872,2007,2
2007-02-06,67.29990942935744,2007,2
2007-02-07,67.41380562777698,2007,2
2007-02-08,67.09543837068827,2007,2
2007-02-09,67.33167869260156,2007,2
2007-02-10,67.64272108989623,2007,2
2007-02-11,67.40063752551372,2007,2
2007-02-12,67.32634079048641,2007,2
2007-02-13,67.33349176849828,2007,2
2007-02-14,66.75471174497285,2007,2
2007-02-15,66.51564351312666,2007,2
2007-02-16,66.75391007054907,2007,2
2007-02-17,66.77150425004943,2007,2
2007-02-18,66.85906360644192,2007,2
2007-02-19,66.98175265858765,2007,2
2007-02-20,66.99629425317185,2007,2
2007-02-21,67.00909455816924,2007,2
2007-02-22,67.02287025224136,2007,2
2007-02-23,67.17956516306263,2007,2
2007-02-24,67.336099944082,2007,2
2007-02-25,67.50956548112134,2007,2
2007-02-26,67.38395034969378,2007,2
2007-02-27,67.57189044692866,2007,2
2007-02-28,67.79114542167596,2007,2
2007-03-01,67.76798526207052,2007,3
2007-03-02,67.4253256646143,2007,3
2007-03-03,67.27526488719919,2007,3
2007-03-04,67.38971738295018,2007,3
2007-03-05,67.58593953599724,2007,3
2007-03-06,67.45686042105835,2007,3
2007-03-07,67.26512461265567,2007,3
2007-03-08,67.35054630223698,2007,3
2007-03-09,67.73017043381031,2007,3
2007-03-10,68.01025675859117,2007,3
2007-03-11,68.10152466632948,2007,3
2007-03-12,68.25208887449006,2007,3
2007-03-13,68.22170719340868,2007,3
2007-03-14,67.9013735120845,2007,3
2007-03-15,67.58351846811384,2007,3
2007-03-16,67.54175449260028,2007,3
2007-03-17,67.70690355206952,2007,3
2007-03-18,68.1423988568375,2007,3
2007-03-19,68.56039873643424,2007,3
2007-03-20,68.88286991174338,2007,3
2007-03-21,68.94355500136187,2007,3
2007-03-22,68.8288183059142,2007,3
2007-03-23,68.86429002950514,2007,3
2007-03-24,68.93482107853099,2007,3
2007-03-25,68.76290544929503,2007,3
2007-03-26,68.74591992174211,2007,3
2007-03-27,68.80461517496457,2007,3
2007-03-28,68.95309111229938,2007,3
2007-03-29,69.15027878528258,2007,3
2007-03-30,69.42326578878128,2007,3
2007-03-31,69.64007490939206,2007,3
2007-04-01,69.97987853474068,2007,4
2007-04-02,69.84042005045303,2007,4
2007-04-03,69.41244974875212,2007,4
2007-04-04,69.35615402220793,2007,4
2007-04-05,69.53437904212636,2007,4
2007-04-06,69.85684119866842,2007,4
2007-04-07,70.15457990434956,2007,4
2007-04-08,70.03875473245563,2007,4
2007-04-09,69.94971646617229,2007,4
2007-04-10,69.83009694282498,2007,4
2007-04-11,69.96347237789045,2007,4
2007-04-12,70.00235369036513,2007,4
2007-04-13,70.11303806133719,2007,4
2007-04-14,70.23254445000616,2007,4
2007-04-15,70.46621450687788,2007,4
2007-04-16,70.56128494140171,2007,4
2007-04-17,70.67667080581312,2007,4
2007-04-18,70.56643292787457,2007,4
2007-04-19,70.41727790791398,2007,4
2007-04-20,70.50958754219091,2007,4
2007-04-21,70.54724491955366,2007,4
2007-04-22,70.46159434933202,2007,4
2007-04-23,70.58835540555316,2007,4
2007-04-24,70.57740633797641,2007,4
2007-04-25,70.46118962483992,2007,4
2007-04-26,70.50766560975991,2007,4
2007-04-27,70.56781628175325,2007,4
2007-04-28,70.6134781755517,2007,4
2007-04-29,70.84652692261602,2007,4
2007-04-30,70.89442086199062,2007,4
2007-05-01,70.93276793235644,2007,5
2007-05-02,71.02762958929935,2007,5
2007-05-03,70.92528167497318,2007,5
2007-05-04,70.87829795618026,2007,5
2007-05-05,70.83286114126841,2007,5
2007-05-06,71.06510953366842,2007,5
2007-05-07,71.00218125229634,2007,5
2007-05-08,70.97584466815621,2007,5
2007-05-09,70.90855392201435,2007,5
2007-05-10,71.03988104560642,2007,5
2007-05-11,71.12396936201972,2007,5
2007-05-12,70.82885912738331,2007,5
2007-05-13,70.94892286109955,2007,5
2007-05-14,71.13774407503792,2007,5
2007-05-15,71.11907027998426,2007,5
2007-05-16,71.13476728044238,2007,5
2007-05-17,70.99283657924343,2007,5
2007-05-18,71.18878768851613,2007,5
2007-05-19,71.17235514342633,2007,5
2007-05-20,71.19191746154142,2007,5
2007-05-21,71.21495077180977,2007,5
2007-05-22,71.33344537427304,2007,5
2007-05-23,71.17395342701003,2007,5
2007-05-24,71.04147194630285,2007,5
2007-05-25,71.08251536803444,2007,5
2007-05-26,71.19761091040601,2007,5
2007-05-27,70.99789905929086,2007,5
2007-05-28,70.89224090107575,2007,5
2007-05-29,70.6906408033624,2007,5
2007-05-30,70.88830303942997,2007,5
2007-05-31,71.08161092746656,2007,5
2007-06-01,71.22875136812759,2007,6
2007-06-02,71.38404871823948,2007,6
2007-06-03,71.37860716951909,2007,6
2007-06-04,71.37312299886054,2007,6
2007-06-05,71.2738333357063,2007,6
2007-06-06,71.45926633640458,2007,6
2007-06-07,71.5416879462884,2007,6
2007-06-08,71.57432751078028,2007,6
2007-06-09,71.62178596169444,2007,6
2007-06-10,71.61880978828957,2007,6
2007-06-11,71.4899105986712,2007,6
2007-06-12,71.62138129585108,2007,6
2007-06-13,71.59369935800713,2007,6
2007-06-14,71.3795299178713,2007,6
2007-06-15,70.99706916840124,2007,6
2007-06-16,70.95428280388919,2007,6
2007-06-17,70.95581285295691,2007,6
2007-06-18,70.9248535665466,2007,6
2007-06-19,70.88516842461783,2007,6
2007-06-20,70.9631243963779,2007,6
2007-06-21,70.9598434115268,2007,6
2007-06-22,71.18855969635099,2007,6
2007-06-23,71.34021340257723,2007,6
2007-06-24,71.26948796929764,2007,6
2007-06-25,71.23162120577551,2007,6
2007-06-26,70.99984486975337,2007,6
2007-06-27,71.17020974010381,2007,6
2007-06-28,71.09974501724345,2007,6
2007-06-29,71.0788040174452,2007,6
2007-06-30,71.10439637747757,2007,6
2007-07-01,71.23099716480358,2007,7
2007-07-02,71.2048893298493,2007,7
2007-07-03,71.12373353956127,2007,7
2007-07-04,71.03233078497034,2007,7
2007-07-05,71.08125678282653,2007,7
2007-07-06,71.15198653651471,2007,7
2007-07-07,71.14181965200385,2007,7
2007-07-08,70.9154282261081,2007,7
2007-07-09,70.8154899224599,2007,7
2007-07-10,71.02304028212356,2007,7
2007-07-11,71.17759234983474,2007,7
2007-07-12,71.25588415318936,2007,7
2007-07-13,71.16552929459726,2007,7
2007-07-14,71.07153769693942,2007,7
2007-07-15,71.05388448448417,2007,7
2007-07-16,70.98368675258084,2007,7
2007-07-17,71.01373800602317,2007,7
2007-07-18,71.10959251327787,2007,7
2007-07-19,71.19214154485557,2007,7
2007-07-20,71.17933305517644,2007,7
2007-07-21,71.05386792337819,2007,7
2007-07-22,71.00148345759976,2007,7
2007-07-23,70.942397252278,2007,7
2007-07-24,70.97765352105645,2007,7
2007-07-25,71.00318688793958,2007,7
2007-07-26,71.00630928787346,2007,7
2007-07-27,70.93360394776929,2007,7
2007-07-28,70.74576617442246,2007,7
2007-07-29,70.79534939542424,2007,7
2007-07-30,70.88102418569409,2007,7
2007-07-31,71.0198214827266,2007,7
2007-08-01,70.96496977186212,2007,8
2007-08-02,70.87347631950279,2007,8
2007-08-03,70.82044191422877,2007,8
2007-08-04,70.87083201637292,2007,8
2007-08-05,70.88610961936583,2007,8
2007-08-06,70.95982430491168,2007,8
2007-08-07,70.90813643877412,2007,8
2007-08-08,71.01640150725439,2007,8
2007-08-09,71.05552404119899,2007,8
2007-08-10,71.1950251624582,2007,8
2007-08-11,71.19920879805275,2007,8
2007-08-12,71.11387545242354,2007,8
2007-08-13,70.93727040349326,2007,8
2007-08-14,70.83714686547069,2007,8
2007-08-15,70.85085270486866,2007,8
2007-08-16,70.91225225968712,2007,8
2007-08-17,70.85895618580743,2007,8
2007-08-18,70.8198121100522,2007,8
2007-08-19,70.7369795126253,2007,8
2007-08-20,70.74018621329411,2007,8
2007-08-21,70.83031378214137,2007,8
2007-08-22,70.80431469508449,2007,8
2007-08-23,70.88421853233984,2007,8
2007-08-24,70.92716499342026,2007,8
2007-08-25,70.8948686214106,2007,8
2007-08-26,70.97855528345056,2007,8
2007-08-27,70.9066872367853,2007,8
2007-08-28,70.79580937959527,2007,8
2007-08-29,70.76653660541425,2007,8
2007-08-30,70.88342192872764,2007,8
2007-08-31,70.90274659888081,2007,8
2007-09-01,70.83775625943827,2007,9
2007-09-02,70.88111125434274,2007,9
2007-09-03,70.96942166656105,2007,9
2007-09-04,70.95786464034707,2007,9
2007-09-05,70.9561416266595,2007,9
2007-09-06,70.59811099826969,2007,9
2007-09-07,70.55776480057673,2007,9
2007-09-08,70.5805028249815,2007,9
2007-09-09,70.66283494028863,2007,9
2007-09-10,70.65572636657656,2007,9
2007-09-11,70.69597624729866,2007,9
2007-09-12,70.60632033200757,2007,9
2007-09-13,70.57467803960292,2007,9
2007-09-14,70.92845048753409,2007,9
2007-09-15,70.53889297060219,2007,9
2007-09-16,70.58415421234542,2007,9
2007-09-17,70.75677863475701,2007,9
2007-09-18,70.8419119056621,2007,9
2007-09-19,70.81611749998227,2007,9
2007-09-20,70.79535990162526,2007,9
2007-09-21,70.72924763299982,2007,9
2007-09-22,70.57138783705656,2007,9
2007-09-23,70.42134901423377,2007,9
2007-09-24,70.404090697654,2007,9
2007-09-25,70.35327708714449,2007,9
2007-09-26,70.26605560691436,2007,9
2007-09-27,70.30786912632813,2007,9
2007-09-28,70.28713746254564,2007,9
2007-09-29,70.21061303092053,2007,9
2007-09-30,70.13653777609176,2007,9
2007-10-01,70.02775373069608,2007,10
2007-10-02,69.89591409369125,2007,10
2007-10-03,69.82887083696035,2007,10
2007-10-04,69.80217994096647,2007,10
2007-10-05,69.85982813222347,2007,10
2007-10-06,69.89167386807352,2007,10
2007-10-07,69.74327998827458,2007,10
2007-10-08,69.57901023160916,2007,10
2007-10-09,69.30932637184507,2007,10
2007-10-10,69.22736506741326,2007,10
2007-10-11,69.22539233931472,2007,10
2007-10-12,69.1996683596848,2007,10
2007-10-13,69.11684692579311,2007,10
2007-10-14,68.96076839649572,2007,10
2007-10-15,69.02467870186003,2007,10
2007-10-16,69.02300271280082,2007,10
2007-10-17,69.06958818347431,2007,10
2007-10-18,68.97514158905041,2007,10
2007-10-19,68.89409086738364,2007,10
2007-10-20,68.78025697545255,2007,10
2007-10-21,68.63941843504806,2007,10
2007-10-22,68.59646692023252,2007,10
2007-10-23,68.56518820370404,2007,10
2007-10-24,68.51796604240447,2007,10
2007-10-25,68.51819557693238,2007,10
2007-10-26,68.46569954576614,2007,10
2007-10-27,68.4849121381686,2007,10
2007-10-28,68.50020068831928,2007,10
2007-10-29,68.41039174216627,2007,10
2007-10-30,68.47141659225608,2007,10
2007-10-31,68.81095811841614,2007,10
2007-11-01,68.9605316527593,2007,11
2007-11-02,68.88866226576334,2007,11
2007-11-03,68.66733999151842,2007,11
2007-11-04,68.77552636635654,2007,11
2007-11-05,68.62274182513325,2007,11
2007-11-06,68.53944111742601,2007,11
2007-11-07,68.53254393956271,2007,11
2007-11-08,68.50884400147665,2007,11
2007-11-09,68.43608362111117,2007,11
2007-11-10,68.35143199146863,2007,11
2007-11-11,68.13859808664189,2007,11
2007-11-12,67.93641546796502,2007,11
2007-11-13,67.75214427647198,2007,11
2007-11-14,67.51812107885875,2007,11
2007-11-15,67.39300681608067,2007,11
2007-11-16,67.45751537452739,2007,11
2007-11-17,67.18477883268821,2007,11
2007-11-18,67.02551617629727,2007,11
2007-11-19,67.11950935928091,2007,11
2007-11-20,67.20804994095678,2007,11
2007-11-21,66.9786290121815,2007,11
2007-11-22,66.80001265830333,2007,11
2007-11-23,66.69785499617,2007,11
2007-11-24,66.60238407992834,2007,11
2007-11-25,66.52864869405984,2007,11
2007-11-26,66.63925586342482,2007,11
2007-11-27,66.80314389246708,2007,11
2007-11-28,66.83166432927003,2007,11
2007-11-29,66.94770414429634,2007,11
2007-11-30,67.03550546675928,2007,11
2007-12-01,66.87014505964302,2007,12
2007-12-02,66.9777194957997,2007,12
2007-12-03,66.92805388958774,2007,12
2007-12-04,66.78697964040951,2007,12
2007-12-05,66.59959445732422,2007,12
2007-12-06,66.5790668951195,2007,12
2007-12-07,66.4505568113099,2007,12
2007-12-08,66.23008069105006,2007,12
2007-12-09,66.31196308871802,2007,12
2007-12-10,66.55043932478608,2007,12
2007-12-11,66.70835615549318,2007,12
2007-12-12,66.71809554745259,2007,12
2007-12-13,66.60308989238956,2007,12
2007-12-14,66.53135475543696,2007,12
2007-12-15,66.46902893078779,2007,12
2007-12-16,65.99610461800971,2007,12
2007-12-17,65.9664123900176,2007,12
2007-12-18,65.76966531996776,2007,12
2007-12-19,65.82054456247903,2007,12
2007-12-20,66.09790778357373,2007,12
2007-12-21,66.37334997582236,2007,12
2007-12-22,66.51496789442419,2007,12
2007-12-23,66.3584638299898,2007,12
2007-12-24,66.2963099938665,2007,12
2007-12-25,66.34721811549844,2007,12
2007-12-26,66.20439883360733,2007,12
2007-12-27,66.20006369200964,2007,12
2007-12-28,66.20949463368169,2007,12
2007-12-29,65.91069014143267,2007,12
2007-12-30,65.80502713989205,2007,12
2007-12-31,65.65359086442278,2007,12
2008-01-01,65.52742963420383,2008,1
2008-01-02,65.47666140238587,2008,1
2008-01-03,65.49309972964704,2008,1
2008-01-04,65.65423594753783,2008,1
2008-01-05,65.96922662623354,2008,1
2008-01-06,66.22087380219897,2008,1
2008-01-07,66.25781726436192,2008,1
2008-01-08,66.44438237410492,2008,1
2008-01-09,66.43101333822153,2008,1
2008-01-10,66.3473067569684,2008,1
2008-01-11,66.3122979857355,2008,1
2008-01-12,66.02154498148346,2008,1
2008-01-13,65.84163218603739,2008,1
2008-01-14,65.7945840031459,2008,1
2008-01-15,66.02722970627084,2008,1
2008-01-16,66.28740609187741,2008,1
2008-01-17,66.47951595849355,2008,1
2008-01-18,66.51848055050142,2008,1
2008-01-19,65.98062854757038,2008,1
2008-01-20,65.75044158339311,2008,1
2008-01-21,65.61156898405682,2008,1
2008-01-22,65.5483608299218,2008,1
2008-01-23,65.61708796847417,2008,1
2008-01-24,65.41092299111521,2008,1
2008-01-25,65.72765653585319,2008,1
2008-01-26,65.68206745544563,2008,1
2008-01-27,65.3095392176203,2008,1
2008-01-28,65.21280714584013,2008,1
2008-01-29,65.63559345623759,2008,1
2008-01-30,65.8360998876537,2008,1
2008-01-31,65.51553534211723,2008,1
2008-02-01,65.12479127980497,2008,2
2008-02-02,65.10315321863361,2008,2
2008-02-03,65.86937112556535,2008,2
2008-02-04,65.94903642569497,2008,2
2008-02-05,66.07311490730801,2008,2
2008-02-06,66.19319175862532,2008,2
2008-02-07,66.20933390145538,2008,2
2008-02-08,66.27299418636,2008,2
2008-02-09,66.00185767261434,2008,2
2008-02-10,65.61002219542807,2008,2
2008-02-11,65.60947754513519,2008,2
2008-02-12,65.711463533,2008,2
2008-02-13,65.63941749289863,2008,2
2008-02-14,65.66311004216011,2008,2
2008-02-15,65.97465551110496,2008,2
2008-02-16,66.35789266857104,2008,2
2008-02-17,66.69026159611933,2008,2
2008-02-18,66.71438945059117,2008,2
2008-02-19,66.75202411066476,2008,2
2008-02-20,66.66597425836876,2008,2
2008-02-21,66.82299984058304,2008,2
2008-02-22,67.09823651062203,2008,2
2008-02-23,67.41446379137528,2008,2
2008-02-24,67.40379096640818,2008,2
2008-02-25,67.26598732613468,2008,2
2008-02-26,66.87970808701807,2008,2
2008-02-27,66.70372079500231,2008,2
2008-02-28,66.77570686188325,2008,2
2008-02-29,66.92722743456744,2008,2
2008-03-01,67.36210338832097,2008,3
2008-03-02,67.5719080688279,2008,3
2008-03-03,67.75677370432938,2008,3
2008-03-04,67.68231130761858,2008,3
2008-03-05,67.69052471357847,2008,3
2008-03-06,67.88051498367756,2008,3
2008-03-07,67.97746177823988,2008,3
2008-03-08,68.04561919766854,2008,3
2008-03-09,68.048460864968,2008,3
2008-03-10,68.20321934214876,2008,3
2008-03-11,68.55165821603205,2008,3
2008-03-12,68.60308786152983,2008,3
2008-03-13,68.70640984637384,2008,3
2008-03-14,68.63809226028229,2008,3
2008-03-15,68.63459847086438,2008,3
2008-03-16,68.70963213102478,2008,3
2008-03-17,68.78182559366275,2008,3
2008-03-18,68.93974607017242,2008,3
2008-03-19,69.1222051183839,2008,3
2008-03-20,69.05239017795734,2008,3
2008-03-21,68.86702977513927,2008,3
2008-03-22,68.97648966321592,2008,3
2008-03-23,69.09841533349909,2008,3
2008-03-24,69.04722722730726,2008,3
2008-03-25,69.00377412363017,2008,3
2008-03-26,69.20736201469722,2008,3
2008-03-27,69.23072399919036,2008,3
2008-03-28,69.3371758629624,2008,3
2008-03-29,69.34848648736867,2008,3
2008-03-30,69.36939275561829,2008,3
2008-03-31,69.26871390161637,2008,3
2008-04-01,69.32064370751762,2008,4
2008-04-02,69.09381705151685,2008,4
2008-04-03,69.22959604883941,2008,4
2008-04-04,69.05357785086782,2008,4
2008-04-05,68.97731269682924,2008,4
2008-04-06,68.85180241003877,2008,4
2008-04-07,68.94224159469613,2008,4
2008-04-08,69.23416374167232,2008,4
2008-04-09,69.49255017311937,2008,4
2008-04-10,69.68945069798774,2008,4
2008-04-11,69.93539432372113,2008,4
2008-04-12,70.14459248522418,2008,4
2008-04-13,70.00020047035638,2008,4
2008-04-14,70.16285085537106,2008,4
2008-04-15,70.31442799858763,2008,4
2008-04-16,70.35397188848877,2008,4
2008-04-17,70.10473939339013,2008,4
2008-04-18,69.98155271304184,2008,4
2008-04-19,69.93595770711418,2008,4
2008-04-20,69.99140830057651,2008,4
2008-04-21,70.23809004390061,2008,4
2008-04-22,70.4384281764511,2008,4
2008-04-23,70.52865735780117,2008,4
2008-04-24,70.60037230026005,2008,4
2008-04-25,70.83400849093974,2008,4
2008-04-26,70.70306509772387,2008,4
2008-04-27,70.64131301018105,2008,4
2008-04-28,70.5680420591677,2008,4
2008-04-29,70.41112164837085,2008,4
2008-04-30,70.74360455340775,2008,4
2008-05-01,70.83110527366215,2008,5
2008-05-02,70.78933759249705,2008,5
2008-05-03,70.74103613781283,2008,5
2008-05-04,70.95608607585906,2008,5
2008-05-05,70.90728318035512,2008,5
2008-05-06,70.56300082329575,2008,5
2008-05-07,70.54930137771893,2008,5
2008-05-08,70.73344384284046,2008,5
2008-05-09,70.56458746137842,2008,5
2008-05-10,70.62509652845992,2008,5
2008-05-11,70.6076093949,2008,5
2008-05-12,70.6124609208218,2008,5
2008-05-13,70.46301241388893,2008,5
2008-05-14,70.87744102937022,2008,5
2008-05-15,70.86971065711874,2008,5
2008-05-16,71.11173190415526,2008,5
2008-05-17,71.09605922099588,2008,5
2008-05-18,71.15784706734233,2008,5
2008-05-19,70.9251610846712,2008,5
2008-05-20,70.77823459904978,2008,5
2008-05-21,70.71472353584645,2008,5
2008-05-22,70.73564550101665,2008,5
2008-05-23,70.63594749840016,2008,5
2008-05-24,70.47773195850304,2008,5
2008-05-25,70.69327665963858,2008,5
2008-05-26,70.84752487109186,2008,5
2008-05-27,70.9031503307943,2008,5
2008-05-28,70.90680527298535,2008,5
2008-05-29,70.99743722873684,2008,5
2008-05-30,70.95237314904814,2008,5
2008-05-31,71.19068307086637,2008,5
2008-06-01,71.05926572238448,2008,6
2008-06-02,71.01379409090154,2008,6
2008-06-03,71.02245621804917,2008,6
2008-06-04,71.05230318138601,2008,6
2008-06-05,71.14932896711078,2008,6
2008-06-06,71.03472503162835,2008,6
2008-06-07,71.00808393364102,2008,6
2008-06-08,70.95587774246822,2008,6
2008-06-09,70.98552194313932,2008,6
2008-06-10,71.01515974667255,2008,6
2008-06-11,71.13702808222608,2008,6
2008-06-12,71.10591612429194,2008,6
2008-06-13,70.961699860184,2008,6
2008-06-14,70.97945385026703,2008,6
2008-06-15,71.000007273116,2008,6
2008-06-16,71.11241808756556,2008,6
2008-06-17,71.08833126882381,2008,6
2008-06-18,70.98630857624558,2008,6
2008-06-19,70.99962891190674,2008,6
2008-06-20,70.95472714053062,2008,6
2008-06-21,70.86862523083704,2008,6
2008-06-22,70.8913938891243,2008,6
2008-06-23,71.01345655259277,2008,6
2008-06-24,71.02292796225956,2008,6
2008-06-25,71.13352122575158,2008,6
2008-06-26,71.27872953213316,2008,6
2008-06-27,71.27877111013838,2008,6
2008-06-28,70.9516035780078,2008,6
2008-06-29,70.90342016885657,2008,6
2008-06-30,70.87789715759753,2008,6
2008-07-01,70.97946711564167,2008,7
2008-07-02,70.89242911118546,2008,7
2008-07-03,71.11022794482453,2008,7
2008-07-04,71.11705917812202,2008,7
2008-07-05,71.13455576598832,2008,7
2008-07-06,71.01011077406427,2008,7
2008-07-07,71.01685084604614,2008,7
2008-07-08,71.00250951864516,2008,7
2008-07-09,70.96015544176142,2008,7
2008-07-10,70.94668663097809,2008,7
2008-07-11,70.98691516567052,2008,7
2008-07-12,70.87758030422833,2008,7
2008-07-13,70.84095047783038,2008,7
2008-07-14,70.95128900035706,2008,7
2008-07-15,70.95227413972071,2008,7
2008-07-16,71.04368550364025,2008,7
2008-07-17,71.09959767571479,2008,7
2008-07-18,71.16618086051348,2008,7
2008-07-19,71.09637227534922,2008,7
2008-07-20,70.97693231154147,2008,7
2008-07-21,71.03562921640976,2008,7
2008-07-22,70.9492566443006,2008,7
2008-07-23,71.08975277883854,2008,7
2008-07-24,71.04534200315403,2008,7
2008-07-25,70.96674919242686,2008,7
2008-07-26,70.88037767187498,2008,7
2008-07-27,70.83053835770917,2008,7
2008-07-28,70.87185121833089,2008,7
2008-07-29,70.98788550997313,2008,7
2008-07-30,71.04620559395585,2008,7
2008-07-31,71.04238997734095,2008,7
2008-08-01,71.09365005589945,2008,8
2008-08-02,71.04312897151497,2008,8
2008-08-03,71.00944689699877,2008,8
2008-08-04,70.91096915829209,2008,8
2008-08-05,70.93544197898753,2008,8
2008-08-06,70.95350631485971,2008,8
2008-08-07,70.93900490614548,2008,8
2008-08-08,70.91699165916928,2008,8
2008-08-09,71.16160480452638,2008,8
2008-08-10,70.90930675899898,2008,8
2008-08-11,70.94254329671641,2008,8
2008-08-12,70.87636395263509,2008,8
2008-08-13,70.89510795586524,2008,8
2008-08-14,70.88165079559629,2008,8
2008-08-15,70.80085597743602,2008,8
2008-08-16,70.79115329805379,2008,8
2008-08-17,71.12969106654991,2008,8
2008-08-18,71.06066510902966,2008,8
2008-08-19,70.68176330620119,2008,8
2008-08-20,70.70964906389666,2008,8
2008-08-21,70.69818855462178,2008,8
2008-08-22,70.73613966075796,2008,8
2008-08-23,70.79444983945895,2008,8
2008-08-24,71.28005986803258,2008,8
2008-08-25,71.389212131065,2008,8
2008-08-26,71.04387134811806,2008,8
2008-08-27,70.87860043865521,2008,8
2008-08-28,70.8936672895058,2008,8
2008-08-29,70.83934911753283,2008,8
2008-08-30,70.84780891286168,2008,8
2008-08-31,70.64999186261828,2008,8
2008-09-01,70.68999387430547,2008,9
2008-09-02,70.78131824231018,2008,9
2008-09-03,70.87659820878483,2008,9
2008-09-04,70.84578544532012,2008,9
2008-09-05,70.75652238464289,2008,9
2008-09-06,70.35942962647465,2008,9
2008-09-07,70.47234783066318,2008,9
2008-09-08,70.55673648763576,2008,9
2008-09-09,70.54945897039651,2008,9
2008-09-10,70.62087755090823,2008,9
2008-09-11,70.79001762537828,2008,9
2008-09-12,70.67928573047604,2008,9
2008-09-13,70.67884919902362,2008,9
2008-09-14,70.6663275427255,2008,9
2008-09-15,70.6180759694391,2008,9
2008-09-16,70.61167688177461,2008,9
2008-09-17,70.61838262841665,2008,9
2008-09-18,70.5266080760103,2008,9
2008-09-19,70.40855889206695,2008,9
2008-09-20,70.38877197502681,2008,9
2008-09-21,70.28366514567684,2008,9
2008-09-22,70.26479831665586,2008,9
2008-09-23,70.06276048162245,2008,9
2008-09-24,70.1478570712184,2008,9
2008-09-25,70.15300076452161,2008,9
2008-09-26,70.33529360589198,2008,9
2008-09-27,70.22844670697545,2008,9
2008-09-28,70.35987366862784,2008,9
2008-09-29,70.1346719091209,2008,9
2008-09-30,70.18503862261647,2008,9
2008-10-01,70.69710743592483,2008,10
2008-10-02,70.87119013280034,2008,10
2008-10-03,71.01727463542147,2008,10
2008-10-04,71.09710472813747,2008,10
2008-10-05,71.4844989812835,2008,10
2008-10-06,70.71406049341049,2008,10
2008-10-07,70.63340209607307,2008,10
2008-10-08,70.5737008087998,2008,10
2008-10-09,70.40856883015428,2008,10
2008-10-10,70.42347863897461,2008,10
2008-10-11,70.38485729818996,2008,10
2008-10-12,70.28051980384137,2008,10
2008-10-13,70.1555619412778,2008,10
2008-10-14,70.12588570286509,2008,10
2008-10-15,70.19350859169366,2008,10
2008-10-16,69.55217640191762,2008,10
2008-10-17,69.45156930939474,2008,10
2008-10-18,69.41967955253357,2008,10
2008-10-19,69.221483119508,2008,10
2008-10-20,69.00059553592476,2008,10
2008-10-21,68.87705259315867,2008,10
2008-10-22,68.89864891638622,2008,10
2008-10-23,68.96379642675804,2008,10
2008-10-24,69.30013583305033,2008,10
2008-10-25,68.76801398694835,2008,10
2008-10-26,68.65586337184907,2008,10
2008-10-27,68.8500636369916,2008,10
2008-10-28,68.47807168304467,2008,10
2008-10-29,68.42576736997877,2008,10
2008-10-30,68.5357756660795,2008,10
2008-10-31,68.49473319060864,2008,10
2008-11-01,68.55504507918427,2008,11
2008-11-02,68.52611087536947,2008,11
2008-11-03,68.33938185136302,2008,11
2008-11-04,68.30500537672245,2008,11
2008-11-05,68.30778100508896,2008,11
2008-11-06,68.22378654441792,2008,11
2008-11-07,68.30438603339596,2008,11
2008-11-08,68.34003573264171,2008,11
2008-11-09,68.18362658951828,2008,11
2008-11-10,68.31277938870973,2008,11
2008-11-11,68.3922514719976,2008,11
2008-11-12,68.21962770673584,2008,11
2008-11-13,68.19438289425086,2008,11
2008-11-14,68.60321935854584,2008,11
2008-11-15,68.31545039321972,2008,11
2008-11-16,68.49620575077088,2008,11
2008-11-17,68.53554198601863,2008,11
2008-11-18,69.05753818800628,2008,11
2008-11-19,68.47295988811014,2008,11
2008-11-20,68.85275748816747,2008,11
2008-11-21,68.46525344772398,2008,11
2008-11-22,68.14776173771773,2008,11
2008-11-23,67.89286318923132,2008,11
2008-11-24,67.70651333355885,2008,11
2008-11-25,67.48202736121121,2008,11
2008-11-26,67.07935808689761,2008,11
2008-11-27,67.18010829454806,2008,11
2008-11-28,67.40248685572196,2008,11
2008-11-29,67.62376496527843,2008,11
2008-11-30,67.82908593721264,2008,11
2008-12-01,67.89688283446246,2008,12
2008-12-02,67.79290462918864,2008,12
2008-12-03,67.7222038302977,2008,12
2008-12-04,67.65460065589512,2008,12
2008-12-05,67.6323359093518,2008,12
2008-12-06,67.5671986444933,2008,12
2008-12-07,67.66313326711436,2008,12
2008-12-08,67.64412739177017,2008,12
2008-12-09,67.72756954169157,2008,12
2008-12-10,67.76396540222869,2008,12
2008-12-11,67.70032159603274,2008,12
2008-12-12,67.38828953796147,2008,12
2008-12-13,67.31224109344714,2008,12
2008-12-14,67.26706058690135,2008,12
2008-12-15,67.29421949291971,2008,12
2008-12-16,67.35457255537878,2008,12
2008-12-17,67.3802663348115,2008,12
2008-12-18,67.81318085965893,2008,12
2008-12-19,67.56617979423292,2008,12
2008-12-20,67.74058483974679,2008,12
2008-12-21,67.46801763394843,2008,12
2008-12-22,67.15828442882668,2008,12
2008-12-23,66.95943757241231,2008,12
2008-12-24,66.61818205878683,2008,12
2008-12-25,66.4967406242105,2008,12
2008-12-26,66.28706023879391,2008,12
2008-12-27,66.29767051225377,2008,12
2008-12-28,66.15269622651962,2008,12
2008-12-29,66.12935819307769,2008,12
2008-12-30,66.68030237675168,2008,12
2008-12-31,66.19828626904003,2008,12
2009-01-01,66.17577032261399,2009,1
2009-01-02,66.08795616153039,2009,1
2009-01-03,66.27999584469065,2009,1
2009-01-04,66.34363109204057,2009,1
2009-01-05,66.3904890827847,2009,1
2009-01-06,66.31595881882642,2009,1
2009-01-07,66.45738169340558,2009,1
2009-01-08,66.60077559095413,2009,1
2009-01-09,66.71484103104139,2009,1
2009-01-10,66.93074921921506,2009,1
2009-01-11,66.81044642915839,2009,1
2009-01-12,66.62979669941826,2009,1
2009-01-13,66.77243185562057,2009,1
2009-01-14,66.82448258315725,2009,1
2009-01-15,66.94718635665198,2009,1
2009-01-16,67.05345493473857,2009,1
2009-01-17,67.21136083971504,2009,1
2009-01-18,67.06316097101623,2009,1
2009-01-19,67.06304749423161,2009,1
2009-01-20,67.1079204662906,2009,1
2009-01-21,67.26155701547867,2009,1
2009-01-22,66.81177860937862,2009,1
2009-01-23,66.86768940013147,2009,1
2009-01-24,67.16600881561786,2009,1
2009-01-25,67.35680122398676,2009,1
2009-01-26,67.35462059205352,2009,1
2009-01-27,67.18725245187633,2009,1
2009-01-28,67.25238083038639,2009,1
2009-01-29,66.93617898204339,2009,1
2009-01-30,66.93506253009366,2009,1
2009-01-31,67.32053211647734,2009,1
2009-02-01,66.85480880225604,2009,2
2009-02-02,66.71652775706639,2009,2
2009-02-03,66.90037060991834,2009,2
2009-02-04,67.03982685778676,2009,2
2009-02-05,67.27062144250077,2009,2
2009-02-06,67.24340758210634,2009,2
2009-02-07,67.157482061755,2009,2
2009-02-08,67.06338967255827,2009,2
2009-02-09,67.07548429574702,2009,2
2009-02-10,67.82925497710129,2009,2
2009-02-11,67.56280519467977,2009,2
2009-02-12,67.1786178158489,2009,2
2009-02-13,67.05044992414751,2009,2
2009-02-14,67.29176001893853,2009,2
2009-02-15,67.3176451334923,2009,2
2009-02-16,67.26647433531934,2009,2
2009-02-17,67.39845852355427,2009,2
2009-02-18,67.36202858420333,2009,2
2009-02-19,67.54935114214673,2009,2
2009-02-20,67.69241438657498,2009,2
2009-02-21,67.8621626933359,2009,2
2009-02-22,67.95757670383698,2009,2
2009-02-23,68.19079367505458,2009,2
2009-02-24,68.37145224676637,2009,2
2009-02-25,68.38336288695876,2009,2
2009-02-26,68.24900776839169,2009,2
2009-02-27,68.71840358115841,2009,2
2009-02-28,68.58983835396363,2009,2
2009-03-01,67.99375380884995,2009,3
2009-03-02,68.10755026428409,2009,3
2009-03-03,68.37292901482515,2009,3
2009-03-04,68.75298008191068,2009,3
2009-03-05,68.79260445655278,2009,3
2009-03-06,68.54195415024269,2009,3
2009-03-07,68.99914473613534,2009,3
2009-03-08,68.4527659980826,2009,3
2009-03-09,68.51622573872055,2009,3
2009-03-10,68.99678950499154,2009,3
2009-03-11,68.57837758634426,2009,3
2009-03-12,68.40429794692255,2009,3
2009-03-13,68.35105391908742,2009,3
2009-03-14,68.55885360868382,2009,3
2009-03-15,69.27522071089152,2009,3
2009-03-16,69.40275330301901,2009,3
2009-03-17,69.07227749152571,2009,3
2009-03-18,68.66273781533626,2009,3
2009-03-19,69.04569884895174,2009,3
2009-03-20,69.30918963033302,2009,3
2009-03-21,69.11841992817148,2009,3
2009-03-22,69.31813586926518,2009,3
2009-03-23,69.05701511607852,2009,3
2009-03-24,69.24235715297222,2009,3
2009-03-25,69.19245926684667,2009,3
2009-03-26,68.91528815601089,2009,3
2009-03-27,69.0459181309528,2009,3
2009-03-28,69.19447321899769,2009,3
2009-03-29,69.89165208126228,2009,3
2009-03-30,69.61679794263246,2009,3
2009-03-31,69.9195449955313,2009,3
2009-04-01,69.60180436991618,2009,4
2009-04-02,69.79988214166515,2009,4
2009-04-03,69.99540602197723,2009,4
2009-04-04,70.05445418475723,2009,4
2009-04-05,70.10250205595955,2009,4
2009-04-06,70.16594343749762,2009,4
2009-04-07,69.86531565306063,2009,4
2009-04-08,69.95855565444838,2009,4
2009-04-09,69.23075947560976,2009,4
2009-04-10,69.30221187555952,2009,4
2009-04-11,69.49944247609491,2009,4
2009-04-12,69.723835813672,2009,4
2009-04-13,70.00816369428212,2009,4
2009-04-14,70.10770074802413,2009,4
2009-04-15,70.46889316090696,2009,4
2009-04-16,70.69653584482394,2009,4
2009-04-17,70.64876553081476,2009,4
2009-04-18,70.4996235338068,2009,4
2009-04-19,70.56609633403252,2009,4
2009-04-20,70.92990672331148,2009,4
2009-04-21,70.98036888472635,2009,4
2009-04-22,70.78060190135147,2009,4
2009-04-23,70.46114752083733,2009,4
2009-04-24,70.28384474756524,2009,4
2009-04-25,70.4557700702062,2009,4
2009-04-26,70.42486303775863,2009,4
2009-04-27,71.04656587895373,2009,4
2009-04-28,70.81230611988813,2009,4
2009-04-29,71.0808390837747,2009,4
2009-04-30,71.18105108058812,2009,4
2009-05-01,71.1908097268448,2009,5
2009-05-02,71.37326713886407,2009,5
2009-05-03,71.65259580921747,2009,5
2009-05-04,71.02793148421293,2009,5
2009-05-05,71.47350080705306,2009,5
2009-05-06,71.2826673854335,2009,5
2009-05-07,70.91087712795768,2009,5
2009-05-08,70.95766606126926,2009,5
2009-05-09,71.14902112157867,2009,5
2009-05-10,71.50662091730214,2009,5
2009-05-11,71.48096657763516,2009,5
2009-05-12,71.31795859090646,2009,5
2009-05-13,71.48641288419843,2009,5
2009-05-14,71.55881129156853,2009,5
2009-05-15,71.24552703796346,2009,5
2009-05-16,71.8856085047823,2009,5
2009-05-17,72.18991374130077,2009,5
2009-05-18,71.78774448989348,2009,5
2009-05-19,71.98799451322816,2009,5
2009-05-20,71.87740685372307,2009,5
2009-05-21,71.93530432906954,2009,5
2009-05-22,71.93686273755121,2009,5
2009-05-23,72.44072901310739,2009,5
2009-05-24,71.73073097966741,2009,5
2009-05-25,71.56406361214675,2009,5
2009-05-26,71.44566772612954,2009,5
2009-05-27,71.72517938594166,2009,5
2009-05-28,71.95655648953071,2009,5
2009-05-29,71.78134905193424,2009,5
2009-05-30,71.35895841850291,2009,5
2009-05-31,71.41393943025986,2009,5
2009-06-01,71.4219797114301,2009,6
2009-06-02,71.74506565579067,2009,6
2009-06-03,72.05398182243677,2009,6
2009-06-04,72.34750990197823,2009,6
2009-06-05,72.20975627445704,2009,6
2009-06-06,71.8357555577292,2009,6
2009-06-07,71.61965424364418,2009,6
2009-06-08,71.68845930446933,2009,6
2009-06-09,71.81965037718685,2009,6
2009-06-10,72.00368204497852,2009,6
2009-06-11,72.01355983906481,2009,6
2009-06-12,71.90084660444161,2009,6
2009-06-13,71.90348319978305,2009,6
2009-06-14,71.8662121345168,2009,6
2009-06-15,71.78852651271609,2009,6
2009-06-16,72.50326287234083,2009,6
2009-06-17,71.91731461473793,2009,6
2009-06-18,71.86474559264204,2009,6
2009-06-19,72.04046489655761,2009,6
2009-06-20,72.11202693902828,2009,6
2009-06-21,72.04829065401773,2009,6
2009-06-22,72.19422437874076,2009,6
2009-06-23,72.2474569062826,2009,6
2009-06-24,72.3876597082109,2009,6
2009-06-25,72.06866898265108,2009,6
2009-06-26,72.06671739623553,2009,6
2009-06-27,73.50297607177274,2009,6
2009-06-28,72.06035408546016,2009,6
2009-06-29,71.99289044195993,2009,6
2009-06-30,71.95663374274665,2009,6
2009-07-01,71.64541764663561,2009,7
2009-07-02,71.81487223628999,2009,7
2009-07-03,72.0079899588279,2009,7
2009-07-04,71.52450574980843,2009,7
2009-07-05,72.37865053992769,2009,7
2009-07-06,72.36795174488486,2009,7
2009-07-07,72.43215693016211,2009,7
2009-07-08,72.05295970286483,2009,7
2009-07-09,71.73477521909628,2009,7
2009-07-10,71.72632079431288,2009,7
2009-07-11,71.6758128804784,2009,7
2009-07-12,71.83358154896892,2009,7
2009-07-13,72.37361426838471,2009,7
2009-07-14,71.89735998063081,2009,7
2009-07-15,71.84351654862147,2009,7
2009-07-16,72.13200200342766,2009,7
2009-07-17,71.93441672110599,2009,7
2009-07-18,71.64128006015645,2009,7
2009-07-19,71.74716301898343,2009,7
2009-07-20,71.94830805842014,2009,7
2009-07-21,71.90049306470532,2009,7
2009-07-22,71.57033111058043,2009,7
2009-07-23,71.59552688901775,2009,7
2009-07-24,72.1224144460564,2009,7
2009-07-25,71.73429349809118,2009,7
2009-07-26,71.84135133027179,2009,7
2009-07-27,71.75197292368394,2009,7
2009-07-28,71.70229355852669,2009,7
2009-07-29,71.74477490502083,2009,7
2009-07-30,71.55843971957513,2009,7
2009-07-31,71.65340987894413,2009,7
2009-08-01,71.32656558943569,2009,8
2009-08-02,71.42727875807782,2009,8
2009-08-03,71.44734468713453,2009,8
2009-08-04,71.53852221815498,2009,8
2009-08-05,71.5566040912152,2009,8
2009-08-06,71.40840537069778,2009,8
2009-08-07,71.44189305107886,2009,8
2009-08-08,71.49368818693222,2009,8
2009-08-09,71.51097864166368,2009,8
2009-08-10,71.52836117147505,2009,8
2009-08-11,71.48519875283341,2009,8
2009-08-12,71.54826456126617,2009,8
2009-08-13,72.12776236917185,2009,8
2009-08-14,71.3764743810897,2009,8
2009-08-15,71.19366753129532,2009,8
2009-08-16,71.10328377195232,2009,8
2009-08-17,71.15174238486831,2009,8
2009-08-18,71.49497049540109,2009,8
2009-08-19,71.51854213173608,2009,8
2009-08-20,70.97888890998337,2009,8
2009-08-21,70.96193947708711,2009,8
2009-08-22,70.9160675085665,2009,8
2009-08-23,71.08321373764264,2009,8
2009-08-24,71.02811797017186,2009,8
2009-08-25,70.94534316875759,2009,8
2009-08-26,71.21899129761988,2009,8
2009-08-27,70.91094055175938,2009,8
2009-08-28,71.10432622327035,2009,8
2009-08-29,71.4804895143408,2009,8
2009-08-30,71.13394294394216,2009,8
2009-08-31,70.93278054052304,2009,8
2009-09-01,71.42298430172683,2009,9
2009-09-02,71.47584721920545,2009,9
2009-09-03,71.29775296439253,2009,9
2009-09-04,71.15255521013032,2009,9
2009-09-05,71.21591911793608,2009,9
2009-09-06,71.37761088598145,2009,9
2009-09-07,71.37245533241743,2009,9
2009-09-08,71.22618965837964,2009,9
2009-09-09,71.41800317625523,2009,9
2009-09-10,71.07779179497727,2009,9
2009-09-11,71.05756996097044,2009,9
2009-09-12,71.12183602725183,2009,9
2009-09-13,71.25606338988945,2009,9
2009-09-14,71.2803626944575,2009,9
2009-09-15,71.26383338253045,2009,9
2009-09-16,70.72142489647564,2009,9
2009-09-17,70.64942076734548,2009,9
2009-09-18,70.69379893124422,2009,9
2009-09-19,71.41277385797399,2009,9
2009-09-20,70.87025344080708,2009,9
2009-09-21,70.9186914394953,2009,9
2009-09-22,70.93187534163873,2009,9
2009-09-23,70.8560618822732,2009,9
2009-09-24,70.90892538807773,2009,9
2009-09-25,70.87959691338386,2009,9
2009-09-26,70.9222966540001,2009,9
2009-09-27,70.9495815449464,2009,9
2009-09-28,70.90407921503333,2009,9
2009-09-29,70.87349469819696,2009,9
2009-09-30,71.23250259864254,2009,9
2009-10-01,70.88585168843495,2009,10
2009-10-02,70.90097886973777,2009,10
2009-10-03,71.57945221685385,2009,10
2009-10-04,71.39003224991828,2009,10
2009-10-05,71.39871272569393,2009,10
2009-10-06,70.79201801902806,2009,10
2009-10-07,70.74171430460385,2009,10
2009-10-08,70.15571335449856,2009,10
2009-10-09,70.31933420762425,2009,10
2009-10-10,70.20712746990647,2009,10
2009-10-11,70.15390519803033,2009,10
2009-10-12,70.05152622960944,2009,10
2009-10-13,70.06283269999565,2009,10
2009-10-14,70.01075829629964,2009,10
2009-10-15,69.94890378446834,2009,10
2009-10-16,69.905660646268,2009,10
2009-10-17,69.83476067405951,2009,10
2009-10-18,69.74462221994074,2009,10
2009-10-19,69.53201984189853,2009,10
2009-10-20,69.27693652131725,2009,10
2009-10-21,69.17227365958169,2009,10
2009-10-22,68.93196195011342,2009,10
2009-10-23,68.7845377323153,2009,10
2009-10-24,68.1823558437379,2009,10
2009-10-25,68.45845574290503,2009,10
2009-10-26,68.19764672986537,2009,10
2009-10-27,68.22470440105285,2009,10
2009-10-28,68.35192936287903,2009,10
2009-10-29,68.57319611392603,2009,10
2009-10-30,68.6657320264105,2009,10
2009-10-31,68.59298123152647,2009,10
2009-11-01,68.8464441309316,2009,11
2009-11-02,69.57752904172943,2009,11
2009-11-03,69.0077198721544,2009,11
2009-11-04,69.0509487279657,2009,11
2009-11-05,69.19578985915251,2009,11
2009-11-06,69.40353535892379,2009,11
2009-11-07,69.16371501911021,2009,11
2009-11-08,69.27391174824307,2009,11
2009-11-09,69.39075451920155,2009,11
2009-11-10,69.17727004858239,2009,11
2009-11-11,69.22077189819123,2009,11
2009-11-12,68.98814399101978,2009,11
2009-11-13,69.36848940480097,2009,11
2009-11-14,69.6732886477526,2009,11
2009-11-15,70.02960471645676,2009,11
2009-11-16,70.17261895318562,2009,11
2009-11-17,69.37873824049461,2009,11
2009-11-18,69.54882478024625,2009,11
2009-11-19,68.9444439484156,2009,11
2009-11-20,67.859621831204,2009,11
2009-11-21,68.06293539673779,2009,11
2009-11-22,67.64589948556637,2009,11
2009-11-23,67.55225698145874,2009,11
2009-11-24,67.58620451922327,2009,11
2009-11-25,67.70150535261797,2009,11
2009-11-26,67.72986487305188,2009,11
2009-11-27,67.61218280035719,2009,11
2009-11-28,67.40527140217768,2009,11
2009-11-29,67.28843272797583,2009,11
2009-11-30,67.27141110021616,2009,11
2009-12-01,67.35091420416754,2009,12
2009-12-02,67.48395560324484,2009,12
2009-12-03,67.56032225232673,2009,12
2009-12-04,67.74279892644651,2009,12
2009-12-05,68.28525046682982,2009,12
2009-12-06,68.27557165399364,2009,12
2009-12-07,67.48509299142805,2009,12
2009-12-08,67.42653312008636,2009,12
2009-12-09,67.48299036349172,2009,12
2009-12-10,67.87710090570492,2009,12
2009-12-11,67.92045057922762,2009,12
2009-12-12,67.69715896646277,2009,12
2009-12-13,67.66203913728303,2009,12
2009-12-14,67.64939014930843,2009,12
2009-12-15,67.95859911143944,2009,12
2009-12-16,67.42249701622556,2009,12
2009-12-17,67.77867446245794,2009,12
2009-12-18,67.52859277322516,2009,12
2009-12-19,67.29763195277839,2009,12
2009-12-20,67.1627876509,2009,12
2009-12-21,67.0149429212433,2009,12
2009-12-22,66.87229425987496,2009,12
2009-12-23,66.58145396606605,2009,12
2009-12-24,66.34091271607372,2009,12
2009-12-25,66.1740333128711,2009,12
2009-12-26,66.29640712610822,2009,12
2009-12-27,66.15964207835282,2009,12
2009-12-28,66.40861496852159,2009,12
2009-12-29,66.4709389812691,2009,12
2009-12-30,66.53942807957928,2009,12
2009-12-31,66.93846597312427,2009,12
2010-01-01,66.27153169066483,2010,1
2010-01-02,66.3400210530301,2010,1
2010-01-03,66.47711820323183,2010,1
2010-01-04,66.30093345929303,2010,1
2010-01-05,66.53500384883856,2010,1
2010-01-06,65.90725522088074,2010,1
2010-01-07,65.78244295191205,2010,1
2010-01-08,65.93751713484241,2010,1
2010-01-09,66.2435887259606,2010,1
2010-01-10,66.36726265995557,2010,1
2010-01-11,66.38288609323246,2010,1
2010-01-12,66.66470097119355,2010,1
2010-01-13,66.74715242279845,2010,1
2010-01-14,66.57644748643838,2010,1
2010-01-15,66.9281412423531,2010,1
2010-01-16,66.23540809433462,2010,1
2010-01-17,66.32871736121527,2010,1
2010-01-18,66.20257437265042,2010,1
2010-01-19,66.10326040471081,2010,1
2010-01-20,66.04921119797207,2010,1
2010-01-21,65.90119066632128,2010,1
2010-01-22,65.8799486755171,2010,1
2010-01-23,65.90898043936382,2010,1
2010-01-24,66.06344225746923,2010,1
2010-01-25,66.29585025047086,2010,1
2010-01-26,66.31379010388898,2010,1
2010-01-27,66.39865009414827,2010,1
2010-01-28,66.6650465107411,2010,1
2010-01-29,66.81073109425472,2010,1
2010-01-30,66.65574770653794,2010,1
2010-01-31,66.54148012894706,2010,1
2010-02-01,66.4873532409161,2010,2
2010-02-02,66.60433171621885,2010,2
2010-02-03,66.68757858375668,2010,2
2010-02-04,67.14000406200537,2010,2
2010-02-05,66.72311691964137,2010,2
2010-02-06,66.85783208312965,2010,2
2010-02-07,67.14013409924372,2010,2
2010-02-08,67.43440165555516,2010,2
2010-02-09,67.5360037688851,2010,2
2010-02-10,67.02736890138186,2010,2
2010-02-11,67.20734694689834,2010,2
2010-02-12,67.38568584010439,2010,2
2010-02-13,67.50516464114786,2010,2
2010-02-14,67.37470506866198,2010,2
2010-02-15,67.31722489408544,2010,2
2010-02-16,67.55354503743743,2010,2
2010-02-17,67.47089271282616,2010,2
2010-02-18,67.11017179709626,2010,2
2010-02-19,67.08130009577758,2010,2
2010-02-20,67.18751589340634,2010,2
2010-02-21,67.46657521910443,2010,2
2010-02-22,67.90486086267343,2010,2
2010-02-23,68.01945697580949,2010,2
2010-02-24,68.1189995661331,2010,2
2010-02-25,67.9211722596924,2010,2
2010-02-26,68.07543972250207,2010,2
2010-02-27,68.57356229089092,2010,2
2010-02-28,68.37368882591417,2010,2
2010-03-01,68.50854759295204,2010,3
2010-03-02,68.53194124463477,2010,3
2010-03-03,68.826390984044,2010,3
2010-03-04,68.79117893398406,2010,3
2010-03-05,68.82761890230852,2010,3
2010-03-06,68.93805288306947,2010,3
2010-03-07,68.73329338259333,2010,3
2010-03-08,68.6500607878656,2010,3
2010-03-09,68.55673140813107,2010,3
2010-03-10,68.67756738944689,2010,3
2010-03-11,68.82080832645742,2010,3
2010-03-12,68.77055198805867,2010,3
2010-03-13,68.76268655296191,2010,3
2010-03-14,68.91123090428232,2010,3
2010-03-15,68.97833004724029,2010,3
2010-03-16,69.30949035899035,2010,3
2010-03-17,69.33423191567388,2010,3
2010-03-18,69.51608324354024,2010,3
2010-03-19,69.5021796139378,2010,3
2010-03-20,69.51634511413069,2010,3
2010-03-21,69.66430406068099,2010,3
2010-03-22,69.81387080438395,2010,3
2010-03-23,70.23930263912239,2010,3
2010-03-24,69.90615246749516,2010,3
2010-03-25,70.07690805630277,2010,3
2010-03-26,70.17944885267214,2010,3
2010-03-27,70.12971293056923,2010,3
2010-03-28,70.04071339415913,2010,3
2010-03-29,70.12501520420224,2010,3
2010-03-30,70.23117366472296,2010,3
2010-03-31,70.1517757069686,2010,3
2010-04-01,70.00150979861003,2010,4
2010-04-02,70.05352312267392,2010,4
2010-04-03,70.58455921667414,2010,4
2010-04-04,70.13758244648932,2010,4
2010-04-05,70.26933362826483,2010,4
2010-04-06,70.2499231360817,2010,4
2010-04-07,70.22782575377283,2010,4
2010-04-08,70.42982030128928,2010,4
2010-04-09,70.7377240456559,2010,4
2010-04-10,70.81265848383444,2010,4
2010-04-11,70.78219556651503,2010,4
2010-04-12,70.9654023898239,2010,4
2010-04-13,70.90171292860543,2010,4
2010-04-14,70.77779851316767,2010,4
2010-04-15,70.87367337500783,2010,4
2010-04-16,71.08080214160617,2010,4
2010-04-17,71.23181209527864,2010,4
2010-04-18,71.40788838439741,2010,4
2010-04-19,71.41327058978322,2010,4
2010-04-20,71.4003177171815,2010,4
2010-04-21,71.3537366985296,2010,4
2010-04-22,71.03184611333806,2010,4
2010-04-23,71.10084619431613,2010,4
2010-04-24,70.8428489821751,2010,4
2010-04-25,70.66811807457694,2010,4
2010-04-26,70.89345787237197,2010,4
2010-04-27,71.06447332193959,2010,4
2010-04-28,71.31463923634004,2010,4
2010-04-29,71.20519021036456,2010,4
2010-04-30,71.16829296558244,2010,4
2010-05-01,71.07663939360953,2010,5
2010-05-02,71.06335866481822,2010,5
2010-05-03,71.27973263318306,2010,5
2010-05-04,71.26234073408665,2010,5
2010-05-05,71.33708825287641,2010,5
2010-05-06,71.16180077526066,2010,5
2010-05-07,71.41111971585111,2010,5
2010-05-08,70.88721157228558,2010,5
2010-05-09,71.25289990584896,2010,5
2010-05-10,71.37300615485147,2010,5
2010-05-11,71.51663968957787,2010,5
2010-05-12,71.38269880208234,2010,5
2010-05-13,71.5838543938878,2010,5
2010-05-14,71.592824925951,2010,5
2010-05-15,71.63834512653318,2010,5
2010-05-16,71.91244535647957,2010,5
2010-05-17,71.80375780830633,2010,5
2010-05-18,71.93380511832667,2010,5
2010-05-19,71.75592930676399,2010,5
2010-05-20,71.7061315367317,2010,5
2010-05-21,71.35957138491045,2010,5
2010-05-22,71.42196759971591,2010,5
2010-05-23,71.77206211286713,2010,5
2010-05-24,71.6889460599401,2010,5
2010-05-25,71.7570318833213,2010,5
2010-05-26,71.99012677460978,2010,5
2010-05-27,71.99647957285495,2010,5
2010-05-28,71.70585275322104,2010,5
2010-05-29,71.63226163815484,2010,5
2010-05-30,71.65982993383956,2010,5
2010-05-31,71.61788760710495,2010,5
2010-06-01,72.10820047401049,2010,6
2010-06-02,72.02756304413215,2010,6
2010-06-03,71.89720039674138,2010,6
2010-06-04,71.72289962678866,2010,6
2010-06-05,71.4178955541418,2010,6
2010-06-06,71.47249068414519,2010,6
2010-06-07,71.3170562241004,2010,6
2010-06-08,71.01352196075295,2010,6
2010-06-09,71.15789641696644,2010,6
2010-06-10,71.20584951329622,2010,6
2010-06-11,71.52321080630786,2010,6
2010-06-12,71.57420932371876,2010,6
2010-06-13,71.67257760532748,2010,6
2010-06-14,71.44229113394282,2010,6
2010-06-15,71.41284808258808,2010,6
2010-06-16,71.4540783335671,2010,6
2010-06-17,71.16843232497777,2010,6
2010-06-18,71.42217084141957,2010,6
2010-06-19,71.64393130088193,2010,6
2010-06-20,71.67208015150939,2010,6
2010-06-21,71.81274643203828,2010,6
2010-06-22,71.84330709092805,2010,6
2010-06-23,71.8259844570714,2010,6
2010-06-24,71.38602863537224,2010,6
2010-06-25,71.19791688209523,2010,6
2010-06-26,71.41395121802269,2010,6
2010-06-27,71.62985425362965,2010,6
2010-06-28,71.51624067036128,2010,6
2010-06-29,71.5398658891065,2010,6
2010-06-30,71.92198556742494,2010,6
2010-07-01,71.81823357792086,2010,7
2010-07-02,71.63507990469675,2010,7
2010-07-03,71.7201557815031,2010,7
2010-07-04,71.32198043565235,2010,7
2010-07-05,71.51015746942541,2010,7
2010-07-06,71.44625217610565,2010,7
2010-07-07,71.50232599306291,2010,7
2010-07-08,71.59203852021787,2010,7
2010-07-09,71.78096560187109,2010,7
2010-07-10,71.82966435137499,2010,7
2010-07-11,71.7410430341477,2010,7
2010-07-12,71.61591731628387,2010,7
2010-07-13,71.48552925854676,2010,7
2010-07-14,71.72306215808796,2010,7
2010-07-15,71.77962837891985,2010,7
2010-07-16,71.85912445397008,2010,7
2010-07-17,71.87692224595173,2010,7
2010-07-18,71.87660064549546,2010,7
2010-07-19,71.8257806230455,2010,7
2010-07-20,71.6965224795914,2010,7
2010-07-21,71.59142693302087,2010,7
2010-07-22,71.50887020890369,2010,7
2010-07-23,71.587007585703,2010,7
2010-07-24,71.57466684955484,2010,7
2010-07-25,71.57183974838043,2010,7
2010-07-26,71.53053201736294,2010,7
2010-07-27,71.46095858375519,2010,7
2010-07-28,71.58621037232052,2010,7
2010-07-29,71.57734735365163,2010,7
2010-07-30,71.5885779062595,2010,7
2010-07-31,71.46762431732675,2010,7
2010-08-01,71.03313422326401,2010,8
2010-08-02,71.12254530427849,2010,8
2010-08-03,71.15038011842059,2010,8
2010-08-04,71.1740497493848,2010,8
2010-08-05,71.12254729630708,2010,8
2010-08-06,71.18925269491496,2010,8
2010-08-07,71.13471691216779,2010,8
2010-08-08,71.19934727504817,2010,8
2010-08-09,71.21434878131043,2010,8
2010-08-10,71.3862950269144,2010,8
2010-08-11,71.38541843100822,2010,8
2010-08-12,71.26745697438324,2010,8
2010-08-13,71.22633574999607,2010,8
2010-08-14,71.17362986143303,2010,8
2010-08-15,71.2255627973066,2010,8
2010-08-16,71.24052095686699,2010,8
2010-08-17,71.28915307139101,2010,8
2010-08-18,71.31385147819066,2010,8
2010-08-19,71.20973192430777,2010,8
2010-08-20,71.22344076109361,2010,8
2010-08-21,71.07132654424272,2010,8
2010-08-22,71.03775528795124,2010,8
2010-08-23,71.1391703187907,2010,8
2010-08-24,71.04212498702803,2010,8
2010-08-25,70.95228360450282,2010,8
2010-08-26,70.93083550993275,2010,8
2010-08-27,71.00403098397481,2010,8
2010-08-28,71.13110586699275,2010,8
2010-08-29,71.16739395135221,2010,8
2010-08-30,71.08739433196659,2010,8
2010-08-31,71.32521615425081,2010,8
2010-09-01,71.0942190239426,2010,9
2010-09-02,71.17504556438507,2010,9
2010-09-03,71.14967654674822,2010,9
2010-09-04,70.98762259482858,2010,9
2010-09-05,70.98516377999832,2010,9
2010-09-06,71.05741545857944,2010,9
2010-09-07,71.11390108041051,2010,9
2010-09-08,70.98617004112273,2010,9
2010-09-09,71.05370778179658,2010,9
2010-09-10,70.96508166912591,2010,9
2010-09-11,70.89460399759392,2010,9
2010-09-12,70.68877304721097,2010,9
2010-09-13,70.76546146216836,2010,9
2010-09-14,70.78542434265249,2010,9
2010-09-15,70.62348536021213,2010,9
2010-09-16,70.6243013811554,2010,9
2010-09-17,70.61634596510105,2010,9
2010-09-18,70.47888269760578,2010,9
2010-09-19,70.49781089398093,2010,9
2010-09-20,70.40663986247814,2010,9
2010-09-21,70.55277392387603,2010,9
2010-09-22,70.64049922299044,2010,9
2010-09-23,70.50148917784553,2010,9
2010-09-24,70.40286319673037,2010,9
2010-09-25,70.33537846217263,2010,9
2010-09-26,70.35597915563073,2010,9
2010-09-27,70.30358897851676,2010,9
2010-09-28,70.27589205998652,2010,9
2010-09-29,70.22559541114975,2010,9
2010-09-30,70.1296072898182,2010,9
2010-10-01,70.17606489044442,2010,10
2010-10-02,70.42019088316547,2010,10
2010-10-03,70.44294851775263,2010,10
2010-10-04,70.4179903250311,2010,10
2010-10-05,70.34186926515132,2010,10
2010-10-06,70.2165258434399,2010,10
2010-10-07,70.245227279154,2010,10
2010-10-08,70.15168262688019,2010,10
2010-10-09,70.03273172047402,2010,10
2010-10-10,70.0872321727331,2010,10
2010-10-11,69.96910209553133,2010,10
2010-10-12,69.79972620162094,2010,10
2010-10-13,70.35209468739961,2010,10
2010-10-14,69.96911698684731,2010,10
2010-10-15,70.06646925000996,2010,10
2010-10-16,70.20399644863427,2010,10
2010-10-17,70.24210081027522,2010,10
2010-10-18,70.32942020043319,2010,10
2010-10-19,70.36188256506348,2010,10
2010-10-20,70.40225358980432,2010,10
2010-10-21,70.25282896860634,2010,10
2010-10-22,69.9593986649968,2010,10
2010-10-23,69.99813240860293,2010,10
2010-10-24,69.53935700052453,2010,10
2010-10-25,69.28222551068308,2010,10
2010-10-26,69.2069350404932,2010,10
2010-10-27,69.07741531140968,2010,10
2010-10-28,68.81497577258853,2010,10
2010-10-29,68.88129492537485,2010,10
2010-10-30,69.27038713175443,2010,10
2010-10-31,69.08687229499193,2010,10
2010-11-01,68.7198015758906,2010,11
2010-11-02,68.82881980620765,2010,11
2010-11-03,68.82557361932996,2010,11
2010-11-04,69.36296870340522,2010,11
2010-11-05,68.82487191734391,2010,11
2010-11-06,68.68504912466638,2010,11
2010-11-07,68.52416566454364,2010,11
2010-11-08,68.88557354921997,2010,11
2010-11-09,69.26858879352824,2010,11
2010-11-10,69.2347823285948,2010,11
2010-11-11,69.26639975920754,2010,11
2010-11-12,69.26941958247829,2010,11
2010-11-13,69.13971377898255,2010,11
2010-11-14,69.16115946498583,2010,11
2010-11-15,69.07685371783661,2010,11
2010-11-16,68.90467239010236,2010,11
2010-11-17,68.92895779576185,2010,11
2010-11-18,68.98811284605054,2010,11
2010-11-19,68.79134957715986,2010,11
2010-11-20,68.38914415232979,2010,11
2010-11-21,68.13047503500502,2010,11
2010-11-22,68.3264154673098,2010,11
2010-11-23,68.11916940222872,2010,11
2010-11-24,68.12411382410619,2010,11
2010-11-25,68.39057530876843,2010,11
2010-11-26,68.44722684787148,2010,11
2010-11-27,68.30036500233909,2010,11
2010-11-28,68.08926528289106,2010,11
2010-11-29,68.01331372275575,2010,11
2010-11-30,67.58692454797534,2010,11
2010-12-01,67.2755742854579,2010,12
2010-12-02,67.21440938397417,2010,12
2010-12-03,67.12180319211487,2010,12
2010-12-04,66.93458387891188,2010,12
2010-12-05,66.85383878865531,2010,12
2010-12-06,66.97987007816519,2010,12
2010-12-07,66.98309714232334,2010,12
2010-12-08,67.30168629487876,2010,12
2010-12-09,67.5836624296202,2010,12
2010-12-10,67.34683861121664,2010,12
2010-12-11,67.01790475668204,2010,12
2010-12-12,66.7056851171707,2010,12
2010-12-13,66.43845468984233,2010,12
2010-12-14,66.32575219603349,2010,12
2010-12-15,66.29356551858537,2010,12
2010-12-16,66.08621964995926,2010,12
2010-12-17,66.01435245214135,2010,12
2010-12-18,65.86620614834015,2010,12
2010-12-19,65.74986695951989,2010,12
2010-12-20,65.76042359545016,2010,12
2010-12-21,65.58187591008694,2010,12
2010-12-22,65.46040875683825,2010,12
2010-12-23,65.75362987221554,2010,12
2010-12-24,65.8291169898193,2010,12
2010-12-25,65.82444789825237,2010,12
2010-12-26,65.8248216664478,2010,12
2010-12-27,65.94573591453485,2010,12
2010-12-28,66.18771171396685,2010,12
2010-12-29,66.51806946964528,2010,12
2010-12-30,66.74215208450896,2010,12
2010-12-31,66.66078712050795,2010,12
2011-01-01,66.53528411254872,2011,1
2011-01-02,66.31155104256173,2011,1
2011-01-03,66.0251259982965,2011,1
2011-01-04,66.44975335355016,2011,1
2011-01-05,65.76967791013796,2011,1
2011-01-06,65.52786443263246,2011,1
2011-01-07,65.35282853022296,2011,1
2011-01-08,65.63999052396275,2011,1
2011-01-09,65.757452931461,2011,1
2011-01-10,65.76991134908738,2011,1
2011-01-11,65.41461303039627,2011,1
2011-01-12,65.39835981683196,2011,1
2011-01-13,65.79600121242879,2011,1
2011-01-14,66.44081155912643,2011,1
2011-01-15,66.39003181763822,2011,1
2011-01-16,66.00281347385959,2011,1
2011-01-17,65.90752933922109,2011,1
2011-01-18,66.01334653259119,2011,1
2011-01-19,66.18795024326919,2011,1
2011-01-20,66.19482625292521,2011,1
2011-01-21,66.42336802783971,2011,1
2011-01-22,66.66932571755945,2011,1
2011-01-23,66.59300024815492,2011,1
2011-01-24,66.7679108601163,2011,1
2011-01-25,66.78924707225914,2011,1
2011-01-26,66.83173254314895,2011,1
2011-01-27,66.80938251496309,2011,1
2011-01-28,67.01410708046662,2011,1
2011-01-29,66.8225588193954,2011,1
2011-01-30,67.10164901229597,2011,1
2011-01-31,67.11893159470196,2011,1
2011-02-01,66.29752083067063,2011,2
2011-02-02,66.303841811165,2011,2
2011-02-03,66.49402197912704,2011,2
2011-02-04,66.63742000847408,2011,2
2011-02-05,66.63808545321784,2011,2
2011-02-06,66.83288584965968,2011,2
2011-02-07,67.33414023931091,2011,2
2011-02-08,66.79141351934163,2011,2
2011-02-09,66.6437953137542,2011,2
2011-02-10,66.50675301868662,2011,2
2011-02-11,66.86287218202202,2011,2
2011-02-12,66.93664726457368,2011,2
2011-02-13,67.15661690660218,2011,2
2011-02-14,67.46069654780436,2011,2
2011-02-15,67.92145329968747,2011,2
2011-02-16,67.44503746147913,2011,2
2011-02-17,67.06253817033677,2011,2
2011-02-18,66.93238278575879,2011,2
2011-02-19,67.07811625284943,2011,2
2011-02-20,67.15631505222699,2011,2
2011-02-21,67.07451043541857,2011,2
2011-02-22,66.92814993179351,2011,2
2011-02-23,67.1130575899697,2011,2
2011-02-24,67.22032935703983,2011,2
2011-02-25,67.30564838708756,2011,2
2011-02-26,67.7000189040464,2011,2
2011-02-27,67.21117783281844,2011,2
2011-02-28,67.16345609454336,2011,2
2011-03-01,67.30834946416516,2011,3
2011-03-02,67.51086402708249,2011,3
2011-03-03,67.84373958688346,2011,3
2011-03-04,68.01079661330418,2011,3
2011-03-05,67.8272318733746,2011,3
2011-03-06,67.96400518805785,2011,3
2011-03-07,67.96169454675291,2011,3
2011-03-08,68.1188828751848,2011,3
2011-03-09,68.18175435186825,2011,3
2011-03-10,67.97994664406387,2011,3
2011-03-11,67.92771437172242,2011,3
2011-03-12,67.81721126996918,2011,3
2011-03-13,68.08584529910004,2011,3
2011-03-14,68.15632313390955,2011,3
2011-03-15,68.38908197648303,2011,3
2011-03-16,68.45124646680911,2011,3
2011-03-17,68.71228566690736,2011,3
2011-03-18,68.92143193700393,2011,3
2011-03-19,68.96527235434763,2011,3
2011-03-20,68.945122348277,2011,3
2011-03-21,68.95719268279704,2011,3
2011-03-22,69.10322011874212,2011,3
2011-03-23,68.86111583173542,2011,3
2011-03-24,69.16862104756945,2011,3
2011-03-25,69.11975876819547,2011,3
2011-03-26,69.10427671380687,2011,3
2011-03-27,69.11586948656466,2011,3
2011-03-28,69.21259550349345,2011,3
2011-03-29,69.3585016095504,2011,3
2011-03-30,69.27981580157329,2011,3
2011-03-31,69.14784181819059,2011,3
2011-04-01,69.19388352882082,2011,4
2011-04-02,69.22537649525971,2011,4
2011-04-03,69.27374012758972,2011,4
2011-04-04,69.04011801591724,2011,4
2011-04-05,68.82817110669794,2011,4
2011-04-06,68.8184161247781,2011,4
2011-04-07,69.13927802478514,2011,4
2011-04-08,69.26473372487901,2011,4
2011-04-09,69.48928917980271,2011,4
2011-04-10,69.71142048967285,2011,4
2011-04-11,69.57874632911128,2011,4
2011-04-12,69.8234373280729,2011,4
2011-04-13,69.94712633142437,2011,4
2011-04-14,69.81495197705416,2011,4
2011-04-15,69.84557557270635,2011,4
2011-04-16,69.9946576184663,2011,4
2011-04-17,70.16381382913318,2011,4
2011-04-18,70.12682559667064,2011,4
2011-04-19,69.87557005056625,2011,4
2011-04-20,69.60231443508438,2011,4
2011-04-21,69.82466990087576,2011,4
2011-04-22,69.58308324102504,2011,4
2011-04-23,69.78704212567963,2011,4
2011-04-24,69.8969572821974,2011,4
2011-04-25,70.07924599214284,2011,4
2011-04-26,70.16732356149568,2011,4
2011-04-27,70.26353856794458,2011,4
2011-04-28,70.61394283075148,2011,4
2011-04-29,70.7453816987098,2011,4
2011-04-30,70.86021753259693,2011,4
2011-05-01,70.85736387037151,2011,5
2011-05-02,70.84672815010273,2011,5
2011-05-03,70.903446639576,2011,5
2011-05-04,70.88820439204393,2011,5
2011-05-05,70.82465559511351,2011,5
2011-05-06,70.82405023125418,2011,5
2011-05-07,70.71138216895204,2011,5
2011-05-08,70.65499232681641,2011,5
2011-05-09,70.91999203095939,2011,5
2011-05-10,71.09388576650309,2011,5
2011-05-11,71.89771685311841,2011,5
2011-05-12,71.149361161267,2011,5
2011-05-13,71.1503702931724,2011,5
2011-05-14,71.1465374154658,2011,5
2011-05-15,71.20348650927934,2011,5
2011-05-16,71.42498565774346,2011,5
2011-05-17,71.53347981585682,2011,5
2011-05-18,71.66730077199298,2011,5
2011-05-19,71.41131786445578,2011,5
2011-05-20,71.21730246797996,2011,5
2011-05-21,71.11379458984321,2011,5
2011-05-22,70.83529250793609,2011,5
2011-05-23,70.76954038529509,2011,5
2011-05-24,71.25596451960155,2011,5
2011-05-25,71.59190390626947,2011,5
2011-05-26,71.24539048383853,2011,5
2011-05-27,71.16049726246867,2011,5
2011-05-28,71.09225328973405,2011,5
2011-05-29,71.45471101932388,2011,5
2011-05-30,71.34292646521997,2011,5
2011-05-31,71.43115790581132,2011,5
2011-06-01,71.1540595028977,2011,6
2011-06-02,70.92130952170368,2011,6
2011-06-03,70.97180447664778,2011,6
2011-06-04,71.16000482506516,2011,6
2011-06-05,71.31784958430919,2011,6
2011-06-06,71.49166320798675,2011,6
2011-06-07,71.44340758228573,2011,6
2011-06-08,71.27942752578727,2011,6
2011-06-09,71.16315316969927,2011,6
2011-06-10,71.18587918642451,2011,6
2011-06-11,71.14200439654356,2011,6
2011-06-12,71.27079858758967,2011,6
2011-06-13,71.51918541599547,2011,6
2011-06-14,71.51433458964419,2011,6
2011-06-15,71.05426957529777,2011,6
2011-06-16,71.17726729708279,2011,6
2011-06-17,71.2386568240377,2011,6
2011-06-18,71.21132860170194,2011,6
2011-06-19,71.21389156077618,2011,6
2011-06-20,71.20861961381603,2011,6
2011-06-21,71.15438407540712,2011,6
2011-06-22,71.28606821451383,2011,6
2011-06-23,71.76854434045885,2011,6
2011-06-24,71.42310064461296,2011,6
2011-06-25,71.32700250718382,2011,6
2011-06-26,71.47387662757005,2011,6
2011-06-27,71.16839055912448,2011,6
2011-06-28,71.14863325882203,2011,6
2011-06-29,71.04645291020925,2011,6
2011-06-30,71.0426006783023,2011,6
2011-07-01,71.07752208031293,2011,7
2011-07-02,71.02425863653399,2011,7
2011-07-03,71.11119272845322,2011,7
2011-07-04,70.95008840970102,2011,7
2011-07-05,71.07608245895479,2011,7
2011-07-06,70.98321231160655,2011,7
2011-07-07,71.00313964603205,2011,7
2011-07-08,70.9716227889844,2011,7
2011-07-09,70.867903949096,2011,7
2011-07-10,70.86228829854488,2011,7
2011-07-11,70.9939540547409,2011,7
2011-07-12,71.18316995023483,2011,7
2011-07-13,71.18759474385905,2011,7
2011-07-14,71.17684747093028,2011,7
2011-07-15,71.0690394320827,2011,7
2011-07-16,70.87598084349236,2011,7
2011-07-17,70.96727683605307,2011,7
2011-07-18,71.03085300463363,2011,7
2011-07-19,71.12933686011691,2011,7
2011-07-20,71.19510461055035,2011,7
2011-07-21,71.1278605863713,2011,7
2011-07-22,70.99586616356906,2011,7
2011-07-23,70.93585940231289,2011,7
2011-07-24,70.8849667401259,2011,7
2011-07-25,71.06811441950084,2011,7
2011-07-26,71.10551076569115,2011,7
2011-07-27,71.16590701502278,2011,7
2011-07-28,71.11982094322953,2011,7
2011-07-29,70.98711825686047,2011,7
2011-07-30,71.03766595680763,2011,7
2011-07-31,71.12116472723314,2011,7
2011-08-01,71.22021240117297,2011,8
2011-08-02,71.30697323084355,2011,8
2011-08-03,71.27248172500093,2011,8
2011-08-04,71.13764056147943,2011,8
2011-08-05,71.19254978309884,2011,8
2011-08-06,71.18313966596115,2011,8
2011-08-07,71.19220386007483,2011,8
2011-08-08,71.18281481982935,2011,8
2011-08-09,71.11766669754758,2011,8
2011-08-10,70.94596381997353,2011,8
2011-08-11,71.00263251519824,2011,8
2011-08-12,70.92537050252342,2011,8
2011-08-13,70.85236224264187,2011,8
2011-08-14,71.36697668270433,2011,8
2011-08-15,70.86935166424063,2011,8
2011-08-16,70.79842580831996,2011,8
2011-08-17,70.67950733933337,2011,8
2011-08-18,70.79806424332828,2011,8
2011-08-19,70.8125106773556,2011,8
2011-08-20,70.8807091967078,2011,8
2011-08-21,71.0044653338864,2011,8
2011-08-22,71.13480863201924,2011,8
2011-08-23,71.31228907061552,2011,8
2011-08-24,70.99219338783502,2011,8
2011-08-25,70.80349545422486,2011,8
2011-08-26,70.87002182788443,2011,8
2011-08-27,70.97488732571,2011,8
2011-08-28,70.97240874437747,2011,8
2011-08-29,70.98046137326267,2011,8
2011-08-30,71.0773916836129,2011,8
2011-08-31,71.11141673716821,2011,8
2011-09-01,71.09460109989243,2011,9
2011-09-02,70.973543808588,2011,9
2011-09-03,70.90831422216182,2011,9
2011-09-04,70.97906478152555,2011,9
2011-09-05,70.9551043078123,2011,9
2011-09-06,70.96495571948313,2011,9
2011-09-07,70.9388897455662,2011,9
2011-09-08,70.78446612583434,2011,9
2011-09-09,70.84410160691063,2011,9
2011-09-10,70.82618194180692,2011,9
2011-09-11,70.78354788017953,2011,9
2011-09-12,70.90969747838004,2011,9
2011-09-13,70.96926605302058,2011,9
2011-09-14,71.02672480760201,2011,9
2011-09-15,70.89732941193554,2011,9
2011-09-16,70.71145066190559,2011,9
2011-09-17,70.56865325225763,2011,9
2011-09-18,70.64684133102341,2011,9
2011-09-19,70.60712616868166,2011,9
2011-09-20,70.55934169543673,2011,9
2011-09-21,70.3305444956088,2011,9
2011-09-22,70.47984643327328,2011,9
2011-09-23,70.56101575303502,2011,9
2011-09-24,70.39501064295797,2011,9
2011-09-25,70.36614040811612,2011,9
2011-09-26,70.39116506131013,2011,9
2011-09-27,70.31766732586625,2011,9
2011-09-28,70.33798218591608,2011,9
2011-09-29,70.29613124236964,2011,9
2011-09-30,70.73673196976593,2011,9
2011-10-01,70.10954595017775,2011,10
2011-10-02,70.11370135026782,2011,10
2011-10-03,70.05329966954265,2011,10
2011-10-04,69.92754748710422,2011,10
2011-10-05,69.92024861262979,2011,10
2011-10-06,70.00749988122999,2011,10
2011-10-07,70.09523817997616,2011,10
2011-10-08,70.05929301227734,2011,10
2011-10-09,70.45059967959587,2011,10
2011-10-10,69.9574727457069,2011,10
2011-10-11,69.96313947657679,2011,10
2011-10-12,70.07505534292075,2011,10
2011-10-13,69.85924927482571,2011,10
2011-10-14,69.8954626502752,2011,10
2011-10-15,69.71614209519443,2011,10
2011-10-16,69.57820678734774,2011,10
2011-10-17,69.47693271151944,2011,10
2011-10-18,69.3886621412224,2011,10
2011-10-19,69.24125819582434,2011,10
2011-10-20,69.27666690620771,2011,10
2011-10-21,69.32088828606699,2011,10
2011-10-22,69.10945693832598,2011,10
2011-10-23,69.01877442489558,2011,10
2011-10-24,68.93247818231957,2011,10
2011-10-25,68.9056233866278,2011,10
2011-10-26,68.78924257766442,2011,10
2011-10-27,68.6801857909292,2011,10
2011-10-28,68.52542635146722,2011,10
2011-10-29,68.47903841215407,2011,10
2011-10-30,68.4372138232387,2011,10
2011-10-31,68.31910620986122,2011,10
2011-11-01,68.39412444927545,2011,11
2011-11-02,68.34829407650689,2011,11
2011-11-03,68.40987608939585,2011,11
2011-11-04,68.82354573824995,2011,11
2011-11-05,68.37768482689437,2011,11
2011-11-06,68.7800242252738,2011,11
2011-11-07,68.59745756645455,2011,11
2011-11-08,68.36005327459227,2011,11
2011-11-09,68.54579303578217,2011,11
2011-11-10,68.0172079414791,2011,11
2011-11-11,68.58821951619623,2011,11
2011-11-12,68.21281038684727,2011,11
2011-11-13,68.2250547532947,2011,11
2011-11-14,68.23124120525262,2011,11
2011-11-15,68.07133514902868,2011,11
2011-11-16,67.8377847752285,2011,11
2011-11-17,67.68493480578645,2011,11
2011-11-18,67.55054546358849,2011,11
2011-11-19,67.59744320079716,2011,11
2011-11-20,67.58673416961136,2011,11
2011-11-21,67.66168678314457,2011,11
2011-11-22,67.6432266150532,2011,11
2011-11-23,67.54084060318957,2011,11
2011-11-24,67.63392458863278,2011,11
2011-11-25,67.54066606429181,2011,11
2011-11-26,67.60267851691228,2011,11
2011-11-27,67.69798969026611,2011,11
2011-11-28,67.69231764310855,2011,11
2011-11-29,67.65840718112052,2011,11
2011-11-30,67.5253001601697,2011,11
2011-12-01,67.40786333653351,2011,12
2011-12-02,67.47091131933536,2011,12
2011-12-03,67.54511006558718,2011,12
2011-12-04,67.56817940899748,2011,12
2011-12-05,67.56533488110132,2011,12
2011-12-06,67.55938240274028,2011,12
2011-12-07,67.45582041391906,2011,12
2011-12-08,67.29975144843381,2011,12
2011-12-09,67.3294439266284,2011,12
2011-12-10,67.20545659635746,2011,12
2011-12-11,66.75782232889867,2011,12
2011-12-12,66.46683631684017,2011,12
2011-12-13,66.33492706634816,2011,12
2011-12-14,66.16700840442833,2011,12
2011-12-15,65.9993882580551,2011,12
2011-12-16,65.86955576009,2011,12
2011-12-17,65.79960350554572,2011,12
2011-12-18,65.8116950992688,2011,12
2011-12-19,65.77065796060822,2011,12
2011-12-20,65.9020318222207,2011,12
2011-12-21,65.75673656154513,2011,12
2011-12-22,65.59505463968445,2011,12
2011-12-23,65.60995768189761,2011,12
2011-12-24,66.22431522614741,2011,12
2011-12-25,65.67175572763527,2011,12
2011-12-26,65.22504384163358,2011,12
2011-12-27,65.3422927765444,2011,12
2011-12-28,65.65083401975444,2011,12
2011-12-29,65.87512354848725,2011,12
2011-12-30,66.21942474810454,2011,12
2011-12-31,66.51699754001531,2011,12
2012-01-01,67.04560110044133,2012,1
2012-01-02,66.89171727087812,2012,1
2012-01-03,66.59265169188475,2012,1
2012-01-04,66.44797734103334,2012,1
2012-01-05,66.93796552242848,2012,1
2012-01-06,66.93452389305759,2012,1
2012-01-07,66.56307260340516,2012,1
2012-01-08,66.83742886321727,2012,1
2012-01-09,66.01304764705633,2012,1
2012-01-10,65.61921908718271,2012,1
2012-01-11,65.53436349326614,2012,1
2012-01-12,65.32157342056769,2012,1
2012-01-13,65.18564713343054,2012,1
2012-01-14,65.14965177369992,2012,1
2012-01-15,65.39611145046563,2012,1
2012-01-16,65.78814784311946,2012,1
2012-01-17,65.86700627592455,2012,1
2012-01-18,65.76078624203771,2012,1
2012-01-19,65.91292979254109,2012,1
2012-01-20,65.64011141982381,2012,1
2012-01-21,65.30764912511587,2012,1
2012-01-22,65.44508031542034,2012,1
2012-01-23,65.60185767809718,2012,1
2012-01-24,65.85498290776208,2012,1
2012-01-25,66.11393653794505,2012,1
2012-01-26,66.21971978844518,2012,1
2012-01-27,66.09245286414331,2012,1
2012-01-28,66.20678661369844,2012,1
2012-01-29,66.0095509597435,2012,1
2012-01-30,65.90930876273723,2012,1
2012-01-31,65.99175519047692,2012,1
2012-02-01,65.99670867906245,2012,2
2012-02-02,65.89120467086559,2012,2
2012-02-03,66.22206070334886,2012,2
2012-02-04,66.33829199835773,2012,2
2012-02-05,66.65421097503683,2012,2
2012-02-06,66.64970007706202,2012,2
2012-02-07,66.47588483156228,2012,2
2012-02-08,66.20800982461748,2012,2
2012-02-09,65.67139066977855,2012,2
2012-02-10,65.53635458804123,2012,2
2012-02-11,65.70627788494244,2012,2
2012-02-12,66.29403442957576,2012,2
2012-02-13,66.81546654476585,2012,2
2012-02-14,67.46302556997851,2012,2
2012-02-15,66.8694304036505,2012,2
2012-02-16,66.64841176484323,2012,2
2012-02-17,66.6506345608833,2012,2
2012-02-18,66.87797311665211,2012,2
2012-02-19,66.93972830815287,2012,2
2012-02-20,67.40906303754534,2012,2
2012-02-21,67.2732671629403,2012,2
2012-02-22,67.47419309221021,2012,2
2012-02-23,67.41554972917581,2012,2
2012-02-24,67.18440426620742,2012,2
2012-02-25,67.05436610726936,2012,2
2012-02-26,67.35854914887888,2012,2
2012-02-27,66.99147109510753,2012,2
2012-02-28,67.15907112455072,2012,2
2012-02-29,67.08541804688058,2012,2
2012-03-01,67.30465280364108,2012,3
2012-03-02,67.22434959153931,2012,3
2012-03-03,68.10162381361236,2012,3
2012-03-04,67.85737437295568,2012,3
2012-03-05,68.47449866626522,2012,3
2012-03-06,68.35521126140813,2012,3
2012-03-07,67.84981431062018,2012,3
2012-03-08,67.98903730204978,2012,3
2012-03-09,67.24690592444945,2012,3
2012-03-10,67.00167547564351,2012,3
2012-03-11,67.3013679225996,2012,3
2012-03-12,67.75428496207098,2012,3
2012-03-13,68.18639748375831,2012,3
2012-03-14,67.87614306291393,2012,3
2012-03-15,67.65262049914905,2012,3
2012-03-16,67.91926302885231,2012,3
2012-03-17,68.36373865727415,2012,3
2012-03-18,68.62733206170611,2012,3
2012-03-19,68.97030527507764,2012,3
2012-03-20,69.72696779679671,2012,3
2012-03-21,68.55847465088908,2012,3
2012-03-22,68.33920784322176,2012,3
2012-03-23,68.43778421112665,2012,3
2012-03-24,68.4441791149391,2012,3
2012-03-25,68.70619477111518,2012,3
2012-03-26,68.89422234091086,2012,3
2012-03-27,69.23467647551024,2012,3
2012-03-28,69.25161244916363,2012,3
2012-03-29,69.39165144549153,2012,3
2012-03-30,69.63437485354535,2012,3
2012-03-31,69.59547355919514,2012,3
2012-04-01,69.70206036462423,2012,4
2012-04-02,69.78127416243795,2012,4
2012-04-03,70.07945405710332,2012,4
2012-04-04,70.11635223992066,2012,4
2012-04-05,70.03557141792572,2012,4
2012-04-06,69.70710805153581,2012,4
2012-04-07,69.83561840884575,2012,4
2012-04-08,70.09101876585872,2012,4
2012-04-09,70.046766955129,2012,4
2012-04-10,70.2546065653146,2012,4
2012-04-11,69.9596374425183,2012,4
2012-04-12,69.69722096326511,2012,4
2012-04-13,69.8517177572719,2012,4
2012-04-14,69.67061789048302,2012,4
2012-04-15,69.68511609836361,2012,4
2012-04-16,69.80277173111196,2012,4
2012-04-17,70.09158883910708,2012,4
2012-04-18,70.2408287214684,2012,4
2012-04-19,70.35922894978293,2012,4
2012-04-20,70.64787367298156,2012,4
2012-04-21,70.3142483600221,2012,4
2012-04-22,70.27712773506795,2012,4
2012-04-23,70.13101850005215,2012,4
2012-04-24,70.27992121168167,2012,4
2012-04-25,70.24084624422241,2012,4
2012-04-26,70.2518385792565,2012,4
2012-04-27,70.23571574619422,2012,4
2012-04-28,70.26273011313259,2012,4
2012-04-29,70.26463868357177,2012,4
2012-04-30,70.14228073778773,2012,4
2012-05-01,70.11142880208719,2012,5
2012-05-02,69.96364217566973,2012,5
2012-05-03,70.15239596914218,2012,5
2012-05-04,70.17655138094618,2012,5
2012-05-05,70.25794163000326,2012,5
2012-05-06,70.46250225043036,2012,5
2012-05-07,70.59985811154755,2012,5
2012-05-08,70.82536734418791,2012,5
2012-05-09,70.96072942942472,2012,5
2012-05-10,71.06618113121431,2012,5
2012-05-11,71.01527775520884,2012,5
2012-05-12,70.91410285381667,2012,5
2012-05-13,70.61546268198414,2012,5
2012-05-14,70.88217810268019,2012,5
2012-05-15,70.9643839780633,2012,5
2012-05-16,70.96825774168363,2012,5
2012-05-17,71.13634797538286,2012,5
2012-05-18,71.18455830841332,2012,5
2012-05-19,71.25021098166026,2012,5
2012-05-20,71.18408119046425,2012,5
2012-05-21,71.25465326595638,2012,5
2012-05-22,71.32429381591474,2012,5
2012-05-23,71.36303251775293,2012,5
2012-05-24,71.39431044527261,2012,5
2012-05-25,71.45904953586302,2012,5
2012-05-26,71.69798854333543,2012,5
2012-05-27,71.65744499637063,2012,5
2012-05-28,71.57367846342984,2012,5
2012-05-29,71.59732622454425,2012,5
2012-05-30,71.76584007472053,2012,5
2012-05-31,71.89625210072144,2012,5
2012-06-01,72.05800510793158,2012,6
2012-06-02,71.94717583040386,2012,6
2012-06-03,71.86252388333965,2012,6
2012-06-04,71.8063615624445,2012,6
2012-06-05,71.7168011941289,2012,6
2012-06-06,71.50265226862045,2012,6
2012-06-07,71.47567951534975,2012,6
2012-06-08,71.39614949151398,2012,6
2012-06-09,71.52176628390747,2012,6
2012-06-10,71.6404878667603,2012,6
2012-06-11,71.5419372243057,2012,6
2012-06-12,71.59429032573003,2012,6
2012-06-13,71.61037169500993,2012,6
2012-06-14,71.84507002831616,2012,6
2012-06-15,71.84343529249134,2012,6
2012-06-16,71.68398166174585,2012,6
2012-06-17,71.56939404672542,2012,6
2012-06-18,71.41669046106674,2012,6
2012-06-19,71.10004300828477,2012,6
2012-06-20,71.45865185196135,2012,6
2012-06-21,72.02698323743142,2012,6
2012-06-22,71.54118088924348,2012,6
2012-06-23,71.47909824468539,2012,6
2012-06-24,71.5750368815201,2012,6
2012-06-25,71.52730528399512,2012,6
2012-06-26,71.67106448386136,2012,6
2012-06-27,71.45504237657832,2012,6
2012-06-28,71.49513784508368,2012,6
2012-06-29,71.61390109073162,2012,6
2012-06-30,71.71062734188821,2012,6
2012-07-01,71.59311553272126,2012,7
2012-07-02,71.51232628728359,2012,7
2012-07-03,71.60126805373713,2012,7
2012-07-04,71.5246265075013,2012,7
2012-07-05,71.39226677954224,2012,7
2012-07-06,71.22912676905023,2012,7
2012-07-07,71.02944372630753,2012,7
2012-07-08,71.0630208957398,2012,7
2012-07-09,71.14863029696667,2012,7
2012-07-10,71.15967937026876,2012,7
2012-07-11,71.11881748297868,2012,7
2012-07-12,71.66165823774838,2012,7
2012-07-13,71.26493815370627,2012,7
2012-07-14,70.98235063025216,2012,7
2012-07-15,70.96780774587725,2012,7
2012-07-16,70.94825339644869,2012,7
2012-07-17,71.14333225734761,2012,7
2012-07-18,71.28315366853427,2012,7
2012-07-19,71.19499459198434,2012,7
2012-07-20,71.18074706545683,2012,7
2012-07-21,71.16537823131425,2012,7
2012-07-22,71.33942309307099,2012,7
2012-07-23,71.3170320715162,2012,7
2012-07-24,71.31125809018631,2012,7
2012-07-25,71.1592879875632,2012,7
2012-07-26,71.11084860768275,2012,7
2012-07-27,71.26991658794992,2012,7
2012-07-28,71.16959614082067,2012,7
2012-07-29,71.0822226398119,2012,7
2012-07-30,70.97135843299554,2012,7
2012-07-31,70.94742071658598,2012,7
2012-08-01,70.95917674889817,2012,8
2012-08-02,71.1337255403212,2012,8
2012-08-03,71.07762049744451,2012,8
2012-08-04,70.97685147759132,2012,8
2012-08-05,70.909129646262,2012,8
2012-08-06,71.0100899940569,2012,8
2012-08-07,71.04202463264305,2012,8
2012-08-08,71.03537425785365,2012,8
2012-08-09,70.95364004281035,2012,8
2012-08-10,70.92424683376896,2012,8
2012-08-11,70.92709816332948,2012,8
2012-08-12,70.7810566435424,2012,8
2012-08-13,70.83056440824761,2012,8
2012-08-14,70.97062071737783,2012,8
2012-08-15,70.85355863268643,2012,8
2012-08-16,70.87773835477044,2012,8
2012-08-17,70.95542703418272,2012,8
2012-08-18,71.00542037611044,2012,8
2012-08-19,71.06152509544562,2012,8
2012-08-20,71.06257906476314,2012,8
2012-08-21,71.02232603646425,2012,8
2012-08-22,70.83975281420594,2012,8
2012-08-23,70.76351479769369,2012,8
2012-08-24,70.83571446761741,2012,8
2012-08-25,70.86081953600745,2012,8
2012-08-26,70.74896798476503,2012,8
2012-08-27,70.72950926311213,2012,8
2012-08-28,70.87064895207813,2012,8
2012-08-29,70.9631829203714,2012,8
2012-08-30,71.33393284386314,2012,8
2012-08-31,70.8600471732336,2012,8
2012-09-01,71.01465106217013,2012,9
2012-09-02,71.20908214136145,2012,9
2012-09-03,70.94003718959571,2012,9
2012-09-04,70.75027709428335,2012,9
2012-09-05,70.75875214656834,2012,9
2012-09-06,70.78043176758001,2012,9
2012-09-07,71.12373724076369,2012,9
2012-09-08,70.78189349691527,2012,9
2012-09-09,70.79811982600123,2012,9
2012-09-10,70.80655614162376,2012,9
2012-09-11,70.82068565427834,2012,9
2012-09-12,71.16827221021059,2012,9
2012-09-13,70.74256749968544,2012,9
2012-09-14,71.06210485829395,2012,9
2012-09-15,70.56640267584332,2012,9
2012-09-16,70.52687051759246,2012,9
2012-09-17,70.91137934163284,2012,9
2012-09-18,70.48694576842239,2012,9
2012-09-19,70.4018965462695,2012,9
2012-09-20,70.49623215688187,2012,9
2012-09-21,70.40400532253699,2012,9
2012-09-22,70.43021940318141,2012,9
2012-09-23,70.25722556153339,2012,9
2012-09-24,70.25849076278956,2012,9
2012-09-25,70.05033005611688,2012,9
2012-09-26,70.11216669830462,2012,9
2012-09-27,70.11576415342627,2012,9
2012-09-28,70.18923136310157,2012,9
2012-09-29,70.23271899941403,2012,9
2012-09-30,70.29764243633669,2012,9
2012-10-01,70.28492172801539,2012,10
2012-10-02,70.26332333608954,2012,10
2012-10-03,70.2262524655932,2012,10
2012-10-04,70.0212698831615,2012,10
2012-10-05,69.89091464149598,2012,10
2012-10-06,69.81738858523927,2012,10
2012-10-07,69.6921422081611,2012,10
2012-10-08,69.73247463343797,2012,10
2012-10-09,69.65443061641872,2012,10
2012-10-10,69.45797481770778,2012,10
2012-10-11,69.37700555040466,2012,10
2012-10-12,69.2584587052993,2012,10
2012-10-13,69.41882059114715,2012,10
2012-10-14,69.61607490539326,2012,10
2012-10-15,69.16175838837377,2012,10
2012-10-16,69.08642318360107,2012,10
2012-10-17,68.99098524610471,2012,10
2012-10-18,68.97626307963381,2012,10
2012-10-19,68.9330561828182,2012,10
2012-10-20,69.02070872007214,2012,10
2012-10-21,68.98832261470724,2012,10
2012-10-22,69.01812772412025,2012,10
2012-10-23,68.88916267870863,2012,10
2012-10-24,68.73428007563764,2012,10
2012-10-25,68.49311355598203,2012,10
2012-10-26,68.41203574584263,2012,10
2012-10-27,68.38092451842803,2012,10
2012-10-28,68.22485478611392,2012,10
2012-10-29,68.1060693613161,2012,10
2012-10-30,67.98581715714595,2012,10
2012-10-31,67.97926227019154,2012,10
2012-11-01,68.0918047701729,2012,11
2012-11-02,68.44940215059624,2012,11
2012-11-03,68.46411580816155,2012,11
2012-11-04,68.3290182835416,2012,11
2012-11-05,68.24240438423259,2012,11
2012-11-06,68.1882706380227,2012,11
2012-11-07,68.11672330078605,2012,11
2012-11-08,67.89424070362585,2012,11
2012-11-09,67.75412450957937,2012,11
2012-11-10,67.66922047248079,2012,11
2012-11-11,67.70355153593708,2012,11
2012-11-12,67.60494392260031,2012,11
2012-11-13,67.51276438983359,2012,11
2012-11-14,67.31571542785146,2012,11
2012-11-15,67.24489793635954,2012,11
2012-11-16,66.94017017932346,2012,11
2012-11-17,66.79837438464776,2012,11
2012-11-18,67.09235770814799,2012,11
2012-11-19,67.05991970645738,2012,11
2012-11-20,67.24067427924601,2012,11
2012-11-21,67.25099993384117,2012,11
2012-11-22,67.28848809754338,2012,11
2012-11-23,67.35739389633181,2012,11
2012-11-24,67.38884127072079,2012,11
2012-11-25,67.247569846622,2012,11
2012-11-26,67.2244876426907,2012,11
2012-11-27,67.04700689639029,2012,11
2012-11-28,66.9117848891456,2012,11
2012-11-29,66.85801625865248,2012,11
2012-11-30,66.70214643389156,2012,11
2012-12-01,66.50479427312384,2012,12
2012-12-02,66.4882202849099,2012,12
2012-12-03,66.59274374089298,2012,12
2012-12-04,66.77198808381206,2012,12
2012-12-05,66.85166029419698,2012,12
2012-12-06,67.20341674284958,2012,12
2012-12-07,66.99721136578525,2012,12
2012-12-08,67.0559890750796,2012,12
2012-12-09,67.12327930798605,2012,12
2012-12-10,67.1288848957622,2012,12
2012-12-11,67.16414972253261,2012,12
2012-12-12,66.918918309262,2012,12
2012-12-13,67.03174169459085,2012,12
2012-12-14,67.1176751396202,2012,12
2012-12-15,67.10023380847852,2012,12
2012-12-16,67.18965355332512,2012,12
2012-12-17,66.90309462043298,2012,12
2012-12-18,66.7977612874548,2012,12
2012-12-19,66.54049000393769,2012,12
2012-12-20,66.16165467431198,2012,12
2012-12-21,65.98013427749271,2012,12
2012-12-22,65.94355323159611,2012,12
2012-12-23,66.0084322515518,2012,12
2012-12-24,65.9813216681971,2012,12
2012-12-25,65.92557683141735,2012,12
2012-12-26,65.75332435626281,2012,12
2012-12-27,65.68450931653987,2012,12
2012-12-28,65.64244937238941,2012,12
2012-12-29,65.73573645378754,2012,12
2012-12-30,66.03820812804388,2012,12
2012-12-31,66.25561483274016,2012,12
2013-01-01,66.30704789495135,2013,1
2013-01-02,66.28664458952811,2013,1
2013-01-03,66.03978028907555,2013,1
2013-01-04,65.75817190523028,2013,1
2013-01-05,65.57582301501962,2013,1
2013-01-06,65.5015137206441,2013,1
2013-01-07,65.32693218635671,2013,1
2013-01-08,65.19552313857132,2013,1
2013-01-09,65.26587741645461,2013,1
2013-01-10,65.41027741814236,2013,1
2013-01-11,65.53078912722722,2013,1
2013-01-12,65.85605899199327,2013,1
2013-01-13,66.05537601221357,2013,1
2013-01-14,66.06238091336984,2013,1
2013-01-15,66.05874753413002,2013,1
2013-01-16,66.51887101262476,2013,1
2013-01-17,66.92912781822912,2013,1
2013-01-18,66.8531069578814,2013,1
2013-01-19,66.13849153248592,2013,1
2013-01-20,65.94783527898076,2013,1
2013-01-21,65.74378694778903,2013,1
2013-01-22,65.62559147027966,2013,1
2013-01-23,65.67295198458503,2013,1
2013-01-24,65.75705986853428,2013,1
2013-01-25,65.73310508764743,2013,1
2013-01-26,65.67304101652343,2013,1
2013-01-27,65.74178295200483,2013,1
2013-01-28,65.95520346970507,2013,1
2013-01-29,65.92765891858058,2013,1
2013-01-30,66.53059994383597,2013,1
2013-01-31,66.4780884366823,2013,1
2013-02-01,66.53562032415321,2013,2
2013-02-02,67.0031141470654,2013,2
2013-02-03,66.91710539759136,2013,2
2013-02-04,67.18083302926803,2013,2
2013-02-05,67.38536791896176,2013,2
2013-02-06,67.09253749963396,2013,2
2013-02-07,66.8671237274916,2013,2
2013-02-08,66.73474506084254,2013,2
2013-02-09,66.48912977453826,2013,2
2013-02-10,66.54499675036209,2013,2
2013-02-11,66.7895185014227,2013,2
2013-02-12,67.12945446909694,2013,2
2013-02-13,67.36641900616642,2013,2
2013-02-14,67.39319957884332,2013,2
2013-02-15,67.69893141503916,2013,2
2013-02-16,67.59139203200314,2013,2
2013-02-17,67.14947076152833,2013,2
2013-02-18,66.89399987035259,2013,2
2013-02-19,66.8409379504199,2013,2
2013-02-20,66.97376618790243,2013,2
2013-02-21,67.2516361195761,2013,2
2013-02-22,67.39177803317065,2013,2
2013-02-23,67.59801424870636,2013,2
2013-02-24,67.33610040615505,2013,2
2013-02-25,67.26137293778045,2013,2
2013-02-26,67.36295053690954,2013,2
2013-02-27,67.55001215030698,2013,2
2013-02-28,67.3841313963003,2013,2
2013-03-01,67.34873645689795,2013,3
2013-03-02,67.10194107853464,2013,3
2013-03-03,67.19020748053579,2013,3
2013-03-04,67.27420147937599,2013,3
2013-03-05,67.55295980374832,2013,3
2013-03-06,67.90064269417785,2013,3
2013-03-07,68.0451627676463,2013,3
2013-03-08,68.14042180752364,2013,3
2013-03-09,68.41518228916394,2013,3
2013-03-10,68.52213912312871,2013,3
2013-03-11,68.44339458435446,2013,3
2013-03-12,68.52813540159623,2013,3
2013-03-13,68.57657005322166,2013,3
2013-03-14,68.77227075251562,2013,3
2013-03-15,68.65566015586504,2013,3
2013-03-16,68.61665730244557,2013,3
2013-03-17,68.43954891248741,2013,3
2013-03-18,68.38473784704179,2013,3
2013-03-19,68.51849468902131,2013,3
2013-03-20,68.87293296785782,2013,3
2013-03-21,68.88222370497967,2013,3
2013-03-22,68.89401529378043,2013,3
2013-03-23,69.0827892595973,2013,3
2013-03-24,69.18577645890706,2013,3
2013-03-25,69.14100105183302,2013,3
2013-03-26,69.0972460451996,2013,3
2013-03-27,69.32786471345304,2013,3
2013-03-28,69.43768409762721,2013,3
2013-03-29,69.24616614678287,2013,3
2013-03-30,69.10685927486098,2013,3
2013-03-31,69.26446295360147,2013,3
2013-04-01,69.28588496368809,2013,4
2013-04-02,69.51241135213714,2013,4
2013-04-03,69.44570440030606,2013,4
2013-04-04,69.46694053633041,2013,4
2013-04-05,69.27883923808366,2013,4
2013-04-06,69.2088430513058,2013,4
2013-04-07,69.42457344867809,2013,4
2013-04-08,69.621395044636,2013,4
2013-04-09,69.9723829090907,2013,4
2013-04-10,70.2406282709031,2013,4
2013-04-11,70.02807580935539,2013,4
2013-04-12,70.08904347252965,2013,4
2013-04-13,70.21641148633054,2013,4
2013-04-14,70.18682181092122,2013,4
2013-04-15,69.93249402885621,2013,4
2013-04-16,70.0621193710234,2013,4
2013-04-17,69.92704581425289,2013,4
2013-04-18,69.90481354399071,2013,4
2013-04-19,69.93732305418615,2013,4
2013-04-20,69.62957270051703,2013,4
2013-04-21,69.6982999199531,2013,4
2013-04-22,69.57521760181973,2013,4
2013-04-23,69.79111368718935,2013,4
2013-04-24,70.19212676516754,2013,4
2013-04-25,70.50431614371875,2013,4
2013-04-26,70.46741507933882,2013,4
2013-04-27,70.62776112921217,2013,4
2013-04-28,70.63867148112728,2013,4
2013-04-29,70.76350474123919,2013,4
2013-04-30,70.87763565761394,2013,4
2013-05-01,70.85536156896522,2013,5
2013-05-02,70.64130502926571,2013,5
2013-05-03,70.44131334730581,2013,5
2013-05-04,70.5149932498527,2013,5
2013-05-05,70.96004330482558,2013,5
2013-05-06,71.05919742623578,2013,5
2013-05-07,70.97832360182959,2013,5
2013-05-08,71.07828959409922,2013,5
2013-05-09,71.01900439308393,2013,5
2013-05-10,71.18796385833724,2013,5
2013-05-11,71.21313217120215,2013,5
2013-05-12,71.02514929299146,2013,5
2013-05-13,70.5576999906867,2013,5
2013-05-14,70.92654342338686,2013,5
2013-05-15,70.95170285794796,2013,5
2013-05-16,71.12380440374227,2013,5
2013-05-17,71.11154387227919,2013,5
2013-05-18,71.28848425383782,2013,5
2013-05-19,71.5068906542397,2013,5
2013-05-20,71.66716470755541,2013,5
2013-05-21,71.64571323242303,2013,5
2013-05-22,71.79195037892552,2013,5
2013-05-23,71.70294453558655,2013,5
2013-05-24,71.78143312399095,2013,5
2013-05-25,72.22003500624382,2013,5
2013-05-26,72.00913706221246,2013,5
2013-05-27,71.67972141080503,2013,5
2013-05-28,71.42569156617012,2013,5
2013-05-29,71.38254430815644,2013,5
2013-05-30,71.25902430371177,2013,5
2013-05-31,71.13791192715095,2013,5
2013-06-01,71.17039495791948,2013,6
2013-06-02,71.318813485725,2013,6
2013-06-03,71.42315189942916,2013,6
2013-06-04,71.41794430654815,2013,6
2013-06-05,71.55862735734132,2013,6
2013-06-06,71.65583111568277,2013,6
2013-06-07,71.27892952370317,2013,6
2013-06-08,71.306855305467,2013,6
2013-06-09,71.4683015788086,2013,6
2013-06-10,71.48281929413761,2013,6
2013-06-11,71.42524506476622,2013,6
2013-06-12,71.44762067481282,2013,6
2013-06-13,71.15835938149354,2013,6
2013-06-14,71.06961205369355,2013,6
2013-06-15,70.95262522317317,2013,6
2013-06-16,70.77583427243198,2013,6
2013-06-17,70.82840440169211,2013,6
2013-06-18,70.84087369136766,2013,6
2013-06-19,70.9352792225041,2013,6
2013-06-20,71.09803232062744,2013,6
2013-06-21,71.33614038098163,2013,6
2013-06-22,71.51263432019675,2013,6
2013-06-23,71.46554749844249,2013,6
2013-06-24,71.42307713652691,2013,6
2013-06-25,71.24864510198688,2013,6
2013-06-26,71.21584289124735,2013,6
2013-06-27,71.13477079973839,2013,6
2013-06-28,71.03328167241831,2013,6
2013-06-29,71.32083136284896,2013,6
2013-06-30,71.03396242944216,2013,6
2013-07-01,71.1604536518526,2013,7
2013-07-02,71.14604018044268,2013,7
2013-07-03,71.11986800566285,2013,7
2013-07-04,71.44538985299506,2013,7
2013-07-05,71.11470072878066,2013,7
2013-07-06,71.19096530297325,2013,7
2013-07-07,71.20770607864908,2013,7
2013-07-08,71.05229415353097,2013,7
2013-07-09,71.03242391390282,2013,7
2013-07-10,70.93615979136676,2013,7
2013-07-11,70.8686638393847,2013,7
2013-07-12,70.98549839084008,2013,7
2013-07-13,71.03848048784897,2013,7
2013-07-14,71.11228186344403,2013,7
2013-07-15,71.06934012471937,2013,7
2013-07-16,71.09521602697251,2013,7
2013-07-17,71.1062178230648,2013,7
2013-07-18,71.07743479598288,2013,7
2013-07-19,71.18191734730844,2013,7
2013-07-20,70.94914452691006,2013,7
2013-07-21,71.01008725752689,2013,7
2013-07-22,71.08505006902146,2013,7
2013-07-23,71.04784522962953,2013,7
2013-07-24,71.20585561979779,2013,7
2013-07-25,71.11174193096824,2013,7
2013-07-26,70.94400104114584,2013,7
2013-07-27,70.91432954725383,2013,7
2013-07-28,71.04157768773347,2013,7
2013-07-29,71.08573142545829,2013,7
2013-07-30,71.10344975385766,2013,7
2013-07-31,71.1814476003606,2013,7
2013-08-01,70.9738242984466,2013,8
2013-08-02,70.998994464534,2013,8
2013-08-03,71.01109004329835,2013,8
2013-08-04,71.1288029733356,2013,8
2013-08-05,71.04297144043488,2013,8
2013-08-06,70.82062174700185,2013,8
2013-08-07,70.90551275150793,2013,8
2013-08-08,71.00274049010397,2013,8
2013-08-09,71.24191057168481,2013,8
2013-08-10,70.83564227946694,2013,8
2013-08-11,70.91401626370724,2013,8
2013-08-12,70.97288725511281,2013,8
2013-08-13,70.92054889893407,2013,8
2013-08-14,70.84601947209867,2013,8
2013-08-15,70.78864506031148,2013,8
2013-08-16,70.8068704106291,2013,8
2013-08-17,70.76947441170016,2013,8
2013-08-18,70.80459196594104,2013,8
2013-08-19,70.83856275719157,2013,8
2013-08-20,70.86542160441073,2013,8
2013-08-21,70.83403402965156,2013,8
2013-08-22,70.75449209644123,2013,8
2013-08-23,70.87259927965441,2013,8
2013-08-24,70.96152760566247,2013,8
2013-08-25,71.06934269609874,2013,8
2013-08-26,71.06676583404322,2013,8
2013-08-27,70.94410945833638,2013,8
2013-08-28,70.73818665869393,2013,8
2013-08-29,70.7243991217682,2013,8
2013-08-30,70.73844227153829,2013,8
2013-08-31,70.8399445527958,2013,8
2013-09-01,70.86286701345921,2013,9
2013-09-02,70.8922776214916,2013,9
2013-09-03,70.7658510637082,2013,9
2013-09-04,70.63187490652072,2013,9
2013-09-05,70.58144702508136,2013,9
2013-09-06,71.02737207894789,2013,9
2013-09-07,70.57265425823725,2013,9
2013-09-08,70.55805367207763,2013,9
2013-09-09,70.56031015313847,2013,9
2013-09-10,70.7018335335604,2013,9
2013-09-11,70.69353203307256,2013,9
2013-09-12,70.80015178172194,2013,9
2013-09-13,70.8791514954481,2013,9
2013-09-14,70.93887410013343,2013,9
2013-09-15,70.80836068134148,2013,9
2013-09-16,70.47245168844802,2013,9
2013-09-17,70.48932302832429,2013,9
2013-09-18,70.560296872456,2013,9
2013-09-19,70.64522268635142,2013,9
2013-09-20,70.66569673546532,2013,9
2013-09-21,70.61498844708056,2013,9
2013-09-22,70.60284484552473,2013,9
2013-09-23,70.67397997543915,2013,9
2013-09-24,70.6880406667543,2013,9
2013-09-25,70.54942649983114,2013,9
2013-09-26,70.4930535563371,2013,9
2013-09-27,70.58286048997833,2013,9
2013-09-28,70.64729242439225,2013,9
2013-09-29,70.38287287900843,2013,9
2013-09-30,70.36578932919814,2013,9
2013-10-01,71.09878612099759,2013,10
2013-10-02,70.97198878976367,2013,10
2013-10-03,70.49807203184521,2013,10
2013-10-04,70.87757986287328,2013,10
2013-10-05,70.29410506780069,2013,10
2013-10-06,70.9432254786388,2013,10
2013-10-07,71.03758755731378,2013,10
2013-10-08,71.07629173915076,2013,10
2013-10-09,70.69897013035784,2013,10
2013-10-10,70.81761577300334,2013,10
2013-10-11,70.7323699577705,2013,10
2013-10-12,70.0192001895318,2013,10
2013-10-13,70.53185292770156,2013,10
2013-10-14,70.6430096428261,2013,10
2013-10-15,70.5455533609551,2013,10
2013-10-16,70.55041761605783,2013,10
2013-10-17,70.46376951272714,2013,10
2013-10-18,70.4349223838601,2013,10
2013-10-19,70.6316076527142,2013,10
2013-10-20,70.08220429644253,2013,10
2013-10-21,69.88182572691602,2013,10
2013-10-22,69.79935419974974,2013,10
2013-10-23,69.88319552202678,2013,10
2013-10-24,69.9416599963817,2013,10
2013-10-25,69.99915005292007,2013,10
2013-10-26,69.39945330667707,2013,10
2013-10-27,70.365760287807,2013,10
2013-10-28,69.71330654135802,2013,10
2013-10-29,69.4727304187478,2013,10
2013-10-30,68.76303727889143,2013,10
2013-10-31,68.7161996758289,2013,10
2013-11-01,68.75713013578411,2013,11
2013-11-02,68.71484651647256,2013,11
2013-11-03,68.61596093181493,2013,11
2013-11-04,68.73804345290031,2013,11
2013-11-05,68.32589814544072,2013,11
2013-11-06,68.36280215817874,2013,11
2013-11-07,68.3182641616261,2013,11
2013-11-08,68.1583654930227,2013,11
2013-11-09,67.94389923881353,2013,11
2013-11-10,67.86860683780752,2013,11
2013-11-11,67.593832646026,2013,11
2013-11-12,67.26428922941192,2013,11
2013-11-13,67.06045373023056,2013,11
2013-11-14,66.9458697444784,2013,11
2013-11-15,66.81602859454678,2013,11
2013-11-16,66.84752079036129,2013,11
2013-11-17,67.07063865615484,2013,11
2013-11-18,67.22160363578193,2013,11
2013-11-19,67.09862965632914,2013,11
2013-11-20,66.8955032098886,2013,11
2013-11-21,67.03785025866145,2013,11
2013-11-22,67.30531419870799,2013,11
2013-11-23,67.57698627250087,2013,11
2013-11-24,67.82113559541158,2013,11
2013-11-25,67.7843326263575,2013,11
2013-11-26,67.75611925857086,2013,11
2013-11-27,67.57371750641892,2013,11
2013-11-28,67.51224974128156,2013,11
2013-11-29,67.62727822314676,2013,11
2013-11-30,67.74044469053703,2013,11
2013-12-01,67.48851142813365,2013,12
2013-12-02,67.51516219360667,2013,12
2013-12-03,67.39772747843779,2013,12
2013-12-04,67.33061431310371,2013,12
2013-12-05,67.10066122338455,2013,12
2013-12-06,66.86421443303712,2013,12
2013-12-07,66.57276901377651,2013,12
2013-12-08,66.65122191073793,2013,12
2013-12-09,66.59788267891409,2013,12
2013-12-10,66.55053122195092,2013,12
2013-12-11,66.57333327774215,2013,12
2013-12-12,66.61766710291128,2013,12
2013-12-13,66.57521364527159,2013,12
2013-12-14,66.52670188525076,2013,12
2013-12-15,66.3415855621164,2013,12
2013-12-16,66.1523657303822,2013,12
2013-12-17,66.1903862889904,2013,12
2013-12-18,66.30370190311079,2013,12
2013-12-19,66.40598860429175,2013,12
2013-12-20,66.33740670758145,2013,12
2013-12-21,66.37689849046401,2013,12
2013-12-22,66.60226289825205,2013,12
2013-12-23,66.54733525421756,2013,12
2013-12-24,66.52926488475082,2013,12
2013-12-25,66.40622118077977,2013,12
2013-12-26,66.22255166446531,2013,12
2013-12-27,66.15760002678216,2013,12
2013-12-28,66.08285693990767,2013,12
2013-12-29,66.03482634486203,2013,12
2013-12-30,66.06234486039246,2013,12
2013-12-31,66.24506016040792,2013,12
2014-01-01,66.07572932599558,2014,1
2014-01-02,66.04090031065418,2014,1
2014-01-03,65.97227748607546,2014,1
2014-01-04,66.04588811194438,2014,1
2014-01-05,66.03848981650249,2014,1
2014-01-06,65.94109217937363,2014,1
2014-01-07,65.90664624405348,2014,1
2014-01-08,65.79448272732697,2014,1
2014-01-09,66.09470994694908,2014,1
2014-01-10,65.92695233893802,2014,1
2014-01-11,66.0696731345664,2014,1
2014-01-12,66.00215002694644,2014,1
2014-01-13,66.1736413943775,2014,1
2014-01-14,66.33815768288804,2014,1
2014-01-15,66.41568330696245,2014,1
2014-01-16,66.39501884230775,2014,1
2014-01-17,66.48646150823237,2014,1
2014-01-18,66.53414338391217,2014,1
2014-01-19,66.40552581664996,2014,1
2014-01-20,66.37757915845515,2014,1
2014-01-21,66.75522008495358,2014,1
2014-01-22,66.96434448771537,2014,1
2014-01-23,66.77577314388017,2014,1
2014-01-24,66.76251703779229,2014,1
2014-01-25,66.6960084575654,2014,1
2014-01-26,66.59350590059896,2014,1
2014-01-27,66.37966815104785,2014,1
2014-01-28,66.1920076517078,2014,1
2014-01-29,66.12213143474122,2014,1
2014-01-30,66.27684946606087,2014,1
2014-01-31,66.27347543994429,2014,1
2014-02-01,66.34068385432317,2014,2
2014-02-02,66.55057746203204,2014,2
2014-02-03,66.53285829936014,2014,2
2014-02-04,66.6109755849114,2014,2
2014-02-05,66.86783479807781,2014,2
2014-02-06,66.86200786439653,2014,2
2014-02-07,67.18683085771268,2014,2
2014-02-08,66.88003964689591,2014,2
2014-02-09,66.53664159152314,2014,2
2014-02-10,66.22128649036706,2014,2
2014-02-11,66.25138904468128,2014,2
2014-02-12,66.19960097832191,2014,2
2014-02-13,66.3705408328562,2014,2
2014-02-14,66.87758189793148,2014,2
2014-02-15,66.97555334909661,2014,2
2014-02-16,66.6960385793523,2014,2
2014-02-17,66.3035851807391,2014,2
2014-02-18,66.05658201634242,2014,2
2014-02-19,66.31673711532729,2014,2
2014-02-20,66.65807765299104,2014,2
2014-02-21,67.25498324571979,2014,2
2014-02-22,67.37124312213284,2014,2
2014-02-23,67.43127351966302,2014,2
2014-02-24,67.27830079066997,2014,2
2014-02-25,67.44702848591908,2014,2
2014-02-26,67.53702470280086,2014,2
2014-02-27,67.68055249008184,2014,2
2014-02-28,67.61383798471138,2014,2
2014-03-01,67.41732696064727,2014,3
2014-03-02,67.14622180569447,2014,3
2014-03-03,67.18219045660005,2014,3
2014-03-04,67.47610942011107,2014,3
2014-03-05,67.54719657831988,2014,3
2014-03-06,67.4578331792658,2014,3
2014-03-07,67.46929320818215,2014,3
2014-03-08,67.62112153830178,2014,3
2014-03-09,67.81480991764391,2014,3
2014-03-10,67.91468349786913,2014,3
2014-03-11,67.90704090563467,2014,3
2014-03-12,67.89252004076316,2014,3
2014-03-13,67.95346591326012,2014,3
2014-03-14,67.96392329354221,2014,3
2014-03-15,68.19927216732736,2014,3
2014-03-16,68.3792744882522,2014,3
2014-03-17,68.68319568903271,2014,3
2014-03-18,68.75094484597223,2014,3
2014-03-19,68.53484680960275,2014,3
2014-03-20,68.30130110111604,2014,3
2014-03-21,68.40439101582423,2014,3
2014-03-22,68.57162086150645,2014,3
2014-03-23,68.73463227036571,2014,3
2014-03-24,68.90144082776862,2014,3
2014-03-25,68.92947716649792,2014,3
2014-03-26,69.16754926073787,2014,3
2014-03-27,69.32961258912925,2014,3
2014-03-28,69.33992521613578,2014,3
2014-03-29,69.32883846256591,2014,3
2014-03-30,69.35894464155659,2014,3
2014-03-31,69.29523585923711,2014,3
2014-04-01,69.16724566455132,2014,4
2014-04-02,69.32500420081104,2014,4
2014-04-03,69.29720626283833,2014,4
2014-04-04,69.29683010682542,2014,4
2014-04-05,69.44634574046758,2014,4
2014-04-06,69.64871994868828,2014,4
2014-04-07,69.85279038407347,2014,4
2014-04-08,69.7249376215761,2014,4
2014-04-09,69.5269791375181,2014,4
2014-04-10,69.18969184714746,2014,4
2014-04-11,69.20304926745997,2014,4
2014-04-12,69.39796557907374,2014,4
2014-04-13,69.61953348902745,2014,4
2014-04-14,69.59188620592025,2014,4
2014-04-15,69.85319169872945,2014,4
2014-04-16,70.03374398962103,2014,4
2014-04-17,70.09149375649679,2014,4
2014-04-18,69.91664870107913,2014,4
2014-04-19,69.67265726135889,2014,4
2014-04-20,69.70308695035875,2014,4
2014-04-21,69.68294992476918,2014,4
2014-04-22,69.93449011203981,2014,4
2014-04-23,70.05482895040892,2014,4
2014-04-24,70.15890884975472,2014,4
2014-04-25,70.43808463517486,2014,4
2014-04-26,70.56616647708856,2014,4
2014-04-27,70.77959284912775,2014,4
2014-04-28,70.4994053655749,2014,4
2014-04-29,70.64400918617977,2014,4
2014-04-30,70.71702363205239,2014,4
2014-05-01,70.94833747271772,2014,5
2014-05-02,70.83465671616953,2014,5
2014-05-03,70.72033216562802,2014,5
2014-05-04,70.51081600176826,2014,5
2014-05-05,70.42501105751323,2014,5
2014-05-06,70.52250359891404,2014,5
2014-05-07,70.62293139640951,2014,5
2014-05-08,70.78479884094095,2014,5
2014-05-09,70.6683298080157,2014,5
2014-05-10,70.6405756581338,2014,5
2014-05-11,70.65224782624374,2014,5
2014-05-12,70.73686565902476,2014,5
2014-05-13,70.40672503249091,2014,5
2014-05-14,70.35931427576652,2014,5
2014-05-15,70.40275745911934,2014,5
2014-05-16,70.53248700364416,2014,5
2014-05-17,70.74182575697641,2014,5
2014-05-18,70.88847289648729,2014,5
2014-05-19,70.98353582982111,2014,5
2014-05-20,70.9283302780108,2014,5
2014-05-21,70.93305703252122,2014,5
2014-05-22,70.93862196727018,2014,5
2014-05-23,71.09517644651753,2014,5
2014-05-24,71.1522765720826,2014,5
2014-05-25,71.21524894423062,2014,5
2014-05-26,70.86310206169392,2014,5
2014-05-27,71.15196933228448,2014,5
2014-05-28,71.00547693774224,2014,5
2014-05-29,71.14868331421397,2014,5
2014-05-30,71.55496206874166,2014,5
2014-05-31,71.36411296033141,2014,5
2014-06-01,71.29009860546684,2014,6
2014-06-02,71.32595514115916,2014,6
2014-06-03,71.23305584963472,2014,6
2014-06-04,71.41847625863849,2014,6
2014-06-05,71.60454977092826,2014,6
2014-06-06,71.82791937080863,2014,6
2014-06-07,71.88612765052879,2014,6
2014-06-08,71.87682608233638,2014,6
2014-06-09,71.81724755366746,2014,6
2014-06-10,71.68946953818094,2014,6
2014-06-11,71.84542905803347,2014,6
2014-06-12,71.55182552716741,2014,6
2014-06-13,72.33832067141664,2014,6
2014-06-14,71.45348547699093,2014,6
2014-06-15,71.51374688618405,2014,6
2014-06-16,71.637071443638,2014,6
2014-06-17,71.70738590138022,2014,6
2014-06-18,71.57590634231042,2014,6
2014-06-19,71.45656338565591,2014,6
2014-06-20,71.56469215259084,2014,6
2014-06-21,71.62275770989922,2014,6
2014-06-22,71.46186639372189,2014,6
2014-06-23,71.46634726546348,2014,6
2014-06-24,71.29959748944451,2014,6
2014-06-25,71.3968134221755,2014,6
2014-06-26,71.35041332936443,2014,6
2014-06-27,71.43838692329787,2014,6
2014-06-28,71.5640114496187,2014,6
2014-06-29,71.50380676489354,2014,6
2014-06-30,71.4413967967559,2014,6
2014-07-01,71.37559093455016,2014,7
2014-07-02,71.42630596932572,2014,7
2014-07-03,71.35532134708934,2014,7
2014-07-04,71.38644595636474,2014,7
2014-07-05,71.31727888102016,2014,7
2014-07-06,71.20363444548491,2014,7
2014-07-07,71.23863574266842,2014,7
2014-07-08,71.34603130739191,2014,7
2014-07-09,71.41713299026394,2014,7
2014-07-10,71.44824497560985,2014,7
2014-07-11,71.40330476136569,2014,7
2014-07-12,71.45682100958761,2014,7
2014-07-13,71.44161652905942,2014,7
2014-07-14,71.28865773885923,2014,7
2014-07-15,71.34025601913903,2014,7
2014-07-16,71.18652100048722,2014,7
2014-07-17,71.12589063823431,2014,7
2014-07-18,71.05182149143111,2014,7
2014-07-19,70.98905131286027,2014,7
2014-07-20,70.98034823685667,2014,7
2014-07-21,71.12751281612378,2014,7
2014-07-22,71.12978595941424,2014,7
2014-07-23,71.11824169745988,2014,7
2014-07-24,70.9361389631038,2014,7
2014-07-25,70.92437682092833,2014,7
2014-07-26,71.22095897129073,2014,7
2014-07-27,71.13202860590772,2014,7
2014-07-28,71.04773279385229,2014,7
2014-07-29,70.99990630257746,2014,7
2014-07-30,71.03555787534455,2014,7
2014-07-31,71.21934277710116,2014,7
2014-08-01,71.27944673006846,2014,8
2014-08-02,71.19030815600655,2014,8
2014-08-03,71.16459022559432,2014,8
2014-08-04,71.07464646310548,2014,8
2014-08-05,70.97883231134459,2014,8
2014-08-06,70.93633438971013,2014,8
2014-08-07,70.99671143403782,2014,8
2014-08-08,71.00232674450524,2014,8
2014-08-09,70.93137327260528,2014,8
2014-08-10,70.89752457029118,2014,8
2014-08-11,71.02402371764202,2014,8
2014-08-12,71.05388002165581,2014,8
2014-08-13,71.04916052692883,2014,8
2014-08-14,71.03384719150064,2014,8
2014-08-15,70.95897679688507,2014,8
2014-08-16,70.67557562982037,2014,8
2014-08-17,70.68653479146397,2014,8
2014-08-18,70.7990605817247,2014,8
2014-08-19,70.99044933084038,2014,8
2014-08-20,71.1415387020849,2014,8
2014-08-21,71.10426122703818,2014,8
2014-08-22,70.9845845173065,2014,8
2014-08-23,70.9740786435818,2014,8
2014-08-24,70.97284937271102,2014,8
2014-08-25,70.96474590443917,2014,8
2014-08-26,70.93569991959761,2014,8
2014-08-27,70.81642213175041,2014,8
2014-08-28,70.8078702225922,2014,8
2014-08-29,70.93417885870637,2014,8
2014-08-30,70.85671024007648,2014,8
2014-08-31,70.78082348199152,2014,8
2014-09-01,70.73314531567522,2014,9
2014-09-02,70.6692328011066,2014,9
2014-09-03,70.75624727475991,2014,9
2014-09-04,70.68007074841572,2014,9
2014-09-05,70.68152968914373,2014,9
2014-09-06,70.61448659829028,2014,9
2014-09-07,70.66338190860141,2014,9
2014-09-08,70.724812313714,2014,9
2014-09-09,70.71236714793204,2014,9
2014-09-10,70.71940852313426,2014,9
2014-09-11,70.6100075814475,2014,9
2014-09-12,70.5527290014325,2014,9
2014-09-13,70.52863564577052,2014,9
2014-09-14,70.62774049117834,2014,9
2014-09-15,70.43548105881132,2014,9
2014-09-16,70.53082861453093,2014,9
2014-09-17,70.57988380582404,2014,9
2014-09-18,70.73634755102228,2014,9
2014-09-19,70.73255264683246,2014,9
2014-09-20,70.66810848502062,2014,9
2014-09-21,70.43054677814312,2014,9
2014-09-22,70.4444262241058,2014,9
2014-09-23,70.44771224681469,2014,9
2014-09-24,70.47378034199035,2014,9
2014-09-25,70.3593695658737,2014,9
2014-09-26,70.28322423005426,2014,9
2014-09-27,70.24396697473567,2014,9
2014-09-28,70.37219369323377,2014,9
2014-09-29,70.30129978479341,2014,9
2014-09-30,70.28238281438772,2014,9
2014-10-01,70.17636751846824,2014,10
2014-10-02,70.23096886239036,2014,10
2014-10-03,70.33987068021995,2014,10
2014-10-04,70.33970755037836,2014,10
2014-10-05,70.36228555299397,2014,10
2014-10-06,70.46898108916841,2014,10
2014-10-07,70.26645251113932,2014,10
2014-10-08,70.15772576132964,2014,10
2014-10-09,69.9911278790649,2014,10
2014-10-10,70.02636886294663,2014,10
2014-10-11,69.85326315762978,2014,10
2014-10-12,69.64068220446049,2014,10
2014-10-13,69.79896589797431,2014,10
2014-10-14,69.78835679627826,2014,10
2014-10-15,69.6181713902788,2014,10
2014-10-16,69.53059284347721,2014,10
2014-10-17,69.38049798281936,2014,10
2014-10-18,69.27455278983805,2014,10
2014-10-19,69.18326683522037,2014,10
2014-10-20,69.18351610330603,2014,10
2014-10-21,69.17015869973307,2014,10
2014-10-22,69.16562580845688,2014,10
2014-10-23,69.06265422842229,2014,10
2014-10-24,69.17385720847567,2014,10
2014-10-25,69.27887700775746,2014,10
2014-10-26,69.12557614112073,2014,10
2014-10-27,68.94376258375677,2014,10
2014-10-28,68.82974888705705,2014,10
2014-10-29,68.68792295032196,2014,10
2014-10-30,68.60831017152246,2014,10
2014-10-31,68.68752730633241,2014,10
2014-11-01,68.60430843977662,2014,11
2014-11-02,68.422815151303,2014,11
2014-11-03,68.4402150446599,2014,11
2014-11-04,68.3944403481903,2014,11
2014-11-05,68.39936278507383,2014,11
2014-11-06,68.36997412121754,2014,11
2014-11-07,68.32837501225083,2014,11
2014-11-08,68.39969491713592,2014,11
2014-11-09,68.43444108095117,2014,11
2014-11-10,68.47053819138985,2014,11
2014-11-11,68.48861854285236,2014,11
2014-11-12,68.45066812170938,2014,11
2014-11-13,68.37183515239111,2014,11
2014-11-14,68.28578179883186,2014,11
2014-11-15,68.04584995254167,2014,11
2014-11-16,67.8736966880945,2014,11
2014-11-17,67.73232436202306,2014,11
2014-11-18,67.58171687190914,2014,11
2014-11-19,67.47127301083671,2014,11
2014-11-20,67.36584511979525,2014,11
2014-11-21,67.29159276391695,2014,11
2014-11-22,67.18773865944715,2014,11
2014-11-23,67.2548543284311,2014,11
2014-11-24,67.17399489535576,2014,11
2014-11-25,66.96120168281871,2014,11
2014-11-26,66.87942776119257,2014,11
2014-11-27,66.9555720253948,2014,11
2014-11-28,67.12181235893152,2014,11
2014-11-29,67.32113337107118,2014,11
2014-11-30,67.28643833861072,2014,11
2014-12-01,67.22872431914726,2014,12
2014-12-02,67.12462390131395,2014,12
2014-12-03,66.98565650273636,2014,12
2014-12-04,66.92430864757337,2014,12
2014-12-05,66.83350548663863,2014,12
2014-12-06,66.81612531415811,2014,12
2014-12-07,66.74540127515706,2014,12
2014-12-08,66.71953441630176,2014,12
2014-12-09,66.80049865938268,2014,12
2014-12-10,66.78170906539356,2014,12
2014-12-11,66.77605417774998,2014,12
2014-12-12,66.83903391831818,2014,12
2014-12-13,67.15028029562862,2014,12
2014-12-14,67.2040279974652,2014,12
2014-12-15,66.81945144480392,2014,12
2014-12-16,66.44382056092958,2014,12
2014-12-17,66.18939550101575,2014,12
2014-12-18,65.76764540093278,2014,12
2014-12-19,65.95013472914331,2014,12
2014-12-20,65.86373901059794,2014,12
2014-12-21,65.6648675699244,2014,12
2014-12-22,65.56222968724526,2014,12
2014-12-23,65.70357872887087,2014,12
2014-12-24,65.79771791326364,2014,12
2014-12-25,65.75298331841034,2014,12
2014-12-26,65.66039448648787,2014,12
2014-12-27,65.43196955353064,2014,12
2014-12-28,65.37426698537118,2014,12
2014-12-29,65.46819869974938,2014,12
2014-12-30,65.63597423772886,2014,12
2014-12-31,66.13636330800259,2014,12
2015-01-01,66.74767717762163,2015,1
2015-01-02,67.11065078230509,2015,1
2015-01-03,67.35699823422587,2015,1
2015-01-04,67.12790856465756,2015,1
2015-01-05,66.64980354212017,2015,1
2015-01-06,66.14182069714215,2015,1
2015-01-07,66.02360835560782,2015,1
2015-01-08,66.040803207907,2015,1
2015-01-09,65.95299889394256,2015,1
2015-01-10,65.63269540306328,2015,1
2015-01-11,65.5673505777824,2015,1
2015-01-12,65.50766794201932,2015,1
2015-01-13,65.48182585931455,2015,1
2015-01-14,65.80733118365845,2015,1
2015-01-15,65.72633053845166,2015,1
2015-01-16,65.85012172266401,2015,1
2015-01-17,66.01880027605678,2015,1
2015-01-18,65.66015458398685,2015,1
2015-01-19,65.68898600906986,2015,1
2015-01-20,66.08956489899592,2015,1
2015-01-21,66.2842281727385,2015,1
2015-01-22,66.46945780075811,2015,1
2015-01-23,66.4916040592063,2015,1
2015-01-24,66.5067725261443,2015,1
2015-01-25,66.52900376674762,2015,1
2015-01-26,66.45518287744054,2015,1
2015-01-27,66.3438909805608,2015,1
2015-01-28,66.248454699063,2015,1
2015-01-29,66.25715093143806,2015,1
2015-01-30,66.10979397784797,2015,1
2015-01-31,65.84324319226621,2015,1
2015-02-01,65.97828289613392,2015,2
2015-02-02,66.46967706457231,2015,2
2015-02-03,66.71733950779866,2015,2
2015-02-04,66.55790746174499,2015,2
2015-02-05,66.51137877982391,2015,2
2015-02-06,66.39716954731186,2015,2
2015-02-07,66.45246117609952,2015,2
2015-02-08,66.76697606769615,2015,2
2015-02-09,66.709686742091,2015,2
2015-02-10,66.829983889778,2015,2
2015-02-11,66.77618699529994,2015,2
2015-02-12,66.73983105977969,2015,2
2015-02-13,66.7963451438728,2015,2
2015-02-14,66.95898320254294,2015,2
2015-02-15,67.15300970737707,2015,2
2015-02-16,67.45368951458362,2015,2
2015-02-17,67.92543097604145,2015,2
2015-02-18,67.70060618240387,2015,2
2015-02-19,67.86773201481782,2015,2
2015-02-20,67.82380810137369,2015,2
2015-02-21,67.79110984722082,2015,2
2015-02-22,67.95407372224999,2015,2
2015-02-23,67.98358808102005,2015,2
2015-02-24,68.18492121218769,2015,2
2015-02-25,68.2175679659137,2015,2
2015-02-26,67.75880085124635,2015,2
2015-02-27,67.54527083495937,2015,2
2015-02-28,67.94471447733501,2015,2
2015-03-01,68.13179134327648,2015,3
2015-03-02,67.99223326111687,2015,3
2015-03-03,67.62021306670692,2015,3
2015-03-04,67.36346686553698,2015,3
2015-03-05,67.27938938039563,2015,3
2015-03-06,67.52162100587594,2015,3
2015-03-07,67.63737018867404,2015,3
2015-03-08,67.87866239543493,2015,3
2015-03-09,67.67868087619577,2015,3
2015-03-10,67.62756008714064,2015,3
2015-03-11,67.6365865664832,2015,3
2015-03-12,67.91077818494949,2015,3
2015-03-13,68.2160018516019,2015,3
2015-03-14,68.37103060024624,2015,3
2015-03-15,68.43569702783388,2015,3
2015-03-16,68.21902162926624,2015,3
2015-03-17,68.1680046501155,2015,3
2015-03-18,68.30301260862763,2015,3
2015-03-19,68.18288156028568,2015,3
2015-03-20,68.37452531182898,2015,3
2015-03-21,68.65631169510729,2015,3
2015-03-22,68.9287249809159,2015,3
2015-03-23,69.21512404720613,2015,3
2015-03-24,69.377634206191,2015,3
2015-03-25,69.53346442731767,2015,3
2015-03-26,69.75568635092024,2015,3
2015-03-27,69.78907457750368,2015,3
2015-03-28,69.68753644309659,2015,3
2015-03-29,69.94000766485028,2015,3
2015-03-30,70.1779093459691,2015,3
2015-03-31,69.28087159989337,2015,3
2015-04-01,69.38471780492642,2015,4
2015-04-02,69.57684151990334,2015,4
2015-04-03,69.64652512362882,2015,4
2015-04-04,69.62762376552008,2015,4
2015-04-05,69.49554430386621,2015,4
2015-04-06,69.50078001519141,2015,4
2015-04-07,69.62967719996954,2015,4
2015-04-08,69.55737145108665,2015,4
2015-04-09,69.60137244573055,2015,4
2015-04-10,69.68179702552715,2015,4
2015-04-11,69.78058205329951,2015,4
2015-04-12,69.62153870963465,2015,4
2015-04-13,69.40800513803151,2015,4
2015-04-14,69.29786841869482,2015,4
2015-04-15,69.52871990822399,2015,4
2015-04-16,69.6926797256307,2015,4
2015-04-17,69.83265834353925,2015,4
2015-04-18,69.97760186538095,2015,4
2015-04-19,70.2972790589072,2015,4
2015-04-20,70.62921298083666,2015,4
2015-04-21,70.80528252583942,2015,4
2015-04-22,70.49331134256524,2015,4
2015-04-23,70.46883012411162,2015,4
2015-04-24,70.20352948226311,2015,4
2015-04-25,70.04972903317415,2015,4
2015-04-26,70.12156183604877,2015,4
2015-04-27,70.33173678205448,2015,4
2015-04-28,70.45001574142148,2015,4
2015-04-29,70.42052205093424,2015,4
2015-04-30,70.55743927264406,2015,4
2015-05-01,70.45160098110196,2015,5
2015-05-02,70.59631566386562,2015,5
2015-05-03,70.48574361799227,2015,5
2015-05-04,70.53514293769717,2015,5
2015-05-05,70.48866397732122,2015,5
2015-05-06,70.6816099540262,2015,5
2015-05-07,71.12512875903587,2015,5
2015-05-08,71.0773930986901,2015,5
2015-05-09,71.22758037508414,2015,5
2015-05-10,71.31091583479687,2015,5
2015-05-11,71.24224838014393,2015,5
2015-05-12,70.89524628417294,2015,5
2015-05-13,70.96450400340038,2015,5
2015-05-14,70.77409478254286,2015,5
2015-05-15,70.99799708194962,2015,5
2015-05-16,70.954506120205,2015,5
2015-05-17,70.86406710055053,2015,5
2015-05-18,71.20852541080431,2015,5
2015-05-19,71.4361384974049,2015,5
2015-05-20,71.27667476180326,2015,5
2015-05-21,71.53524747215991,2015,5
2015-05-22,71.51824692308145,2015,5
2015-05-23,71.61919847828996,2015,5
2015-05-24,71.61507341606396,2015,5
2015-05-25,71.66515365174926,2015,5
2015-05-26,71.69280420947409,2015,5
2015-05-27,71.45651890097828,2015,5
2015-05-28,71.35633948296974,2015,5
2015-05-29,71.52788032214025,2015,5
2015-05-30,71.54193859533414,2015,5
2015-05-31,71.77450196723971,2015,5
2015-06-01,71.21072716708142,2015,6
2015-06-02,71.17477940757387,2015,6
2015-06-03,70.93054960596827,2015,6
2015-06-04,71.06880974663824,2015,6
2015-06-05,71.1209718640843,2015,6
2015-06-06,71.2552991144352,2015,6
2015-06-07,71.44068633525919,2015,6
2015-06-08,71.51429483982736,2015,6
2015-06-09,71.54225649967455,2015,6
2015-06-10,71.59901982876337,2015,6
2015-06-11,71.37202809271473,2015,6
2015-06-12,71.15615372624748,2015,6
2015-06-13,71.15154226677774,2015,6
2015-06-14,70.74241052951675,2015,6
2015-06-15,70.89724991762917,2015,6
2015-06-16,71.0510662930656,2015,6
2015-06-17,71.12084809931874,2015,6
2015-06-18,71.19882640348507,2015,6
2015-06-19,71.39635633044077,2015,6
2015-06-20,71.52031544062467,2015,6
2015-06-21,71.32923989244604,2015,6
2015-06-22,71.20675080244119,2015,6
2015-06-23,71.22866742232026,2015,6
2015-06-24,71.18725093147626,2015,6
2015-06-25,71.00131389042387,2015,6
2015-06-26,71.01027691021244,2015,6
2015-06-27,71.17883598644329,2015,6
2015-06-28,71.24894033301106,2015,6
2015-06-29,71.21115845371133,2015,6
2015-06-30,71.10062360749035,2015,6
2015-07-01,71.11512412828723,2015,7
2015-07-02,71.14689832181962,2015,7
2015-07-03,71.27656136166642,2015,7
2015-07-04,71.38886132811223,2015,7
2015-07-05,71.76002526811203,2015,7
2015-07-06,71.38502477931394,2015,7
2015-07-07,71.28710616952851,2015,7
2015-07-08,71.44713114685665,2015,7
2015-07-09,71.33089805569863,2015,7
2015-07-10,71.18237226826668,2015,7
2015-07-11,71.04544742296373,2015,7
2015-07-12,71.08979176714438,2015,7
2015-07-13,71.61677476219766,2015,7
2015-07-14,71.43703690029945,2015,7
2015-07-15,71.49449485779408,2015,7
2015-07-16,71.44028905127148,2015,7
2015-07-17,71.3616324376248,2015,7
2015-07-18,71.39071382965464,2015,7
2015-07-19,71.21364452862156,2015,7
2015-07-20,71.1193168763991,2015,7
2015-07-21,71.19530266825817,2015,7
2015-07-22,71.19284322267703,2015,7
2015-07-23,71.17072038193409,2015,7
2015-07-24,71.06547236125914,2015,7
2015-07-25,71.32548667442298,2015,7
2015-07-26,70.92202260356488,2015,7
2015-07-27,70.89628067858497,2015,7
2015-07-28,70.84344906047274,2015,7
2015-07-29,70.92869339690493,2015,7
2015-07-30,71.20013621012332,2015,7
2015-07-31,71.10689348891515,2015,7
2015-08-01,71.00714837357884,2015,8
2015-08-02,70.89361439148685,2015,8
2015-08-03,70.98123076952336,2015,8
2015-08-04,71.0545824790244,2015,8
2015-08-05,70.98918536473889,2015,8
2015-08-06,71.03265231492607,2015,8
2015-08-07,71.0763233130635,2015,8
2015-08-08,71.15539518256082,2015,8
2015-08-09,71.3232345100362,2015,8
2015-08-10,71.29316939559536,2015,8
2015-08-11,71.30934785105019,2015,8
2015-08-12,71.13013336473061,2015,8
2015-08-13,71.12531959630635,2015,8
2015-08-14,71.1357240191749,2015,8
2015-08-15,71.18932787757943,2015,8
2015-08-16,71.09820000414527,2015,8
2015-08-17,71.01704050588589,2015,8
2015-08-18,71.0601468956669,2015,8
2015-08-19,71.04707849016702,2015,8
2015-08-20,71.07315253605708,2015,8
2015-08-21,70.93397052535009,2015,8
2015-08-22,70.91421504433534,2015,8
2015-08-23,70.89173240746607,2015,8
2015-08-24,71.80682010064125,2015,8
2015-08-25,70.9481546701762,2015,8
2015-08-26,71.15288295559515,2015,8
2015-08-27,71.05578336684651,2015,8
2015-08-28,70.962846934379,2015,8
2015-08-29,71.03203008251313,2015,8
2015-08-30,71.18769474083109,2015,8
2015-08-31,70.96531474250871,2015,8
2015-09-01,70.8845697911681,2015,9
2015-09-02,70.82498382432165,2015,9
2015-09-03,70.80376578480154,2015,9
2015-09-04,70.8228581891824,2015,9
2015-09-05,70.90431227955071,2015,9
2015-09-06,70.83291628001618,2015,9
2015-09-07,70.68800910391317,2015,9
2015-09-08,70.67819021724334,2015,9
2015-09-09,70.7079149806474,2015,9
2015-09-10,70.73055382992729,2015,9
2015-09-11,70.74637434797266,2015,9
2015-09-12,70.84895175383268,2015,9
2015-09-13,70.86761260984001,2015,9
2015-09-14,70.8953955143742,2015,9
2015-09-15,71.07975022906447,2015,9
2015-09-16,70.98919356231096,2015,9
2015-09-17,70.82557956968019,2015,9
2015-09-18,70.94921479745004,2015,9
2015-09-19,70.96124361030407,2015,9
2015-09-20,70.75093726819472,2015,9
2015-09-21,70.53215272334923,2015,9
2015-09-22,70.66457236715337,2015,9
2015-09-23,70.6516808276246,2015,9
2015-09-24,70.52039201208791,2015,9
2015-09-25,70.32189219546932,2015,9
2015-09-26,70.23312751362982,2015,9
2015-09-27,70.17880127420415,2015,9
2015-09-28,70.1188325503441,2015,9
2015-09-29,70.22188028270371,2015,9
2015-09-30,70.26829979230132,2015,9
2015-10-01,70.28922558345148,2015,10
2015-10-02,70.32263355942395,2015,10
2015-10-03,70.27934701004794,2015,10
2015-10-04,70.16168030126134,2015,10
2015-10-05,70.04477056563366,2015,10
2015-10-06,69.95743784297285,2015,10
2015-10-07,70.06997094546743,2015,10
2015-10-08,70.06912517804629,2015,10
2015-10-09,70.01755775789411,2015,10
2015-10-10,70.00504792988956,2015,10
2015-10-11,70.06966652411295,2015,10
2015-10-12,70.0282475088604,2015,10
2015-10-13,69.98364458013889,2015,10
2015-10-14,70.0068354858885,2015,10
2015-10-15,69.77256201303955,2015,10
2015-10-16,69.90456943026356,2015,10
2015-10-17,69.8713120470699,2015,10
2015-10-18,69.93092854511016,2015,10
2015-10-19,69.89095798095778,2015,10
2015-10-20,69.84085427121525,2015,10
2015-10-21,69.74523788912865,2015,10
2015-10-22,69.61955137794878,2015,10
2015-10-23,69.28890032497343,2015,10
2015-10-24,69.18276062777973,2015,10
2015-10-25,69.25777840104708,2015,10
2015-10-26,69.14086437689886,2015,10
2015-10-27,69.00278532147112,2015,10
2015-10-28,68.95749242235793,2015,10
2015-10-29,68.63465072342541,2015,10
2015-10-30,68.6343005583254,2015,10
2015-10-31,68.70874736252343,2015,10
2015-11-01,68.86407906754485,2015,11
2015-11-02,69.00340606335428,2015,11
2015-11-03,69.100108028877,2015,11
2015-11-04,69.00774547885158,2015,11
2015-11-05,68.96301697634496,2015,11
2015-11-06,68.69041701557136,2015,11
2015-11-07,68.56707318560859,2015,11
2015-11-08,68.5275885909169,2015,11
2015-11-09,68.5072783676445,2015,11
2015-11-10,68.49733402870102,2015,11
2015-11-11,68.40540296402169,2015,11
2015-11-12,68.32379311441038,2015,11
2015-11-13,68.30421337525055,2015,11
2015-11-14,68.17388181908784,2015,11
2015-11-15,68.34696483547476,2015,11
2015-11-16,68.71422579625879,2015,11
2015-11-17,68.0446336279687,2015,11
2015-11-18,67.77161235708215,2015,11
2015-11-19,67.76568298837363,2015,11
2015-11-20,67.74725311220327,2015,11
2015-11-21,67.81110142178915,2015,11
2015-11-22,67.95760972648557,2015,11
2015-11-23,68.0519812609045,2015,11
2015-11-24,68.05769090431609,2015,11
2015-11-25,67.95375112787788,2015,11
2015-11-26,67.80988063092612,2015,11
2015-11-27,67.58789865555738,2015,11
2015-11-28,67.69962758320536,2015,11
2015-11-29,67.83641019695939,2015,11
2015-11-30,68.04658085027515,2015,11
2015-12-01,68.13637330925228,2015,12
2015-12-02,68.00233641173077,2015,12
2015-12-03,67.83263503605973,2015,12
2015-12-04,67.51013007714704,2015,12
2015-12-05,67.35640097397383,2015,12
2015-12-06,67.26092606078768,2015,12
2015-12-07,67.17577029689004,2015,12
2015-12-08,67.07527255851039,2015,12
2015-12-09,67.30870029500697,2015,12
2015-12-10,67.58413221275444,2015,12
2015-12-11,67.58958493138005,2015,12
2015-12-12,67.16766088650719,2015,12
2015-12-13,67.35899205589979,2015,12
2015-12-14,66.786480168964,2015,12
2015-12-15,66.47361147275463,2015,12
2015-12-16,66.0916594099373,2015,12
2015-12-17,66.35736477077158,2015,12
2015-12-18,66.23878424128999,2015,12
2015-12-19,66.0048671109034,2015,12
2015-12-20,66.08595767368779,2015,12
2015-12-21,66.1313666719122,2015,12
2015-12-22,66.12343970788974,2015,12
2015-12-23,66.08922040152484,2015,12
2015-12-24,66.01658379438351,2015,12
2015-12-25,65.6301064578955,2015,12
2015-12-26,65.49237517369792,2015,12
2015-12-27,65.80049460482232,2015,12
2015-12-28,66.07012398693372,2015,12
2015-12-29,66.264393570068,2015,12
2015-12-30,66.35212484368198,2015,12
2015-12-31,66.44208477688984,2015,12
2016-01-01,66.46186209327925,2016,1
2016-01-02,66.34839590193731,2016,1
2016-01-03,66.2527659860313,2016,1
2016-01-04,66.3020847275525,2016,1
2016-01-05,66.47311673492696,2016,1
2016-01-06,66.59154478752421,2016,1
2016-01-07,66.67445867160582,2016,1
2016-01-08,66.69250383558528,2016,1
2016-01-09,66.64102121461019,2016,1
2016-01-10,66.13561532767518,2016,1
2016-01-11,66.08244750192944,2016,1
2016-01-12,66.23514850230384,2016,1
2016-01-13,66.79233958864481,2016,1
2016-01-14,66.86165121964434,2016,1
2016-01-15,66.42128608508644,2016,1
2016-01-16,66.42225282552911,2016,1
2016-01-17,66.35483530620965,2016,1
2016-01-18,66.32299433331593,2016,1
2016-01-19,66.71795397007595,2016,1
2016-01-20,66.62442879531622,2016,1
2016-01-21,66.16036615941532,2016,1
2016-01-22,65.79093637298924,2016,1
2016-01-23,65.53366167101234,2016,1
2016-01-24,65.70776976629469,2016,1
2016-01-25,65.75616022801287,2016,1
2016-01-26,65.98349888197998,2016,1
2016-01-27,66.27646035636295,2016,1
2016-01-28,66.76061632030114,2016,1
2016-01-29,66.80119278199568,2016,1
2016-01-30,66.99287909027932,2016,1
2016-01-31,67.17259384318149,2016,1
2016-02-01,66.92443394875016,2016,2
2016-02-02,66.71459941201587,2016,2
2016-02-03,66.54930046563742,2016,2
2016-02-04,66.26606751725258,2016,2
2016-02-05,66.34981575948953,2016,2
2016-02-06,67.18072860307826,2016,2
2016-02-07,67.14331594697603,2016,2
2016-02-08,66.9896969558434,2016,2
2016-02-09,66.95363528053578,2016,2
2016-02-10,67.49316622347847,2016,2
2016-02-11,67.31157460080983,2016,2
2016-02-12,67.11974573922843,2016,2
2016-02-13,67.3117244490288,2016,2
2016-02-14,67.16621444014494,2016,2
2016-02-15,67.3003399501665,2016,2
2016-02-16,67.52167443487848,2016,2
2016-02-17,67.63635757363363,2016,2
2016-02-18,67.95189871642981,2016,2
2016-02-19,68.31919664776738,2016,2
2016-02-20,68.70703956865705,2016,2
2016-02-21,68.41539531055433,2016,2
2016-02-22,68.03114344154856,2016,2
2016-02-23,67.78902873385404,2016,2
2016-02-24,67.72459542508304,2016,2
2016-02-25,67.83744060117314,2016,2
2016-02-26,68.14964521287527,2016,2
2016-02-27,68.31369669593487,2016,2
2016-02-28,68.27222915543167,2016,2
2016-02-29,68.28722155746031,2016,2
2016-03-01,68.36526265219263,2016,3
2016-03-02,68.5725803583835,2016,3
2016-03-03,68.70397738650146,2016,3
2016-03-04,68.72134618951458,2016,3
2016-03-05,68.74971798919205,2016,3
2016-03-06,68.6200887086414,2016,3
2016-03-07,68.5353321376234,2016,3
2016-03-08,68.55760270931455,2016,3
2016-03-09,68.75025519306602,2016,3
2016-03-10,68.92447817053882,2016,3
2016-03-11,69.17780620097163,2016,3
2016-03-12,69.10403507251354,2016,3
2016-03-13,68.93586611118535,2016,3
2016-03-14,68.6669689195326,2016,3
2016-03-15,68.53736940026914,2016,3
2016-03-16,68.50268236161583,2016,3
2016-03-17,68.72621566036612,2016,3
2016-03-18,69.07852468989316,2016,3
2016-03-19,69.39875335181011,2016,3
2016-03-20,69.41468357739743,2016,3
2016-03-21,69.24354942260206,2016,3
2016-03-22,68.91268490526048,2016,3
2016-03-23,68.72188054339668,2016,3
2016-03-24,68.95581715879023,2016,3
2016-03-25,69.39501199616547,2016,3
2016-03-26,69.53581829141531,2016,3
2016-03-27,69.62671803516378,2016,3
2016-03-28,69.35628936959026,2016,3
2016-03-29,69.29636381908998,2016,3
2016-03-30,69.5638930925521,2016,3
2016-03-31,69.69192659289428,2016,3
2016-04-01,69.67931256050925,2016,4
2016-04-02,70.11556922355386,2016,4
2016-04-03,70.54720505688947,2016,4
2016-04-04,70.57664747793659,2016,4
2016-04-05,70.49872015614315,2016,4
2016-04-06,70.34405984129421,2016,4
2016-04-07,70.12216498871626,2016,4
2016-04-08,69.94965666866452,2016,4
2016-04-09,70.10183871667982,2016,4
2016-04-10,70.28169496528741,2016,4
2016-04-11,70.35262431765281,2016,4
2016-04-12,70.312323317163,2016,4
2016-04-13,70.33697911786679,2016,4
2016-04-14,70.4078488584637,2016,4
2016-04-15,70.54272099986122,2016,4
2016-04-16,70.85198325467593,2016,4
2016-04-17,70.99488898707452,2016,4
2016-04-18,70.85586604770562,2016,4
2016-04-19,70.78949709548787,2016,4
2016-04-20,70.80880589079645,2016,4
2016-04-21,70.83815859658375,2016,4
2016-04-22,70.78228982084441,2016,4
2016-04-23,70.47625773122155,2016,4
2016-04-24,70.32650437562691,2016,4
2016-04-25,70.23052740609705,2016,4
2016-04-26,70.60366560815038,2016,4
2016-04-27,70.7804801443529,2016,4
2016-04-28,70.76217247489708,2016,4
2016-04-29,70.724345435592,2016,4
2016-04-30,70.79674990058062,2016,4
2016-05-01,70.73674921603487,2016,5
2016-05-02,70.97233209063101,2016,5
2016-05-03,71.22547777239112,2016,5
2016-05-04,70.8203012592068,2016,5
2016-05-05,70.4874865953116,2016,5
2016-05-06,70.75438281166844,2016,5
2016-05-07,70.48371367442337,2016,5
2016-05-08,70.80338146046263,2016,5
2016-05-09,71.09341880823122,2016,5
2016-05-10,71.18387366215019,2016,5
2016-05-11,71.01160397811317,2016,5
2016-05-12,71.20838494093765,2016,5
2016-05-13,71.19222592341691,2016,5
2016-05-14,71.2568328121904,2016,5
2016-05-15,71.32974919359195,2016,5
2016-05-16,71.32260189487873,2016,5
2016-05-17,71.3766328661514,2016,5
2016-05-18,71.38052272307128,2016,5
2016-05-19,71.55393875894588,2016,5
2016-05-20,71.572519097849,2016,5
2016-05-21,71.52246953721587,2016,5
2016-05-22,71.46550817040375,2016,5
2016-05-23,71.70713554055476,2016,5
2016-05-24,71.07971852135897,2016,5
2016-05-25,71.35119358940614,2016,5
2016-05-26,71.13480035412908,2016,5
2016-05-27,71.51894761572255,2016,5
2016-05-28,71.47490051961724,2016,5
2016-05-29,70.97640987613013,2016,5
2016-05-30,71.0296380827131,2016,5
2016-05-31,71.15833001243242,2016,5
2016-06-01,71.4101330565912,2016,6
2016-06-02,71.58112398987682,2016,6
2016-06-03,71.67357603894044,2016,6
2016-06-04,71.67055176520502,2016,6
2016-06-05,71.65798067610129,2016,6
2016-06-06,71.5063559081668,2016,6
2016-06-07,71.49608889198859,2016,6
2016-06-08,71.43295042790395,2016,6
2016-06-09,71.44408317118155,2016,6
2016-06-10,71.57211756897449,2016,6
2016-06-11,71.6024786578008,2016,6
2016-06-12,71.4535905638383,2016,6
2016-06-13,71.54364969996774,2016,6
2016-06-14,71.47049363736457,2016,6
2016-06-15,71.6571101671701,2016,6
2016-06-16,71.43926231006704,2016,6
2016-06-17,71.42291394188442,2016,6
2016-06-18,71.34148010131334,2016,6
2016-06-19,71.39395702350257,2016,6
2016-06-20,71.61234283335484,2016,6
2016-06-21,71.57023522681476,2016,6
2016-06-22,71.22186367028618,2016,6
2016-06-23,71.19785956543403,2016,6
2016-06-24,71.24020449357414,2016,6
2016-06-25,71.34250574239236,2016,6
2016-06-26,71.30483142158295,2016,6
2016-06-27,71.36865385017104,2016,6
2016-06-28,71.23708591351732,2016,6
2016-06-29,71.3837158868765,2016,6
2016-06-30,71.9839197802173,2016,6
2016-07-01,71.55554129943044,2016,7
2016-07-02,71.19250960053343,2016,7
2016-07-03,71.12980206711664,2016,7
2016-07-04,71.14783223376314,2016,7
2016-07-05,71.2216657111144,2016,7
2016-07-06,71.06868531101809,2016,7
2016-07-07,71.23560904709349,2016,7
2016-07-08,71.37034707560075,2016,7
2016-07-09,71.21565739520888,2016,7
2016-07-10,71.1721684289303,2016,7
2016-07-11,71.21277353640897,2016,7
2016-07-12,71.24304461165262,2016,7
2016-07-13,71.22774140528038,2016,7
2016-07-14,71.3339193721097,2016,7
2016-07-15,71.29261078610116,2016,7
2016-07-16,71.0950691583815,2016,7
2016-07-17,70.98515993437913,2016,7
2016-07-18,70.88442089652975,2016,7
2016-07-19,70.88673609274848,2016,7
2016-07-20,71.04501649254641,2016,7
2016-07-21,71.32703228187464,2016,7
2016-07-22,71.1536929994393,2016,7
2016-07-23,70.94677213550257,2016,7
2016-07-24,71.07435629213163,2016,7
2016-07-25,71.12622487927185,2016,7
2016-07-26,71.11888766704955,2016,7
2016-07-27,70.9081534272147,2016,7
2016-07-28,70.88658398779474,2016,7
2016-07-29,70.93783011886092,2016,7
2016-07-30,70.94832040444139,2016,7
2016-07-31,70.93045043999051,2016,7
2016-08-01,70.97338409965714,2016,8
2016-08-02,70.94192333182339,2016,8
2016-08-03,70.9926390668735,2016,8
2016-08-04,71.06508548643876,2016,8
2016-08-05,71.16770208041943,2016,8
2016-08-06,71.2084862021477,2016,8
2016-08-07,71.038867252048,2016,8
2016-08-08,70.94824513676238,2016,8
2016-08-09,71.05421484453227,2016,8
2016-08-10,70.9755422884954,2016,8
2016-08-11,70.99879436756551,2016,8
2016-08-12,70.97579926870533,2016,8
2016-08-13,71.20572959587146,2016,8
2016-08-14,71.13626548345201,2016,8
2016-08-15,71.02747202091476,2016,8
2016-08-16,70.91688798968359,2016,8
2016-08-17,70.86850889610776,2016,8
2016-08-18,70.82245577870354,2016,8
2016-08-19,70.9647454770677,2016,8
2016-08-20,71.05387384553303,2016,8
2016-08-21,70.98136580316225,2016,8
2016-08-22,70.90475720351816,2016,8
2016-08-23,71.02208550296875,2016,8
2016-08-24,70.98514193092147,2016,8
2016-08-25,71.02727128244437,2016,8
2016-08-26,70.9573495782695,2016,8
2016-08-27,71.05497829311173,2016,8
2016-08-28,71.04170891604431,2016,8
2016-08-29,71.07744915161852,2016,8
2016-08-30,71.01833798661781,2016,8
2016-08-31,70.87649259611018,2016,8
2016-09-01,70.7921300730162,2016,9
2016-09-02,70.76156891222601,2016,9
2016-09-03,70.6892873053228,2016,9
2016-09-04,70.83835535673548,2016,9
2016-09-05,70.67152875050164,2016,9
2016-09-06,70.61367532459406,2016,9
2016-09-07,70.593184306623,2016,9
2016-09-08,70.64659648515519,2016,9
2016-09-09,70.80506020209113,2016,9
2016-09-10,70.87298984165213,2016,9
2016-09-11,70.73724559308519,2016,9
2016-09-12,70.61731873371626,2016,9
2016-09-13,70.61487580506535,2016,9
2016-09-14,70.69090966021126,2016,9
2016-09-15,70.88023001205855,2016,9
2016-09-16,70.76882266290423,2016,9
2016-09-17,70.82114190791353,2016,9
2016-09-18,70.80430191276133,2016,9
2016-09-19,70.80430334307614,2016,9
2016-09-20,70.84805211627742,2016,9
2016-09-21,70.72275535134023,2016,9
2016-09-22,70.52590238768535,2016,9
2016-09-23,70.69837586249318,2016,9
2016-09-24,70.53345887981027,2016,9
2016-09-25,70.44576360139743,2016,9
2016-09-26,70.51521807017896,2016,9
2016-09-27,70.59385202839469,2016,9
2016-09-28,70.61569966292487,2016,9
2016-09-29,70.56567806248015,2016,9
2016-09-30,70.61962575818555,2016,9
2016-10-01,70.69390403652287,2016,10
2016-10-02,70.81846715173816,2016,10
2016-10-03,70.79710333733688,2016,10
2016-10-04,70.73469145937334,2016,10
2016-10-05,70.6175058550077,2016,10
2016-10-06,70.36042780967341,2016,10
2016-10-07,70.44205026104412,2016,10
2016-10-08,70.40747817839932,2016,10
2016-10-09,70.31617519137406,2016,10
2016-10-10,70.2117802839376,2016,10
2016-10-11,70.00416940944334,2016,10
2016-10-12,69.8732261270269,2016,10
2016-10-13,69.58422058601786,2016,10
2016-10-14,69.35956223823061,2016,10
2016-10-15,69.26460107317477,2016,10
2016-10-16,69.25528120761145,2016,10
2016-10-17,69.19977663911297,2016,10
2016-10-18,69.13303755250841,2016,10
2016-10-19,69.04589368888875,2016,10
2016-10-20,68.98194924975348,2016,10
2016-10-21,68.92822745511519,2016,10
2016-10-22,68.93132207720278,2016,10
2016-10-23,68.942880842861,2016,10
2016-10-24,68.96619305311856,2016,10
2016-10-25,68.97805840679911,2016,10
2016-10-26,68.78658461622577,2016,10
2016-10-27,68.7253069718715,2016,10
2016-10-28,68.60629341106437,2016,10
2016-10-29,68.65287762904782,2016,10
2016-10-30,68.61110766956229,2016,10
2016-10-31,68.60514337973947,2016,10
2016-11-01,68.51338497336087,2016,11
2016-11-02,68.44230004176649,2016,11
2016-11-03,68.43446424854653,2016,11
2016-11-04,68.42213728022995,2016,11
2016-11-05,68.3474894338433,2016,11
2016-11-06,68.06608795208967,2016,11
2016-11-07,67.92117582158475,2016,11
2016-11-08,67.5456253437857,2016,11
2016-11-09,67.34112856574025,2016,11
2016-11-10,67.34680382787734,2016,11
2016-11-11,67.40027162121594,2016,11
2016-11-12,67.51963155455024,2016,11
2016-11-13,67.6694657151942,2016,11
2016-11-14,67.73336522787358,2016,11
2016-11-15,67.67419937198144,2016,11
2016-11-16,67.62127289469639,2016,11
2016-11-17,67.63319669690905,2016,11
2016-11-18,67.22466754823563,2016,11
2016-11-19,66.98678051989452,2016,11
2016-11-20,67.02274149849889,2016,11
2016-11-21,67.10906665468056,2016,11
2016-11-22,67.00171951398971,2016,11
2016-11-23,67.03057693590122,2016,11
2016-11-24,67.04408640443043,2016,11
2016-11-25,67.07427748588424,2016,11
2016-11-26,67.14760106360008,2016,11
2016-11-27,67.07004624354678,2016,11
2016-11-28,67.04851483770567,2016,11
2016-11-29,66.96924488374063,2016,11
2016-11-30,67.13937853296623,2016,11
2016-12-01,67.26375997490756,2016,12
2016-12-02,67.41200062761946,2016,12
2016-12-03,67.60216317204437,2016,12
2016-12-04,67.5595124243551,2016,12
2016-12-05,67.21758647767629,2016,12
2016-12-06,66.89201049302011,2016,12
2016-12-07,66.67608773192647,2016,12
2016-12-08,66.65875207451278,2016,12
2016-12-09,66.53126806785205,2016,12
2016-12-10,66.44502515692179,2016,12
2016-12-11,66.62070312464373,2016,12
2016-12-12,66.81391443001671,2016,12
2016-12-13,66.97667773296264,2016,12
2016-12-14,67.03803834233679,2016,12
2016-12-15,66.8906176765585,2016,12
2016-12-16,66.62438728307164,2016,12
2016-12-17,66.52311151226426,2016,12
2016-12-18,66.37327716670377,2016,12
2016-12-19,66.27508200950174,2016,12
2016-12-20,66.26530193446565,2016,12
2016-12-21,66.26224708712745,2016,12
2016-12-22,66.10359204074872,2016,12
2016-12-23,66.19700841862377,2016,12
2016-12-24,66.29166612689463,2016,12
2016-12-25,66.5542387057376,2016,12
2016-12-26,66.378777356131,2016,12
2016-12-27,66.72217107778243,2016,12
2016-12-28,66.23195799112032,2016,12
2016-12-29,66.3664151961027,2016,12
2016-12-30,66.38356906129958,2016,12
2016-12-31,66.42582036036593,2016,12
2017-01-01,66.56179694481723,2017,1
2017-01-02,66.51411870745392,2017,1
2017-01-03,66.5349959566988,2017,1
2017-01-04,66.31232183536518,2017,1
2017-01-05,66.23995535133405,2017,1
2017-01-06,66.31538076204656,2017,1
2017-01-07,66.32767979065542,2017,1
2017-01-08,66.25104627524426,2017,1
2017-01-09,66.08844847733711,2017,1
2017-01-10,65.97334607166378,2017,1
2017-01-11,65.44475312668565,2017,1
2017-01-12,65.11584306284209,2017,1
2017-01-13,65.05476808303693,2017,1
2017-01-14,65.35454172177099,2017,1
2017-01-15,65.73570961095746,2017,1
2017-01-16,65.9714372779663,2017,1
2017-01-17,65.7681815417355,2017,1
2017-01-18,65.83810479177137,2017,1
2017-01-19,65.91253226818517,2017,1
2017-01-20,66.05788155897727,2017,1
2017-01-21,66.3163239955803,2017,1
2017-01-22,66.61812683634537,2017,1
2017-01-23,66.6147307607483,2017,1
2017-01-24,66.88736134806967,2017,1
2017-01-25,67.01916463732235,2017,1
2017-01-26,67.26594436901615,2017,1
2017-01-27,67.16460126541496,2017,1
2017-01-28,66.71921129331379,2017,1
2017-01-29,66.64458827304138,2017,1
2017-01-30,66.52453212948193,2017,1
2017-01-31,66.57447631270414,2017,1
2017-02-01,66.69337793315842,2017,2
2017-02-02,66.72222707288626,2017,2
2017-02-03,66.83595463135019,2017,2
2017-02-04,67.04852438764924,2017,2
2017-02-05,67.0571486150835,2017,2
2017-02-06,66.90584843666619,2017,2
2017-02-07,66.55820293079812,2017,2
2017-02-08,66.55514393651342,2017,2
2017-02-09,66.543872375571,2017,2
2017-02-10,66.64227135459825,2017,2
2017-02-11,66.7715405252973,2017,2
2017-02-12,66.71726885193588,2017,2
2017-02-13,66.93003061386104,2017,2
2017-02-14,67.20281949360239,2017,2
2017-02-15,67.29637015592184,2017,2
2017-02-16,67.4073496252527,2017,2
2017-02-17,67.62841400951001,2017,2
2017-02-18,67.71551166102839,2017,2
2017-02-19,67.9218984322929,2017,2
2017-02-20,68.08413262166425,2017,2
2017-02-21,67.94434749843303,2017,2
2017-02-22,67.63327146427964,2017,2
2017-02-23,67.44995090281513,2017,2
2017-02-24,67.20922079531304,2017,2
2017-02-25,67.15050013002853,2017,2
2017-02-26,67.22624413298674,2017,2
2017-02-27,67.45560433441122,2017,2
2017-02-28,67.70517550815968,2017,2
2017-03-01,67.92227474745492,2017,3
2017-03-02,68.02807793889455,2017,3
2017-03-03,67.92267028989728,2017,3
2017-03-04,67.89930280730631,2017,3
2017-03-05,67.9233223588016,2017,3
2017-03-06,67.78941943289418,2017,3
2017-03-07,67.93347837044227,2017,3
2017-03-08,68.2924253712229,2017,3
2017-03-09,68.378111124073,2017,3
2017-03-10,68.24191695288005,2017,3
2017-03-11,67.674107873679,2017,3
2017-03-12,67.0898879497386,2017,3
2017-03-13,66.88000805305552,2017,3
2017-03-14,67.19118655966824,2017,3
2017-03-15,67.76466266546599,2017,3
2017-03-16,67.9197776971768,2017,3
2017-03-17,68.1030944047213,2017,3
2017-03-18,68.30986651972128,2017,3
2017-03-19,68.39963407111415,2017,3
2017-03-20,68.43552107276771,2017,3
2017-03-21,68.45586189881763,2017,3
2017-03-22,68.69153846422608,2017,3
2017-03-23,69.07075493144954,2017,3
2017-03-24,69.33173526711538,2017,3
2017-03-25,69.36928244939735,2017,3
2017-03-26,69.46005134823358,2017,3
2017-03-27,69.87955303204262,2017,3
2017-03-28,69.96661388402774,2017,3
2017-03-29,70.14536095433648,2017,3
2017-03-30,70.13506037366636,2017,3
2017-03-31,70.13436316641025,2017,3
2017-04-01,70.20327860585184,2017,4
2017-04-02,70.15320715419824,2017,4
2017-04-03,70.18591593264487,2017,4
2017-04-04,70.25740395251485,2017,4
2017-04-05,70.23483565921266,2017,4
2017-04-06,70.17559411351343,2017,4
2017-04-07,69.92373845519234,2017,4
2017-04-08,69.56196882259601,2017,4
2017-04-09,69.58743617073704,2017,4
2017-04-10,69.41954904211393,2017,4
2017-04-11,69.36857542119654,2017,4
2017-04-12,69.53862358525797,2017,4
2017-04-13,69.7903154727545,2017,4
2017-04-14,70.11961004015332,2017,4
2017-04-15,70.34643480372851,2017,4
2017-04-16,70.39645729818724,2017,4
2017-04-17,70.57237586925743,2017,4
2017-04-18,70.77014779098864,2017,4
2017-04-19,71.06588925033434,2017,4
2017-04-20,70.93143382847288,2017,4
2017-04-21,71.11064389231458,2017,4
2017-04-22,70.94382557166055,2017,4
2017-04-23,70.79045499612353,2017,4
2017-04-24,70.43227976911781,2017,4
2017-04-25,70.5238616404525,2017,4
2017-04-26,70.41581112308815,2017,4
2017-04-27,70.4866342272315,2017,4
2017-04-28,70.45319500523549,2017,4
2017-04-29,70.53862470929938,2017,4
2017-04-30,70.4730534962606,2017,4
2017-05-01,70.2749302820624,2017,5
2017-05-02,70.27044161361123,2017,5
2017-05-03,70.80471290074557,2017,5
2017-05-04,70.8268651024469,2017,5
2017-05-05,70.83404286609371,2017,5
2017-05-06,70.998017237175,2017,5
2017-05-07,71.00468839938584,2017,5
2017-05-08,71.14726670745729,2017,5
2017-05-09,71.21146434808627,2017,5
2017-05-10,71.03568586206845,2017,5
2017-05-11,71.1455829086126,2017,5
2017-05-12,71.24597091030398,2017,5
2017-05-13,71.46891560567308,2017,5
2017-05-14,71.57011426311928,2017,5
2017-05-15,71.54968763392615,2017,5
2017-05-16,71.50064079046784,2017,5
2017-05-17,71.41271338558624,2017,5
2017-05-18,71.2354525218759,2017,5
2017-05-19,71.33386805574146,2017,5
2017-05-20,71.33505475572814,2017,5
2017-05-21,71.19829216425234,2017,5
2017-05-22,71.10556681253298,2017,5
2017-05-23,71.34693521303153,2017,5
2017-05-24,71.49607793451857,2017,5
2017-05-25,71.69316547836077,2017,5
2017-05-26,71.80471630490781,2017,5
2017-05-27,71.42267978025829,2017,5
2017-05-28,71.4934335635857,2017,5
2017-05-29,71.00671295339747,2017,5
2017-05-30,71.25291433482887,2017,5
2017-05-31,71.24434647825179,2017,5
2017-06-01,71.19048971843158,2017,6
2017-06-02,71.38183139495901,2017,6
2017-06-03,71.57634729753833,2017,6
2017-06-04,71.83370379075465,2017,6
2017-06-05,72.13959591189668,2017,6
2017-06-06,71.67751527981542,2017,6
2017-06-07,71.06461104601026,2017,6
2017-06-08,71.0986542766883,2017,6
2017-06-09,71.12387431993002,2017,6
2017-06-10,71.07228129891928,2017,6
2017-06-11,71.0107668666631,2017,6
2017-06-12,71.142003195399,2017,6
2017-06-13,71.21219501958434,2017,6
2017-06-14,71.36137607762092,2017,6
2017-06-15,71.33065792870923,2017,6
2017-06-16,71.07185266120571,2017,6
2017-06-17,71.21330175613608,2017,6
2017-06-18,71.30960928410282,2017,6
2017-06-19,71.459232228873,2017,6
2017-06-20,71.23659128497566,2017,6
2017-06-21,70.82724148131226,2017,6
2017-06-22,70.84032309314796,2017,6
2017-06-23,70.98128819586547,2017,6
2017-06-24,71.27593982688323,2017,6
2017-06-25,71.4740572675541,2017,6
2017-06-26,71.40443893677352,2017,6
2017-06-27,71.38589649093979,2017,6
2017-06-28,71.16089058223078,2017,6
2017-06-29,71.05855602186492,2017,6
2017-06-30,71.13515808865134,2017,6
2017-07-01,71.09838144259804,2017,7
2017-07-02,71.19127748957142,2017,7
2017-07-03,71.14451400821626,2017,7
2017-07-04,71.20005559172891,2017,7
2017-07-05,71.13180754475941,2017,7
2017-07-06,71.14312140310057,2017,7
2017-07-07,71.15488093908756,2017,7
2017-07-08,71.26031070120546,2017,7
2017-07-09,71.39591995213203,2017,7
2017-07-10,71.23206148751332,2017,7
2017-07-11,71.07465644622826,2017,7
2017-07-12,70.97012024899328,2017,7
2017-07-13,70.9444671059929,2017,7
2017-07-14,70.99219589795239,2017,7
2017-07-15,71.15746588721024,2017,7
2017-07-16,71.15541547277803,2017,7
2017-07-17,71.13016943070714,2017,7
2017-07-18,71.20680087322086,2017,7
2017-07-19,71.33501174545283,2017,7
2017-07-20,71.12422572554166,2017,7
2017-07-21,71.1294931866943,2017,7
2017-07-22,71.1929754285637,2017,7
2017-07-23,71.11621113714854,2017,7
2017-07-24,71.01825807619355,2017,7
2017-07-25,70.95298583512296,2017,7
2017-07-26,71.37797099860845,2017,7
2017-07-27,71.03935562593803,2017,7
2017-07-28,71.06947017851473,2017,7
2017-07-29,71.12553313405898,2017,7
2017-07-30,71.11205103826664,2017,7
2017-07-31,71.13048222468629,2017,7
2017-08-01,71.15458053644419,2017,8
2017-08-02,71.1202929372565,2017,8
2017-08-03,71.08506199920043,2017,8
2017-08-04,71.12017380688452,2017,8
2017-08-05,71.20172138140144,2017,8
2017-08-06,71.21629553264532,2017,8
2017-08-07,71.33010580684176,2017,8
2017-08-08,71.23315450796254,2017,8
2017-08-09,71.27338689945442,2017,8
2017-08-10,71.02509013333326,2017,8
2017-08-11,71.09632236038077,2017,8
2017-08-12,70.95954636578621,2017,8
2017-08-13,70.89721022034776,2017,8
2017-08-14,70.83182777567835,2017,8
2017-08-15,70.95819680614298,2017,8
2017-08-16,70.98816852441007,2017,8
2017-08-17,71.01487447829969,2017,8
2017-08-18,71.06007373496561,2017,8
2017-08-19,71.05004790561692,2017,8
2017-08-20,71.01857073110905,2017,8
2017-08-21,71.0098404160024,2017,8
2017-08-22,71.05954635932466,2017,8
2017-08-23,71.04589988277463,2017,8
2017-08-24,70.99790838747164,2017,8
2017-08-25,70.88979426829577,2017,8
2017-08-26,70.901594212625,2017,8
2017-08-27,70.91232500441647,2017,8
2017-08-28,70.90447845834537,2017,8
2017-08-29,70.9140301952229,2017,8
2017-08-30,70.94391702735976,2017,8
2017-08-31,70.95052045615611,2017,8
2017-09-01,70.77985449809368,2017,9
2017-09-02,70.7120441765486,2017,9
2017-09-03,70.71429211200736,2017,9
2017-09-04,70.84412167743632,2017,9
2017-09-05,70.88280208670675,2017,9
2017-09-06,70.83092781542581,2017,9
2017-09-07,70.80778713807487,2017,9
2017-09-08,70.78900573170472,2017,9
2017-09-09,70.9741679894151,2017,9
2017-09-10,71.02557677960588,2017,9
2017-09-11,71.00524548719868,2017,9
2017-09-12,71.33225130499856,2017,9
2017-09-13,70.85439031870641,2017,9
2017-09-14,70.85091900360888,2017,9
2017-09-15,70.76067479779907,2017,9
2017-09-16,70.83624709626955,2017,9
2017-09-17,71.24953276286179,2017,9
2017-09-18,70.54165854032797,2017,9
2017-09-19,70.66358550763546,2017,9
2017-09-20,71.0942032132483,2017,9
2017-09-21,70.60565924734328,2017,9
2017-09-22,70.63208608315888,2017,9
2017-09-23,70.57991654595581,2017,9
2017-09-24,70.6365413703038,2017,9
2017-09-25,70.63506963651879,2017,9
2017-09-26,70.55585883323731,2017,9
2017-09-27,70.642806230187,2017,9
2017-09-28,70.60907346556758,2017,9
2017-09-29,70.45811823524213,2017,9
2017-09-30,70.38487373166313,2017,9
2017-10-01,70.41903757352472,2017,10
2017-10-02,70.28896772702392,2017,10
2017-10-03,70.23543271999931,2017,10
2017-10-04,70.23746304381004,2017,10
2017-10-05,70.32048849128739,2017,10
2017-10-06,70.45914886724769,2017,10
2017-10-07,70.36343394121882,2017,10
2017-10-08,70.31152947199591,2017,10
2017-10-09,70.2887619925754,2017,10
2017-10-10,70.26032938923561,2017,10
2017-10-11,70.33926274954652,2017,10
2017-10-12,70.3905380447317,2017,10
2017-10-13,70.35146470695882,2017,10
2017-10-14,70.16916523405988,2017,10
2017-10-15,69.90950667302339,2017,10
2017-10-16,69.7356057868764,2017,10
2017-10-17,69.55196063234602,2017,10
2017-10-18,69.47929861315119,2017,10
2017-10-19,69.56150248866612,2017,10
2017-10-20,69.83466290458449,2017,10
2017-10-21,69.73244229970892,2017,10
2017-10-22,69.5344312003849,2017,10
2017-10-23,69.4225969516102,2017,10
2017-10-24,69.11076253774375,2017,10
2017-10-25,68.97969847591641,2017,10
2017-10-26,68.94692755046223,2017,10
2017-10-27,68.96998977017753,2017,10
2017-10-28,68.80211964526052,2017,10
2017-10-29,68.7829748370523,2017,10
2017-10-30,68.7344688422939,2017,10
2017-10-31,68.35836976300378,2017,10
2017-11-01,68.41763757141871,2017,11
2017-11-02,68.34030396945334,2017,11
2017-11-03,68.27623364963927,2017,11
2017-11-04,68.31473846845276,2017,11
2017-11-05,68.45599174771174,2017,11
2017-11-06,68.36758219107027,2017,11
2017-11-07,68.22311796979571,2017,11
2017-11-08,68.21214573893702,2017,11
2017-11-09,68.20217932059214,2017,11
2017-11-10,67.87826577823444,2017,11
2017-11-11,67.92326184546482,2017,11
2017-11-12,67.58565394961867,2017,11
2017-11-13,67.62985974583823,2017,11
2017-11-14,67.78824828833075,2017,11
2017-11-15,67.95617541083112,2017,11
2017-11-16,68.10295012611499,2017,11
2017-11-17,68.37495902638062,2017,11
2017-11-18,68.2758770949977,2017,11
2017-11-19,68.15496387820002,2017,11
2017-11-20,68.03778990707023,2017,11
2017-11-21,67.75841224845281,2017,11
2017-11-22,68.2997075512199,2017,11
2017-11-23,67.21407861250907,2017,11
2017-11-24,66.95761286531881,2017,11
2017-11-25,66.9622769801594,2017,11
2017-11-26,66.85262977956693,2017,11
2017-11-27,67.30218018747733,2017,11
2017-11-28,66.77391905383891,2017,11
2017-11-29,66.79793883513527,2017,11
2017-11-30,66.8412789134244,2017,11
2017-12-01,66.82903948874561,2017,12
2017-12-02,66.80640606539785,2017,12
2017-12-03,66.81265843945724,2017,12
2017-12-04,66.7876069633547,2017,12
2017-12-05,67.05535151822366,2017,12
2017-12-06,67.15922404685068,2017,12
2017-12-07,67.10331434121703,2017,12
2017-12-08,67.12697105301953,2017,12
2017-12-09,67.07489279154734,2017,12
2017-12-10,67.27068117952254,2017,12
2017-12-11,67.2944573557275,2017,12
2017-12-12,67.24278142611382,2017,12
2017-12-13,67.04504145877083,2017,12
2017-12-14,66.99821731470648,2017,12
2017-12-15,66.82711599351724,2017,12
2017-12-16,66.65133057393801,2017,12
2017-12-17,66.46183409800095,2017,12
2017-12-18,66.40251763441226,2017,12
2017-12-19,66.30700929163424,2017,12
2017-12-20,66.58020019174705,2017,12
2017-12-21,66.56319316915025,2017,12
2017-12-22,66.62608867815817,2017,12
2017-12-23,66.49822774514436,2017,12
2017-12-24,66.17279192060421,2017,12
2017-12-25,66.16114851891487,2017,12
2017-12-26,66.20108046851354,2017,12
2017-12-27,66.03765151561073,2017,12
2017-12-28,65.8836827744977,2017,12
2017-12-29,66.08272597525223,2017,12
2017-12-30,65.95092392576524,2017,12
2017-12-31,65.96252426622826,2017,12
2018-01-01,65.98695326238017,2018,1
2018-01-02,66.00482533710449,2018,1
2018-01-03,65.83238691941946,2018,1
2018-01-04,65.63644397860014,2018,1
2018-01-05,65.57328665601987,2018,1
2018-01-06,65.4852650281905,2018,1
2018-01-07,65.3745015469962,2018,1
2018-01-08,65.197424565026,2018,1
2018-01-09,65.35318984721124,2018,1
2018-01-10,65.65239257809904,2018,1
2018-01-11,65.91996490481547,2018,1
2018-01-12,66.25172635529312,2018,1
2018-01-13,66.29516876336668,2018,1
2018-01-14,66.34496653322246,2018,1
2018-01-15,66.30859335969001,2018,1
2018-01-16,66.11202434871082,2018,1
2018-01-17,66.28792987831967,2018,1
2018-01-18,66.13232315204678,2018,1
2018-01-19,66.0444014906346,2018,1
2018-01-20,66.03068740380871,2018,1
2018-01-21,65.92115380028595,2018,1
2018-01-22,65.95320128226594,2018,1
2018-01-23,66.3604587752617,2018,1
2018-01-24,66.22399002415223,2018,1
2018-01-25,65.93313384949913,2018,1
2018-01-26,65.79451663848849,2018,1
2018-01-27,65.8055515337616,2018,1
2018-01-28,65.76259860428351,2018,1
2018-01-29,65.85839943117927,2018,1
2018-01-30,66.13864286206339,2018,1
2018-01-31,66.3356970558834,2018,1
2018-02-01,66.37677787124683,2018,2
2018-02-02,66.41964312078599,2018,2
2018-02-03,66.47394467072894,2018,2
2018-02-04,66.47416420169685,2018,2
2018-02-05,66.58020855825151,2018,2
2018-02-06,66.91406065424071,2018,2
2018-02-07,67.0797304174507,2018,2
2018-02-08,66.7280417084295,2018,2
2018-02-09,66.65179748344397,2018,2
2018-02-10,66.80998536309286,2018,2
2018-02-11,67.00023836044402,2018,2
2018-02-12,67.13108696831554,2018,2
2018-02-13,67.07567099512586,2018,2
2018-02-14,67.08475814867604,2018,2
2018-02-15,67.33647518809215,2018,2
2018-02-16,66.90991536950717,2018,2
2018-02-17,67.0479931863612,2018,2
2018-02-18,67.12184874299592,2018,2
2018-02-19,67.19342569993657,2018,2
2018-02-20,67.42592912670297,2018,2
2018-02-21,67.60801847238895,2018,2
2018-02-22,67.66317190539768,2018,2
2018-02-23,67.88790111201712,2018,2
2018-02-24,68.3151807909156,2018,2
2018-02-25,68.09365219821979,2018,2
2018-02-26,68.0010455483283,2018,2
2018-02-27,68.04365238803062,2018,2
2018-02-28,68.1374253601378,2018,2
2018-03-01,68.38615562345088,2018,3
2018-03-02,68.41533180023995,2018,3
2018-03-03,68.42385170761992,2018,3
2018-03-04,68.3655841720544,2018,3
2018-03-05,68.27010913954577,2018,3
2018-03-06,68.10316027467668,2018,3
2018-03-07,68.02470988421663,2018,3
2018-03-08,68.0597138370588,2018,3
2018-03-09,68.66200790578182,2018,3
2018-03-10,68.3383356944175,2018,3
2018-03-11,68.46902020036985,2018,3
2018-03-12,68.50060407854781,2018,3
2018-03-13,68.64232205056906,2018,3
2018-03-14,68.7743307091153,2018,3
2018-03-15,69.20726528555939,2018,3
2018-03-16,68.9412676192038,2018,3
2018-03-17,68.51087053728506,2018,3
2018-03-18,68.5389837062759,2018,3
2018-03-19,68.70211927975704,2018,3
2018-03-20,68.96459053663838,2018,3
2018-03-21,69.0505907931974,2018,3
2018-03-22,68.86308238569546,2018,3
2018-03-23,68.85040108600674,2018,3
2018-03-24,68.97700152587457,2018,3
2018-03-25,69.10977917530597,2018,3
2018-03-26,69.12701184844634,2018,3
2018-03-27,69.09076731118,2018,3
2018-03-28,69.2438408685896,2018,3
2018-03-29,69.4732364207251,2018,3
2018-03-30,69.52879136789915,2018,3
2018-03-31,69.49398329053717,2018,3
2018-04-01,69.55764494320246,2018,4
2018-04-02,69.502650699362,2018,4
2018-04-03,69.79987579506758,2018,4
2018-04-04,69.89399662320477,2018,4
2018-04-05,70.00490469495149,2018,4
2018-04-06,70.08011262417062,2018,4
2018-04-07,69.86157422511711,2018,4
2018-04-08,69.83492273548443,2018,4
2018-04-09,69.91632674000891,2018,4
2018-04-10,69.90201441677746,2018,4
2018-04-11,69.90604813562288,2018,4
2018-04-12,69.70035333308874,2018,4
2018-04-13,69.69457296150283,2018,4
2018-04-14,69.96194468769026,2018,4
2018-04-15,70.17855074376425,2018,4
2018-04-16,70.43257837456012,2018,4
2018-04-17,70.5610101419953,2018,4
2018-04-18,70.36174434488241,2018,4
2018-04-19,70.4096574193163,2018,4
2018-04-20,70.55204946508121,2018,4
2018-04-21,70.2413952421444,2018,4
2018-04-22,70.11210562065534,2018,4
2018-04-23,70.05646495336077,2018,4
2018-04-24,69.89340113489624,2018,4
2018-04-25,70.11974984212806,2018,4
2018-04-26,70.49963850928685,2018,4
2018-04-27,70.58410028159543,2018,4
2018-04-28,70.88502876026682,2018,4
2018-04-29,70.89711136119779,2018,4
2018-04-30,70.76878842791223,2018,4
2018-05-01,70.7490217275204,2018,5
2018-05-02,70.97163152564094,2018,5
2018-05-03,70.35970029313467,2018,5
2018-05-04,70.46650641353789,2018,5
2018-05-05,70.89644020209118,2018,5
2018-05-06,71.14630870205411,2018,5
2018-05-07,70.96963066927636,2018,5
2018-05-08,70.83206629963138,2018,5
2018-05-09,70.7183079478873,2018,5
2018-05-10,70.78093179390702,2018,5
2018-05-11,70.93937895924782,2018,5
2018-05-12,71.22238021255453,2018,5
2018-05-13,71.05503187794586,2018,5
2018-05-14,70.66148456113716,2018,5
2018-05-15,70.774971504126,2018,5
2018-05-16,70.9974112583883,2018,5
2018-05-17,71.0476123480998,2018,5
2018-05-18,71.23185491063118,2018,5
2018-05-19,71.25824129174423,2018,5
2018-05-20,71.26554446294966,2018,5
2018-05-21,71.24608315948116,2018,5
2018-05-22,71.47249185183531,2018,5
2018-05-23,71.50621856782533,2018,5
2018-05-24,71.43533143126476,2018,5
2018-05-25,71.3101377036024,2018,5
2018-05-26,71.35781055980549,2018,5
2018-05-27,71.44550742134307,2018,5
2018-05-28,71.56621570540456,2018,5
2018-05-29,71.47042074448113,2018,5
2018-05-30,71.65895639871914,2018,5
2018-05-31,71.62989182729704,2018,5
2018-06-01,71.61008562467103,2018,6
2018-06-02,71.19584289474508,2018,6
2018-06-03,71.35708791033574,2018,6
2018-06-04,71.6146228332689,2018,6
2018-06-05,71.8882537973284,2018,6
2018-06-06,71.58200794653544,2018,6
2018-06-07,71.5744414200543,2018,6
2018-06-08,71.6800425363582,2018,6
2018-06-09,71.35439967686956,2018,6
2018-06-10,71.28032987423853,2018,6
2018-06-11,71.44827721732189,2018,6
2018-06-12,71.5587632643161,2018,6
2018-06-13,71.6002082410594,2018,6
2018-06-14,71.63054954574055,2018,6
2018-06-15,71.64338282913353,2018,6
2018-06-16,71.42949485384102,2018,6
2018-06-17,71.38569894464628,2018,6
2018-06-18,71.27319551242616,2018,6
2018-06-19,71.31364956168346,2018,6
2018-06-20,71.52195051365845,2018,6
2018-06-21,71.69452577138334,2018,6
2018-06-22,71.49338498251109,2018,6
2018-06-23,71.43613552523094,2018,6
2018-06-24,71.34020866248817,2018,6
2018-06-25,71.48463215927926,2018,6
2018-06-26,71.23172315408046,2018,6
2018-06-27,70.99029607205237,2018,6
2018-06-28,71.22560166491301,2018,6
2018-06-29,70.87884232555362,2018,6
2018-06-30,70.9889229111121,2018,6
2018-07-01,71.20369116686507,2018,7
2018-07-02,71.25754633015,2018,7
2018-07-03,71.01789987864116,2018,7
2018-07-04,71.11271206480389,2018,7
2018-07-05,71.01687327436682,2018,7
2018-07-06,71.1255956069263,2018,7
2018-07-07,71.25847363762652,2018,7
2018-07-08,71.34356346252181,2018,7
2018-07-09,71.47728937902625,2018,7
2018-07-10,71.37872249978079,2018,7
2018-07-11,71.27455037357643,2018,7
2018-07-12,71.15788009035282,2018,7
2018-07-13,71.1351797605392,2018,7
2018-07-14,71.26493285902777,2018,7
2018-07-15,71.18637893577346,2018,7
2018-07-16,71.30258754994115,2018,7
2018-07-17,71.14547860048174,2018,7
2018-07-18,71.24716134919372,2018,7
2018-07-19,71.2824470660933,2018,7
2018-07-20,71.26306473623153,2018,7
2018-07-21,71.61600403905678,2018,7
2018-07-22,71.11716607489656,2018,7
2018-07-23,71.26145166439537,2018,7
2018-07-24,71.11474647925526,2018,7
2018-07-25,71.1433342387322,2018,7
2018-07-26,71.03553873100844,2018,7
2018-07-27,70.94453568254745,2018,7
2018-07-28,71.00035111156451,2018,7
2018-07-29,71.02801507955976,2018,7
2018-07-30,70.99831376000347,2018,7
2018-07-31,70.94646265314151,2018,7
2018-08-01,70.87699264578916,2018,8
2018-08-02,70.94692636972175,2018,8
2018-08-03,71.01276956513853,2018,8
2018-08-04,71.07287049942838,2018,8
2018-08-05,71.1951093549001,2018,8
2018-08-06,71.12945376670854,2018,8
2018-08-07,70.9410092379111,2018,8
2018-08-08,70.93911989230588,2018,8
2018-08-09,71.0120272160671,2018,8
2018-08-10,71.16133070370086,2018,8
2018-08-11,71.18390928647341,2018,8
2018-08-12,71.00866941671568,2018,8
2018-08-13,70.98716660012072,2018,8
2018-08-14,71.0120083904571,2018,8
2018-08-15,71.06405394277141,2018,8
2018-08-16,71.01923654015633,2018,8
2018-08-17,71.14091457388412,2018,8
2018-08-18,71.1247396056627,2018,8
2018-08-19,71.07091666082778,2018,8
2018-08-20,71.0255755968262,2018,8
2018-08-21,70.97339499674678,2018,8
2018-08-22,70.94034859788798,2018,8
2018-08-23,70.95831202422966,2018,8
2018-08-24,71.31357107136007,2018,8
2018-08-25,70.81382046547394,2018,8
2018-08-26,70.77871762493774,2018,8
2018-08-27,70.91588052877285,2018,8
2018-08-28,70.87853837045328,2018,8
2018-08-29,70.88813537460572,2018,8
2018-08-30,70.91860317052506,2018,8
2018-08-31,70.90925788860335,2018,8
2018-09-01,70.76142232310738,2018,9
2018-09-02,70.72954821681968,2018,9
2018-09-03,70.66374545441194,2018,9
2018-09-04,70.66210171666089,2018,9
2018-09-05,70.70414853537653,2018,9
2018-09-06,70.66872029404827,2018,9
2018-09-07,70.61160133535205,2018,9
2018-09-08,70.51730688103086,2018,9
2018-09-09,70.5504019951656,2018,9
2018-09-10,70.59873505454982,2018,9
2018-09-11,70.58146998138997,2018,9
2018-09-12,70.60491057551191,2018,9
2018-09-13,70.53561721861082,2018,9
2018-09-14,70.42741428490689,2018,9
2018-09-15,70.53594962278002,2018,9
2018-09-16,70.50416644368687,2018,9
2018-09-17,70.45895393819482,2018,9
2018-09-18,70.38673300401808,2018,9
2018-09-19,70.50250458438533,2018,9
2018-09-20,70.47863011076949,2018,9
2018-09-21,70.55893796161673,2018,9
2018-09-22,70.39785879234265,2018,9
2018-09-23,70.37970936279442,2018,9
2018-09-24,70.39405565871343,2018,9
2018-09-25,70.37426992004822,2018,9
2018-09-26,70.34606861005058,2018,9
2018-09-27,70.33136539531702,2018,9
2018-09-28,70.30663824070886,2018,9
2018-09-29,70.24148518123043,2018,9
2018-09-30,70.32911988418464,2018,9
2018-10-01,70.13442284451385,2018,10
2018-10-02,70.16052838995827,2018,10
2018-10-03,70.15819752415177,2018,10
2018-10-04,70.06215235283645,2018,10
2018-10-05,69.99134526225922,2018,10
2018-10-06,69.86580448273739,2018,10
2018-10-07,69.7815982952648,2018,10
2018-10-08,69.69910921750513,2018,10
2018-10-09,69.64619842585235,2018,10
2018-10-10,69.63918431269116,2018,10
2018-10-11,69.67054865287632,2018,10
2018-10-12,69.52201023288353,2018,10
2018-10-13,69.42407125268937,2018,10
2018-10-14,69.31968778132455,2018,10
2018-10-15,69.16215562231386,2018,10
2018-10-16,69.34481457756583,2018,10
2018-10-17,69.22167895021292,2018,10
2018-10-18,69.23669059378534,2018,10
2018-10-19,69.16400635536944,2018,10
2018-10-20,69.12141910499932,2018,10
2018-10-21,69.06691326823069,2018,10
2018-10-22,68.82780805560915,2018,10
2018-10-23,68.68543777923183,2018,10
2018-10-24,68.65598569938916,2018,10
2018-10-25,68.60768828842754,2018,10
2018-10-26,68.609752644555,2018,10
2018-10-27,68.6010536308025,2018,10
2018-10-28,68.43471370415723,2018,10
2018-10-29,68.407514957065,2018,10
2018-10-30,68.33615119572161,2018,10
2018-10-31,68.54283744320244,2018,10
2018-11-01,69.1003479429061,2018,11
2018-11-02,68.86217567576779,2018,11
2018-11-03,68.98735151159987,2018,11
2018-11-04,69.33245636779421,2018,11
2018-11-05,69.10105314723603,2018,11
2018-11-06,68.93244198232823,2018,11
2018-11-07,68.31182199266178,2018,11
2018-11-08,67.6069614201839,2018,11
2018-11-09,67.69955635163373,2018,11
2018-11-10,67.81503123687776,2018,11
2018-11-11,67.6747585062146,2018,11
2018-11-12,67.63971885064737,2018,11
2018-11-13,68.13268752988718,2018,11
2018-11-14,67.90625105597732,2018,11
2018-11-15,67.81848050679885,2018,11
2018-11-16,67.86897091033036,2018,11
2018-11-17,68.12910564219042,2018,11
2018-11-18,68.18195923479382,2018,11
2018-11-19,68.50522468076053,2018,11
2018-11-20,67.99803496796625,2018,11
2018-11-21,68.29726834495655,2018,11
2018-11-22,68.82658926141676,2018,11
2018-11-23,67.65855588099271,2018,11
2018-11-24,67.43838497595817,2018,11
2018-11-25,67.18721840824395,2018,11
2018-11-26,67.76120848741131,2018,11
2018-11-27,67.13889157226514,2018,11
2018-11-28,67.34457672308946,2018,11
2018-11-29,67.60132362145119,2018,11
2018-11-30,67.54189992640735,2018,11
2018-12-01,67.00344019117921,2018,12
2018-12-02,66.78366132835119,2018,12
2018-12-03,66.8739721917448,2018,12
2018-12-04,66.94817766650175,2018,12
2018-12-05,67.13239588272842,2018,12
2018-12-06,67.03609087579923,2018,12
2018-12-07,66.92958063845964,2018,12
2018-12-08,66.8381997504716,2018,12
2018-12-09,66.74636862829381,2018,12
2018-12-10,67.36066117619319,2018,12
2018-12-11,66.87142440558713,2018,12
2018-12-12,66.8862858929333,2018,12
2018-12-13,66.68495874658335,2018,12
2018-12-14,66.57594470079677,2018,12
2018-12-15,66.40847071082536,2018,12
2018-12-16,66.24330952981175,2018,12
2018-12-17,66.2648222939857,2018,12
2018-12-18,66.13862520222732,2018,12
2018-12-19,65.9055370056556,2018,12
2018-12-20,65.73128648571166,2018,12
2018-12-21,65.84462136088524,2018,12
2018-12-22,65.78694736677535,2018,12
2018-12-23,65.96326686060983,2018,12
2018-12-24,65.93786388833827,2018,12
2018-12-25,65.96207434380923,2018,12
2018-12-26,65.89304140354801,2018,12
2018-12-27,65.76429487245072,2018,12
2018-12-28,65.46653255873208,2018,12
2018-12-29,65.13161538661127,2018,12
2018-12-30,65.22065000346612,2018,12
2018-12-31,65.18128655658283,2018,12
2019-01-01,65.1478061678845,2019,1
2019-01-02,65.4520017451729,2019,1
2019-01-03,65.45873509378846,2019,1
2019-01-04,65.55302355873653,2019,1
2019-01-05,65.91898933695066,2019,1
2019-01-06,65.99982509441882,2019,1
2019-01-07,65.73435829582755,2019,1
2019-01-08,65.66930933581666,2019,1
2019-01-09,65.46089129201032,2019,1
2019-01-10,65.44032079790571,2019,1
2019-01-11,65.77827459248088,2019,1
2019-01-12,66.37143251292292,2019,1
2019-01-13,66.10588028178958,2019,1
2019-01-14,65.91859526503322,2019,1
2019-01-15,65.56081193062093,2019,1
2019-01-16,65.47958269923151,2019,1
2019-01-17,65.60029748385418,2019,1
2019-01-18,65.71472583493725,2019,1
2019-01-19,65.91300441003969,2019,1
2019-01-20,66.0683206411627,2019,1
2019-01-21,66.40157487062679,2019,1
2019-01-22,66.53133309694852,2019,1
2019-01-23,66.3521617968132,2019,1
2019-01-24,66.29882134226986,2019,1
2019-01-25,66.42140087718829,2019,1
2019-01-26,66.24807545040443,2019,1
2019-01-27,66.263443699333,2019,1
2019-01-28,65.89746674704601,2019,1
2019-01-29,65.55996687056569,2019,1
2019-01-30,65.37996308818484,2019,1
2019-01-31,65.85334020564079,2019,1
2019-02-01,66.16802065745233,2019,2
2019-02-02,66.06931409987644,2019,2
2019-02-03,66.29218623358716,2019,2
2019-02-04,66.4447061383724,2019,2
2019-02-05,66.81546134012557,2019,2
2019-02-06,67.3679161169204,2019,2
2019-02-07,67.06153375174735,2019,2
2019-02-08,66.65638319309787,2019,2
2019-02-09,66.15336548078704,2019,2
2019-02-10,65.88428003023526,2019,2
2019-02-11,66.22596722491978,2019,2
2019-02-12,66.70232832242168,2019,2
2019-02-13,67.07837980359102,2019,2
2019-02-14,67.3994504046988,2019,2
2019-02-15,67.4319167240967,2019,2
2019-02-16,67.18970690560518,2019,2
2019-02-17,66.9080018149622,2019,2
2019-02-18,67.03712083623458,2019,2
2019-02-19,67.25850625293131,2019,2
2019-02-20,67.83329876966611,2019,2
2019-02-21,67.94168370908649,2019,2
2019-02-22,67.91341778376737,2019,2
2019-02-23,67.58077381959508,2019,2
2019-02-24,67.42392918880468,2019,2
2019-02-25,67.6780804577456,2019,2
2019-02-26,67.42806976474908,2019,2
2019-02-27,67.33212777081788,2019,2
2019-02-28,66.85544849815349,2019,2
2019-03-01,66.71427124266,2019,3
2019-03-02,67.80888482996073,2019,3
2019-03-03,67.64343001346873,2019,3
2019-03-04,67.74540081824387,2019,3
2019-03-05,67.67619152680841,2019,3
2019-03-06,67.51118288375582,2019,3
2019-03-07,67.29820716387938,2019,3
2019-03-08,67.46694254871538,2019,3
2019-03-09,67.72060423900878,2019,3
2019-03-10,67.9379079591857,2019,3
2019-03-11,68.2597423100573,2019,3
2019-03-12,68.16171550379332,2019,3
2019-03-13,68.3882168399062,2019,3
2019-03-14,68.33360100847011,2019,3
2019-03-15,68.19584070807274,2019,3
2019-03-16,68.09940160681191,2019,3
2019-03-17,68.29135712297841,2019,3
2019-03-18,68.1873899507853,2019,3
2019-03-19,68.29218661726615,2019,3
2019-03-20,68.55322720511808,2019,3
2019-03-21,68.54530953596637,2019,3
2019-03-22,68.65811763703145,2019,3
2019-03-23,68.63308320132775,2019,3
2019-03-24,68.6710406357032,2019,3
2019-03-25,68.98145741057071,2019,3
2019-03-26,69.00227962313615,2019,3
2019-03-27,68.83155247093846,2019,3
2019-03-28,69.08275327693157,2019,3
2019-03-29,69.28903979074246,2019,3
2019-03-30,69.8254734953222,2019,3
2019-03-31,69.90030399026136,2019,3
2019-04-01,69.41891975571394,2019,4
2019-04-02,69.34129831942464,2019,4
2019-04-03,69.48387341918138,2019,4
2019-04-04,69.8809459911884,2019,4
2019-04-05,70.20401358073484,2019,4
2019-04-06,70.16709608689001,2019,4
2019-04-07,69.98193918043597,2019,4
2019-04-08,70.02562215002672,2019,4
2019-04-09,69.98465925389982,2019,4
2019-04-10,70.11472233994597,2019,4
2019-04-11,70.23639388522975,2019,4
2019-04-12,70.4276288574401,2019,4
2019-04-13,70.45172914945637,2019,4
2019-04-14,70.4161171615897,2019,4
2019-04-15,70.63451007352106,2019,4
2019-04-16,70.44846387454913,2019,4
2019-04-17,69.53843412177457,2019,4
2019-04-18,69.39338217610477,2019,4
2019-04-19,69.70439675904215,2019,4
2019-04-20,69.66537570149646,2019,4
2019-04-21,69.87754267307213,2019,4
2019-04-22,70.19243754410775,2019,4
2019-04-23,70.45513106991696,2019,4
2019-04-24,70.66676408261367,2019,4
2019-04-25,70.84964729606172,2019,4
2019-04-26,70.93038430718526,2019,4
2019-04-27,71.12484736568766,2019,4
2019-04-28,71.01694151312527,2019,4
2019-04-29,70.9595394640704,2019,4
2019-04-30,71.06995257442497,2019,4
2019-05-01,70.95997581266107,2019,5
2019-05-02,70.8919127972833,2019,5
2019-05-03,70.69203361174115,2019,5
2019-05-04,70.55959152446901,2019,5
2019-05-05,70.56747385005143,2019,5
2019-05-06,70.69513808445083,2019,5
2019-05-07,70.86124445174458,2019,5
2019-05-08,71.08650434331632,2019,5
2019-05-09,71.12097878514018,2019,5
2019-05-10,71.15804262621081,2019,5
2019-05-11,71.09813704903091,2019,5
2019-05-12,70.90449935896959,2019,5
2019-05-13,71.02935933180405,2019,5
2019-05-14,70.72323651503015,2019,5
2019-05-15,70.82710472239698,2019,5
2019-05-16,70.698759245594,2019,5
2019-05-17,70.90101278819046,2019,5
2019-05-18,70.84965220094529,2019,5
2019-05-19,71.00602625756669,2019,5
2019-05-20,71.17141791108257,2019,5
2019-05-21,71.22651747301295,2019,5
2019-05-22,71.42891508724459,2019,5
2019-05-23,71.44484615850264,2019,5
2019-05-24,71.31710924456436,2019,5
2019-05-25,71.21926610877865,2019,5
2019-05-26,71.27021581181567,2019,5
2019-05-27,71.40176723792352,2019,5
2019-05-28,71.5331875723454,2019,5
2019-05-29,71.53940225645385,2019,5
2019-05-30,71.5720465423491,2019,5
2019-05-31,71.78722770598665,2019,5
2019-06-01,71.75015980777815,2019,6
2019-06-02,71.85146274639855,2019,6
2019-06-03,71.69761550379675,2019,6
2019-06-04,71.4310047954203,2019,6
2019-06-05,71.76752616004093,2019,6
2019-06-06,71.8954067963992,2019,6
2019-06-07,71.58546863801666,2019,6
2019-06-08,71.68946761054654,2019,6
2019-06-09,71.83200261294134,2019,6
2019-06-10,71.88220790023729,2019,6
2019-06-11,71.97023522939242,2019,6
2019-06-12,71.94768332368963,2019,6
2019-06-13,71.54194287522442,2019,6
2019-06-14,71.64973680764179,2019,6
2019-06-15,71.82685166643557,2019,6
2019-06-16,71.614354795911,2019,6
2019-06-17,71.56420807926288,2019,6
2019-06-18,71.12656130762078,2019,6
2019-06-19,71.2959209257932,2019,6
2019-06-20,71.43882610206884,2019,6
2019-06-21,71.26464581672388,2019,6
2019-06-22,71.3500565562847,2019,6
2019-06-23,71.405745737529,2019,6
2019-06-24,71.39341225298426,2019,6
2019-06-25,71.4113954752712,2019,6
2019-06-26,71.52852753015293,2019,6
2019-06-27,71.39865696822146,2019,6
2019-06-28,71.37166713339599,2019,6
2019-06-29,71.46414284166167,2019,6
2019-06-30,71.45511744736402,2019,6
2019-07-01,71.3454203201469,2019,7
2019-07-02,71.26284409279111,2019,7
2019-07-03,71.35824345845997,2019,7
2019-07-04,71.52017934095286,2019,7
2019-07-05,71.3363589741832,2019,7
2019-07-06,71.1489300688351,2019,7
2019-07-07,71.13886965125245,2019,7
2019-07-08,71.28265071627098,2019,7
2019-07-09,71.28538181314019,2019,7
2019-07-10,71.19728160055399,2019,7
2019-07-11,71.35149760757423,2019,7
2019-07-12,71.22414265467242,2019,7
2019-07-13,71.31869588951074,2019,7
2019-07-14,71.2304308428425,2019,7
2019-07-15,71.19841247665029,2019,7
2019-07-16,71.11138096629905,2019,7
2019-07-17,71.13580806250563,2019,7
2019-07-18,71.2340791346443,2019,7
2019-07-19,71.24143888931488,2019,7
2019-07-20,71.28503332909911,2019,7
2019-07-21,71.39490757995252,2019,7
2019-07-22,71.37851034549026,2019,7
2019-07-23,71.48157126240051,2019,7
2019-07-24,71.57801905209342,2019,7
2019-07-25,71.1697287322787,2019,7
2019-07-26,71.00462079915677,2019,7
2019-07-27,70.95815174305578,2019,7
2019-07-28,70.98584862735815,2019,7
2019-07-29,71.00004410983396,2019,7
2019-07-30,71.045546846145,2019,7
2019-07-31,71.02657168490525,2019,7
2019-08-01,71.10311645931988,2019,8
2019-08-02,71.03275018135552,2019,8
2019-08-03,71.09362181897177,2019,8
2019-08-04,71.15665401345929,2019,8
2019-08-05,71.31366634818437,2019,8
2019-08-06,71.24353181172685,2019,8
2019-08-07,71.06886055989779,2019,8
2019-08-08,71.16539621088226,2019,8
2019-08-09,71.07111482686304,2019,8
2019-08-10,71.07559502684434,2019,8
2019-08-11,71.1770552819727,2019,8
2019-08-12,71.24723300420304,2019,8
2019-08-13,71.12254235313874,2019,8
2019-08-14,71.06511895709076,2019,8
2019-08-15,71.02222993905491,2019,8
2019-08-16,71.04527118422719,2019,8
2019-08-17,70.93156023089574,2019,8
2019-08-18,70.81698725062404,2019,8
2019-08-19,70.79752242303375,2019,8
2019-08-20,70.91615130907392,2019,8
2019-08-21,71.02743373666166,2019,8
2019-08-22,70.92393394750968,2019,8
2019-08-23,70.89289259251183,2019,8
2019-08-24,70.92221351387558,2019,8
2019-08-25,70.90217006035851,2019,8
2019-08-26,70.8981606865582,2019,8
2019-08-27,71.15504169998081,2019,8
2019-08-28,71.14691555569662,2019,8
2019-08-29,71.18612524998295,2019,8
2019-08-30,71.11787062608268,2019,8
2019-08-31,71.16044582343144,2019,8
2019-09-01,71.0814350893518,2019,9
2019-09-02,71.00223630850444,2019,9
2019-09-03,71.07309794934858,2019,9
2019-09-04,71.12951318958197,2019,9
2019-09-05,71.07935805998574,2019,9
2019-09-06,71.49973318834002,2019,9
2019-09-07,71.17487709264233,2019,9
2019-09-08,71.06361837816932,2019,9
2019-09-09,71.09741877701433,2019,9
2019-09-10,71.5130637136004,2019,9
2019-09-11,71.13145501817962,2019,9
2019-09-12,71.02521266404672,2019,9
2019-09-13,70.93094568363004,2019,9
2019-09-14,70.88364685628014,2019,9
2019-09-15,70.90370147138758,2019,9
2019-09-16,70.92022991847789,2019,9
2019-09-17,70.88962258013032,2019,9
2019-09-18,70.70263564308405,2019,9
2019-09-19,70.68896847283767,2019,9
2019-09-20,70.70543724154962,2019,9
2019-09-21,70.67964000628272,2019,9
2019-09-22,70.62808765466121,2019,9
2019-09-23,70.61290858171444,2019,9
2019-09-24,70.54762751988417,2019,9
2019-09-25,70.56586209144957,2019,9
2019-09-26,70.53586426509965,2019,9
2019-09-27,70.45564757564637,2019,9
2019-09-28,70.373035830401,2019,9
2019-09-29,70.24526972254645,2019,9
2019-09-30,70.14431293983117,2019,9
2019-10-01,70.58177338217885,2019,10
2019-10-02,70.71675434564878,2019,10
2019-10-03,70.60472195629931,2019,10
2019-10-04,70.07857558165608,2019,10
2019-10-05,70.43244985924026,2019,10
2019-10-06,70.41459201950751,2019,10
2019-10-07,69.99241822007552,2019,10
2019-10-08,69.89274110243674,2019,10
2019-10-09,70.20903666319869,2019,10
2019-10-10,70.14643798951782,2019,10
2019-10-11,70.0773866449126,2019,10
2019-10-12,70.08135895689266,2019,10
2019-10-13,70.08893186846329,2019,10
2019-10-14,70.05899042756079,2019,10
2019-10-15,70.04190909482614,2019,10
2019-10-16,69.65239741394714,2019,10
2019-10-17,69.66292968568035,2019,10
2019-10-18,70.08385659882781,2019,10
2019-10-19,69.68233495706994,2019,10
2019-10-20,69.63174302327245,2019,10
2019-10-21,69.49750557491194,2019,10
2019-10-22,69.7114546124211,2019,10
2019-10-23,69.24781018740339,2019,10
2019-10-24,69.25399966521593,2019,10
2019-10-25,69.07984965298074,2019,10
2019-10-26,69.0862440088995,2019,10
2019-10-27,69.14365744864939,2019,10
2019-10-28,69.25259816383144,2019,10
2019-10-29,69.34786583387412,2019,10
2019-10-30,69.38532495386447,2019,10
2019-10-31,69.64360640817334,2019,10
2019-11-01,69.27240346197938,2019,11
2019-11-02,69.34724615462088,2019,11
2019-11-03,69.32271339028452,2019,11
2019-11-04,69.15026911463801,2019,11
2019-11-05,68.93558063608612,2019,11
2019-11-06,68.79885882416522,2019,11
2019-11-07,68.72016220433703,2019,11
2019-11-08,68.49325940086871,2019,11
2019-11-09,68.59180492410893,2019,11
2019-11-10,68.52904585789072,2019,11
2019-11-11,68.37149519426917,2019,11
2019-11-12,68.33397374338423,2019,11
2019-11-13,68.40935315896563,2019,11
2019-11-14,68.3649993495348,2019,11
2019-11-15,68.2455910559495,2019,11
2019-11-16,68.32924009602249,2019,11
2019-11-17,68.27831622798993,2019,11
2019-11-18,68.08566199250151,2019,11
2019-11-19,67.87186043196553,2019,11
2019-11-20,67.82093223747027,2019,11
2019-11-21,67.84781156174516,2019,11
2019-11-22,67.85638529794481,2019,11
2019-11-23,67.92265235494253,2019,11
2019-11-24,67.79460195089503,2019,11
2019-11-25,67.81926675117863,2019,11
2019-11-26,67.89255758445954,2019,11
2019-11-27,67.95304502719905,2019,11
2019-11-28,68.06295299834571,2019,11
2019-11-29,68.26393040243681,2019,11
2019-11-30,67.64031164491965,2019,11
2019-12-01,67.64432253383983,2019,12
2019-12-02,67.5229230311625,2019,12
2019-12-03,67.26089858681628,2019,12
2019-12-04,67.08670506602957,2019,12
2019-12-05,67.00773509010156,2019,12
2019-12-06,66.85562642062482,2019,12
2019-12-07,66.75021983457054,2019,12
2019-12-08,66.70682736443177,2019,12
2019-12-09,66.82603420038689,2019,12
2019-12-10,66.80150590303428,2019,12
2019-12-11,66.83554991176796,2019,12
2019-12-12,67.33677596734547,2019,12
2019-12-13,67.39760051806262,2019,12
2019-12-14,67.10859250370686,2019,12
2019-12-15,66.98997779329765,2019,12
2019-12-16,66.85390666154046,2019,12
2019-12-17,67.16096721542564,2019,12
2019-12-18,66.26137599417783,2019,12
2019-12-19,66.21566748595463,2019,12
2019-12-20,66.29161582336818,2019,12
2019-12-21,66.66140669201768,2019,12
2019-12-22,66.65389548863597,2019,12
2019-12-23,66.68618617015751,2019,12
2019-12-24,66.58233959744027,2019,12
2019-12-25,66.55524526638106,2019,12
2019-12-26,66.38145735457884,2019,12
2019-12-27,65.96609214552907,2019,12
2019-12-28,65.51724101954893,2019,12
2019-12-29,65.81046624627535,2019,12
2019-12-30,65.74792761423065,2019,12
2019-12-31,65.51968517153634,2019,12
2020-01-01,65.82137187803474,2020,1
2020-01-02,66.52730589482508,2020,1
2020-01-03,66.7251740797559,2020,1
2020-01-04,66.59383412593003,2020,1
2020-01-05,66.35094085795676,2020,1
2020-01-06,66.36800113500011,2020,1
2020-01-07,66.64788441943153,2020,1
2020-01-08,66.78805553319174,2020,1
2020-01-09,66.27231981404383,2020,1
2020-01-10,65.77046756871829,2020,1
2020-01-11,65.64613970452706,2020,1
2020-01-12,65.9237781083063,2020,1
2020-01-13,66.25639285548436,2020,1
2020-01-14,66.07104584461554,2020,1
2020-01-15,66.07397946307455,2020,1
2020-01-16,66.37055008594555,2020,1
2020-01-17,66.2347837953016,2020,1
2020-01-18,66.35494622721751,2020,1
2020-01-19,66.47164533992711,2020,1
2020-01-20,66.22264293016781,2020,1
2020-01-21,66.45875327898041,2020,1
2020-01-22,66.40918250193741,2020,1
2020-01-23,66.92948575963194,2020,1
2020-01-24,66.06071333491298,2020,1
2020-01-25,65.9169846052615,2020,1
2020-01-26,66.04080740435768,2020,1
2020-01-27,66.33398649485152,2020,1
2020-01-28,66.93640307289435,2020,1
2020-01-29,66.73416746118478,2020,1
2020-01-30,66.4719872581191,2020,1
2020-01-31,66.14382018984237,2020,1
2020-02-01,66.07758918544125,2020,2
2020-02-02,66.12192705528102,2020,2
2020-02-03,66.06793348577142,2020,2
2020-02-04,66.25490273327566,2020,2
2020-02-05,66.45242625321457,2020,2
2020-02-06,66.2546855565109,2020,2
2020-02-07,66.26387431569874,2020,2
2020-02-08,66.20302619830224,2020,2
2020-02-09,66.6319321155773,2020,2
2020-02-10,66.11546001277007,2020,2
2020-02-11,66.33110971985914,2020,2
2020-02-12,66.7449306190315,2020,2
2020-02-13,67.04548555898009,2020,2
2020-02-14,67.17446513068934,2020,2
2020-02-15,66.984744622709,2020,2
2020-02-16,66.92357442368527,2020,2
2020-02-17,67.0094607073529,2020,2
2020-02-18,67.01913354949706,2020,2
2020-02-19,67.07566191942065,2020,2
2020-02-20,67.6708359105124,2020,2
2020-02-21,67.65241974543143,2020,2
2020-02-22,67.48903341287264,2020,2
2020-02-23,67.65063401389618,2020,2
2020-02-24,67.64836651743187,2020,2
2020-02-25,67.56891342401657,2020,2
2020-02-26,67.4064323659682,2020,2
2020-02-27,67.59389018485969,2020,2
2020-02-28,67.81245113073061,2020,2
2020-02-29,67.96994793110105,2020,2
2020-03-01,67.91046033577649,2020,3
2020-03-02,68.03235649235292,2020,3
2020-03-03,68.05709918145156,2020,3
2020-03-04,68.13188652512444,2020,3
2020-03-05,68.059292984865,2020,3
2020-03-06,68.06536545623243,2020,3
2020-03-07,67.83356587352755,2020,3
2020-03-08,67.79236662191249,2020,3
2020-03-09,67.88258249454992,2020,3
2020-03-10,67.99237389466704,2020,3
2020-03-11,68.17712716664967,2020,3
2020-03-12,68.12514959431297,2020,3
2020-03-13,68.16943669821632,2020,3
2020-03-14,67.99954644624167,2020,3
2020-03-15,67.83115111059043,2020,3
2020-03-16,68.06949157551782,2020,3
2020-03-17,68.2364004750454,2020,3
2020-03-18,68.42431461118083,2020,3
2020-03-19,68.57946244168382,2020,3
2020-03-20,68.58531567141098,2020,3
2020-03-21,68.74819640958577,2020,3
2020-03-22,68.61426134552107,2020,3
2020-03-23,68.84389002552034,2020,3
2020-03-24,69.11689303258943,2020,3
2020-03-25,69.13659150385571,2020,3
2020-03-26,69.70959679315219,2020,3
2020-03-27,69.17642249592171,2020,3
2020-03-28,68.87900064988085,2020,3
2020-03-29,69.1194325800559,2020,3
2020-03-30,69.0392396232644,2020,3
2020-03-31,69.11259078596439,2020,3
2020-04-01,69.20281235976168,2020,4
2020-04-02,69.35343619382586,2020,4
2020-04-03,69.25429887640281,2020,4
2020-04-04,69.21113560022269,2020,4
2020-04-05,69.34232278119666,2020,4
2020-04-06,69.46499884286943,2020,4
2020-04-07,69.61791662463914,2020,4
2020-04-08,69.4907798887893,2020,4
2020-04-09,69.37630971578191,2020,4
2020-04-10,69.38446303555696,2020,4
2020-04-11,69.68483803075598,2020,4
2020-04-12,69.84827309061131,2020,4
2020-04-13,70.0282457108097,2020,4
2020-04-14,70.34288269346952,2020,4
2020-04-15,70.72458590310019,2020,4
2020-04-16,70.22836940538163,2020,4
2020-04-17,70.50693550309174,2020,4
2020-04-18,70.25541951499706,2020,4
2020-04-19,70.17678229616627,2020,4
2020-04-20,70.15550704736583,2020,4
2020-04-21,69.61455705234913,2020,4
2020-04-22,70.69745274118571,2020,4
2020-04-23,70.242650756651,2020,4
2020-04-24,70.17476005057252,2020,4
2020-04-25,70.30120844701837,2020,4
2020-04-26,70.17342127995076,2020,4
2020-04-27,69.93075293867388,2020,4
2020-04-28,70.09561807675607,2020,4
2020-04-29,70.15407756890355,2020,4
2020-04-30,70.48487942408923,2020,4
2020-05-01,70.58639321343692,2020,5
2020-05-02,70.56407587102451,2020,5
2020-05-03,70.84389790196731,2020,5
2020-05-04,70.48360045826563,2020,5
2020-05-05,70.5325864741833,2020,5
2020-05-06,70.4181753228257,2020,5
2020-05-07,70.64845831342684,2020,5
2020-05-08,70.81113568922244,2020,5
2020-05-09,71.1324617908701,2020,5
2020-05-10,71.02923421728342,2020,5
2020-05-11,70.78647788106922,2020,5
2020-05-12,70.62191958488818,2020,5
2020-05-13,70.77973528767966,2020,5
2020-05-14,70.72384680579952,2020,5
2020-05-15,70.86532149628019,2020,5
2020-05-16,70.94316948917485,2020,5
2020-05-17,70.87724809145041,2020,5
2020-05-18,70.96306653763675,2020,5
2020-05-19,70.87918889799255,2020,5
2020-05-20,70.781334002215,2020,5
2020-05-21,70.6556883143231,2020,5
2020-05-22,70.9644405467981,2020,5
2020-05-23,71.50793548622096,2020,5
2020-05-24,71.52604070554534,2020,5
2020-05-25,71.66798083261075,2020,5
2020-05-26,71.68888901849483,2020,5
2020-05-27,71.67450789738844,2020,5
2020-05-28,71.51638496117677,2020,5
2020-05-29,71.10842870602337,2020,5
2020-05-30,70.93471009813743,2020,5
2020-05-31,70.93542495811852,2020,5
2020-06-01,70.66760928190386,2020,6
2020-06-02,70.59285293673581,2020,6
2020-06-03,70.73979756106176,2020,6
2020-06-04,70.71490879507277,2020,6
2020-06-05,70.46122386749586,2020,6
2020-06-06,70.59187877147649,2020,6
2020-06-07,70.9122956802686,2020,6
2020-06-08,71.02678798127744,2020,6
2020-06-09,71.24165730726506,2020,6
2020-06-10,71.49814313361657,2020,6
2020-06-11,71.22345222914454,2020,6
2020-06-12,71.18453466035791,2020,6
2020-06-13,71.22099995381963,2020,6
2020-06-14,71.32868573425095,2020,6
2020-06-15,71.34424155621267,2020,6
2020-06-16,71.36443882357825,2020,6
2020-06-17,71.34984244977048,2020,6
2020-06-18,71.40091734219948,2020,6
2020-06-19,71.418280857419,2020,6
2020-06-20,71.32724926569254,2020,6
2020-06-21,71.29151574783194,2020,6
2020-06-22,71.1792416880471,2020,6
2020-06-23,71.36035862209593,2020,6
2020-06-24,71.43763378106092,2020,6
2020-06-25,71.32494776460238,2020,6
2020-06-26,71.38064116361556,2020,6
2020-06-27,71.32308643051424,2020,6
2020-06-28,71.39800347659963,2020,6
2020-06-29,71.28080436451532,2020,6
2020-06-30,71.27357438828834,2020,6
2020-07-01,71.47603437589602,2020,7
2020-07-02,71.44783510875669,2020,7
2020-07-03,71.57779819042668,2020,7
2020-07-04,71.3820013198807,2020,7
2020-07-05,71.07655352382191,2020,7
2020-07-06,71.02981307107706,2020,7
2020-07-07,71.1377565190023,2020,7
2020-07-08,71.19757596455617,2020,7
2020-07-09,71.26280852396583,2020,7
2020-07-10,71.23741543684257,2020,7
2020-07-11,71.10975785042791,2020,7
2020-07-12,71.07972939745235,2020,7
2020-07-13,71.01287699187526,2020,7
2020-07-14,71.25641119743577,2020,7
2020-07-15,71.25040385166423,2020,7
2020-07-16,71.18426686238564,2020,7
2020-07-17,71.34828694467721,2020,7
2020-07-18,71.39955497676405,2020,7
2020-07-19,71.52229648468975,2020,7
2020-07-20,71.13323492272005,2020,7
2020-07-21,70.96513505077554,2020,7
2020-07-22,70.94776678227086,2020,7
2020-07-23,71.03545266313766,2020,7
2020-07-24,71.07138311283865,2020,7
2020-07-25,71.10594120901246,2020,7
2020-07-26,71.1655057661041,2020,7
2020-07-27,71.39764340081469,2020,7
2020-07-28,71.44576917907828,2020,7
2020-07-29,71.21311353752745,2020,7
2020-07-30,71.11784843103827,2020,7
2020-07-31,71.2869865323693,2020,7
2020-08-01,71.22949536500948,2020,8
2020-08-02,71.27695486560619,2020,8
2020-08-03,71.41030473560538,2020,8
2020-08-04,71.39941698521928,2020,8
2020-08-05,71.33314961347101,2020,8
2020-08-06,71.34483373274536,2020,8
2020-08-07,71.34325106119226,2020,8
2020-08-08,71.42508864764038,2020,8
2020-08-09,71.28801101344266,2020,8
2020-08-10,71.1536194376376,2020,8
2020-08-11,71.18858357519699,2020,8
2020-08-12,71.20159016404925,2020,8
2020-08-13,71.13373549279162,2020,8
2020-08-14,71.05792232282332,2020,8
2020-08-15,71.0981264282658,2020,8
2020-08-16,71.07996511219336,2020,8
2020-08-17,71.16725088308884,2020,8
2020-08-18,71.19632339528457,2020,8
2020-08-19,71.11291205125423,2020,8
2020-08-20,70.95875334411471,2020,8
2020-08-21,70.95572728396243,2020,8
2020-08-22,70.93600133326346,2020,8
2020-08-23,71.00925867719998,2020,8
2020-08-24,70.98649585095635,2020,8
2020-08-25,71.06616631897954,2020,8
2020-08-26,70.98392525037117,2020,8
2020-08-27,70.91253741583792,2020,8
2020-08-28,70.86440882077042,2020,8
2020-08-29,70.83250025231642,2020,8
2020-08-30,70.9137908597601,2020,8
2020-08-31,70.83912288560532,2020,8
2020-09-01,70.91617826845881,2020,9
2020-09-02,70.92194199438406,2020,9
2020-09-03,71.01562147100191,2020,9
2020-09-04,70.99694967519108,2020,9
2020-09-05,71.05205225621073,2020,9
2020-09-06,71.46611512484623,2020,9
2020-09-07,70.92514743360293,2020,9
2020-09-08,70.98450719597598,2020,9
2020-09-09,71.05192589251482,2020,9
2020-09-10,71.127315485464,2020,9
2020-09-11,70.9757900568925,2020,9
2020-09-12,71.00131912687763,2020,9
2020-09-13,70.97748439217185,2020,9
2020-09-14,70.9561473263503,2020,9
2020-09-15,71.02034750566395,2020,9
2020-09-16,71.05484484273572,2020,9
2020-09-17,71.10274387515238,2020,9
2020-09-18,71.10205834920478,2020,9
2020-09-19,71.02533425472262,2020,9
2020-09-20,70.96212668646473,2020,9
2020-09-21,70.81574844421196,2020,9
2020-09-22,70.90136066669479,2020,9
2020-09-23,70.80632088728375,2020,9
2020-09-24,70.7853137743177,2020,9
2020-09-25,70.8547833783542,2020,9
2020-09-26,70.58106602821329,2020,9
2020-09-27,70.40024729200775,2020,9
2020-09-28,70.34522192359933,2020,9
2020-09-29,70.43769204646344,2020,9
2020-09-30,70.31124666933685,2020,9
2020-10-01,70.31458997531858,2020,10
2020-10-02,70.29926351011915,2020,10
2020-10-03,70.29241576431036,2020,10
2020-10-04,70.24554601714821,2020,10
2020-10-05,70.05978171222328,2020,10
2020-10-06,70.04367758990271,2020,10
2020-10-07,70.12068807929738,2020,10
2020-10-08,70.1588585965653,2020,10
2020-10-09,70.16641799944766,2020,10
2020-10-10,70.18797922170289,2020,10
2020-10-11,70.09611983561277,2020,10
2020-10-12,70.02102099952774,2020,10
2020-10-13,70.08350593099323,2020,10
2020-10-14,70.19027475267193,2020,10
2020-10-15,70.18155105461614,2020,10
2020-10-16,70.2248420957326,2020,10
2020-10-17,70.18220577730163,2020,10
2020-10-18,70.13109818149265,2020,10
2020-10-19,69.98636722348887,2020,10
2020-10-20,69.88060867690365,2020,10
2020-10-21,69.80597935876362,2020,10
2020-10-22,69.68492671327839,2020,10
2020-10-23,69.42426769416507,2020,10
2020-10-24,69.18998740962134,2020,10
2020-10-25,69.16195842887335,2020,10
2020-10-26,69.10732678890652,2020,10
2020-10-27,68.76479102984493,2020,10
2020-10-28,68.5642480445064,2020,10
2020-10-29,68.45908506908624,2020,10
2020-10-30,68.50554324641546,2020,10
2020-10-31,68.54274307704033,2020,10
2020-11-01,68.59614687176291,2020,11
2020-11-02,68.4522571659017,2020,11
2020-11-03,68.30747581364089,2020,11
2020-11-04,68.07806320457709,2020,11
2020-11-05,67.84775150902446,2020,11
2020-11-06,67.76726174158449,2020,11
2020-11-07,67.83566252155212,2020,11
2020-11-08,67.67171616493852,2020,11
2020-11-09,67.48269637573449,2020,11
2020-11-10,67.2996175253419,2020,11
2020-11-11,67.6012423022422,2020,11
2020-11-12,67.79040955368907,2020,11
2020-11-13,68.05501762390028,2020,11
2020-11-14,68.13090763585433,2020,11
2020-11-15,68.30515315639704,2020,11
2020-11-16,68.26721287209459,2020,11
2020-11-17,68.0483275689969,2020,11
2020-11-18,68.09775791047787,2020,11
2020-11-19,67.9790338811613,2020,11
2020-11-20,67.78270905718234,2020,11
2020-11-21,67.47786720792935,2020,11
2020-11-22,66.95304616097687,2020,11
2020-11-23,66.89424929879296,2020,11
2020-11-24,66.96278473568356,2020,11
2020-11-25,67.10264163090427,2020,11
2020-11-26,67.76011596490902,2020,11
2020-11-27,67.40954047422584,2020,11
2020-11-28,67.57866825088557,2020,11
2020-11-29,67.11946656269754,2020,11
2020-11-30,67.1474495769192,2020,11
2020-12-01,67.16019816413085,2020,12
2020-12-02,66.9967950339585,2020,12
2020-12-03,67.00623262654693,2020,12
2020-12-04,67.06936525863647,2020,12
2020-12-05,67.17591987274373,2020,12
2020-12-06,67.24334936464818,2020,12
2020-12-07,67.27522575041725,2020,12
2020-12-08,67.34403846987415,2020,12
2020-12-09,67.26257550321202,2020,12
2020-12-10,67.35963704286209,2020,12
2020-12-11,67.62487349297035,2020,12
2020-12-12,67.47241988615681,2020,12
2020-12-13,67.27358467937276,2020,12
2020-12-14,67.0808880764227,2020,12
2020-12-15,66.9158176480511,2020,12
2020-12-16,66.74188083334859,2020,12
2020-12-17,66.47245555858937,2020,12
2020-12-18,66.08631515781103,2020,12
2020-12-19,65.82491388288946,2020,12
2020-12-20,65.7336903428542,2020,12
2020-12-21,65.62056296185222,2020,12
2020-12-22,65.65234839242697,2020,12
2020-12-23,65.76574388776875,2020,12
2020-12-24,65.98080288186755,2020,12
2020-12-25,65.97897472084468,2020,12
2020-12-26,65.94789889492044,2020,12
2020-12-27,65.94292016761088,2020,12
2020-12-28,65.77597328526774,2020,12
2020-12-29,65.61916355107817,2020,12
2020-12-30,65.7855115312083,2020,12
2020-12-31,65.81931400975024,2020,12
2021-01-01,65.92301043663157,2021,1
2021-01-02,66.13859822162313,2021,1
2021-01-03,66.52788930243894,2021,1
2021-01-04,66.929542732207,2021,1
2021-01-05,67.31292768329281,2021,1
2021-01-06,67.34872002367504,2021,1
2021-01-07,67.3293457273346,2021,1
2021-01-08,67.30702773205127,2021,1
2021-01-09,67.33230539787381,2021,1
2021-01-10,67.4209231262727,2021,1
2021-01-11,67.2118561484968,2021,1
2021-01-12,66.6398391088342,2021,1
2021-01-13,66.39026186151872,2021,1
2021-01-14,66.1847232592304,2021,1
2021-01-15,66.15905219790429,2021,1
2021-01-16,66.41163430570556,2021,1
2021-01-17,66.46525130643415,2021,1
2021-01-18,66.95717054771269,2021,1
2021-01-19,67.966484144518,2021,1
2021-01-20,68.08074580246239,2021,1
2021-01-21,66.48485774856638,2021,1
2021-01-22,66.36661063837317,2021,1
2021-01-23,66.65213394768807,2021,1
2021-01-24,66.49790901889062,2021,1
2021-01-25,66.4556560227209,2021,1
2021-01-26,66.04508846563736,2021,1
2021-01-27,65.91357852917652,2021,1
2021-01-28,65.88720937705321,2021,1
2021-01-29,65.88867114067185,2021,1
2021-01-30,65.78344079476251,2021,1
2021-01-31,65.75194221458915,2021,1
2021-02-01,66.00018751509907,2021,2
2021-02-02,66.0892923209565,2021,2
2021-02-03,66.34720313310007,2021,2
2021-02-04,66.50171174269269,2021,2
2021-02-05,66.42656547574559,2021,2
2021-02-06,66.32825547194638,2021,2
2021-02-07,66.17834448285441,2021,2
2021-02-08,66.07234607532179,2021,2
2021-02-09,66.21199310626525,2021,2
2021-02-10,66.40802298290622,2021,2
2021-02-11,66.73237935506555,2021,2
2021-02-12,66.85753248167013,2021,2
2021-02-13,67.15698162495885,2021,2
2021-02-14,67.58250466946824,2021,2
2021-02-15,67.2241293333432,2021,2
2021-02-16,67.5949161195539,2021,2
2021-02-17,67.34707835777938,2021,2
2021-02-18,67.53366676876591,2021,2
2021-02-19,67.5524246897922,2021,2
2021-02-20,67.57375068704704,2021,2
2021-02-21,67.61036574576373,2021,2
2021-02-22,67.7146673748061,2021,2
2021-02-23,67.7471742763906,2021,2
2021-02-24,67.61818643196592,2021,2
2021-02-25,68.11143416124663,2021,2
2021-02-26,68.44601929589886,2021,2
2021-02-27,68.5969302252458,2021,2
2021-02-28,68.4188470045138,2021,2
2021-03-01,68.1819499552551,2021,3
2021-03-02,68.12989955368347,2021,3
2021-03-03,67.62654823315638,2021,3
2021-03-04,67.79861105929774,2021,3
2021-03-05,68.06222346216654,2021,3
2021-03-06,67.99013772106599,2021,3
2021-03-07,68.24203746307303,2021,3
2021-03-08,68.61849739232564,2021,3
2021-03-09,68.92374399456789,2021,3
2021-03-10,68.90763320347656,2021,3
2021-03-11,68.92533285611961,2021,3
2021-03-12,68.85957391175796,2021,3
2021-03-13,68.37332521137883,2021,3
2021-03-14,68.5585398378187,2021,3
2021-03-15,68.78423383112163,2021,3
2021-03-16,68.77043942178223,2021,3
2021-03-17,69.09332833180842,2021,3
2021-03-18,69.24000537801184,2021,3
2021-03-19,69.12176657906129,2021,3
2021-03-20,68.99105637282159,2021,3
2021-03-21,69.19683051018386,2021,3
2021-03-22,69.28401137770442,2021,3
2021-03-23,69.08721162046092,2021,3
2021-03-24,69.0518274285741,2021,3
2021-03-25,68.961498389119,2021,3
2021-03-26,68.86596616763546,2021,3
2021-03-27,68.96196711980764,2021,3
2021-03-28,69.3413635538857,2021,3
2021-03-29,69.70582925678329,2021,3
2021-03-30,69.80148935178863,2021,3
2021-03-31,69.66887277798405,2021,3
2021-04-01,69.22736024542813,2021,4
2021-04-02,69.00824643803787,2021,4
2021-04-03,69.10530558049413,2021,4
2021-04-04,69.29828230942385,2021,4
2021-04-05,69.61161849493871,2021,4
2021-04-06,69.88847159583953,2021,4
2021-04-07,69.92247681580908,2021,4
2021-04-08,69.91917134158611,2021,4
2021-04-09,69.72706899367932,2021,4
2021-04-10,69.69622057123696,2021,4
2021-04-11,69.7431815715225,2021,4
2021-04-12,69.9473489393567,2021,4
2021-04-13,69.90029524191397,2021,4
2021-04-14,69.98957174487009,2021,4
2021-04-15,70.13272832058048,2021,4
2021-04-16,70.00098773727254,2021,4
2021-04-17,69.95119565717768,2021,4
2021-04-18,69.85695166554665,2021,4
2021-04-19,69.91369975083047,2021,4
2021-04-20,70.15474257173992,2021,4
2021-04-21,70.123502468732,2021,4
2021-04-22,69.72532025434711,2021,4
2021-04-23,69.77798495992143,2021,4
2021-04-24,69.65450045757488,2021,4
2021-04-25,70.01524955597908,2021,4
2021-04-26,70.05707324164086,2021,4
2021-04-27,70.86671301375178,2021,4
2021-04-28,70.45863165902271,2021,4
2021-04-29,70.74811091813245,2021,4
2021-04-30,70.72524985769928,2021,4
2021-05-01,70.84156202980472,2021,5
2021-05-02,70.7937481024645,2021,5
2021-05-03,70.40765311996168,2021,5
2021-05-04,70.45474891051128,2021,5
2021-05-05,70.66678333556884,2021,5
2021-05-06,70.60863817858437,2021,5
2021-05-07,70.60101816195986,2021,5
2021-05-08,70.55827716859125,2021,5
2021-05-09,70.9087354385072,2021,5
2021-05-10,70.65080929115618,2021,5
2021-05-11,70.67358518383372,2021,5
2021-05-12,70.52812194014014,2021,5
2021-05-13,70.46724241534676,2021,5
2021-05-14,70.36562156784294,2021,5
2021-05-15,70.71504623630587,2021,5
2021-05-16,71.72200402853152,2021,5
2021-05-17,70.96469369137958,2021,5
2021-05-18,70.90487134529201,2021,5
2021-05-19,70.5581140743297,2021,5
2021-05-20,70.42034557471617,2021,5
2021-05-21,70.49098388961565,2021,5
2021-05-22,70.61291047104183,2021,5
2021-05-23,70.76120507065814,2021,5
2021-05-24,70.8383460896759,2021,5
2021-05-25,70.89439654288746,2021,5
2021-05-26,70.93548807949468,2021,5
2021-05-27,71.05869429999035,2021,5
2021-05-28,71.21249952035971,2021,5
2021-05-29,71.38933368141763,2021,5
2021-05-30,71.15125758484638,2021,5
2021-05-31,71.37270755206522,2021,5
2021-06-01,71.15188048238208,2021,6
2021-06-02,70.82122630497278,2021,6
2021-06-03,70.82664415997813,2021,6
2021-06-04,71.04625248086306,2021,6
2021-06-05,70.98522297225807,2021,6
2021-06-06,71.01158157162952,2021,6
2021-06-07,71.36953339863346,2021,6
2021-06-08,71.68159934254972,2021,6
2021-06-09,71.47476125729769,2021,6
2021-06-10,71.41035507626682,2021,6
2021-06-11,71.27720691506904,2021,6
2021-06-12,71.10327549233273,2021,6
2021-06-13,70.98237773956346,2021,6
2021-06-14,71.04463540290297,2021,6
2021-06-15,71.1415457992152,2021,6
2021-06-16,70.89323423861934,2021,6
2021-06-17,70.89666594333573,2021,6
2021-06-18,71.01140842772709,2021,6
2021-06-19,70.8826550393052,2021,6
2021-06-20,70.79488475109686,2021,6
2021-06-21,70.90742056999065,2021,6
2021-06-22,71.18783796134629,2021,6
2021-06-23,71.19820981807645,2021,6
2021-06-24,71.12996704029656,2021,6
2021-06-25,71.01161369980325,2021,6
2021-06-26,70.97607055854053,2021,6
2021-06-27,71.07108940564486,2021,6
2021-06-28,71.20275741369511,2021,6
2021-06-29,71.42089153046405,2021,6
2021-06-30,71.67612842498497,2021,6
2021-07-01,71.6280518348542,2021,7
2021-07-02,71.35937586201518,2021,7
2021-07-03,71.19645905576164,2021,7
2021-07-04,71.31596859444895,2021,7
2021-07-05,71.29280992177425,2021,7
2021-07-06,71.43614453922088,2021,7
2021-07-07,71.6390595344976,2021,7
2021-07-08,71.42897248980599,2021,7
2021-07-09,71.26705559029023,2021,7
2021-07-10,71.4710654957931,2021,7
2021-07-11,71.46712097800807,2021,7
2021-07-12,71.17221348209041,2021,7
2021-07-13,71.0536432340645,2021,7
2021-07-14,71.0507306161077,2021,7
2021-07-15,71.32787730333368,2021,7
2021-07-16,71.34271474602969,2021,7
2021-07-17,71.41980926378767,2021,7
2021-07-18,71.45936538665383,2021,7
2021-07-19,71.11131862074858,2021,7
2021-07-20,71.06278628398802,2021,7
2021-07-21,70.9554570209048,2021,7
2021-07-22,70.98198418871819,2021,7
2021-07-23,71.14909204797682,2021,7
2021-07-24,71.13541919385995,2021,7
2021-07-25,71.36961215449438,2021,7
2021-07-26,71.34103773146441,2021,7
2021-07-27,71.25602550666851,2021,7
2021-07-28,71.04054726119963,2021,7
2021-07-29,70.97618285428027,2021,7
2021-07-30,70.99775128708302,2021,7
2021-07-31,71.03214038682418,2021,7
2021-08-01,71.02787775553148,2021,8
2021-08-02,70.97318975296012,2021,8
2021-08-03,70.99589649888772,2021,8
2021-08-04,71.04353184605318,2021,8
2021-08-05,71.08524452501796,2021,8
2021-08-06,71.08556638489326,2021,8
2021-08-07,71.07453288479122,2021,8
2021-08-08,71.22690962902736,2021,8
2021-08-09,71.14084377152084,2021,8
2021-08-10,71.0893625272033,2021,8
2021-08-11,71.15124248376964,2021,8
2021-08-12,71.30281561469948,2021,8
2021-08-13,71.15364824928766,2021,8
2021-08-14,71.03413593035891,2021,8
2021-08-15,70.99793809071603,2021,8
2021-08-16,70.9331826044977,2021,8
2021-08-17,71.04905135158776,2021,8
2021-08-18,71.01345125786813,2021,8
2021-08-19,71.04859174695532,2021,8
2021-08-20,70.98304287921022,2021,8
2021-08-21,70.8536842388398,2021,8
2021-08-22,70.85739148282453,2021,8
2021-08-23,70.99173219275622,2021,8
2021-08-24,71.2241421893278,2021,8
2021-08-25,71.17265230185917,2021,8
2021-08-26,70.9912011283566,2021,8
2021-08-27,70.9397246357224,2021,8
2021-08-28,70.87702810416738,2021,8
2021-08-29,70.96100170872688,2021,8
2021-08-30,70.80528018071354,2021,8
2021-08-31,70.7921930469122,2021,8
2021-09-01,70.84068432873617,2021,9
2021-09-02,71.1903302581672,2021,9
2021-09-03,71.23959928885353,2021,9
2021-09-04,70.78838500074038,2021,9
2021-09-05,70.9087460005815,2021,9
2021-09-06,71.08034462166687,2021,9
2021-09-07,71.05425629782313,2021,9
2021-09-08,71.49408276570304,2021,9
2021-09-09,70.9171219967576,2021,9
2021-09-10,71.25692408413887,2021,9
2021-09-11,70.89419759887099,2021,9
2021-09-12,70.77531975885849,2021,9
2021-09-13,70.86061507478686,2021,9
2021-09-14,70.84509615630336,2021,9
2021-09-15,70.85883794968137,2021,9
2021-09-16,70.82999475536904,2021,9
2021-09-17,70.74643076125929,2021,9
2021-09-18,70.8098185001059,2021,9
2021-09-19,70.9107889642618,2021,9
2021-09-20,71.06770068442944,2021,9
2021-09-21,70.84041673333088,2021,9
2021-09-22,70.63498822326645,2021,9
2021-09-23,70.67467615338624,2021,9
2021-09-24,70.66175735690413,2021,9
2021-09-25,70.74863202814191,2021,9
2021-09-26,70.76020751919033,2021,9
2021-09-27,70.83087808198685,2021,9
2021-09-28,70.7360508724093,2021,9
2021-09-29,70.74625207667327,2021,9
2021-09-30,70.73932743757578,2021,9
2021-10-01,70.8125151934136,2021,10
2021-10-02,70.72991542590276,2021,10
2021-10-03,70.67824077289451,2021,10
2021-10-04,70.66838370947755,2021,10
2021-10-05,70.57019383881212,2021,10
2021-10-06,70.57864821840326,2021,10
2021-10-07,70.5978883678239,2021,10
2021-10-08,70.70042903874995,2021,10
2021-10-09,70.46889513933881,2021,10
2021-10-10,70.3884203252704,2021,10
2021-10-11,70.25346723213516,2021,10
2021-10-12,70.21358175980048,2021,10
2021-10-13,70.10193394657658,2021,10
2021-10-14,69.97109702845682,2021,10
2021-10-15,69.83372787296331,2021,10
2021-10-16,69.91520726111743,2021,10
2021-10-17,70.27917392825276,2021,10
2021-10-18,70.17082430662309,2021,10
2021-10-19,69.85009242810449,2021,10
2021-10-20,69.68001262251379,2021,10
2021-10-21,69.41296795040476,2021,10
2021-10-22,69.21322480096924,2021,10
2021-10-23,69.17655505359498,2021,10
2021-10-24,69.1261073443799,2021,10
2021-10-25,68.9365813532185,2021,10
2021-10-26,68.90625309105137,2021,10
2021-10-27,68.81870447231599,2021,10
2021-10-28,68.645933259065,2021,10
2021-10-29,68.42778179574196,2021,10
2021-10-30,68.46082912273502,2021,10
2021-10-31,68.37785422203343,2021,10
2021-11-01,68.2287332154601,2021,11
2021-11-02,68.31034181292578,2021,11
2021-11-03,68.39238966375706,2021,11
2021-11-04,68.312536535826,2021,11
2021-11-05,68.19825720055996,2021,11
2021-11-06,68.09347606688735,2021,11
2021-11-07,67.9221863699973,2021,11
2021-11-08,67.79439797527262,2021,11
2021-11-09,67.68429225297145,2021,11
2021-11-10,67.64817115961485,2021,11
2021-11-11,67.71005054289094,2021,11
2021-11-12,67.8050848673048,2021,11
2021-11-13,68.06205669307607,2021,11
2021-11-14,67.98244328207255,2021,11
2021-11-15,67.88492316903525,2021,11
2021-11-16,67.81168020073405,2021,11
2021-11-17,67.79564672409141,2021,11
2021-11-18,67.98246122445548,2021,11
2021-11-19,68.0491239100907,2021,11
2021-11-20,68.30368075787561,2021,11
2021-11-21,68.38044989657826,2021,11
2021-11-22,68.4168176074582,2021,11
2021-11-23,68.10990809332125,2021,11
2021-11-24,67.88175067594231,2021,11
2021-11-25,67.70108794133988,2021,11
2021-11-26,67.53550709646575,2021,11
2021-11-27,67.35739892413183,2021,11
2021-11-28,68.29730487300375,2021,11
2021-11-29,67.35051659012619,2021,11
2021-11-30,67.35544826299298,2021,11
2021-12-01,67.46964685209427,2021,12
2021-12-02,67.48254877558163,2021,12
2021-12-03,67.45113256422806,2021,12
2021-12-04,67.56804380706248,2021,12
2021-12-05,67.76116927341954,2021,12
2021-12-06,67.7807471159004,2021,12
2021-12-07,67.6846659995383,2021,12
2021-12-08,67.32201609115137,2021,12
2021-12-09,67.31140764908946,2021,12
2021-12-10,67.35376437216654,2021,12
2021-12-11,67.02574831948364,2021,12
2021-12-12,67.24871228455795,2021,12
2021-12-13,66.71009464147528,2021,12
2021-12-14,66.65188618747186,2021,12
2021-12-15,66.55015824331976,2021,12
2021-12-16,66.51389756179155,2021,12
2021-12-17,66.29767149955153,2021,12
2021-12-18,65.84321428574907,2021,12
2021-12-19,65.5188825598711,2021,12
2021-12-20,65.49274372821253,2021,12
2021-12-21,65.5221327003441,2021,12
2021-12-22,65.61607587330836,2021,12
2021-12-23,65.95553763629508,2021,12
2021-12-24,66.19050388191567,2021,12
2021-12-25,66.37312446817194,2021,12
2021-12-26,66.54360335282816,2021,12
2021-12-27,66.73638885258839,2021,12
2021-12-28,66.95305570121637,2021,12
2021-12-29,66.60340196061743,2021,12
2021-12-30,66.30416289883377,2021,12
2021-12-31,66.24820723600773,2021,12
2022-01-01,66.36579331890584,2022,1
2022-01-02,67.43783659460694,2022,1
2022-01-03,66.41979093318834,2022,1
2022-01-04,66.45524637450605,2022,1
2022-01-05,66.77214906381256,2022,1
2022-01-06,66.99577558628567,2022,1
2022-01-07,67.00656390261858,2022,1
2022-01-08,67.07575317987002,2022,1
2022-01-09,66.85849873078928,2022,1
2022-01-10,66.55266990278976,2022,1
2022-01-11,66.58560805712857,2022,1
2022-01-12,67.21069321529556,2022,1
2022-01-13,66.26542064304641,2022,1
2022-01-14,66.22044292254047,2022,1
2022-01-15,66.25128301904704,2022,1
2022-01-16,66.2075420309921,2022,1
2022-01-17,66.24156567667389,2022,1
2022-01-18,66.05069698304246,2022,1
2022-01-19,66.22926819683695,2022,1
2022-01-20,66.31310301222341,2022,1
2022-01-21,66.49768082478107,2022,1
2022-01-22,66.76291015667039,2022,1
2022-01-23,66.95052876838498,2022,1
2022-01-24,66.51839428258205,2022,1
2022-01-25,66.04934226727605,2022,1
2022-01-26,66.11506136837221,2022,1
2022-01-27,65.7850656454112,2022,1
2022-01-28,65.55628312621019,2022,1
2022-01-29,65.416316599803,2022,1
2022-01-30,65.65424936305118,2022,1
2022-01-31,65.93854482474593,2022,1
2022-02-01,66.32652088063108,2022,2
2022-02-02,66.38135793902164,2022,2
2022-02-03,66.81047494339303,2022,2
2022-02-04,66.5886904590092,2022,2
2022-02-05,65.83669938518916,2022,2
2022-02-06,65.8759004241114,2022,2
2022-02-07,66.25205586003864,2022,2
2022-02-08,66.50118698455711,2022,2
2022-02-09,66.89051774109622,2022,2
2022-02-10,66.65446276253745,2022,2
2022-02-11,66.46621999915723,2022,2
2022-02-12,66.20921099981824,2022,2
2022-02-13,66.149990294019,2022,2
2022-02-14,66.42502249718557,2022,2
2022-02-15,66.67073165679194,2022,2
2022-02-16,66.75991411823708,2022,2
2022-02-17,66.95317014651845,2022,2
2022-02-18,67.03574186787549,2022,2
2022-02-19,67.164083939826,2022,2
2022-02-20,67.22576864599618,2022,2
2022-02-21,66.872482541784,2022,2
2022-02-22,67.1313641898644,2022,2
2022-02-23,67.57709097342348,2022,2
2022-02-24,67.6719913114995,2022,2
2022-02-25,67.60544698595506,2022,2
2022-02-26,67.5506388586085,2022,2
2022-02-27,67.52907592217603,2022,2
2022-02-28,67.45100181756867,2022,2
2022-03-01,67.48822524480525,2022,3
2022-03-02,67.52241972371701,2022,3
2022-03-03,67.69486193319855,2022,3
2022-03-04,67.63367812523565,2022,3
2022-03-05,67.76873915472753,2022,3
2022-03-06,67.89234197603044,2022,3
2022-03-07,68.1216063264734,2022,3
2022-03-08,68.28831136594313,2022,3
2022-03-09,68.74798249234466,2022,3
2022-03-10,68.37437904047896,2022,3
2022-03-11,68.45016707740609,2022,3
2022-03-12,68.45888798116893,2022,3
2022-03-13,68.49578322558315,2022,3
2022-03-14,68.73816252440075,2022,3
2022-03-15,68.96009914145424,2022,3
2022-03-16,69.25104902502946,2022,3
2022-03-17,69.43691316931617,2022,3
2022-03-18,69.67178329715792,2022,3
2022-03-19,69.7565244228605,2022,3
2022-03-20,69.83566770204604,2022,3
2022-03-21,69.82508949429362,2022,3
2022-03-22,69.7440019417655,2022,3
2022-03-23,69.67549788842439,2022,3
2022-03-24,70.21620281801654,2022,3
2022-03-25,69.76042110496606,2022,3
2022-03-26,69.77421363674063,2022,3
2022-03-27,69.57312996101668,2022,3
2022-03-28,69.68597868806299,2022,3
2022-03-29,69.79292112730231,2022,3
2022-03-30,69.90544904413481,2022,3
2022-03-31,69.99141641729314,2022,3
2022-04-01,70.02660918350611,2022,4
2022-04-02,69.9739575188654,2022,4
2022-04-03,70.10598901323827,2022,4
2022-04-04,70.00030671742591,2022,4
2022-04-05,70.00760185725834,2022,4
2022-04-06,69.98396635069653,2022,4
2022-04-07,70.01658995783454,2022,4
2022-04-08,70.14983291524892,2022,4
2022-04-09,70.28608891425147,2022,4
2022-04-10,70.44288021200659,2022,4
2022-04-11,70.4839807425131,2022,4
2022-04-12,70.68104248761334,2022,4
2022-04-13,70.76067236854456,2022,4
2022-04-14,70.55695036186289,2022,4
2022-04-15,70.39200267446735,2022,4
2022-04-16,70.42356167869849,2022,4
2022-04-17,70.30044436574786,2022,4
2022-04-18,70.37182234529043,2022,4
2022-04-19,70.78203614817124,2022,4
2022-04-20,70.74868386084019,2022,4
2022-04-21,71.26873368547085,2022,4
2022-04-22,70.51827721907435,2022,4
2022-04-23,70.46484421133539,2022,4
2022-04-24,70.51108847171987,2022,4
2022-04-25,70.63734137077748,2022,4
2022-04-26,70.73680761202833,2022,4
2022-04-27,70.73217936131027,2022,4
2022-04-28,70.92432748741994,2022,4
2022-04-29,71.18278261609088,2022,4
2022-04-30,71.15013018246226,2022,4
2022-05-01,71.08341177686047,2022,5
2022-05-02,71.16402775942306,2022,5
2022-05-03,71.15651655191468,2022,5
2022-05-04,70.87580101930061,2022,5
2022-05-05,70.6194226590249,2022,5
2022-05-06,70.81373873797736,2022,5
2022-05-07,70.82269991413202,2022,5
2022-05-08,71.7266786027464,2022,5
2022-05-09,71.27113438640336,2022,5
2022-05-10,71.33419812816504,2022,5
2022-05-11,71.38553557646003,2022,5
2022-05-12,71.42179383234864,2022,5
2022-05-13,71.30815927574068,2022,5
2022-05-14,71.37001381188198,2022,5
2022-05-15,71.49244175820704,2022,5
2022-05-16,71.56623614193612,2022,5
2022-05-17,71.25893677916415,2022,5
2022-05-18,71.24060430124698,2022,5
2022-05-19,71.24063207929346,2022,5
2022-05-20,71.30576458863656,2022,5
2022-05-21,71.2077361894134,2022,5
2022-05-22,70.9292846510145,2022,5
2022-05-23,70.73531162675945,2022,5
2022-05-24,70.40286569326332,2022,5
2022-05-25,70.73995346339589,2022,5
2022-05-26,71.06123332744531,2022,5
2022-05-27,71.12373654877707,2022,5
2022-05-28,71.27421171300527,2022,5
2022-05-29,71.34360152118033,2022,5
2022-05-30,71.49502799522597,2022,5
2022-05-31,71.55839793213919,2022,5
2022-06-01,71.37202159734133,2022,6
2022-06-02,71.55630837183386,2022,6
2022-06-03,71.48150045504245,2022,6
2022-06-04,71.63401236372947,2022,6
2022-06-05,71.65289148136891,2022,6
2022-06-06,71.51989155317814,2022,6
2022-06-07,71.73788266070393,2022,6
2022-06-08,71.92822981021563,2022,6
2022-06-09,71.76713308550006,2022,6
2022-06-10,71.75381479272333,2022,6
2022-06-11,71.65173450184807,2022,6
2022-06-12,71.47017152535271,2022,6
2022-06-13,71.55978213464772,2022,6
2022-06-14,71.54005918887444,2022,6
2022-06-15,71.56009821745467,2022,6
2022-06-16,71.25005710965529,2022,6
2022-06-17,71.01544343554248,2022,6
2022-06-18,70.94295299200354,2022,6
2022-06-19,70.72658828321342,2022,6
2022-06-20,70.66632364058627,2022,6
2022-06-21,70.54540332162387,2022,6
2022-06-22,70.67409573563518,2022,6
2022-06-23,70.95677017396513,2022,6
2022-06-24,71.07770743711738,2022,6
2022-06-25,71.11180426179067,2022,6
2022-06-26,71.4743320403035,2022,6
2022-06-27,71.50742536316542,2022,6
2022-06-28,71.7084082343905,2022,6
2022-06-29,71.50653577488318,2022,6
2022-06-30,71.28750055608089,2022,6
2022-07-01,71.11637201990071,2022,7
2022-07-02,71.18143397372751,2022,7
2022-07-03,71.17134744967746,2022,7
2022-07-04,71.29339786592895,2022,7
2022-07-05,71.3905958150633,2022,7
2022-07-06,71.29356427045903,2022,7
2022-07-07,71.27967240819115,2022,7
2022-07-08,71.29622374173157,2022,7
2022-07-09,71.23237463664907,2022,7
2022-07-10,71.01928357584138,2022,7
2022-07-11,71.11570838487619,2022,7
2022-07-12,71.11604249403725,2022,7
2022-07-13,71.15892324585789,2022,7
2022-07-14,71.11936753983531,2022,7
2022-07-15,70.96788670705699,2022,7
2022-07-16,71.10918266314131,2022,7
2022-07-17,71.09729524831344,2022,7
2022-07-18,71.2023609284122,2022,7
2022-07-19,71.24648042965349,2022,7
2022-07-20,71.23365520217365,2022,7
2022-07-21,71.00947727547518,2022,7
2022-07-22,71.09455870995208,2022,7
2022-07-23,71.10122067457559,2022,7
2022-07-24,70.99088814405553,2022,7
2022-07-25,71.01014164043421,2022,7
2022-07-26,70.88329537318428,2022,7
2022-07-27,70.92077615800974,2022,7
2022-07-28,71.02804942264189,2022,7
2022-07-29,71.06410703689716,2022,7
2022-07-30,71.03637556057045,2022,7
2022-07-31,71.03249970426828,2022,7
2022-08-01,71.12860345538571,2022,8
2022-08-02,71.05227135651688,2022,8
2022-08-03,71.09358623984355,2022,8
2022-08-04,71.08194529593919,2022,8
2022-08-05,71.0751795042091,2022,8
2022-08-06,71.0356378565456,2022,8
2022-08-07,71.05621024894222,2022,8
2022-08-08,71.07549555235923,2022,8
2022-08-09,71.18386418824609,2022,8
2022-08-10,71.10772963142827,2022,8
2022-08-11,71.12065671449821,2022,8
2022-08-12,71.0433828260236,2022,8
2022-08-13,71.03774509211293,2022,8
2022-08-14,70.9963489816248,2022,8
2022-08-15,70.839966092191,2022,8
2022-08-16,70.90697466381636,2022,8
2022-08-17,70.99999336178158,2022,8
2022-08-18,71.06325605168395,2022,8
2022-08-19,71.10250802821706,2022,8
2022-08-20,71.03790293658183,2022,8
2022-08-21,70.96981927930426,2022,8
2022-08-22,70.9759599013552,2022,8
2022-08-23,71.02183227974893,2022,8
2022-08-24,70.98836512803068,2022,8
2022-08-25,70.80541435276338,2022,8
2022-08-26,70.91953423839118,2022,8
2022-08-27,71.0195028713215,2022,8
2022-08-28,70.89166677948874,2022,8
2022-08-29,70.8939432909127,2022,8
2022-08-30,70.97283603309941,2022,8
2022-08-31,71.09426659558473,2022,8
2022-09-01,71.06006016792035,2022,9
2022-09-02,71.00125099651585,2022,9
2022-09-03,71.09599168978691,2022,9
2022-09-04,70.97424428919666,2022,9
2022-09-05,70.8991753013877,2022,9
2022-09-06,70.87190730893047,2022,9
2022-09-07,70.9533051286605,2022,9
2022-09-08,71.1618401862112,2022,9
2022-09-09,71.01026349457199,2022,9
2022-09-10,71.200745815476,2022,9
2022-09-11,70.89772685690829,2022,9
2022-09-12,70.74157831797508,2022,9
2022-09-13,70.72495760968518,2022,9
2022-09-14,70.80093443073716,2022,9
2022-09-15,70.73606382757228,2022,9
2022-09-16,70.62319666340424,2022,9
2022-09-17,70.67118752181845,2022,9
2022-09-18,70.60372781244104,2022,9
2022-09-19,70.68993206591638,2022,9
2022-09-20,70.69332803682944,2022,9
2022-09-21,70.66627263594727,2022,9
2022-09-22,70.60211571007675,2022,9
2022-09-23,70.56944030597603,2022,9
2022-09-24,70.48850525605154,2022,9
2022-09-25,70.42271944532392,2022,9
2022-09-26,70.40345936668108,2022,9
2022-09-27,70.36450778308243,2022,9
2022-09-28,70.75785030304455,2022,9
2022-09-29,70.51860782660648,2022,9
2022-09-30,70.45866949615765,2022,9
2022-10-01,70.53829058447344,2022,10
2022-10-02,70.3730509336768,2022,10
2022-10-03,70.33596736584893,2022,10
2022-10-04,70.34143957528157,2022,10
2022-10-05,70.38956962552963,2022,10
2022-10-06,70.22582002819637,2022,10
2022-10-07,70.59066474117864,2022,10
2022-10-08,70.2482123350478,2022,10
2022-10-09,70.2225122721234,2022,10
2022-10-10,70.25191046019295,2022,10
2022-10-11,70.03304293288603,2022,10
2022-10-12,69.9430672595397,2022,10
2022-10-13,69.76235391467787,2022,10
2022-10-14,69.66347952897713,2022,10
2022-10-15,69.43977208893692,2022,10
2022-10-16,69.42195260583586,2022,10
2022-10-17,69.53729611077436,2022,10
2022-10-18,69.50878856851969,2022,10
2022-10-19,69.27159195771489,2022,10
2022-10-20,69.31049538999335,2022,10
2022-10-21,69.18799545647995,2022,10
2022-10-22,68.99334497179964,2022,10
2022-10-23,68.76663122157994,2022,10
2022-10-24,68.61615154829329,2022,10
2022-10-25,68.44006264697896,2022,10
2022-10-26,68.4926604060795,2022,10
2022-10-27,68.5001307583919,2022,10
2022-10-28,68.50641080500088,2022,10
2022-10-29,68.42954980331697,2022,10
2022-10-30,68.37174360508807,2022,10
2022-10-31,68.28945657402431,2022,10
2022-11-01,68.40098356028538,2022,11
2022-11-02,68.53455521386947,2022,11
2022-11-03,68.55947404254371,2022,11
2022-11-04,68.60450374970488,2022,11
2022-11-05,68.63787308090575,2022,11
2022-11-06,68.56821455075368,2022,11
2022-11-07,68.5328649022176,2022,11
2022-11-08,68.42816565131831,2022,11
2022-11-09,68.33374162101863,2022,11
2022-11-10,68.2292810770319,2022,11
2022-11-11,68.14296637977435,2022,11
2022-11-12,67.92077919970967,2022,11
2022-11-13,67.67472049951215,2022,11
2022-11-14,67.66645855717537,2022,11
2022-11-15,67.59980604314775,2022,11
2022-11-16,67.47585603550885,2022,11
2022-11-17,67.3243308818052,2022,11
2022-11-18,67.0457495866512,2022,11
2022-11-19,66.95948878774371,2022,11
2022-11-20,66.83188847101437,2022,11
2022-11-21,66.98381395305888,2022,11
2022-11-22,67.08593247540855,2022,11
2022-11-23,67.23337902174795,2022,11
2022-11-24,67.15236773478492,2022,11
2022-11-25,67.11008969426868,2022,11
2022-11-26,67.05934653624448,2022,11
2022-11-27,66.96387616376971,2022,11
2022-11-28,66.91747694164674,2022,11
2022-11-29,66.95716370928406,2022,11
2022-11-30,66.95272806486972,2022,11
2022-12-01,67.00512906713934,2022,12
2022-12-02,67.11515902015562,2022,12
2022-12-03,67.21265675113264,2022,12
2022-12-04,67.18567045789268,2022,12
2022-12-05,67.05813219403362,2022,12
2022-12-06,66.87484270446848,2022,12
2022-12-07,66.6645713307558,2022,12
2022-12-08,66.51209039748362,2022,12
2022-12-09,66.48250500753902,2022,12
2022-12-10,66.71165026727986,2022,12
2022-12-11,67.14838449928533,2022,12
2022-12-12,67.48697489167627,2022,12
2022-12-13,67.69920069052263,2022,12
2022-12-14,67.53726065811614,2022,12
2022-12-15,67.20950177068158,2022,12
2022-12-16,67.41919913955377,2022,12
2022-12-17,66.8989672880925,2022,12
2022-12-18,66.8194738298402,2022,12
2022-12-19,66.59031383544423,2022,12
2022-12-20,66.58060306136598,2022,12
2022-12-21,66.48103236469744,2022,12
2022-12-22,66.75795236500117,2022,12
2022-12-23,66.32346955821268,2022,12
2022-12-24,66.22660361846069,2022,12
2022-12-25,66.33454314346304,2022,12
2022-12-26,66.55147883229832,2022,12
2022-12-27,66.73487733736442,2022,12
2022-12-28,66.5614941110475,2022,12
2022-12-29,66.49527935909227,2022,12
2022-12-30,66.60879337530628,2022,12
2022-12-31,66.44284968639083,2022,12
2023-01-01,66.27245766458152,2023,1
2023-01-02,66.18999445594287,2023,1
2023-01-03,66.1857635190034,2023,1
2023-01-04,66.17632712543099,2023,1
2023-01-05,65.96544853254379,2023,1
2023-01-06,65.96418159891326,2023,1
2023-01-07,66.0835410182717,2023,1
2023-01-08,65.7619229414194,2023,1
2023-01-09,65.74411348315351,2023,1
2023-01-10,65.76753443775524,2023,1
2023-01-11,65.93656137807882,2023,1
2023-01-12,66.15128048503765,2023,1
2023-01-13,66.21525774665842,2023,1
2023-01-14,66.07495308454831,2023,1
2023-01-15,65.72825955510673,2023,1
2023-01-16,65.40669799454847,2023,1
2023-01-17,65.45741960090318,2023,1
2023-01-18,65.50867084473445,2023,1
2023-01-19,65.84605957834158,2023,1
2023-01-20,66.18670233343516,2023,1
2023-01-21,66.26158151175302,2023,1
2023-01-22,66.44213913841297,2023,1
2023-01-23,66.54478152737244,2023,1
2023-01-24,66.70198598098494,2023,1
2023-01-25,66.83841272425886,2023,1
2023-01-26,66.70333997828996,2023,1
2023-01-27,66.74047013379372,2023,1
2023-01-28,66.40735195226638,2023,1
2023-01-29,66.62948558038025,2023,1
2023-01-30,67.07011395594115,2023,1
2023-01-31,67.09735481499166,2023,1
2023-02-01,66.98171585223139,2023,2
2023-02-02,66.49824100922821,2023,2
2023-02-03,66.39911954295403,2023,2
2023-02-04,66.46351074159958,2023,2
2023-02-05,66.56531557975292,2023,2
2023-02-06,66.7905168737914,2023,2
2023-02-07,66.918186698417,2023,2
2023-02-08,66.85158439754743,2023,2
2023-02-09,66.82841793944993,2023,2
2023-02-10,67.08147669784059,2023,2
2023-02-11,67.18359906560849,2023,2
2023-02-12,67.10533070698447,2023,2
2023-02-13,66.37095617832313,2023,2
2023-02-14,66.25780497079009,2023,2
2023-02-15,66.59415204478454,2023,2
2023-02-16,66.97586891880424,2023,2
2023-02-17,67.37318065781297,2023,2
2023-02-18,67.49306228123633,2023,2
2023-02-19,67.73256703923016,2023,2
2023-02-20,67.9101946320171,2023,2
2023-02-21,67.95655668784765,2023,2
2023-02-22,67.79412084737966,2023,2
2023-02-23,67.62402874970631,2023,2
2023-02-24,67.59235301921947,2023,2
2023-02-25,67.57020526985212,2023,2
2023-02-26,67.70061161299164,2023,2
2023-02-27,67.78279109846936,2023,2
2023-02-28,67.87654241633871,2023,2
2023-03-01,68.1764097118101,2023,3
2023-03-02,68.17807323475328,2023,3
2023-03-03,68.16527881086448,2023,3
2023-03-04,68.29454548839367,2023,3
2023-03-05,68.36427642666618,2023,3
2023-03-06,68.34942687540156,2023,3
2023-03-07,68.15891626042286,2023,3
2023-03-08,68.19373070009095,2023,3
2023-03-09,68.16023225071443,2023,3
2023-03-10,68.26277135848592,2023,3
2023-03-11,68.28755771958525,2023,3
2023-03-12,68.47861746336977,2023,3
2023-03-13,68.64373688100767,2023,3
2023-03-14,68.70227738044007,2023,3
2023-03-15,68.8555896000936,2023,3
2023-03-16,69.0154111569538,2023,3
2023-03-17,68.73307155431907,2023,3
2023-03-18,68.63105431013663,2023,3
2023-03-19,68.32909860240349,2023,3
2023-03-20,68.30428888327626,2023,3
2023-03-21,68.2470815733884,2023,3
2023-03-22,68.31834587575278,2023,3
2023-03-23,68.55113200972092,2023,3
2023-03-24,68.78525069856047,2023,3
2023-03-25,68.8742900714214,2023,3
2023-03-26,68.92729595316155,2023,3
2023-03-27,68.78384917977777,2023,3
2023-03-28,68.76935310247445,2023,3
2023-03-29,69.02928563557928,2023,3
2023-03-30,69.43770883416433,2023,3
2023-03-31,69.16296235069137,2023,3
2023-04-01,68.8829584564389,2023,4
2023-04-02,68.78854407691325,2023,4
2023-04-03,69.05243129880968,2023,4
2023-04-04,69.29816702125811,2023,4
2023-04-05,69.34659913904775,2023,4
2023-04-06,69.29074574366926,2023,4
2023-04-07,69.32578387608152,2023,4
2023-04-08,69.3800154673654,2023,4
2023-04-09,69.37132075626054,2023,4
2023-04-10,69.4766404159913,2023,4
2023-04-11,69.58032372248364,2023,4
2023-04-12,69.82662856224928,2023,4
2023-04-13,70.01599633827026,2023,4
2023-04-14,70.2637582032611,2023,4
2023-04-15,70.28268570053915,2023,4
2023-04-16,70.33932369502932,2023,4
2023-04-17,70.44615817227968,2023,4
2023-04-18,70.54819791060946,2023,4
2023-04-19,70.45319882382691,2023,4
2023-04-20,70.347213649997,2023,4
2023-04-21,69.97191750402898,2023,4
2023-04-22,69.66147351915993,2023,4
2023-04-23,69.59210249079197,2023,4
2023-04-24,69.41364110038523,2023,4
2023-04-25,69.72512936859657,2023,4
2023-04-26,69.80567654653719,2023,4
2023-04-27,69.87771732863315,2023,4
2023-04-28,69.92338731743085,2023,4
2023-04-29,69.86058541301514,2023,4
2023-04-30,69.76459600907647,2023,4
2023-05-01,69.39775184821313,2023,5
2023-05-02,69.47409953365967,2023,5
2023-05-03,69.78235652478376,2023,5
2023-05-04,69.71074516135343,2023,5
2023-05-05,69.97586234644992,2023,5
2023-05-06,70.24237371107637,2023,5
2023-05-07,70.32440823630338,2023,5
2023-05-08,70.46208370431013,2023,5
2023-05-09,70.37256907245077,2023,5
2023-05-10,70.27811381290537,2023,5
2023-05-11,70.28025867417907,2023,5
2023-05-12,70.43144702820993,2023,5
2023-05-13,70.70592072019068,2023,5
2023-05-14,70.95055297422383,2023,5
2023-05-15,70.8807589619661,2023,5
2023-05-16,70.8591382953132,2023,5
2023-05-17,70.99406115771892,2023,5
2023-05-18,70.74887624009347,2023,5
2023-05-19,70.9783582726212,2023,5
2023-05-20,70.9235228718424,2023,5
2023-05-21,71.04329251644444,2023,5
2023-05-22,71.16081232903433,2023,5
2023-05-23,71.3655588358949,2023,5
2023-05-24,71.104172344478,2023,5
2023-05-25,70.70203577048349,2023,5
2023-05-26,70.40686228254971,2023,5
2023-05-27,70.51836166544291,2023,5
2023-05-28,70.84297470382317,2023,5
2023-05-29,70.6861654545184,2023,5
2023-05-30,70.74133376011721,2023,5
2023-05-31,70.76653958664978,2023,5
2023-06-01,70.7893090438238,2023,6
2023-06-02,70.91146068808472,2023,6
2023-06-03,71.1790189711466,2023,6
2023-06-04,71.06223910928006,2023,6
2023-06-05,71.00817998946765,2023,6
2023-06-06,71.13747043481072,2023,6
2023-06-07,71.27397580247526,2023,6
2023-06-08,71.40878911350785,2023,6
2023-06-09,71.5608452809278,2023,6
2023-06-10,71.6897302313585,2023,6
2023-06-11,71.49464387877441,2023,6
2023-06-12,71.64316495140967,2023,6
2023-06-13,71.74049591187666,2023,6
2023-06-14,71.69762080858781,2023,6
2023-06-15,71.62079142594166,2023,6
2023-06-16,71.57908485482528,2023,6
2023-06-17,71.61404283327082,2023,6
2023-06-18,71.64723511055855,2023,6
2023-06-19,71.40764580346998,2023,6
2023-06-20,71.50492753327755,2023,6
2023-06-21,71.5577634657557,2023,6
2023-06-22,71.56868086422101,2023,6
2023-06-23,71.56009141959477,2023,6
2023-06-24,71.57797303087334,2023,6
2023-06-25,71.25067209862118,2023,6
2023-06-26,71.13062427673428,2023,6
2023-06-27,71.09218012647924,2023,6
2023-06-28,71.12263187207331,2023,6
2023-06-29,71.18548745509219,2023,6
2023-06-30,71.0698771803429,2023,6
2023-07-01,71.16329567395134,2023,7
2023-07-02,71.30997912151497,2023,7
2023-07-03,71.43093682372742,2023,7
2023-07-04,71.45650455411555,2023,7
2023-07-05,71.24752814437308,2023,7
2023-07-06,71.12100595714313,2023,7
2023-07-07,71.05914511569198,2023,7
2023-07-08,71.02689771614658,2023,7
2023-07-09,71.04931541444883,2023,7
2023-07-10,71.12214175106031,2023,7
2023-07-11,71.15779033973567,2023,7
2023-07-12,71.15519984526422,2023,7
2023-07-13,71.18935682084371,2023,7
2023-07-14,71.23174845348862,2023,7
2023-07-15,71.25229893755089,2023,7
2023-07-16,71.19656273015245,2023,7
2023-07-17,71.22658320864574,2023,7
2023-07-18,71.32204470084169,2023,7
2023-07-19,71.25375206179508,2023,7
2023-07-20,71.34840283364596,2023,7
2023-07-21,71.51528454592447,2023,7
2023-07-22,71.33529266213391,2023,7
2023-07-23,71.24679598273671,2023,7
2023-07-24,71.31143803923206,2023,7
2023-07-25,71.19260851727645,2023,7
2023-07-26,71.15693277335703,2023,7
2023-07-27,71.12647639074359,2023,7
2023-07-28,71.19586945112968,2023,7
2023-07-29,71.06792549522412,2023,7
2023-07-30,71.09187209566292,2023,7
2023-07-31,71.25638895948659,2023,7
2023-08-01,71.29565498663337,2023,8
2023-08-02,71.41368895739868,2023,8
2023-08-03,71.17206731239905,2023,8
2023-08-04,71.27507906897621,2023,8
2023-08-05,71.14812775415162,2023,8
2023-08-06,71.2027915132404,2023,8
2023-08-07,71.2892384254982,2023,8
2023-08-08,71.15742690555525,2023,8
2023-08-09,71.13273509502449,2023,8
2023-08-10,71.28030669003435,2023,8
2023-08-11,71.18229522030556,2023,8
2023-08-12,71.19700389054547,2023,8
2023-08-13,71.14520605639612,2023,8
2023-08-14,71.10146050485659,2023,8
2023-08-15,71.15169181809661,2023,8
2023-08-16,71.2864695307535,2023,8
2023-08-17,71.31197152230601,2023,8
2023-08-18,71.15530147490742,2023,8
2023-08-19,71.17387988717633,2023,8
2023-08-20,71.21128003061122,2023,8
2023-08-21,71.2684010115596,2023,8
2023-08-22,71.34684063136864,2023,8
2023-08-23,71.12195721239524,2023,8
2023-08-24,70.98599629453942,2023,8
2023-08-25,70.95637054299942,2023,8
2023-08-26,70.87539581207852,2023,8
2023-08-27,70.89136521207854,2023,8
2023-08-28,70.83879014848304,2023,8
2023-08-29,70.78527816691702,2023,8
2023-08-30,70.8884786063215,2023,8
2023-08-31,71.10990853190413,2023,8
2023-09-01,71.30442999967151,2023,9
2023-09-02,71.37051556648294,2023,9
2023-09-03,71.14259447044302,2023,9
2023-09-04,70.99302581522909,2023,9
2023-09-05,70.95124489268208,2023,9
2023-09-06,70.93395390596457,2023,9
2023-09-07,70.99776373544616,2023,9
2023-09-08,70.98713936349613,2023,9
2023-09-09,70.9793504811403,2023,9
2023-09-10,70.97716715645096,2023,9
2023-09-11,71.00617831150132,2023,9
2023-09-12,71.09181348840005,2023,9
2023-09-13,71.13578003226654,2023,9
2023-09-14,71.17905897757255,2023,9
2023-09-15,71.06917793276008,2023,9
2023-09-16,71.04761057818527,2023,9
2023-09-17,70.91772510827408,2023,9
2023-09-18,70.83960264256987,2023,9
2023-09-19,70.78902580882034,2023,9
2023-09-20,70.87015559279368,2023,9
2023-09-21,70.93030371423474,2023,9
2023-09-22,70.82399759709456,2023,9
2023-09-23,70.82110261392178,2023,9
2023-09-24,70.71597961144154,2023,9
2023-09-25,70.59749584622982,2023,9
2023-09-26,70.62893928595915,2023,9
2023-09-27,70.66475414876616,2023,9
2023-09-28,70.71053076940208,2023,9
2023-09-29,70.60505786509555,2023,9
2023-09-30,70.46933579665762,2023,9
2023-10-01,70.4011001909087,2023,10
2023-10-02,70.4177241714834,2023,10
2023-10-03,70.24744726889456,2023,10
2023-10-04,70.07775668901405,2023,10
2023-10-05,69.98746867478705,2023,10
2023-10-06,70.01303224811052,2023,10
2023-10-07,70.29594074875521,2023,10
2023-10-08,70.31268991492202,2023,10
2023-10-09,70.38372196203284,2023,10
2023-10-10,70.18050792277187,2023,10
2023-10-11,70.1115147362805,2023,10
2023-10-12,70.00726102946017,2023,10
2023-10-13,69.91902836333763,2023,10
2023-10-14,69.9807850325193,2023,10
2023-10-15,69.89409872637603,2023,10
2023-10-16,69.858034553638,2023,10
2023-10-17,69.46853721069132,2023,10
2023-10-18,69.32609935385658,2023,10
2023-10-19,69.8732222040287,2023,10
2023-10-20,69.23501851777252,2023,10
2023-10-21,69.18890561550077,2023,10
2023-10-22,69.19790868806957,2023,10
2023-10-23,69.01814431269163,2023,10
2023-10-24,69.01271194962922,2023,10
2023-10-25,69.00237317118092,2023,10
2023-10-26,68.86628644491255,2023,10
2023-10-27,68.6979141482514,2023,10
2023-10-28,68.72054838840334,2023,10
2023-10-29,68.74630787472664,2023,10
2023-10-30,68.7942870044605,2023,10
2023-10-31,68.8840496221345,2023,10
2023-11-01,68.96770116830429,2023,11
2023-11-02,68.94260134187203,2023,11
2023-11-03,69.01927031411209,2023,11
2023-11-04,68.96096299699383,2023,11
2023-11-05,68.80668632244463,2023,11
2023-11-06,68.75069796297831,2023,11
2023-11-07,68.626990487831,2023,11
2023-11-08,68.58454103537164,2023,11
2023-11-09,68.51460899216107,2023,11
2023-11-10,68.64697951542334,2023,11
2023-11-11,68.38499662188799,2023,11
2023-11-12,68.18484632797384,2023,11
2023-11-13,67.93650435175958,2023,11
2023-11-14,67.97568285630331,2023,11
2023-11-15,67.89990306013956,2023,11
2023-11-16,67.88502296745405,2023,11
2023-11-17,68.04945763651533,2023,11
2023-11-18,68.08174856471359,2023,11
2023-11-19,68.13323856382058,2023,11
2023-11-20,68.16293865452036,2023,11
2023-11-21,68.15703896582406,2023,11
2023-11-22,68.00770379959509,2023,11
2023-11-23,67.80404861654617,2023,11
2023-11-24,67.90287212307511,2023,11
2023-11-25,67.87950469107611,2023,11
2023-11-26,68.05184550388283,2023,11
2023-11-27,67.96106860069412,2023,11
2023-11-28,67.99903845186891,2023,11
2023-11-29,67.90652729775275,2023,11
2023-11-30,68.12882030803858,2023,11
2023-12-01,68.13832775463962,2023,12
2023-12-02,68.14606816261119,2023,12
2023-12-03,68.13103216917045,2023,12
2023-12-04,68.08883523310622,2023,12
2023-12-05,67.99938262301617,2023,12
2023-12-06,67.82610071265275,2023,12
2023-12-07,67.83956640354981,2023,12
2023-12-08,67.60304231290861,2023,12
2023-12-09,67.44533532119313,2023,12
2023-12-10,67.12890557202299,2023,12
2023-12-11,66.92606608607005,2023,12
2023-12-12,66.9091052912969,2023,12
2023-12-13,66.73911556209416,2023,12
2023-12-14,66.61060108527533,2023,12
2023-12-15,66.56098012244206,2023,12
2023-12-16,66.60835997352322,2023,12
2023-12-17,66.62220829101001,2023,12
2023-12-18,66.62193335578264,2023,12
2023-12-19,66.66531823941983,2023,12
2023-12-20,66.45965160469453,2023,12
2023-12-21,66.36465450642352,2023,12
2023-12-22,66.40658380637933,2023,12
2023-12-23,66.69412352602373,2023,12
2023-12-24,66.66245595646166,2023,12
2023-12-25,66.78601734667988,2023,12
2023-12-26,66.80881892034651,2023,12
2023-12-27,66.81504545259604,2023,12
2023-12-28,66.87880874872309,2023,12
2023-12-29,66.86389019072735,2023,12
2023-12-30,66.83489054525681,2023,12
2023-12-31,66.79882314248806,2023,12
2024-01-01,66.62461666146126,2024,1
2024-01-02,66.53254670335338,2024,1
2024-01-03,66.51544930192233,2024,1
2024-01-04,66.62360916525273,2024,1
2024-01-05,66.67158525652434,2024,1
2024-01-06,66.73585990469554,2024,1
2024-01-07,66.77812132686255,2024,1
2024-01-08,66.78899275422647,2024,1
2024-01-09,67.051564966325,2024,1
2024-01-10,66.89699642086512,2024,1
2024-01-11,66.72279474117825,2024,1
2024-01-12,66.65307930192266,2024,1
2024-01-13,66.54135195442923,2024,1
2024-01-14,66.4038120976081,2024,1
2024-01-15,66.25558938698458,2024,1
2024-01-16,66.18838069884193,2024,1
2024-01-17,66.36851053633121,2024,1
2024-01-18,66.39044812312605,2024,1
2024-01-19,66.32338681715959,2024,1
2024-01-20,66.34700129441278,2024,1
2024-01-21,66.2892119372293,2024,1
2024-01-22,66.12087201847255,2024,1
2024-01-23,66.05675662750787,2024,1
2024-01-24,66.02968656440184,2024,1
2024-01-25,65.92428228805515,2024,1
2024-01-26,65.97909500535425,2024,1
2024-01-27,66.11191871145878,2024,1
2024-01-28,66.37324484174161,2024,1
2024-01-29,66.65227897228395,2024,1
2024-01-30,66.69340684157912,2024,1
2024-01-31,66.99702400137849,2024,1
2024-02-01,67.31831546817149,2024,2
2024-02-02,67.08742605484409,2024,2
2024-02-03,67.00269107705255,2024,2
2024-02-04,67.24341656948936,2024,2
2024-02-05,67.34303471322708,2024,2
2024-02-06,67.31295114974209,2024,2
2024-02-07,67.12785614174744,2024,2
2024-02-08,66.74327340091841,2024,2
2024-02-09,66.40943112333252,2024,2
2024-02-10,66.61076026335586,2024,2
2024-02-11,66.88824985830185,2024,2
2024-02-12,66.96543097223204,2024,2
2024-02-13,67.40925671161365,2024,2
2024-02-14,67.37719583722725,2024,2
2024-02-15,67.39150500792078,2024,2
2024-02-16,67.29784952781702,2024,2
2024-02-17,67.43814806525468,2024,2
2024-02-18,67.59063234699909,2024,2
2024-02-19,67.9174483729375,2024,2
2024-02-20,67.97743043669571,2024,2
2024-02-21,67.93819137715711,2024,2
2024-02-22,67.8368120258287,2024,2
2024-02-23,67.28874472822181,2024,2
2024-02-24,67.11173832379777,2024,2
2024-02-25,67.27585612010846,2024,2
2024-02-26,67.50648563544546,2024,2
2024-02-27,67.88998555954595,2024,2
2024-02-28,67.6780674198817,2024,2
2024-02-29,67.80201093221747,2024,2
2024-03-01,68.25354338118636,2024,3
2024-03-02,68.50485588365154,2024,3
2024-03-03,67.95285100480747,2024,3
2024-03-04,67.41368404657813,2024,3
2024-03-05,67.33692253577883,2024,3
2024-03-06,67.46173997725506,2024,3
2024-03-07,67.61713469772839,2024,3
2024-03-08,67.67752794011868,2024,3
2024-03-09,67.7973576826344,2024,3
2024-03-10,68.03354016283014,2024,3
2024-03-11,68.450791153111,2024,3
2024-03-12,68.69008306618498,2024,3
2024-03-13,68.80685419629269,2024,3
2024-03-14,68.69491779341479,2024,3
2024-03-15,68.55639590062292,2024,3
2024-03-16,68.654815158488,2024,3
2024-03-17,68.67524262535453,2024,3
2024-03-18,68.71789773614984,2024,3
2024-03-19,68.61803449041514,2024,3
2024-03-20,68.51616372336463,2024,3
2024-03-21,68.68200341929966,2024,3
2024-03-22,68.7811229090166,2024,3
2024-03-23,68.94783830789136,2024,3
2024-03-24,69.36922073958479,2024,3
2024-03-25,69.33340927500673,2024,3
2024-03-26,69.33436683842753,2024,3
2024-03-27,69.66450003368176,2024,3
2024-03-28,69.9044926788875,2024,3
2024-03-29,70.04411612881357,2024,3
2024-03-30,70.04296515331711,2024,3
2024-03-31,69.89115238492052,2024,3
2024-04-01,69.6926476700577,2024,4
2024-04-02,69.54742069562955,2024,4
2024-04-03,69.82110904904987,2024,4
2024-04-04,70.10537488281385,2024,4
2024-04-05,70.20403829033371,2024,4
2024-04-06,70.134609913148,2024,4
2024-04-07,70.09227868721898,2024,4
2024-04-08,69.90824953484737,2024,4
2024-04-09,69.82793013678553,2024,4
2024-04-10,69.99354580252897,2024,4
2024-04-11,69.99260083228096,2024,4
2024-04-12,69.98825885311145,2024,4
2024-04-13,70.12480224929458,2024,4
2024-04-14,70.26824567498723,2024,4
2024-04-15,70.42339902327602,2024,4
2024-04-16,70.90502855241506,2024,4
2024-04-17,71.30910669626698,2024,4
2024-04-18,70.64971271198156,2024,4
2024-04-19,71.11283007034255,2024,4
2024-04-20,70.620025398207,2024,4
2024-04-21,70.55046189531271,2024,4
2024-04-22,70.62067431981264,2024,4
2024-04-23,70.5458024458396,2024,4
2024-04-24,70.38957380431701,2024,4
2024-04-25,70.83010141672068,2024,4
2024-04-26,70.76658878416809,2024,4
2024-04-27,70.78070558063162,2024,4
2024-04-28,70.82395722576672,2024,4
2024-04-29,70.83162140046097,2024,4
2024-04-30,70.63345645974569,2024,4
2024-05-01,70.46255086849416,2024,5
2024-05-02,70.15330411983999,2024,5
2024-05-03,70.13910205880197,2024,5
2024-05-04,71.2141962400232,2024,5
2024-05-05,70.99652529321966,2024,5
2024-05-06,71.15226101248605,2024,5
2024-05-07,70.95649705696637,2024,5
2024-05-08,70.80835413081888,2024,5
2024-05-09,71.05263725307886,2024,5
2024-05-10,71.02918883130828,2024,5
2024-05-11,70.91944589864478,2024,5
2024-05-12,70.83115162463437,2024,5
2024-05-13,70.78940491217365,2024,5
2024-05-14,70.84423472766878,2024,5
2024-05-15,70.92037764457955,2024,5
2024-05-16,71.34482819607436,2024,5
2024-05-17,71.3484412121049,2024,5
2024-05-18,71.4934118909382,2024,5
2024-05-19,71.5414633030926,2024,5
2024-05-20,71.52458242946402,2024,5
2024-05-21,71.415258278951,2024,5
2024-05-22,71.82983001986975,2024,5
2024-05-23,71.78518949090649,2024,5
2024-05-24,71.99306165551906,2024,5
2024-05-25,71.85286498884416,2024,5
2024-05-26,71.97935507507363,2024,5
2024-05-27,71.91534263482734,2024,5
2024-05-28,71.91329514003667,2024,5
2024-05-29,71.98240392188033,2024,5
2024-05-30,72.16596099860885,2024,5
2024-05-31,72.35687877064392,2024,5
2024-06-01,72.44736068311487,2024,6
2024-06-02,71.59817677562337,2024,6
2024-06-03,71.40096071880575,2024,6
2024-06-04,71.53619748551434,2024,6
2024-06-05,71.55014396557664,2024,6
2024-06-06,71.14654631474079,2024,6
2024-06-07,71.39382679848917,2024,6
2024-06-08,71.36989332893955,2024,6
2024-06-09,71.46399614553138,2024,6
2024-06-10,71.47676424500848,2024,6
2024-06-11,71.6432757155645,2024,6
2024-06-12,71.63732861376259,2024,6
2024-06-13,71.75503367758273,2024,6
2024-06-14,71.7796556687617,2024,6
2024-06-15,71.81857759957238,2024,6
2024-06-16,71.91787548191517,2024,6
2024-06-17,72.02512205710053,2024,6
2024-06-18,71.97082017265717,2024,6
2024-06-19,71.73406545428368,2024,6
2024-06-20,71.25096931058097,2024,6
2024-06-21,71.2776697385583,2024,6
2024-06-22,71.34919973878371,2024,6
2024-06-23,71.50564680173568,2024,6
2024-06-24,71.59311182742245,2024,6
2024-06-25,71.6329126652697,2024,6
2024-06-26,71.77383417370807,2024,6
2024-06-27,71.46709730610768,2024,6
2024-06-28,71.36027863704003,2024,6
2024-06-29,71.45696137920325,2024,6
2024-06-30,71.27006115162877,2024,6
2024-07-01,71.25975969701193,2024,7
2024-07-02,71.3757915406105,2024,7
2024-07-03,71.41936736407119,2024,7
2024-07-04,71.40534989486329,2024,7
2024-07-05,71.37318248515936,2024,7
2024-07-06,71.06298521531842,2024,7
2024-07-07,71.13011176999944,2024,7
2024-07-08,71.19686100157244,2024,7
2024-07-09,71.27791814976749,2024,7
2024-07-10,71.45065534077546,2024,7
2024-07-11,71.44945175264839,2024,7
2024-07-12,71.62191984463378,2024,7
2024-07-13,71.05743403838346,2024,7
2024-07-14,71.25885943960215,2024,7
2024-07-15,71.33139601167314,2024,7
2024-07-16,71.44125729227544,2024,7
2024-07-17,71.53855483407,2024,7
2024-07-18,71.50281822403636,2024,7
2024-07-19,71.33232888782318,2024,7
2024-07-20,71.41805477606614,2024,7
2024-07-21,71.49147429893245,2024,7
2024-07-22,71.4377401098338,2024,7
2024-07-23,71.32444913422515,2024,7
2024-07-24,71.34955320906612,2024,7
2024-07-25,71.37616258059599,2024,7
2024-07-26,71.38520462158071,2024,7
2024-07-27,71.89918223023727,2024,7
2024-07-28,71.54441141993375,2024,7
2024-07-29,71.63047346648332,2024,7
2024-07-30,71.54101749311683,2024,7
2024-07-31,71.57411643447064,2024,7
2024-08-01,71.14911730577747,2024,8
2024-08-02,71.09141579443593,2024,8
2024-08-03,71.0994073743195,2024,8
2024-08-04,71.15181042241905,2024,8
2024-08-05,71.13191183775317,2024,8
2024-08-06,71.10663653453005,2024,8
2024-08-07,71.02150204595003,2024,8
2024-08-08,70.99247210182287,2024,8
2024-08-09,71.05930374207897,2024,8
2024-08-10,71.13753869214074,2024,8
2024-08-11,71.06779897536013,2024,8
2024-08-12,71.02852671321429,2024,8
2024-08-13,71.17989590322904,2024,8
2024-08-14,71.3688219847945,2024,8
2024-08-15,71.29075761856544,2024,8
2024-08-16,71.22324384509757,2024,8
2024-08-17,71.26307945770634,2024,8
2024-08-18,71.23785529288419,2024,8
2024-08-19,71.34497799538127,2024,8
2024-08-20,71.10623094017494,2024,8
2024-08-21,71.0941389326601,2024,8
2024-08-22,71.16213039342304,2024,8
2024-08-23,71.13929186756937,2024,8
2024-08-24,71.03615309060339,2024,8
2024-08-25,71.00880911239805,2024,8
2024-08-26,71.03240812296511,2024,8
2024-08-27,70.80657166474906,2024,8
2024-08-28,71.21363927014228,2024,8
2024-08-29,70.9866673825907,2024,8
2024-08-30,70.93628563777303,2024,8
2024-08-31,70.93505986841907,2024,8
2024-09-01,71.07496964428758,2024,9
2024-09-02,71.10815353161455,2024,9
2024-09-03,71.06690892134161,2024,9
2024-09-04,70.90685936521562,2024,9
2024-09-05,70.90917007720194,2024,9
2024-09-06,70.95743683685286,2024,9
2024-09-07,71.00545281405608,2024,9
2024-09-08,71.14197115903664,2024,9
2024-09-09,71.0469910878717,2024,9
2024-09-10,71.11348781923957,2024,9
2024-09-11,70.905801164128,2024,9
2024-09-12,70.92039548154209,2024,9
2024-09-13,70.85231477887206,2024,9
2024-09-14,70.63621572947226,2024,9
2024-09-15,70.54636640056984,2024,9
2024-09-16,70.61865297036235,2024,9
2024-09-17,70.69068654292417,2024,9
2024-09-18,70.7246629983163,2024,9
2024-09-19,70.69288468013656,2024,9
2024-09-20,70.89917266457958,2024,9
2024-09-21,71.04086010658536,2024,9
2024-09-22,71.0929031568525,2024,9
2024-09-23,71.24469892808236,2024,9
2024-09-24,71.13853136915723,2024,9
2024-09-25,71.12604096188876,2024,9
2024-09-26,70.93629473673266,2024,9
2024-09-27,70.7585183637948,2024,9
2024-09-28,70.62154068748916,2024,9
2024-09-29,70.6870838697929,2024,9
2024-09-30,70.83896124381482,2024,9
2024-10-01,70.93739247723948,2024,10
2024-10-02,70.98725913389978,2024,10
2024-10-03,70.81700868382929,2024,10
2024-10-04,70.69032094513315,2024,10
2024-10-05,70.57887897834226,2024,10
2024-10-06,70.40000429431979,2024,10
2024-10-07,70.39581749780486,2024,10
2024-10-08,70.54078061861786,2024,10
2024-10-09,70.40973230178159,2024,10
2024-10-10,70.31837033045092,2024,10
2024-10-11,70.18131638831845,2024,10
2024-10-12,70.20163454288999,2024,10
2024-10-13,70.16666198702892,2024,10
2024-10-14,70.1240481071714,2024,10
2024-10-15,70.033519930037,2024,10
2024-10-16,69.96009449238058,2024,10
2024-10-17,70.00851616773184,2024,10
2024-10-18,70.10277298352663,2024,10
2024-10-19,70.00685322799426,2024,10
2024-10-20,69.92177923992485,2024,10
2024-10-21,69.94613395996274,2024,10
2024-10-22,69.86360706039675,2024,10
2024-10-23,69.84737703917733,2024,10
2024-10-24,69.6787551205591,2024,10
2024-10-25,69.49946967792366,2024,10
2024-10-26,69.52761410034095,2024,10
2024-10-27,69.65985896399052,2024,10
2024-10-28,69.813560754777,2024,10
2024-10-29,70.00316269729402,2024,10
2024-10-30,69.95914327590563,2024,10
2024-10-31,69.80787210941027,2024,10
2024-11-01,69.58008185256965,2024,11
2024-11-02,69.27087597403468,2024,11
2024-11-03,69.16047582396428,2024,11
2024-11-04,69.1241196818804,2024,11
2024-11-05,69.06524745693545,2024,11
2024-11-06,69.0645155215773,2024,11
2024-11-07,69.10676562029873,2024,11
2024-11-08,69.1409820849377,2024,11
2024-11-09,69.03673840793805,2024,11
2024-11-10,68.93121237005964,2024,11
2024-11-11,68.80768019907062,2024,11
2024-11-12,68.71631738016129,2024,11
2024-11-13,68.67639407786207,2024,11
2024-11-14,68.5389572552345,2024,11
2024-11-15,68.37052116582753,2024,11
2024-11-16,68.21609949971385,2024,11
2024-11-17,68.16391903491036,2024,11
2024-11-18,67.96421238782368,2024,11
2024-11-19,67.5932033379983,2024,11
2024-11-20,67.43285856400111,2024,11
2024-11-21,67.34442160830143,2024,11
2024-11-22,67.22747938728236,2024,11
2024-11-23,67.32050960609381,2024,11
2024-11-24,67.38372488403637,2024,11
2024-11-25,67.36082510933394,2024,11
2024-11-26,67.13914946434488,2024,11
2024-11-27,67.06083797784122,2024,11
2024-11-28,67.04045177720913,2024,11
2024-11-29,66.96468885414008,2024,11
2024-11-30,67.18559698142955,2024,11
2024-12-01,67.35521075677015,2024,12
2024-12-02,67.47109766135169,2024,12
2024-12-03,67.69602072611795,2024,12
2024-12-04,67.78479271197837,2024,12
2024-12-05,67.52725861436178,2024,12
2024-12-06,67.4113268694631,2024,12
2024-12-07,67.15490142800157,2024,12
2024-12-08,67.12316326376018,2024,12
2024-12-09,66.9120398685861,2024,12
2024-12-10,66.50308389610746,2024,12
2024-12-11,66.18893239732535,2024,12
2024-12-12,65.99272789568207,2024,12
2024-12-13,66.02851302469759,2024,12
2024-12-14,65.81147961931208,2024,12
2024-12-15,65.65667312122734,2024,12
2024-12-16,65.56589707541895,2024,12
2024-12-17,65.63190634763458,2024,12
2024-12-18,65.98791765854475,2024,12
2024-12-19,66.27389312921892,2024,12
2024-12-20,66.69596094962984,2024,12
2024-12-21,66.84761525157809,2024,12
2024-12-22,66.79848578194427,2024,12
2024-12-23,66.91188902970718,2024,12
2024-12-24,66.87376550589435,2024,12
2024-12-25,66.92866213826672,2024,12
2024-12-26,67.15627451804724,2024,12
2024-12-27,67.46984646375222,2024,12
2024-12-28,67.40584687157927,2024,12
2024-12-29,67.15386147914411,2024,12
2024-12-30,66.92224484660552,2024,12
2024-12-31,66.7291865850291,2024,12
